solid OpenSCAD_Model
  facet normal -0.427578 0.903978 0
    outer loop
      vertex -11.511 -8.57127 1.2
      vertex -11.7106 -8.66568 4.5
      vertex -11.511 -8.57127 4.5
    endloop
  endfacet
  facet normal -0.427578 0.903978 0
    outer loop
      vertex -11.7106 -8.66568 4.5
      vertex -11.511 -8.57127 1.2
      vertex -11.7106 -8.66568 1.2
    endloop
  endfacet
  facet normal 0.989184 0.14668 0
    outer loop
      vertex -8.41083 -10.4295 4.5
      vertex -8.44323 -10.211 1.2
      vertex -8.44323 -10.211 4.5
    endloop
  endfacet
  facet normal 0.989184 0.14668 0
    outer loop
      vertex -8.44323 -10.211 1.2
      vertex -8.41083 -10.4295 4.5
      vertex -8.41083 -10.4295 1.2
    endloop
  endfacet
  facet normal 0.998796 0.0490565 0
    outer loop
      vertex -8.4 -10.65 4.5
      vertex -8.41083 -10.4295 1.2
      vertex -8.41083 -10.4295 4.5
    endloop
  endfacet
  facet normal 0.998796 0.0490565 0
    outer loop
      vertex -8.41083 -10.4295 1.2
      vertex -8.4 -10.65 4.5
      vertex -8.4 -10.65 1.2
    endloop
  endfacet
  facet normal 0.97002 0.243026 0
    outer loop
      vertex -8.44323 -10.211 4.5
      vertex -8.49688 -9.99686 1.2
      vertex -8.49688 -9.99686 4.5
    endloop
  endfacet
  facet normal 0.97002 0.243026 0
    outer loop
      vertex -8.49688 -9.99686 1.2
      vertex -8.44323 -10.211 4.5
      vertex -8.44323 -10.211 1.2
    endloop
  endfacet
  facet normal 0.336899 0.941541 -0
    outer loop
      vertex -9.78896 -8.57127 1.2
      vertex -9.99686 -8.49688 4.5
      vertex -9.78896 -8.57127 4.5
    endloop
  endfacet
  facet normal 0.336899 0.941541 0
    outer loop
      vertex -9.99686 -8.49688 4.5
      vertex -9.78896 -8.57127 1.2
      vertex -9.99686 -8.49688 1.2
    endloop
  endfacet
  facet normal 0 0 -1
    outer loop
      vertex -7.58312 -8.17844 0
      vertex 7.58312 -8.17844 0
      vertex -7.54676 -8.28008 0
    endloop
  endfacet
  facet normal 0 0 -1
    outer loop
      vertex -5.25 3.5 0
      vertex -7.50469 8.49157 0
      vertex -7.49939 8.59939 0
    endloop
  endfacet
  facet normal 0 0 -1
    outer loop
      vertex 7.58312 -8.17844 0
      vertex -7.58312 -8.17844 0
      vertex 7.62928 -8.08085 0
    endloop
  endfacet
  facet normal 0 0 -1
    outer loop
      vertex -5.25 3.5 0
      vertex -7.52053 8.38479 0
      vertex -7.50469 8.49157 0
    endloop
  endfacet
  facet normal 0 0 -1
    outer loop
      vertex -7.62928 -8.08085 0
      vertex 7.62928 -8.08085 0
      vertex -7.58312 -8.17844 0
    endloop
  endfacet
  facet normal 0 0 -1
    outer loop
      vertex -5.25 3.5 0
      vertex -7.54676 8.28008 0
      vertex -7.52053 8.38479 0
    endloop
  endfacet
  facet normal 0 0 -1
    outer loop
      vertex 7.62928 -8.08085 0
      vertex -7.62928 -8.08085 0
      vertex -5.25 3.5 0
    endloop
  endfacet
  facet normal 0 0 -1
    outer loop
      vertex -5.25 3.5 0
      vertex -7.58312 8.17844 0
      vertex -7.54676 8.28008 0
    endloop
  endfacet
  facet normal 0 0 -1
    outer loop
      vertex -7.68477 -7.98826 0
      vertex -5.25 3.5 0
      vertex -7.62928 -8.08085 0
    endloop
  endfacet
  facet normal 0 0 -1
    outer loop
      vertex -5.25 3.5 0
      vertex -7.62928 8.08085 0
      vertex -7.58312 8.17844 0
    endloop
  endfacet
  facet normal 0 0 -1
    outer loop
      vertex -7.74908 -7.90156 0
      vertex -5.25 3.5 0
      vertex -7.68477 -7.98826 0
    endloop
  endfacet
  facet normal 0 0 -1
    outer loop
      vertex -5.25 3.5 0
      vertex -7.68477 7.98826 0
      vertex -7.62928 8.08085 0
    endloop
  endfacet
  facet normal 0 0 -1
    outer loop
      vertex -7.82157 -7.82157 0
      vertex -5.25 3.5 0
      vertex -7.74908 -7.90156 0
    endloop
  endfacet
  facet normal 0 0 -1
    outer loop
      vertex -5.25 3.5 0
      vertex -7.74908 7.90156 0
      vertex -7.68477 7.98826 0
    endloop
  endfacet
  facet normal 0 0 -1
    outer loop
      vertex -7.90156 -7.74908 0
      vertex -5.25 3.5 0
      vertex -7.82157 -7.82157 0
    endloop
  endfacet
  facet normal 0 0 -1
    outer loop
      vertex -5.25 3.5 0
      vertex -7.82157 7.82157 0
      vertex -7.74908 7.90156 0
    endloop
  endfacet
  facet normal 0 0 -1
    outer loop
      vertex -7.98826 -7.68477 0
      vertex -5.25 3.5 0
      vertex -7.90156 -7.74908 0
    endloop
  endfacet
  facet normal 0 0 -1
    outer loop
      vertex -5.25 3.5 0
      vertex -7.90156 7.74908 0
      vertex -7.82157 7.82157 0
    endloop
  endfacet
  facet normal 0 0 -1
    outer loop
      vertex -8.08085 -7.62928 0
      vertex -5.25 3.5 0
      vertex -7.98826 -7.68477 0
    endloop
  endfacet
  facet normal 0 0 -1
    outer loop
      vertex -5.25 3.5 0
      vertex -7.98826 7.68477 0
      vertex -7.90156 7.74908 0
    endloop
  endfacet
  facet normal 0 0 -1
    outer loop
      vertex -8.17844 -7.58312 0
      vertex -5.25 3.5 0
      vertex -8.08085 -7.62928 0
    endloop
  endfacet
  facet normal 0 0 -1
    outer loop
      vertex -5.25 3.5 0
      vertex -8.08085 7.62928 0
      vertex -7.98826 7.68477 0
    endloop
  endfacet
  facet normal 0 0 -1
    outer loop
      vertex -8.28008 -7.54676 0
      vertex -5.25 3.5 0
      vertex -8.17844 -7.58312 0
    endloop
  endfacet
  facet normal 0 0 -1
    outer loop
      vertex -5.25 3.5 0
      vertex -8.17844 7.58312 0
      vertex -8.08085 7.62928 0
    endloop
  endfacet
  facet normal 0 0 -1
    outer loop
      vertex -8.38479 -7.52053 0
      vertex -5.25 3.5 0
      vertex -8.28008 -7.54676 0
    endloop
  endfacet
  facet normal 0 0 -1
    outer loop
      vertex -5.25 3.5 0
      vertex -8.28008 7.54676 0
      vertex -8.17844 7.58312 0
    endloop
  endfacet
  facet normal 0 0 -1
    outer loop
      vertex -8.49157 -7.50469 0
      vertex -5.25 3.5 0
      vertex -8.38479 -7.52053 0
    endloop
  endfacet
  facet normal 0 0 -1
    outer loop
      vertex -5.25 3.5 0
      vertex -8.38479 7.52053 0
      vertex -8.28008 7.54676 0
    endloop
  endfacet
  facet normal 0 0 -1
    outer loop
      vertex -8.59939 -7.49939 0
      vertex -5.25 3.5 0
      vertex -8.49157 -7.50469 0
    endloop
  endfacet
  facet normal 0 0 -1
    outer loop
      vertex -5.25 3.5 0
      vertex -8.49157 7.50469 0
      vertex -8.38479 7.52053 0
    endloop
  endfacet
  facet normal 0 0 -1
    outer loop
      vertex -8.70721 -7.50469 0
      vertex -5.25 3.5 0
      vertex -8.59939 -7.49939 0
    endloop
  endfacet
  facet normal 0 0 -1
    outer loop
      vertex -5.25 3.5 0
      vertex -8.59939 7.49939 0
      vertex -8.49157 7.50469 0
    endloop
  endfacet
  facet normal 0 0 -1
    outer loop
      vertex -8.81399 -7.52053 0
      vertex -5.25 3.5 0
      vertex -8.70721 -7.50469 0
    endloop
  endfacet
  facet normal 0 0 -1
    outer loop
      vertex -5.25 3.5 0
      vertex -8.70721 7.50469 0
      vertex -8.59939 7.49939 0
    endloop
  endfacet
  facet normal 0 0 -1
    outer loop
      vertex -8.9187 -7.54676 0
      vertex -5.25 3.5 0
      vertex -8.81399 -7.52053 0
    endloop
  endfacet
  facet normal 0 0 -1
    outer loop
      vertex -5.25 3.5 0
      vertex -8.81399 7.52053 0
      vertex -8.70721 7.50469 0
    endloop
  endfacet
  facet normal 0 0 -1
    outer loop
      vertex -9.02034 -7.58312 0
      vertex -5.25 3.5 0
      vertex -8.9187 -7.54676 0
    endloop
  endfacet
  facet normal 0 0 -1
    outer loop
      vertex -5.25 3.5 0
      vertex -8.9187 7.54676 0
      vertex -8.81399 7.52053 0
    endloop
  endfacet
  facet normal 0 0 -1
    outer loop
      vertex -9.11793 -7.62928 0
      vertex -5.25 3.5 0
      vertex -9.02034 -7.58312 0
    endloop
  endfacet
  facet normal 0 0 -1
    outer loop
      vertex -5.25 3.5 0
      vertex -9.02034 7.58312 0
      vertex -8.9187 7.54676 0
    endloop
  endfacet
  facet normal 0 0 -1
    outer loop
      vertex -9.11793 7.62928 0
      vertex -5.25 3.5 0
      vertex -9.11793 -7.62928 0
    endloop
  endfacet
  facet normal 0 0 -1
    outer loop
      vertex -5.25 3.5 0
      vertex -9.11793 7.62928 0
      vertex -9.02034 7.58312 0
    endloop
  endfacet
  facet normal 0 0 -1
    outer loop
      vertex -9.21052 -7.68477 0
      vertex -9.11793 7.62928 0
      vertex -9.11793 -7.62928 0
    endloop
  endfacet
  facet normal 0 0 -1
    outer loop
      vertex -9.21052 -7.68477 0
      vertex -9.21052 7.68477 0
      vertex -9.11793 7.62928 0
    endloop
  endfacet
  facet normal 0 0 -1
    outer loop
      vertex -9.29722 -7.74908 0
      vertex -9.21052 7.68477 0
      vertex -9.21052 -7.68477 0
    endloop
  endfacet
  facet normal 0 0 -1
    outer loop
      vertex -9.29722 -7.74908 0
      vertex -9.29722 7.74908 0
      vertex -9.21052 7.68477 0
    endloop
  endfacet
  facet normal 0 0 -1
    outer loop
      vertex -9.37721 -7.82157 0
      vertex -9.29722 7.74908 0
      vertex -9.29722 -7.74908 0
    endloop
  endfacet
  facet normal 0 0 -1
    outer loop
      vertex -9.37721 -7.82157 0
      vertex -9.37721 7.82157 0
      vertex -9.29722 7.74908 0
    endloop
  endfacet
  facet normal 0 0 -1
    outer loop
      vertex -12.5 -10 0
      vertex -9.37721 -7.82157 0
      vertex -11.4278 -9.87218 0
    endloop
  endfacet
  facet normal -0 0 -1
    outer loop
      vertex -9.37721 -7.82157 0
      vertex -12.5 -10 0
      vertex -9.37721 7.82157 0
    endloop
  endfacet
  facet normal 0 0 -1
    outer loop
      vertex -12.5 -10 0
      vertex -11.4278 -9.87218 0
      vertex -11.5003 -9.95217 0
    endloop
  endfacet
  facet normal 0 0 -1
    outer loop
      vertex -12.5 10 0
      vertex -9.37721 7.82157 0
      vertex -12.5 -10 0
    endloop
  endfacet
  facet normal 0 0 -1
    outer loop
      vertex -12.5 -10 0
      vertex -11.5003 -9.95217 0
      vertex -11.5646 -10.0389 0
    endloop
  endfacet
  facet normal 0 0 -1
    outer loop
      vertex -9.37721 7.82157 0
      vertex -12.5 10 0
      vertex -11.4278 9.87218 0
    endloop
  endfacet
  facet normal 0 0 -1
    outer loop
      vertex -12.5 -10 0
      vertex -11.5646 -10.0389 0
      vertex -11.6201 -10.1315 0
    endloop
  endfacet
  facet normal 0 0 -1
    outer loop
      vertex -11.4278 9.87218 0
      vertex -12.5 10 0
      vertex -11.5003 9.95217 0
    endloop
  endfacet
  facet normal 0 0 -1
    outer loop
      vertex -12.5 -10 0
      vertex -11.6201 -10.1315 0
      vertex -11.6663 -10.229 0
    endloop
  endfacet
  facet normal 0 0 -1
    outer loop
      vertex -11.5003 9.95217 0
      vertex -12.5 10 0
      vertex -11.5646 10.0389 0
    endloop
  endfacet
  facet normal 0 0 -1
    outer loop
      vertex -12.488 -10.245 0
      vertex -11.6663 -10.229 0
      vertex -11.7026 -10.3307 0
    endloop
  endfacet
  facet normal -0 0 -1
    outer loop
      vertex -11.5646 10.0389 0
      vertex -12.5 10 0
      vertex -11.6201 10.1315 0
    endloop
  endfacet
  facet normal 0 0 -1
    outer loop
      vertex -12.488 -10.245 0
      vertex -11.7026 -10.3307 0
      vertex -11.7289 -10.4354 0
    endloop
  endfacet
  facet normal -0 0 -1
    outer loop
      vertex -11.6201 10.1315 0
      vertex -12.5 10 0
      vertex -11.6663 10.229 0
    endloop
  endfacet
  facet normal 0 0 -1
    outer loop
      vertex -12.452 -10.4877 0
      vertex -11.7289 -10.4354 0
      vertex -11.7447 -10.5422 0
    endloop
  endfacet
  facet normal 0 -0 -1
    outer loop
      vertex -12.488 10.245 0
      vertex -11.6663 10.229 0
      vertex -12.5 10 0
    endloop
  endfacet
  facet normal 0 0 -1
    outer loop
      vertex -12.3924 -10.7257 0
      vertex -11.7447 -10.5422 0
      vertex -11.75 -10.65 0
    endloop
  endfacet
  facet normal 0 0 -1
    outer loop
      vertex -11.6663 10.229 0
      vertex -12.488 10.245 0
      vertex -11.7026 10.3307 0
    endloop
  endfacet
  facet normal 0 0 -1
    outer loop
      vertex 11.6663 -10.229 0
      vertex 12.488 -10.245 0
      vertex 11.7026 -10.3307 0
    endloop
  endfacet
  facet normal 0 0 -1
    outer loop
      vertex 12.5 10 0
      vertex 11.7447 10.5422 0
      vertex 11.75 10.65 0
    endloop
  endfacet
  facet normal 0 0 -1
    outer loop
      vertex 12.488 -10.245 0
      vertex 11.6663 -10.229 0
      vertex 12.5 -10 0
    endloop
  endfacet
  facet normal 0 0 -1
    outer loop
      vertex 12.5 10 0
      vertex 11.7289 10.4354 0
      vertex 11.7447 10.5422 0
    endloop
  endfacet
  facet normal 0 0 -1
    outer loop
      vertex 11.6201 -10.1315 0
      vertex 12.5 -10 0
      vertex 11.6663 -10.229 0
    endloop
  endfacet
  facet normal 0 0 -1
    outer loop
      vertex 12.5 10 0
      vertex 11.7026 10.3307 0
      vertex 11.7289 10.4354 0
    endloop
  endfacet
  facet normal 0 0 -1
    outer loop
      vertex 11.5646 -10.0389 0
      vertex 12.5 -10 0
      vertex 11.6201 -10.1315 0
    endloop
  endfacet
  facet normal 0 0 -1
    outer loop
      vertex 12.5 10 0
      vertex 11.6663 10.229 0
      vertex 11.7026 10.3307 0
    endloop
  endfacet
  facet normal 0 0 -1
    outer loop
      vertex 11.5003 -9.95217 0
      vertex 12.5 -10 0
      vertex 11.5646 -10.0389 0
    endloop
  endfacet
  facet normal 0 0 -1
    outer loop
      vertex 12.5 10 0
      vertex 11.6201 10.1315 0
      vertex 11.6663 10.229 0
    endloop
  endfacet
  facet normal 0 0 -1
    outer loop
      vertex 11.4278 -9.87218 0
      vertex 12.5 -10 0
      vertex 11.5003 -9.95217 0
    endloop
  endfacet
  facet normal 0 0 -1
    outer loop
      vertex 12.5 10 0
      vertex 11.5646 10.0389 0
      vertex 11.6201 10.1315 0
    endloop
  endfacet
  facet normal 0 0 -1
    outer loop
      vertex 9.37721 -7.82157 0
      vertex 12.5 -10 0
      vertex 11.4278 -9.87218 0
    endloop
  endfacet
  facet normal -0 0 -1
    outer loop
      vertex 12.5 10 0
      vertex 11.5003 9.95217 0
      vertex 11.5646 10.0389 0
    endloop
  endfacet
  facet normal 0 0 -1
    outer loop
      vertex 12.5 -10 0
      vertex 9.37721 -7.82157 0
      vertex 12.5 10 0
    endloop
  endfacet
  facet normal 0 0 -1
    outer loop
      vertex 12.5 10 0
      vertex 11.4278 9.87218 0
      vertex 11.5003 9.95217 0
    endloop
  endfacet
  facet normal 0 0 -1
    outer loop
      vertex 9.37721 7.82157 0
      vertex 12.5 10 0
      vertex 9.37721 -7.82157 0
    endloop
  endfacet
  facet normal 0 0 -1
    outer loop
      vertex 12.5 10 0
      vertex 9.37721 7.82157 0
      vertex 11.4278 9.87218 0
    endloop
  endfacet
  facet normal 0 0 -1
    outer loop
      vertex 9.29722 -7.74908 0
      vertex 9.37721 7.82157 0
      vertex 9.37721 -7.82157 0
    endloop
  endfacet
  facet normal 0 0 -1
    outer loop
      vertex 9.29722 -7.74908 0
      vertex 9.29722 7.74908 0
      vertex 9.37721 7.82157 0
    endloop
  endfacet
  facet normal 0 0 -1
    outer loop
      vertex 9.21052 -7.68477 0
      vertex 9.29722 7.74908 0
      vertex 9.29722 -7.74908 0
    endloop
  endfacet
  facet normal 0 0 -1
    outer loop
      vertex 9.21052 -7.68477 0
      vertex 9.21052 7.68477 0
      vertex 9.29722 7.74908 0
    endloop
  endfacet
  facet normal 0 0 -1
    outer loop
      vertex 9.11793 -7.62928 0
      vertex 9.21052 7.68477 0
      vertex 9.21052 -7.68477 0
    endloop
  endfacet
  facet normal 0 0 -1
    outer loop
      vertex 9.11793 -7.62928 0
      vertex 9.11793 7.62928 0
      vertex 9.21052 7.68477 0
    endloop
  endfacet
  facet normal 0 0 -1
    outer loop
      vertex 5.25 3.5 0
      vertex 9.11793 -7.62928 0
      vertex 9.02034 -7.58312 0
    endloop
  endfacet
  facet normal 0 0 -1
    outer loop
      vertex 9.11793 -7.62928 0
      vertex 5.25 3.5 0
      vertex 9.11793 7.62928 0
    endloop
  endfacet
  facet normal 0 0 -1
    outer loop
      vertex 5.25 3.5 0
      vertex 9.02034 -7.58312 0
      vertex 8.9187 -7.54676 0
    endloop
  endfacet
  facet normal 0 0 -1
    outer loop
      vertex 9.11793 7.62928 0
      vertex 5.25 3.5 0
      vertex 9.02034 7.58312 0
    endloop
  endfacet
  facet normal 0 0 -1
    outer loop
      vertex 5.25 3.5 0
      vertex 8.9187 -7.54676 0
      vertex 8.81399 -7.52053 0
    endloop
  endfacet
  facet normal 0 0 -1
    outer loop
      vertex 9.02034 7.58312 0
      vertex 5.25 3.5 0
      vertex 8.9187 7.54676 0
    endloop
  endfacet
  facet normal 0 0 -1
    outer loop
      vertex 5.25 3.5 0
      vertex 8.81399 -7.52053 0
      vertex 8.70721 -7.50469 0
    endloop
  endfacet
  facet normal 0 0 -1
    outer loop
      vertex 8.9187 7.54676 0
      vertex 5.25 3.5 0
      vertex 8.81399 7.52053 0
    endloop
  endfacet
  facet normal 0 0 -1
    outer loop
      vertex 5.25 3.5 0
      vertex 8.70721 -7.50469 0
      vertex 8.59939 -7.49939 0
    endloop
  endfacet
  facet normal 0 0 -1
    outer loop
      vertex 8.81399 7.52053 0
      vertex 5.25 3.5 0
      vertex 8.70721 7.50469 0
    endloop
  endfacet
  facet normal 0 0 -1
    outer loop
      vertex 5.25 3.5 0
      vertex 8.59939 -7.49939 0
      vertex 8.49157 -7.50469 0
    endloop
  endfacet
  facet normal 0 0 -1
    outer loop
      vertex 8.70721 7.50469 0
      vertex 5.25 3.5 0
      vertex 8.59939 7.49939 0
    endloop
  endfacet
  facet normal 0 0 -1
    outer loop
      vertex 5.25 3.5 0
      vertex 8.49157 -7.50469 0
      vertex 8.38479 -7.52053 0
    endloop
  endfacet
  facet normal -0 0 -1
    outer loop
      vertex 8.59939 7.49939 0
      vertex 5.25 3.5 0
      vertex 8.49157 7.50469 0
    endloop
  endfacet
  facet normal 0 0 -1
    outer loop
      vertex 5.25 3.5 0
      vertex 8.38479 -7.52053 0
      vertex 8.28008 -7.54676 0
    endloop
  endfacet
  facet normal -0 0 -1
    outer loop
      vertex 8.49157 7.50469 0
      vertex 5.25 3.5 0
      vertex 8.38479 7.52053 0
    endloop
  endfacet
  facet normal 0 0 -1
    outer loop
      vertex 5.25 3.5 0
      vertex 8.28008 -7.54676 0
      vertex 8.17844 -7.58312 0
    endloop
  endfacet
  facet normal -0 0 -1
    outer loop
      vertex 8.38479 7.52053 0
      vertex 5.25 3.5 0
      vertex 8.28008 7.54676 0
    endloop
  endfacet
  facet normal 0 0 -1
    outer loop
      vertex 5.25 3.5 0
      vertex 8.17844 -7.58312 0
      vertex 8.08085 -7.62928 0
    endloop
  endfacet
  facet normal -0 0 -1
    outer loop
      vertex 8.28008 7.54676 0
      vertex 5.25 3.5 0
      vertex 8.17844 7.58312 0
    endloop
  endfacet
  facet normal 0 0 -1
    outer loop
      vertex 5.25 3.5 0
      vertex 8.08085 -7.62928 0
      vertex 7.98826 -7.68477 0
    endloop
  endfacet
  facet normal -0 0 -1
    outer loop
      vertex 8.17844 7.58312 0
      vertex 5.25 3.5 0
      vertex 8.08085 7.62928 0
    endloop
  endfacet
  facet normal 0 0 -1
    outer loop
      vertex 5.25 3.5 0
      vertex 7.98826 -7.68477 0
      vertex 7.90156 -7.74908 0
    endloop
  endfacet
  facet normal -0 0 -1
    outer loop
      vertex 8.08085 7.62928 0
      vertex 5.25 3.5 0
      vertex 7.98826 7.68477 0
    endloop
  endfacet
  facet normal 0 0 -1
    outer loop
      vertex 5.25 3.5 0
      vertex 7.90156 -7.74908 0
      vertex 7.82157 -7.82157 0
    endloop
  endfacet
  facet normal -0 0 -1
    outer loop
      vertex 7.98826 7.68477 0
      vertex 5.25 3.5 0
      vertex 7.90156 7.74908 0
    endloop
  endfacet
  facet normal 0 0 -1
    outer loop
      vertex 5.25 3.5 0
      vertex 7.82157 -7.82157 0
      vertex 7.74908 -7.90156 0
    endloop
  endfacet
  facet normal -0 0 -1
    outer loop
      vertex 7.90156 7.74908 0
      vertex 5.25 3.5 0
      vertex 7.82157 7.82157 0
    endloop
  endfacet
  facet normal 0 0 -1
    outer loop
      vertex 5.25 3.5 0
      vertex 7.74908 -7.90156 0
      vertex 7.68477 -7.98826 0
    endloop
  endfacet
  facet normal -0 0 -1
    outer loop
      vertex 7.82157 7.82157 0
      vertex 5.25 3.5 0
      vertex 7.74908 7.90156 0
    endloop
  endfacet
  facet normal 0 0 -1
    outer loop
      vertex 5.25 3.5 0
      vertex 7.68477 -7.98826 0
      vertex 7.62928 -8.08085 0
    endloop
  endfacet
  facet normal -0 0 -1
    outer loop
      vertex 7.74908 7.90156 0
      vertex 5.25 3.5 0
      vertex 7.68477 7.98826 0
    endloop
  endfacet
  facet normal 0 0 -1
    outer loop
      vertex 7.52053 -8.38479 0
      vertex -7.52053 -8.38479 0
      vertex 7.54676 -8.28008 0
    endloop
  endfacet
  facet normal -0 0 -1
    outer loop
      vertex 7.68477 7.98826 0
      vertex 5.25 3.5 0
      vertex 7.62928 8.08085 0
    endloop
  endfacet
  facet normal 0 0 -1
    outer loop
      vertex -7.52053 -8.38479 0
      vertex 7.52053 -8.38479 0
      vertex -7.50469 -8.49157 0
    endloop
  endfacet
  facet normal -0 0 -1
    outer loop
      vertex 7.62928 8.08085 0
      vertex 5.25 3.5 0
      vertex 7.58312 8.17844 0
    endloop
  endfacet
  facet normal 0 0 -1
    outer loop
      vertex 7.50469 -8.49157 0
      vertex -7.50469 -8.49157 0
      vertex 7.52053 -8.38479 0
    endloop
  endfacet
  facet normal -0 0 -1
    outer loop
      vertex 7.58312 8.17844 0
      vertex 5.25 3.5 0
      vertex 7.54676 8.28008 0
    endloop
  endfacet
  facet normal 0 0 -1
    outer loop
      vertex -7.50469 -8.49157 0
      vertex 7.50469 -8.49157 0
      vertex -7.49939 -8.59939 0
    endloop
  endfacet
  facet normal -0 0 -1
    outer loop
      vertex 7.54676 8.28008 0
      vertex 5.25 3.5 0
      vertex 7.52053 8.38479 0
    endloop
  endfacet
  facet normal 0 0 -1
    outer loop
      vertex -7.49939 -8.59939 0
      vertex 7.50469 -8.49157 0
      vertex 7.49939 -8.59939 0
    endloop
  endfacet
  facet normal -0 0 -1
    outer loop
      vertex 7.52053 8.38479 0
      vertex 5.25 3.5 0
      vertex 7.50469 8.49157 0
    endloop
  endfacet
  facet normal 0 0 -1
    outer loop
      vertex 11.7289 -10.4354 0
      vertex 12.452 -10.4877 0
      vertex 11.7447 -10.5422 0
    endloop
  endfacet
  facet normal 0 0 -1
    outer loop
      vertex 12.452 -10.4877 0
      vertex 11.7289 -10.4354 0
      vertex 12.488 -10.245 0
    endloop
  endfacet
  facet normal 0 0 -1
    outer loop
      vertex 12.3924 -10.7257 0
      vertex 11.7447 -10.5422 0
      vertex 12.452 -10.4877 0
    endloop
  endfacet
  facet normal 0 0 -1
    outer loop
      vertex 11.7026 -10.3307 0
      vertex 12.488 -10.245 0
      vertex 11.7289 -10.4354 0
    endloop
  endfacet
  facet normal 0 0 -1
    outer loop
      vertex 11.7447 -10.5422 0
      vertex 12.3924 -10.7257 0
      vertex 11.75 -10.65 0
    endloop
  endfacet
  facet normal 0 0 -1
    outer loop
      vertex 12.5 10 0
      vertex 11.75 10.65 0
      vertex 12.488 10.245 0
    endloop
  endfacet
  facet normal 0 0 -1
    outer loop
      vertex 11.7447 -10.7578 0
      vertex 12.3924 -10.7257 0
      vertex 12.3097 -10.9567 0
    endloop
  endfacet
  facet normal 0 0 -1
    outer loop
      vertex 12.488 10.245 0
      vertex 11.75 10.65 0
      vertex 12.452 10.4877 0
    endloop
  endfacet
  facet normal 0 0 -1
    outer loop
      vertex 11.7289 -10.8646 0
      vertex 12.3097 -10.9567 0
      vertex 12.2048 -11.1785 0
    endloop
  endfacet
  facet normal 0 0 -1
    outer loop
      vertex 12.452 10.4877 0
      vertex 11.75 10.65 0
      vertex 12.3924 10.7257 0
    endloop
  endfacet
  facet normal 0 0 -1
    outer loop
      vertex 11.6663 -11.071 0
      vertex 12.2048 -11.1785 0
      vertex 12.0787 -11.3889 0
    endloop
  endfacet
  facet normal 0 0 -1
    outer loop
      vertex 11.7447 10.7578 0
      vertex 12.3924 10.7257 0
      vertex 11.75 10.65 0
    endloop
  endfacet
  facet normal 0 0 -1
    outer loop
      vertex 11.6201 -11.1685 0
      vertex 12.0787 -11.3889 0
      vertex 11.9325 -11.586 0
    endloop
  endfacet
  facet normal 0 0 -1
    outer loop
      vertex 12.3924 10.7257 0
      vertex 11.7447 10.7578 0
      vertex 12.3097 10.9567 0
    endloop
  endfacet
  facet normal 0 0 -1
    outer loop
      vertex 11.5003 -11.3478 0
      vertex 11.9325 -11.586 0
      vertex 11.7678 -11.7678 0
    endloop
  endfacet
  facet normal 0 0 -1
    outer loop
      vertex 11.7289 10.8646 0
      vertex 12.3097 10.9567 0
      vertex 11.7447 10.7578 0
    endloop
  endfacet
  facet normal -0 0 -1
    outer loop
      vertex 12.3097 10.9567 0
      vertex 11.7289 10.8646 0
      vertex 12.2048 11.1785 0
    endloop
  endfacet
  facet normal -0 0 -1
    outer loop
      vertex 12.3924 -10.7257 0
      vertex 11.7447 -10.7578 0
      vertex 11.75 -10.65 0
    endloop
  endfacet
  facet normal 0 0 -1
    outer loop
      vertex 12.3097 -10.9567 0
      vertex 11.7289 -10.8646 0
      vertex 11.7447 -10.7578 0
    endloop
  endfacet
  facet normal 0 0 -1
    outer loop
      vertex 12.2048 -11.1785 0
      vertex 11.7026 -10.9693 0
      vertex 11.7289 -10.8646 0
    endloop
  endfacet
  facet normal 0 0 -1
    outer loop
      vertex 12.2048 -11.1785 0
      vertex 11.6663 -11.071 0
      vertex 11.7026 -10.9693 0
    endloop
  endfacet
  facet normal 0 0 -1
    outer loop
      vertex 12.0787 -11.3889 0
      vertex 11.6201 -11.1685 0
      vertex 11.6663 -11.071 0
    endloop
  endfacet
  facet normal 0 0 -1
    outer loop
      vertex 11.3478 -11.5003 0
      vertex 11.7678 -11.7678 0
      vertex 11.586 -11.9325 0
    endloop
  endfacet
  facet normal 0 0 -1
    outer loop
      vertex 11.9325 -11.586 0
      vertex 11.5646 -11.2611 0
      vertex 11.6201 -11.1685 0
    endloop
  endfacet
  facet normal 0 0 -1
    outer loop
      vertex 11.9325 -11.586 0
      vertex 11.5003 -11.3478 0
      vertex 11.5646 -11.2611 0
    endloop
  endfacet
  facet normal 0 0 -1
    outer loop
      vertex 11.7678 -11.7678 0
      vertex 11.4278 -11.4278 0
      vertex 11.5003 -11.3478 0
    endloop
  endfacet
  facet normal 0 0 -1
    outer loop
      vertex 11.2611 -11.5646 0
      vertex 11.586 -11.9325 0
      vertex 11.3889 -12.0787 0
    endloop
  endfacet
  facet normal 0 0 -1
    outer loop
      vertex 11.7678 -11.7678 0
      vertex 11.3478 -11.5003 0
      vertex 11.4278 -11.4278 0
    endloop
  endfacet
  facet normal 0 0 -1
    outer loop
      vertex 11.586 -11.9325 0
      vertex 11.2611 -11.5646 0
      vertex 11.3478 -11.5003 0
    endloop
  endfacet
  facet normal 0 0 -1
    outer loop
      vertex 11.071 -11.6663 0
      vertex 11.3889 -12.0787 0
      vertex 11.1785 -12.2048 0
    endloop
  endfacet
  facet normal 0 0 -1
    outer loop
      vertex 11.3889 -12.0787 0
      vertex 11.1685 -11.6201 0
      vertex 11.2611 -11.5646 0
    endloop
  endfacet
  facet normal 0 0 -1
    outer loop
      vertex 11.3889 -12.0787 0
      vertex 11.071 -11.6663 0
      vertex 11.1685 -11.6201 0
    endloop
  endfacet
  facet normal 0 0 -1
    outer loop
      vertex 11.1785 -12.2048 0
      vertex 10.9693 -11.7026 0
      vertex 11.071 -11.6663 0
    endloop
  endfacet
  facet normal 0 0 -1
    outer loop
      vertex 10.8646 -11.7289 0
      vertex 11.1785 -12.2048 0
      vertex 10.9567 -12.3097 0
    endloop
  endfacet
  facet normal 0 0 -1
    outer loop
      vertex 11.1785 -12.2048 0
      vertex 10.8646 -11.7289 0
      vertex 10.9693 -11.7026 0
    endloop
  endfacet
  facet normal 0 0 -1
    outer loop
      vertex 10.9567 -12.3097 0
      vertex 10.7578 -11.7447 0
      vertex 10.8646 -11.7289 0
    endloop
  endfacet
  facet normal 0 0 -1
    outer loop
      vertex 10.7257 -12.3924 0
      vertex 10.7578 -11.7447 0
      vertex 10.9567 -12.3097 0
    endloop
  endfacet
  facet normal 0 0 -1
    outer loop
      vertex 10.7257 -12.3924 0
      vertex 10.65 -11.75 0
      vertex 10.7578 -11.7447 0
    endloop
  endfacet
  facet normal 0 0 -1
    outer loop
      vertex 10.7257 -12.3924 0
      vertex 10.5422 -11.7447 0
      vertex 10.65 -11.75 0
    endloop
  endfacet
  facet normal 0 0 -1
    outer loop
      vertex 10.4877 -12.452 0
      vertex 10.5422 -11.7447 0
      vertex 10.7257 -12.3924 0
    endloop
  endfacet
  facet normal 0 0 -1
    outer loop
      vertex 10.4877 -12.452 0
      vertex 10.4354 -11.7289 0
      vertex 10.5422 -11.7447 0
    endloop
  endfacet
  facet normal 0 0 -1
    outer loop
      vertex 10.245 -12.488 0
      vertex 10.4354 -11.7289 0
      vertex 10.4877 -12.452 0
    endloop
  endfacet
  facet normal -0 0 -1
    outer loop
      vertex 10.4354 -11.7289 0
      vertex 10.245 -12.488 0
      vertex 10.3307 -11.7026 0
    endloop
  endfacet
  facet normal 0 0 -1
    outer loop
      vertex 10.245 -12.488 0
      vertex 10.229 -11.6663 0
      vertex 10.3307 -11.7026 0
    endloop
  endfacet
  facet normal 0 0 -1
    outer loop
      vertex 10 -12.5 0
      vertex 10.229 -11.6663 0
      vertex 10.245 -12.488 0
    endloop
  endfacet
  facet normal -0 0 -1
    outer loop
      vertex 10.229 -11.6663 0
      vertex 10 -12.5 0
      vertex 10.1315 -11.6201 0
    endloop
  endfacet
  facet normal -0 0 -1
    outer loop
      vertex 10.1315 -11.6201 0
      vertex 10 -12.5 0
      vertex 10.0389 -11.5646 0
    endloop
  endfacet
  facet normal 0 0 -1
    outer loop
      vertex 10 -12.5 0
      vertex 9.95217 -11.5003 0
      vertex 10.0389 -11.5646 0
    endloop
  endfacet
  facet normal 0 0 -1
    outer loop
      vertex 10 -12.5 0
      vertex 9.87218 -11.4278 0
      vertex 9.95217 -11.5003 0
    endloop
  endfacet
  facet normal 0 0 -1
    outer loop
      vertex 10 -12.5 0
      vertex 7.82157 -9.37721 0
      vertex 9.87218 -11.4278 0
    endloop
  endfacet
  facet normal 0 0 -1
    outer loop
      vertex -7.82157 -9.37721 0
      vertex 7.82157 -9.37721 0
      vertex 10 -12.5 0
    endloop
  endfacet
  facet normal 0 0 -1
    outer loop
      vertex 7.82157 -9.37721 0
      vertex -7.82157 -9.37721 0
      vertex 7.74908 -9.29722 0
    endloop
  endfacet
  facet normal 0 0 -1
    outer loop
      vertex 5.25 12.5 0
      vertex 7.50469 8.49157 0
      vertex 5.25 3.5 0
    endloop
  endfacet
  facet normal 0 0 -1
    outer loop
      vertex -7.49939 -8.59939 0
      vertex 7.49939 -8.59939 0
      vertex 7.50469 -8.70721 0
    endloop
  endfacet
  facet normal 0 0 -1
    outer loop
      vertex -7.50469 -8.70721 0
      vertex 7.50469 -8.70721 0
      vertex 7.52053 -8.81399 0
    endloop
  endfacet
  facet normal 0 0 -1
    outer loop
      vertex -7.54676 -8.28008 0
      vertex 7.54676 -8.28008 0
      vertex -7.52053 -8.38479 0
    endloop
  endfacet
  facet normal 0 0 -1
    outer loop
      vertex -7.52053 -8.81399 0
      vertex 7.52053 -8.81399 0
      vertex 7.54676 -8.9187 0
    endloop
  endfacet
  facet normal 0 0 -1
    outer loop
      vertex -7.54676 -8.9187 0
      vertex 7.54676 -8.9187 0
      vertex 7.58312 -9.02034 0
    endloop
  endfacet
  facet normal 0 0 -1
    outer loop
      vertex -7.58312 -9.02034 0
      vertex 7.58312 -9.02034 0
      vertex 7.62928 -9.11793 0
    endloop
  endfacet
  facet normal 0 0 -1
    outer loop
      vertex -7.62928 -9.11793 0
      vertex 7.62928 -9.11793 0
      vertex 7.68477 -9.21052 0
    endloop
  endfacet
  facet normal 0 -0 -1
    outer loop
      vertex -7.74908 -9.29722 0
      vertex 7.74908 -9.29722 0
      vertex -7.82157 -9.37721 0
    endloop
  endfacet
  facet normal 0 0 -1
    outer loop
      vertex 7.54676 -8.28008 0
      vertex -7.54676 -8.28008 0
      vertex 7.58312 -8.17844 0
    endloop
  endfacet
  facet normal 0 0 -1
    outer loop
      vertex 7.62928 -8.08085 0
      vertex -5.25 3.5 0
      vertex 5.25 3.5 0
    endloop
  endfacet
  facet normal 0 0 -1
    outer loop
      vertex 7.50469 -8.70721 0
      vertex -7.50469 -8.70721 0
      vertex -7.49939 -8.59939 0
    endloop
  endfacet
  facet normal 0 0 -1
    outer loop
      vertex 7.52053 -8.81399 0
      vertex -7.52053 -8.81399 0
      vertex -7.50469 -8.70721 0
    endloop
  endfacet
  facet normal 0 0 -1
    outer loop
      vertex 7.54676 -8.9187 0
      vertex -7.54676 -8.9187 0
      vertex -7.52053 -8.81399 0
    endloop
  endfacet
  facet normal 0 0 -1
    outer loop
      vertex 7.58312 -9.02034 0
      vertex -7.58312 -9.02034 0
      vertex -7.54676 -8.9187 0
    endloop
  endfacet
  facet normal 0 0 -1
    outer loop
      vertex 7.62928 -9.11793 0
      vertex -7.62928 -9.11793 0
      vertex -7.58312 -9.02034 0
    endloop
  endfacet
  facet normal 0 0 -1
    outer loop
      vertex 7.68477 -9.21052 0
      vertex -7.68477 -9.21052 0
      vertex -7.62928 -9.11793 0
    endloop
  endfacet
  facet normal -0 0 -1
    outer loop
      vertex 7.68477 -9.21052 0
      vertex -7.74908 -9.29722 0
      vertex -7.68477 -9.21052 0
    endloop
  endfacet
  facet normal 0 0 -1
    outer loop
      vertex 7.74908 -9.29722 0
      vertex -7.74908 -9.29722 0
      vertex 7.68477 -9.21052 0
    endloop
  endfacet
  facet normal 0 0 -1
    outer loop
      vertex -10 -12.5 0
      vertex -7.82157 -9.37721 0
      vertex 10 -12.5 0
    endloop
  endfacet
  facet normal 0 0 -1
    outer loop
      vertex -7.82157 -9.37721 0
      vertex -10 -12.5 0
      vertex -9.87218 -11.4278 0
    endloop
  endfacet
  facet normal 0 0 -1
    outer loop
      vertex -9.87218 -11.4278 0
      vertex -10 -12.5 0
      vertex -9.95217 -11.5003 0
    endloop
  endfacet
  facet normal 0 0 -1
    outer loop
      vertex -10 -12.5 0
      vertex -10.0389 -11.5646 0
      vertex -9.95217 -11.5003 0
    endloop
  endfacet
  facet normal 0 0 -1
    outer loop
      vertex -10 -12.5 0
      vertex -10.1315 -11.6201 0
      vertex -10.0389 -11.5646 0
    endloop
  endfacet
  facet normal 0 0 -1
    outer loop
      vertex -10 -12.5 0
      vertex -10.229 -11.6663 0
      vertex -10.1315 -11.6201 0
    endloop
  endfacet
  facet normal 0 0 -1
    outer loop
      vertex -10.245 -12.488 0
      vertex -10.229 -11.6663 0
      vertex -10 -12.5 0
    endloop
  endfacet
  facet normal 0 0 -1
    outer loop
      vertex -10.245 -12.488 0
      vertex -10.3307 -11.7026 0
      vertex -10.229 -11.6663 0
    endloop
  endfacet
  facet normal 0 0 -1
    outer loop
      vertex -10.245 -12.488 0
      vertex -10.4354 -11.7289 0
      vertex -10.3307 -11.7026 0
    endloop
  endfacet
  facet normal 0 0 -1
    outer loop
      vertex -10.4877 -12.452 0
      vertex -10.4354 -11.7289 0
      vertex -10.245 -12.488 0
    endloop
  endfacet
  facet normal 0 0 -1
    outer loop
      vertex -10.4877 -12.452 0
      vertex -10.5422 -11.7447 0
      vertex -10.4354 -11.7289 0
    endloop
  endfacet
  facet normal 0 0 -1
    outer loop
      vertex -10.7257 -12.3924 0
      vertex -10.5422 -11.7447 0
      vertex -10.4877 -12.452 0
    endloop
  endfacet
  facet normal 0 0 -1
    outer loop
      vertex -10.5422 -11.7447 0
      vertex -10.7257 -12.3924 0
      vertex -10.65 -11.75 0
    endloop
  endfacet
  facet normal 0 0 -1
    outer loop
      vertex -10.7257 -12.3924 0
      vertex -10.7578 -11.7447 0
      vertex -10.65 -11.75 0
    endloop
  endfacet
  facet normal 0 0 -1
    outer loop
      vertex -10.9567 -12.3097 0
      vertex -10.7578 -11.7447 0
      vertex -10.7257 -12.3924 0
    endloop
  endfacet
  facet normal -0 0 -1
    outer loop
      vertex -10.7578 -11.7447 0
      vertex -10.9567 -12.3097 0
      vertex -10.8646 -11.7289 0
    endloop
  endfacet
  facet normal 0 0 -1
    outer loop
      vertex -11.1785 -12.2048 0
      vertex -10.8646 -11.7289 0
      vertex -10.9567 -12.3097 0
    endloop
  endfacet
  facet normal -0 0 -1
    outer loop
      vertex -10.8646 -11.7289 0
      vertex -11.1785 -12.2048 0
      vertex -10.9693 -11.7026 0
    endloop
  endfacet
  facet normal -0 0 -1
    outer loop
      vertex -10.9693 -11.7026 0
      vertex -11.1785 -12.2048 0
      vertex -11.071 -11.6663 0
    endloop
  endfacet
  facet normal 0 0 -1
    outer loop
      vertex -11.3889 -12.0787 0
      vertex -11.071 -11.6663 0
      vertex -11.1785 -12.2048 0
    endloop
  endfacet
  facet normal -0 0 -1
    outer loop
      vertex -11.071 -11.6663 0
      vertex -11.3889 -12.0787 0
      vertex -11.1685 -11.6201 0
    endloop
  endfacet
  facet normal -0 0 -1
    outer loop
      vertex -11.1685 -11.6201 0
      vertex -11.3889 -12.0787 0
      vertex -11.2611 -11.5646 0
    endloop
  endfacet
  facet normal 0 0 -1
    outer loop
      vertex -11.586 -11.9325 0
      vertex -11.2611 -11.5646 0
      vertex -11.3889 -12.0787 0
    endloop
  endfacet
  facet normal -0 0 -1
    outer loop
      vertex -11.2611 -11.5646 0
      vertex -11.586 -11.9325 0
      vertex -11.3478 -11.5003 0
    endloop
  endfacet
  facet normal 0 0 -1
    outer loop
      vertex -11.7678 -11.7678 0
      vertex -11.3478 -11.5003 0
      vertex -11.586 -11.9325 0
    endloop
  endfacet
  facet normal -0 0 -1
    outer loop
      vertex -11.3478 -11.5003 0
      vertex -11.7678 -11.7678 0
      vertex -11.4278 -11.4278 0
    endloop
  endfacet
  facet normal -0 0 -1
    outer loop
      vertex -11.4278 -11.4278 0
      vertex -11.7678 -11.7678 0
      vertex -11.5003 -11.3478 0
    endloop
  endfacet
  facet normal 0 0 -1
    outer loop
      vertex -11.9325 -11.586 0
      vertex -11.5003 -11.3478 0
      vertex -11.7678 -11.7678 0
    endloop
  endfacet
  facet normal -0 0 -1
    outer loop
      vertex -11.5003 -11.3478 0
      vertex -11.9325 -11.586 0
      vertex -11.5646 -11.2611 0
    endloop
  endfacet
  facet normal -0 0 -1
    outer loop
      vertex -11.5646 -11.2611 0
      vertex -11.9325 -11.586 0
      vertex -11.6201 -11.1685 0
    endloop
  endfacet
  facet normal 0 0 -1
    outer loop
      vertex -12.0787 -11.3889 0
      vertex -11.6201 -11.1685 0
      vertex -11.9325 -11.586 0
    endloop
  endfacet
  facet normal -0 0 -1
    outer loop
      vertex -11.6201 -11.1685 0
      vertex -12.0787 -11.3889 0
      vertex -11.6663 -11.071 0
    endloop
  endfacet
  facet normal -0 0 -1
    outer loop
      vertex -11.7026 -10.9693 0
      vertex -12.2048 -11.1785 0
      vertex -11.7289 -10.8646 0
    endloop
  endfacet
  facet normal -0 0 -1
    outer loop
      vertex -11.6663 -11.071 0
      vertex -12.2048 -11.1785 0
      vertex -11.7026 -10.9693 0
    endloop
  endfacet
  facet normal 0 0 -1
    outer loop
      vertex -12.2048 -11.1785 0
      vertex -11.6663 -11.071 0
      vertex -12.0787 -11.3889 0
    endloop
  endfacet
  facet normal 0 0 -1
    outer loop
      vertex 11.7026 10.9693 0
      vertex 12.2048 11.1785 0
      vertex 11.7289 10.8646 0
    endloop
  endfacet
  facet normal 0 0 -1
    outer loop
      vertex 11.6663 11.071 0
      vertex 12.2048 11.1785 0
      vertex 11.7026 10.9693 0
    endloop
  endfacet
  facet normal -0 0 -1
    outer loop
      vertex 12.2048 11.1785 0
      vertex 11.6663 11.071 0
      vertex 12.0787 11.3889 0
    endloop
  endfacet
  facet normal 0 0 -1
    outer loop
      vertex 11.6201 11.1685 0
      vertex 12.0787 11.3889 0
      vertex 11.6663 11.071 0
    endloop
  endfacet
  facet normal -0 0 -1
    outer loop
      vertex 12.0787 11.3889 0
      vertex 11.6201 11.1685 0
      vertex 11.9325 11.586 0
    endloop
  endfacet
  facet normal 0 0 -1
    outer loop
      vertex 11.5646 11.2611 0
      vertex 11.9325 11.586 0
      vertex 11.6201 11.1685 0
    endloop
  endfacet
  facet normal 0 0 -1
    outer loop
      vertex 11.5003 11.3478 0
      vertex 11.9325 11.586 0
      vertex 11.5646 11.2611 0
    endloop
  endfacet
  facet normal -0 0 -1
    outer loop
      vertex 11.9325 11.586 0
      vertex 11.5003 11.3478 0
      vertex 11.7678 11.7678 0
    endloop
  endfacet
  facet normal 0 0 -1
    outer loop
      vertex 11.4278 11.4278 0
      vertex 11.7678 11.7678 0
      vertex 11.5003 11.3478 0
    endloop
  endfacet
  facet normal 0 0 -1
    outer loop
      vertex 11.3478 11.5003 0
      vertex 11.7678 11.7678 0
      vertex 11.4278 11.4278 0
    endloop
  endfacet
  facet normal -0 0 -1
    outer loop
      vertex 11.7678 11.7678 0
      vertex 11.3478 11.5003 0
      vertex 11.586 11.9325 0
    endloop
  endfacet
  facet normal 0 0 -1
    outer loop
      vertex 11.2611 11.5646 0
      vertex 11.586 11.9325 0
      vertex 11.3478 11.5003 0
    endloop
  endfacet
  facet normal -0 0 -1
    outer loop
      vertex 11.586 11.9325 0
      vertex 11.2611 11.5646 0
      vertex 11.3889 12.0787 0
    endloop
  endfacet
  facet normal 0 0 -1
    outer loop
      vertex 11.1685 11.6201 0
      vertex 11.3889 12.0787 0
      vertex 11.2611 11.5646 0
    endloop
  endfacet
  facet normal 0 0 -1
    outer loop
      vertex 11.071 11.6663 0
      vertex 11.3889 12.0787 0
      vertex 11.1685 11.6201 0
    endloop
  endfacet
  facet normal -0 0 -1
    outer loop
      vertex 11.3889 12.0787 0
      vertex 11.071 11.6663 0
      vertex 11.1785 12.2048 0
    endloop
  endfacet
  facet normal 0 0 -1
    outer loop
      vertex 10.9693 11.7026 0
      vertex 11.1785 12.2048 0
      vertex 11.071 11.6663 0
    endloop
  endfacet
  facet normal 0 0 -1
    outer loop
      vertex 10.8646 11.7289 0
      vertex 11.1785 12.2048 0
      vertex 10.9693 11.7026 0
    endloop
  endfacet
  facet normal -0 0 -1
    outer loop
      vertex 11.1785 12.2048 0
      vertex 10.8646 11.7289 0
      vertex 10.9567 12.3097 0
    endloop
  endfacet
  facet normal 0 0 -1
    outer loop
      vertex 10.7578 11.7447 0
      vertex 10.9567 12.3097 0
      vertex 10.8646 11.7289 0
    endloop
  endfacet
  facet normal 0 0 -1
    outer loop
      vertex 10.7578 11.7447 0
      vertex 10.7257 12.3924 0
      vertex 10.9567 12.3097 0
    endloop
  endfacet
  facet normal 0 0 -1
    outer loop
      vertex 10.65 11.75 0
      vertex 10.7257 12.3924 0
      vertex 10.7578 11.7447 0
    endloop
  endfacet
  facet normal 0 0 -1
    outer loop
      vertex 10.5422 11.7447 0
      vertex 10.7257 12.3924 0
      vertex 10.65 11.75 0
    endloop
  endfacet
  facet normal 0 0 -1
    outer loop
      vertex 10.5422 11.7447 0
      vertex 10.4877 12.452 0
      vertex 10.7257 12.3924 0
    endloop
  endfacet
  facet normal 0 0 -1
    outer loop
      vertex 10.4354 11.7289 0
      vertex 10.4877 12.452 0
      vertex 10.5422 11.7447 0
    endloop
  endfacet
  facet normal 0 0 -1
    outer loop
      vertex 10.245 12.488 0
      vertex 10.4354 11.7289 0
      vertex 10.3307 11.7026 0
    endloop
  endfacet
  facet normal 0 0 -1
    outer loop
      vertex 10.4354 11.7289 0
      vertex 10.245 12.488 0
      vertex 10.4877 12.452 0
    endloop
  endfacet
  facet normal 0 0 -1
    outer loop
      vertex 10.229 11.6663 0
      vertex 10.245 12.488 0
      vertex 10.3307 11.7026 0
    endloop
  endfacet
  facet normal 0 0 -1
    outer loop
      vertex 10 12.5 0
      vertex 10.229 11.6663 0
      vertex 10.1315 11.6201 0
    endloop
  endfacet
  facet normal 0 0 -1
    outer loop
      vertex 10 12.5 0
      vertex 10.1315 11.6201 0
      vertex 10.0389 11.5646 0
    endloop
  endfacet
  facet normal 0 0 -1
    outer loop
      vertex 10.229 11.6663 0
      vertex 10 12.5 0
      vertex 10.245 12.488 0
    endloop
  endfacet
  facet normal 0 0 -1
    outer loop
      vertex 9.95217 11.5003 0
      vertex 10 12.5 0
      vertex 10.0389 11.5646 0
    endloop
  endfacet
  facet normal 0 0 -1
    outer loop
      vertex 9.87218 11.4278 0
      vertex 10 12.5 0
      vertex 9.95217 11.5003 0
    endloop
  endfacet
  facet normal 0 0 -1
    outer loop
      vertex 5.25 12.5 0
      vertex 9.87218 11.4278 0
      vertex 7.82157 9.37721 0
    endloop
  endfacet
  facet normal 0 0 -1
    outer loop
      vertex 5.25 12.5 0
      vertex 7.82157 9.37721 0
      vertex 7.74908 9.29722 0
    endloop
  endfacet
  facet normal 0 0 -1
    outer loop
      vertex 5.25 12.5 0
      vertex 7.74908 9.29722 0
      vertex 7.68477 9.21052 0
    endloop
  endfacet
  facet normal 0 0 -1
    outer loop
      vertex 7.50469 8.49157 0
      vertex 5.25 12.5 0
      vertex 7.49939 8.59939 0
    endloop
  endfacet
  facet normal 0 0 -1
    outer loop
      vertex 7.49939 8.59939 0
      vertex 5.25 12.5 0
      vertex 7.50469 8.70721 0
    endloop
  endfacet
  facet normal 0 0 -1
    outer loop
      vertex 7.50469 8.70721 0
      vertex 5.25 12.5 0
      vertex 7.52053 8.81399 0
    endloop
  endfacet
  facet normal 0 0 -1
    outer loop
      vertex 7.52053 8.81399 0
      vertex 5.25 12.5 0
      vertex 7.54676 8.9187 0
    endloop
  endfacet
  facet normal 0 0 -1
    outer loop
      vertex 9.87218 11.4278 0
      vertex 5.25 12.5 0
      vertex 10 12.5 0
    endloop
  endfacet
  facet normal 0 0 -1
    outer loop
      vertex 7.62928 9.11793 0
      vertex 5.25 12.5 0
      vertex 7.68477 9.21052 0
    endloop
  endfacet
  facet normal 0 0 -1
    outer loop
      vertex 7.58312 9.02034 0
      vertex 5.25 12.5 0
      vertex 7.62928 9.11793 0
    endloop
  endfacet
  facet normal 0 0 -1
    outer loop
      vertex 7.54676 8.9187 0
      vertex 5.25 12.5 0
      vertex 7.58312 9.02034 0
    endloop
  endfacet
  facet normal 0 0 -1
    outer loop
      vertex -5.25 3.5 0
      vertex -7.49939 8.59939 0
      vertex -5.25 12.5 0
    endloop
  endfacet
  facet normal 0 0 -1
    outer loop
      vertex -7.50469 8.70721 0
      vertex -5.25 12.5 0
      vertex -7.49939 8.59939 0
    endloop
  endfacet
  facet normal 0 0 -1
    outer loop
      vertex -7.52053 8.81399 0
      vertex -5.25 12.5 0
      vertex -7.50469 8.70721 0
    endloop
  endfacet
  facet normal 0 0 -1
    outer loop
      vertex -7.54676 8.9187 0
      vertex -5.25 12.5 0
      vertex -7.52053 8.81399 0
    endloop
  endfacet
  facet normal 0 0 -1
    outer loop
      vertex -7.58312 9.02034 0
      vertex -5.25 12.5 0
      vertex -7.54676 8.9187 0
    endloop
  endfacet
  facet normal 0 0 -1
    outer loop
      vertex -7.62928 9.11793 0
      vertex -5.25 12.5 0
      vertex -7.58312 9.02034 0
    endloop
  endfacet
  facet normal 0 0 -1
    outer loop
      vertex -7.68477 9.21052 0
      vertex -5.25 12.5 0
      vertex -7.62928 9.11793 0
    endloop
  endfacet
  facet normal 0 0 -1
    outer loop
      vertex -7.74908 9.29722 0
      vertex -5.25 12.5 0
      vertex -7.68477 9.21052 0
    endloop
  endfacet
  facet normal 0 0 -1
    outer loop
      vertex -7.82157 9.37721 0
      vertex -5.25 12.5 0
      vertex -7.74908 9.29722 0
    endloop
  endfacet
  facet normal 0 0 -1
    outer loop
      vertex -9.87218 11.4278 0
      vertex -5.25 12.5 0
      vertex -7.82157 9.37721 0
    endloop
  endfacet
  facet normal 0 0 -1
    outer loop
      vertex -10 12.5 0
      vertex -9.87218 11.4278 0
      vertex -9.95217 11.5003 0
    endloop
  endfacet
  facet normal 0 0 -1
    outer loop
      vertex -9.87218 11.4278 0
      vertex -10 12.5 0
      vertex -5.25 12.5 0
    endloop
  endfacet
  facet normal 0 0 -1
    outer loop
      vertex -10.0389 11.5646 0
      vertex -10 12.5 0
      vertex -9.95217 11.5003 0
    endloop
  endfacet
  facet normal 0 0 -1
    outer loop
      vertex -10.1315 11.6201 0
      vertex -10 12.5 0
      vertex -10.0389 11.5646 0
    endloop
  endfacet
  facet normal 0 0 -1
    outer loop
      vertex -10.229 11.6663 0
      vertex -10 12.5 0
      vertex -10.1315 11.6201 0
    endloop
  endfacet
  facet normal 0 0 -1
    outer loop
      vertex -10.229 11.6663 0
      vertex -10.245 12.488 0
      vertex -10 12.5 0
    endloop
  endfacet
  facet normal 0 0 -1
    outer loop
      vertex -10.3307 11.7026 0
      vertex -10.245 12.488 0
      vertex -10.229 11.6663 0
    endloop
  endfacet
  facet normal 0 0 -1
    outer loop
      vertex -10.4354 11.7289 0
      vertex -10.245 12.488 0
      vertex -10.3307 11.7026 0
    endloop
  endfacet
  facet normal 0 0 -1
    outer loop
      vertex -10.4354 11.7289 0
      vertex -10.4877 12.452 0
      vertex -10.245 12.488 0
    endloop
  endfacet
  facet normal 0 0 -1
    outer loop
      vertex -10.5422 11.7447 0
      vertex -10.4877 12.452 0
      vertex -10.4354 11.7289 0
    endloop
  endfacet
  facet normal 0 0 -1
    outer loop
      vertex -10.7257 12.3924 0
      vertex -10.5422 11.7447 0
      vertex -10.65 11.75 0
    endloop
  endfacet
  facet normal 0 0 -1
    outer loop
      vertex -10.5422 11.7447 0
      vertex -10.7257 12.3924 0
      vertex -10.4877 12.452 0
    endloop
  endfacet
  facet normal 0 0 -1
    outer loop
      vertex -10.7578 11.7447 0
      vertex -10.7257 12.3924 0
      vertex -10.65 11.75 0
    endloop
  endfacet
  facet normal 0 0 -1
    outer loop
      vertex -10.9567 12.3097 0
      vertex -10.7578 11.7447 0
      vertex -10.8646 11.7289 0
    endloop
  endfacet
  facet normal 0 0 -1
    outer loop
      vertex -10.7578 11.7447 0
      vertex -10.9567 12.3097 0
      vertex -10.7257 12.3924 0
    endloop
  endfacet
  facet normal 0 0 -1
    outer loop
      vertex -11.1785 12.2048 0
      vertex -10.8646 11.7289 0
      vertex -10.9693 11.7026 0
    endloop
  endfacet
  facet normal 0 0 -1
    outer loop
      vertex -11.1785 12.2048 0
      vertex -10.9693 11.7026 0
      vertex -11.071 11.6663 0
    endloop
  endfacet
  facet normal 0 0 -1
    outer loop
      vertex -11.3889 12.0787 0
      vertex -11.071 11.6663 0
      vertex -11.1685 11.6201 0
    endloop
  endfacet
  facet normal 0 0 -1
    outer loop
      vertex -10.8646 11.7289 0
      vertex -11.1785 12.2048 0
      vertex -10.9567 12.3097 0
    endloop
  endfacet
  facet normal 0 0 -1
    outer loop
      vertex -11.3889 12.0787 0
      vertex -11.1685 11.6201 0
      vertex -11.2611 11.5646 0
    endloop
  endfacet
  facet normal 0 0 -1
    outer loop
      vertex -11.586 11.9325 0
      vertex -11.2611 11.5646 0
      vertex -11.3478 11.5003 0
    endloop
  endfacet
  facet normal 0 0 -1
    outer loop
      vertex -11.071 11.6663 0
      vertex -11.3889 12.0787 0
      vertex -11.1785 12.2048 0
    endloop
  endfacet
  facet normal 0 0 -1
    outer loop
      vertex -11.7678 11.7678 0
      vertex -11.3478 11.5003 0
      vertex -11.4278 11.4278 0
    endloop
  endfacet
  facet normal 0 0 -1
    outer loop
      vertex -11.7678 11.7678 0
      vertex -11.4278 11.4278 0
      vertex -11.5003 11.3478 0
    endloop
  endfacet
  facet normal 0 0 -1
    outer loop
      vertex -11.9325 11.586 0
      vertex -11.5003 11.3478 0
      vertex -11.5646 11.2611 0
    endloop
  endfacet
  facet normal 0 0 -1
    outer loop
      vertex -11.2611 11.5646 0
      vertex -11.586 11.9325 0
      vertex -11.3889 12.0787 0
    endloop
  endfacet
  facet normal 0 0 -1
    outer loop
      vertex -11.9325 11.586 0
      vertex -11.5646 11.2611 0
      vertex -11.6201 11.1685 0
    endloop
  endfacet
  facet normal 0 0 -1
    outer loop
      vertex -12.0787 11.3889 0
      vertex -11.6201 11.1685 0
      vertex -11.6663 11.071 0
    endloop
  endfacet
  facet normal 0 0 -1
    outer loop
      vertex -12.2048 11.1785 0
      vertex -11.6663 11.071 0
      vertex -11.7026 10.9693 0
    endloop
  endfacet
  facet normal 0 0 -1
    outer loop
      vertex -12.2048 11.1785 0
      vertex -11.7026 10.9693 0
      vertex -11.7289 10.8646 0
    endloop
  endfacet
  facet normal 0 0 -1
    outer loop
      vertex -12.3097 10.9567 0
      vertex -11.7289 10.8646 0
      vertex -11.7447 10.7578 0
    endloop
  endfacet
  facet normal 0 0 -1
    outer loop
      vertex -11.3478 11.5003 0
      vertex -11.7678 11.7678 0
      vertex -11.586 11.9325 0
    endloop
  endfacet
  facet normal 0 0 -1
    outer loop
      vertex -12.3924 10.7257 0
      vertex -11.7447 10.7578 0
      vertex -11.75 10.65 0
    endloop
  endfacet
  facet normal -0 0 -1
    outer loop
      vertex -11.7026 10.3307 0
      vertex -12.488 10.245 0
      vertex -11.7289 10.4354 0
    endloop
  endfacet
  facet normal 0 0 -1
    outer loop
      vertex -12.3097 -10.9567 0
      vertex -11.7289 -10.8646 0
      vertex -12.2048 -11.1785 0
    endloop
  endfacet
  facet normal 0 -0 -1
    outer loop
      vertex -12.452 10.4877 0
      vertex -11.7289 10.4354 0
      vertex -12.488 10.245 0
    endloop
  endfacet
  facet normal -0 0 -1
    outer loop
      vertex -11.7289 -10.8646 0
      vertex -12.3097 -10.9567 0
      vertex -11.7447 -10.7578 0
    endloop
  endfacet
  facet normal 0 0 -1
    outer loop
      vertex -11.7289 10.4354 0
      vertex -12.452 10.4877 0
      vertex -11.7447 10.5422 0
    endloop
  endfacet
  facet normal 0 0 -1
    outer loop
      vertex -12.3924 -10.7257 0
      vertex -11.7447 -10.7578 0
      vertex -12.3097 -10.9567 0
    endloop
  endfacet
  facet normal 0 0 -1
    outer loop
      vertex -11.5003 11.3478 0
      vertex -11.9325 11.586 0
      vertex -11.7678 11.7678 0
    endloop
  endfacet
  facet normal 0 0 -1
    outer loop
      vertex -11.7447 -10.7578 0
      vertex -12.3924 -10.7257 0
      vertex -11.75 -10.65 0
    endloop
  endfacet
  facet normal 0 0 -1
    outer loop
      vertex -11.6201 11.1685 0
      vertex -12.0787 11.3889 0
      vertex -11.9325 11.586 0
    endloop
  endfacet
  facet normal -0 0 -1
    outer loop
      vertex -11.7447 -10.5422 0
      vertex -12.3924 -10.7257 0
      vertex -12.452 -10.4877 0
    endloop
  endfacet
  facet normal 0 0 -1
    outer loop
      vertex -11.6663 11.071 0
      vertex -12.2048 11.1785 0
      vertex -12.0787 11.3889 0
    endloop
  endfacet
  facet normal -0 0 -1
    outer loop
      vertex -11.7289 -10.4354 0
      vertex -12.452 -10.4877 0
      vertex -12.488 -10.245 0
    endloop
  endfacet
  facet normal 0 0 -1
    outer loop
      vertex -11.7289 10.8646 0
      vertex -12.3097 10.9567 0
      vertex -12.2048 11.1785 0
    endloop
  endfacet
  facet normal -0 0 -1
    outer loop
      vertex -11.6663 -10.229 0
      vertex -12.488 -10.245 0
      vertex -12.5 -10 0
    endloop
  endfacet
  facet normal -0 0 -1
    outer loop
      vertex -11.7447 10.7578 0
      vertex -12.3924 10.7257 0
      vertex -12.3097 10.9567 0
    endloop
  endfacet
  facet normal 0 0 -1
    outer loop
      vertex -11.7447 10.5422 0
      vertex -12.3924 10.7257 0
      vertex -11.75 10.65 0
    endloop
  endfacet
  facet normal 0 -0 -1
    outer loop
      vertex -12.3924 10.7257 0
      vertex -11.7447 10.5422 0
      vertex -12.452 10.4877 0
    endloop
  endfacet
  facet normal 0.0490565 0.998796 -0
    outer loop
      vertex -10.4295 -8.41083 1.2
      vertex -10.65 -8.4 4.5
      vertex -10.4295 -8.41083 4.5
    endloop
  endfacet
  facet normal 0.0490565 0.998796 0
    outer loop
      vertex -10.65 -8.4 4.5
      vertex -10.4295 -8.41083 1.2
      vertex -10.65 -8.4 1.2
    endloop
  endfacet
  facet normal -0.14668 0.989184 0
    outer loop
      vertex -10.8705 -8.41083 1.2
      vertex -11.089 -8.44323 4.5
      vertex -10.8705 -8.41083 4.5
    endloop
  endfacet
  facet normal -0.14668 0.989184 0
    outer loop
      vertex -11.089 -8.44323 4.5
      vertex -10.8705 -8.41083 1.2
      vertex -11.089 -8.44323 1.2
    endloop
  endfacet
  facet normal -0.740902 0.671613 0
    outer loop
      vertex -12.3893 -9.22261 1.2
      vertex -12.241 -9.05901 4.5
      vertex -12.241 -9.05901 1.2
    endloop
  endfacet
  facet normal -0.740902 0.671613 0
    outer loop
      vertex -12.241 -9.05901 4.5
      vertex -12.3893 -9.22261 1.2
      vertex -12.3893 -9.22261 4.5
    endloop
  endfacet
  facet normal 0.80327 -0.595615 0
    outer loop
      vertex -8.91073 -12.0774 4.5
      vertex -8.77919 -11.9 1.2
      vertex -8.77919 -11.9 4.5
    endloop
  endfacet
  facet normal 0.80327 -0.595615 0
    outer loop
      vertex -8.77919 -11.9 1.2
      vertex -8.91073 -12.0774 4.5
      vertex -8.91073 -12.0774 1.2
    endloop
  endfacet
  facet normal -0.514063 0.857753 0
    outer loop
      vertex -11.7106 -8.66568 1.2
      vertex -11.9 -8.77919 4.5
      vertex -11.7106 -8.66568 4.5
    endloop
  endfacet
  facet normal -0.514063 0.857753 0
    outer loop
      vertex -11.9 -8.77919 4.5
      vertex -11.7106 -8.66568 1.2
      vertex -11.9 -8.77919 1.2
    endloop
  endfacet
  facet normal 0.989184 -0.14668 0
    outer loop
      vertex -8.44323 -11.089 4.5
      vertex -8.41083 -10.8705 1.2
      vertex -8.41083 -10.8705 4.5
    endloop
  endfacet
  facet normal 0.989184 -0.14668 0
    outer loop
      vertex -8.41083 -10.8705 1.2
      vertex -8.44323 -11.089 4.5
      vertex -8.44323 -11.089 1.2
    endloop
  endfacet
  facet normal 0.427578 0.903978 -0
    outer loop
      vertex -9.58936 -8.66568 1.2
      vertex -9.78896 -8.57127 4.5
      vertex -9.58936 -8.66568 4.5
    endloop
  endfacet
  facet normal 0.427578 0.903978 0
    outer loop
      vertex -9.78896 -8.57127 4.5
      vertex -9.58936 -8.66568 1.2
      vertex -9.78896 -8.57127 1.2
    endloop
  endfacet
  facet normal 0.970009 -0.243069 0
    outer loop
      vertex -8.49688 -11.3031 4.5
      vertex -8.44323 -11.089 1.2
      vertex -8.44323 -11.089 4.5
    endloop
  endfacet
  facet normal 0.970009 -0.243069 0
    outer loop
      vertex -8.44323 -11.089 1.2
      vertex -8.49688 -11.3031 4.5
      vertex -8.49688 -11.3031 1.2
    endloop
  endfacet
  facet normal -0.336899 0.941541 0
    outer loop
      vertex -11.3031 -8.49688 1.2
      vertex -11.511 -8.57127 4.5
      vertex -11.3031 -8.49688 4.5
    endloop
  endfacet
  facet normal -0.336899 0.941541 0
    outer loop
      vertex -11.511 -8.57127 4.5
      vertex -11.3031 -8.49688 1.2
      vertex -11.511 -8.57127 1.2
    endloop
  endfacet
  facet normal -0.595615 0.80327 0
    outer loop
      vertex -11.9 -8.77919 1.2
      vertex -12.0774 -8.91073 4.5
      vertex -11.9 -8.77919 4.5
    endloop
  endfacet
  facet normal -0.595615 0.80327 0
    outer loop
      vertex -12.0774 -8.91073 4.5
      vertex -11.9 -8.77919 1.2
      vertex -12.0774 -8.91073 1.2
    endloop
  endfacet
  facet normal -0.243069 0.970009 0
    outer loop
      vertex -11.089 -8.44323 1.2
      vertex -11.3031 -8.49688 4.5
      vertex -11.089 -8.44323 4.5
    endloop
  endfacet
  facet normal -0.243069 0.970009 0
    outer loop
      vertex -11.3031 -8.49688 4.5
      vertex -11.089 -8.44323 1.2
      vertex -11.3031 -8.49688 1.2
    endloop
  endfacet
  facet normal 0.803206 0.595702 0
    outer loop
      vertex -8.77919 -9.39997 4.5
      vertex -8.91073 -9.22261 1.2
      vertex -8.91073 -9.22261 4.5
    endloop
  endfacet
  facet normal 0.803206 0.595702 0
    outer loop
      vertex -8.91073 -9.22261 1.2
      vertex -8.77919 -9.39997 4.5
      vertex -8.77919 -9.39997 1.2
    endloop
  endfacet
  facet normal 0.998796 -0.0490565 0
    outer loop
      vertex -8.41083 -10.8705 4.5
      vertex -8.4 -10.65 1.2
      vertex -8.4 -10.65 4.5
    endloop
  endfacet
  facet normal 0.998796 -0.0490565 0
    outer loop
      vertex -8.4 -10.65 1.2
      vertex -8.41083 -10.8705 4.5
      vertex -8.41083 -10.8705 1.2
    endloop
  endfacet
  facet normal 0.903978 -0.427578 0
    outer loop
      vertex -8.66568 -11.7106 4.5
      vertex -8.57127 -11.511 1.2
      vertex -8.57127 -11.511 4.5
    endloop
  endfacet
  facet normal 0.903978 -0.427578 0
    outer loop
      vertex -8.57127 -11.511 1.2
      vertex -8.66568 -11.7106 4.5
      vertex -8.66568 -11.7106 1.2
    endloop
  endfacet
  facet normal 0.243026 0.97002 -0
    outer loop
      vertex -9.99686 -8.49688 1.2
      vertex -10.211 -8.44323 4.5
      vertex -9.99686 -8.49688 4.5
    endloop
  endfacet
  facet normal 0.243026 0.97002 0
    outer loop
      vertex -10.211 -8.44323 4.5
      vertex -9.99686 -8.49688 1.2
      vertex -10.211 -8.44323 1.2
    endloop
  endfacet
  facet normal 0.671563 0.740948 -0
    outer loop
      vertex -9.05901 -9.05901 1.2
      vertex -9.22261 -8.91073 4.5
      vertex -9.05901 -9.05901 4.5
    endloop
  endfacet
  facet normal 0.671563 0.740948 0
    outer loop
      vertex -9.22261 -8.91073 4.5
      vertex -9.05901 -9.05901 1.2
      vertex -9.22261 -8.91073 1.2
    endloop
  endfacet
  facet normal 0.514083 0.857741 -0
    outer loop
      vertex -9.39997 -8.77919 1.2
      vertex -9.58936 -8.66568 4.5
      vertex -9.39997 -8.77919 4.5
    endloop
  endfacet
  facet normal 0.514083 0.857741 0
    outer loop
      vertex -9.58936 -8.66568 4.5
      vertex -9.39997 -8.77919 1.2
      vertex -9.58936 -8.66568 1.2
    endloop
  endfacet
  facet normal 0.595702 0.803206 -0
    outer loop
      vertex -9.22261 -8.91073 1.2
      vertex -9.39997 -8.77919 4.5
      vertex -9.22261 -8.91073 4.5
    endloop
  endfacet
  facet normal 0.595702 0.803206 0
    outer loop
      vertex -9.39997 -8.77919 4.5
      vertex -9.22261 -8.91073 1.2
      vertex -9.39997 -8.77919 1.2
    endloop
  endfacet
  facet normal 0.941541 0.336899 0
    outer loop
      vertex -8.49688 -9.99686 4.5
      vertex -8.57127 -9.78896 1.2
      vertex -8.57127 -9.78896 4.5
    endloop
  endfacet
  facet normal 0.941541 0.336899 0
    outer loop
      vertex -8.57127 -9.78896 1.2
      vertex -8.49688 -9.99686 4.5
      vertex -8.49688 -9.99686 1.2
    endloop
  endfacet
  facet normal 0.857753 -0.514063 0
    outer loop
      vertex -8.77919 -11.9 4.5
      vertex -8.66568 -11.7106 1.2
      vertex -8.66568 -11.7106 4.5
    endloop
  endfacet
  facet normal 0.857753 -0.514063 0
    outer loop
      vertex -8.66568 -11.7106 1.2
      vertex -8.77919 -11.9 4.5
      vertex -8.77919 -11.9 1.2
    endloop
  endfacet
  facet normal 0.941541 -0.336899 0
    outer loop
      vertex -8.57127 -11.511 4.5
      vertex -8.49688 -11.3031 1.2
      vertex -8.49688 -11.3031 4.5
    endloop
  endfacet
  facet normal 0.941541 -0.336899 0
    outer loop
      vertex -8.49688 -11.3031 1.2
      vertex -8.57127 -11.511 4.5
      vertex -8.57127 -11.511 1.2
    endloop
  endfacet
  facet normal -0.0490565 0.998796 0
    outer loop
      vertex -10.65 -8.4 1.2
      vertex -10.8705 -8.41083 4.5
      vertex -10.65 -8.4 4.5
    endloop
  endfacet
  facet normal -0.0490565 0.998796 0
    outer loop
      vertex -10.8705 -8.41083 4.5
      vertex -10.65 -8.4 1.2
      vertex -10.8705 -8.41083 1.2
    endloop
  endfacet
  facet normal 0.740948 0.671563 0
    outer loop
      vertex -8.91073 -9.22261 4.5
      vertex -9.05901 -9.05901 1.2
      vertex -9.05901 -9.05901 4.5
    endloop
  endfacet
  facet normal 0.740948 0.671563 0
    outer loop
      vertex -9.05901 -9.05901 1.2
      vertex -8.91073 -9.22261 4.5
      vertex -8.91073 -9.22261 1.2
    endloop
  endfacet
  facet normal 0.903978 0.427578 0
    outer loop
      vertex -8.57127 -9.78896 4.5
      vertex -8.66568 -9.58936 1.2
      vertex -8.66568 -9.58936 4.5
    endloop
  endfacet
  facet normal 0.903978 0.427578 0
    outer loop
      vertex -8.66568 -9.58936 1.2
      vertex -8.57127 -9.78896 4.5
      vertex -8.57127 -9.78896 1.2
    endloop
  endfacet
  facet normal 0.857741 0.514083 0
    outer loop
      vertex -8.66568 -9.58936 4.5
      vertex -8.77919 -9.39997 1.2
      vertex -8.77919 -9.39997 4.5
    endloop
  endfacet
  facet normal 0.857741 0.514083 0
    outer loop
      vertex -8.77919 -9.39997 1.2
      vertex -8.66568 -9.58936 4.5
      vertex -8.66568 -9.58936 1.2
    endloop
  endfacet
  facet normal 0.14668 0.989184 -0
    outer loop
      vertex -10.211 -8.44323 1.2
      vertex -10.4295 -8.41083 4.5
      vertex -10.211 -8.44323 4.5
    endloop
  endfacet
  facet normal 0.14668 0.989184 0
    outer loop
      vertex -10.4295 -8.41083 4.5
      vertex -10.211 -8.44323 1.2
      vertex -10.4295 -8.41083 1.2
    endloop
  endfacet
  facet normal -0.671563 0.740948 0
    outer loop
      vertex -12.0774 -8.91073 1.2
      vertex -12.241 -9.05901 4.5
      vertex -12.0774 -8.91073 4.5
    endloop
  endfacet
  facet normal -0.671563 0.740948 0
    outer loop
      vertex -12.241 -9.05901 4.5
      vertex -12.0774 -8.91073 1.2
      vertex -12.241 -9.05901 1.2
    endloop
  endfacet
  facet normal 0 0 1
    outer loop
      vertex -9.55 10.65 4.5
      vertex -8.4 10.65 4.5
      vertex -8.41083 10.8705 4.5
    endloop
  endfacet
  facet normal 0 0 1
    outer loop
      vertex -9.5553 10.7578 4.5
      vertex -8.41083 10.8705 4.5
      vertex -8.44323 11.089 4.5
    endloop
  endfacet
  facet normal 0 0 1
    outer loop
      vertex -8.4 10.65 4.5
      vertex -9.55 10.65 4.5
      vertex -8.41083 10.4295 4.5
    endloop
  endfacet
  facet normal 0 0 1
    outer loop
      vertex -9.57114 10.8646 4.5
      vertex -8.44323 11.089 4.5
      vertex -8.49688 11.3031 4.5
    endloop
  endfacet
  facet normal -0 0 1
    outer loop
      vertex -9.5553 10.5422 4.5
      vertex -8.41083 10.4295 4.5
      vertex -9.55 10.65 4.5
    endloop
  endfacet
  facet normal 0 0 1
    outer loop
      vertex -9.59737 10.9693 4.5
      vertex -8.49688 11.3031 4.5
      vertex -8.57127 11.511 4.5
    endloop
  endfacet
  facet normal 0 0 1
    outer loop
      vertex -8.41083 10.4295 4.5
      vertex -9.5553 10.5422 4.5
      vertex -8.44323 10.211 4.5
    endloop
  endfacet
  facet normal 0 0 1
    outer loop
      vertex -9.63373 11.071 4.5
      vertex -8.57127 11.511 4.5
      vertex -8.66568 11.7106 4.5
    endloop
  endfacet
  facet normal -0 0 1
    outer loop
      vertex -9.57114 10.4354 4.5
      vertex -8.44323 10.211 4.5
      vertex -9.5553 10.5422 4.5
    endloop
  endfacet
  facet normal 0 0 1
    outer loop
      vertex -9.67989 11.1685 4.5
      vertex -8.66568 11.7106 4.5
      vertex -8.77919 11.9 4.5
    endloop
  endfacet
  facet normal 0 0 1
    outer loop
      vertex -8.44323 10.211 4.5
      vertex -9.57114 10.4354 4.5
      vertex -8.49688 9.99686 4.5
    endloop
  endfacet
  facet normal 0 0 1
    outer loop
      vertex -9.73538 11.2611 4.5
      vertex -8.77919 11.9 4.5
      vertex -8.91073 12.0774 4.5
    endloop
  endfacet
  facet normal -0 0 1
    outer loop
      vertex -9.59737 10.3307 4.5
      vertex -8.49688 9.99686 4.5
      vertex -9.57114 10.4354 4.5
    endloop
  endfacet
  facet normal 0 0 1
    outer loop
      vertex -9.79969 11.3478 4.5
      vertex -8.91073 12.0774 4.5
      vertex -9.05901 12.241 4.5
    endloop
  endfacet
  facet normal 0 0 1
    outer loop
      vertex -8.49688 9.99686 4.5
      vertex -9.59737 10.3307 4.5
      vertex -8.57127 9.78896 4.5
    endloop
  endfacet
  facet normal 0 0 1
    outer loop
      vertex -9.87218 11.4278 4.5
      vertex -9.05901 12.241 4.5
      vertex -9.22261 12.3893 4.5
    endloop
  endfacet
  facet normal -0 0 1
    outer loop
      vertex -9.63373 10.229 4.5
      vertex -8.57127 9.78896 4.5
      vertex -9.59737 10.3307 4.5
    endloop
  endfacet
  facet normal 0 0 1
    outer loop
      vertex -9.95217 11.5003 4.5
      vertex -9.22261 12.3893 4.5
      vertex -9.37191 12.5 4.5
    endloop
  endfacet
  facet normal 0 0 1
    outer loop
      vertex -8.57127 9.78896 4.5
      vertex -9.63373 10.229 4.5
      vertex -8.66568 9.58936 4.5
    endloop
  endfacet
  facet normal -0 0 1
    outer loop
      vertex -9.67989 10.1315 4.5
      vertex -8.66568 9.58936 4.5
      vertex -9.63373 10.229 4.5
    endloop
  endfacet
  facet normal 0 0 1
    outer loop
      vertex -8.41083 10.8705 4.5
      vertex -9.5553 10.7578 4.5
      vertex -9.55 10.65 4.5
    endloop
  endfacet
  facet normal 0 0 1
    outer loop
      vertex -8.44323 11.089 4.5
      vertex -9.57114 10.8646 4.5
      vertex -9.5553 10.7578 4.5
    endloop
  endfacet
  facet normal 0 0 1
    outer loop
      vertex -8.49688 11.3031 4.5
      vertex -9.59737 10.9693 4.5
      vertex -9.57114 10.8646 4.5
    endloop
  endfacet
  facet normal 0 0 1
    outer loop
      vertex -8.57127 11.511 4.5
      vertex -9.63373 11.071 4.5
      vertex -9.59737 10.9693 4.5
    endloop
  endfacet
  facet normal 0 0 1
    outer loop
      vertex -8.66568 11.7106 4.5
      vertex -9.67989 11.1685 4.5
      vertex -9.63373 11.071 4.5
    endloop
  endfacet
  facet normal 0 0 1
    outer loop
      vertex -8.77919 11.9 4.5
      vertex -9.73538 11.2611 4.5
      vertex -9.67989 11.1685 4.5
    endloop
  endfacet
  facet normal 0 0 1
    outer loop
      vertex -8.91073 12.0774 4.5
      vertex -9.79969 11.3478 4.5
      vertex -9.73538 11.2611 4.5
    endloop
  endfacet
  facet normal 0 0 1
    outer loop
      vertex -9.05901 12.241 4.5
      vertex -9.87218 11.4278 4.5
      vertex -9.79969 11.3478 4.5
    endloop
  endfacet
  facet normal 0 0 1
    outer loop
      vertex -9.22261 12.3893 4.5
      vertex -9.95217 11.5003 4.5
      vertex -9.87218 11.4278 4.5
    endloop
  endfacet
  facet normal 0 0 1
    outer loop
      vertex -10.0389 11.5646 4.5
      vertex -9.37191 12.5 4.5
      vertex -10 12.5 4.5
    endloop
  endfacet
  facet normal 0 0 1
    outer loop
      vertex -9.37191 12.5 4.5
      vertex -10.0389 11.5646 4.5
      vertex -9.95217 11.5003 4.5
    endloop
  endfacet
  facet normal 0 0 1
    outer loop
      vertex -10 12.5 4.5
      vertex -10.1315 11.6201 4.5
      vertex -10.0389 11.5646 4.5
    endloop
  endfacet
  facet normal 0 0 1
    outer loop
      vertex -10 12.5 4.5
      vertex -10.229 11.6663 4.5
      vertex -10.1315 11.6201 4.5
    endloop
  endfacet
  facet normal -0 0 1
    outer loop
      vertex -10.245 12.488 4.5
      vertex -10.229 11.6663 4.5
      vertex -10 12.5 4.5
    endloop
  endfacet
  facet normal 0 0 1
    outer loop
      vertex -10.245 12.488 4.5
      vertex -10.3307 11.7026 4.5
      vertex -10.229 11.6663 4.5
    endloop
  endfacet
  facet normal 0 0 1
    outer loop
      vertex -10.245 12.488 4.5
      vertex -10.4354 11.7289 4.5
      vertex -10.3307 11.7026 4.5
    endloop
  endfacet
  facet normal -0 0 1
    outer loop
      vertex -10.4877 12.452 4.5
      vertex -10.4354 11.7289 4.5
      vertex -10.245 12.488 4.5
    endloop
  endfacet
  facet normal 0 0 1
    outer loop
      vertex -10.4877 12.452 4.5
      vertex -10.5422 11.7447 4.5
      vertex -10.4354 11.7289 4.5
    endloop
  endfacet
  facet normal -0 0 1
    outer loop
      vertex -10.7257 12.3924 4.5
      vertex -10.5422 11.7447 4.5
      vertex -10.4877 12.452 4.5
    endloop
  endfacet
  facet normal 0 0 1
    outer loop
      vertex -10.5422 11.7447 4.5
      vertex -10.7257 12.3924 4.5
      vertex -10.65 11.75 4.5
    endloop
  endfacet
  facet normal 0 0 1
    outer loop
      vertex -10.7257 12.3924 4.5
      vertex -10.7578 11.7447 4.5
      vertex -10.65 11.75 4.5
    endloop
  endfacet
  facet normal -0 0 1
    outer loop
      vertex -10.9567 12.3097 4.5
      vertex -10.7578 11.7447 4.5
      vertex -10.7257 12.3924 4.5
    endloop
  endfacet
  facet normal 0 0 1
    outer loop
      vertex -10.7578 11.7447 4.5
      vertex -10.9567 12.3097 4.5
      vertex -10.8646 11.7289 4.5
    endloop
  endfacet
  facet normal -0 0 1
    outer loop
      vertex -11.1785 12.2048 4.5
      vertex -10.8646 11.7289 4.5
      vertex -10.9567 12.3097 4.5
    endloop
  endfacet
  facet normal 0 0 1
    outer loop
      vertex -10.8646 11.7289 4.5
      vertex -11.1785 12.2048 4.5
      vertex -10.9693 11.7026 4.5
    endloop
  endfacet
  facet normal 0 0 1
    outer loop
      vertex -10.9693 11.7026 4.5
      vertex -11.1785 12.2048 4.5
      vertex -11.071 11.6663 4.5
    endloop
  endfacet
  facet normal -0 0 1
    outer loop
      vertex -11.3889 12.0787 4.5
      vertex -11.071 11.6663 4.5
      vertex -11.1785 12.2048 4.5
    endloop
  endfacet
  facet normal 0 0 1
    outer loop
      vertex -11.071 11.6663 4.5
      vertex -11.3889 12.0787 4.5
      vertex -11.1685 11.6201 4.5
    endloop
  endfacet
  facet normal 0 0 1
    outer loop
      vertex -11.1685 11.6201 4.5
      vertex -11.3889 12.0787 4.5
      vertex -11.2611 11.5646 4.5
    endloop
  endfacet
  facet normal -0 0 1
    outer loop
      vertex -11.586 11.9325 4.5
      vertex -11.2611 11.5646 4.5
      vertex -11.3889 12.0787 4.5
    endloop
  endfacet
  facet normal 0 0 1
    outer loop
      vertex -11.2611 11.5646 4.5
      vertex -11.586 11.9325 4.5
      vertex -11.3478 11.5003 4.5
    endloop
  endfacet
  facet normal -0 0 1
    outer loop
      vertex -11.7678 11.7678 4.5
      vertex -11.3478 11.5003 4.5
      vertex -11.586 11.9325 4.5
    endloop
  endfacet
  facet normal 0 0 1
    outer loop
      vertex -11.3478 11.5003 4.5
      vertex -11.7678 11.7678 4.5
      vertex -11.4278 11.4278 4.5
    endloop
  endfacet
  facet normal 0 0 1
    outer loop
      vertex -11.4278 11.4278 4.5
      vertex -11.7678 11.7678 4.5
      vertex -11.5003 11.3478 4.5
    endloop
  endfacet
  facet normal -0 0 1
    outer loop
      vertex -11.9325 11.586 4.5
      vertex -11.5003 11.3478 4.5
      vertex -11.7678 11.7678 4.5
    endloop
  endfacet
  facet normal 0 0 1
    outer loop
      vertex -11.5003 11.3478 4.5
      vertex -11.9325 11.586 4.5
      vertex -11.5646 11.2611 4.5
    endloop
  endfacet
  facet normal 0 0 1
    outer loop
      vertex -11.5646 11.2611 4.5
      vertex -11.9325 11.586 4.5
      vertex -11.6201 11.1685 4.5
    endloop
  endfacet
  facet normal -0 0 1
    outer loop
      vertex -12.0787 11.3889 4.5
      vertex -11.6201 11.1685 4.5
      vertex -11.9325 11.586 4.5
    endloop
  endfacet
  facet normal 0 0 1
    outer loop
      vertex -11.6201 11.1685 4.5
      vertex -12.0787 11.3889 4.5
      vertex -11.6663 11.071 4.5
    endloop
  endfacet
  facet normal 0 0 1
    outer loop
      vertex -11.6663 11.071 4.5
      vertex -12.2048 11.1785 4.5
      vertex -11.7026 10.9693 4.5
    endloop
  endfacet
  facet normal -0 0 1
    outer loop
      vertex -12.2048 11.1785 4.5
      vertex -11.6663 11.071 4.5
      vertex -12.0787 11.3889 4.5
    endloop
  endfacet
  facet normal 0 0 1
    outer loop
      vertex -8.66568 9.58936 4.5
      vertex -9.67989 10.1315 4.5
      vertex -8.77919 9.39997 4.5
    endloop
  endfacet
  facet normal -0 0 1
    outer loop
      vertex -9.73538 10.0389 4.5
      vertex -8.77919 9.39997 4.5
      vertex -9.67989 10.1315 4.5
    endloop
  endfacet
  facet normal 0 0 1
    outer loop
      vertex -8.77919 9.39997 4.5
      vertex -9.73538 10.0389 4.5
      vertex -8.91073 9.22261 4.5
    endloop
  endfacet
  facet normal -0 0 1
    outer loop
      vertex -9.79969 9.95217 4.5
      vertex -8.91073 9.22261 4.5
      vertex -9.73538 10.0389 4.5
    endloop
  endfacet
  facet normal 0 0 1
    outer loop
      vertex -8.91073 9.22261 4.5
      vertex -9.79969 9.95217 4.5
      vertex -9.05901 9.05901 4.5
    endloop
  endfacet
  facet normal -0 0 1
    outer loop
      vertex -9.87218 9.87218 4.5
      vertex -9.05901 9.05901 4.5
      vertex -9.79969 9.95217 4.5
    endloop
  endfacet
  facet normal 0 0 1
    outer loop
      vertex -9.05901 9.05901 4.5
      vertex -9.87218 9.87218 4.5
      vertex -9.22261 8.91073 4.5
    endloop
  endfacet
  facet normal -0 0 1
    outer loop
      vertex -9.95217 9.79969 4.5
      vertex -9.22261 8.91073 4.5
      vertex -9.87218 9.87218 4.5
    endloop
  endfacet
  facet normal 0 0 1
    outer loop
      vertex -9.22261 8.91073 4.5
      vertex -9.95217 9.79969 4.5
      vertex -9.39997 8.77919 4.5
    endloop
  endfacet
  facet normal -0 0 1
    outer loop
      vertex -10.0389 9.73538 4.5
      vertex -9.39997 8.77919 4.5
      vertex -9.95217 9.79969 4.5
    endloop
  endfacet
  facet normal 0 0 1
    outer loop
      vertex -9.39997 8.77919 4.5
      vertex -10.0389 9.73538 4.5
      vertex -9.58936 8.66568 4.5
    endloop
  endfacet
  facet normal -0 0 1
    outer loop
      vertex -10.1315 9.67989 4.5
      vertex -9.58936 8.66568 4.5
      vertex -10.0389 9.73538 4.5
    endloop
  endfacet
  facet normal 0 0 1
    outer loop
      vertex -9.58936 8.66568 4.5
      vertex -10.1315 9.67989 4.5
      vertex -9.78896 8.57127 4.5
    endloop
  endfacet
  facet normal -0 0 1
    outer loop
      vertex -10.229 9.63373 4.5
      vertex -9.78896 8.57127 4.5
      vertex -10.1315 9.67989 4.5
    endloop
  endfacet
  facet normal 0 0 1
    outer loop
      vertex -9.78896 8.57127 4.5
      vertex -10.229 9.63373 4.5
      vertex -9.99686 8.49688 4.5
    endloop
  endfacet
  facet normal -0 0 1
    outer loop
      vertex -10.3307 9.59737 4.5
      vertex -9.99686 8.49688 4.5
      vertex -10.229 9.63373 4.5
    endloop
  endfacet
  facet normal 0 0 1
    outer loop
      vertex -9.99686 8.49688 4.5
      vertex -10.3307 9.59737 4.5
      vertex -10.211 8.44323 4.5
    endloop
  endfacet
  facet normal -0 0 1
    outer loop
      vertex -10.4354 9.57114 4.5
      vertex -10.211 8.44323 4.5
      vertex -10.3307 9.59737 4.5
    endloop
  endfacet
  facet normal 0 0 1
    outer loop
      vertex -10.211 8.44323 4.5
      vertex -10.4354 9.57114 4.5
      vertex -10.4295 8.41083 4.5
    endloop
  endfacet
  facet normal -0 0 1
    outer loop
      vertex -10.5422 9.5553 4.5
      vertex -10.4295 8.41083 4.5
      vertex -10.4354 9.57114 4.5
    endloop
  endfacet
  facet normal -0 0 1
    outer loop
      vertex -10.65 9.55 4.5
      vertex -10.4295 8.41083 4.5
      vertex -10.5422 9.5553 4.5
    endloop
  endfacet
  facet normal 0 0 1
    outer loop
      vertex -10.65 9.55 4.5
      vertex -10.65 8.4 4.5
      vertex -10.4295 8.41083 4.5
    endloop
  endfacet
  facet normal 0 0 1
    outer loop
      vertex -10.7578 9.5553 4.5
      vertex -10.65 8.4 4.5
      vertex -10.65 9.55 4.5
    endloop
  endfacet
  facet normal 0 0 1
    outer loop
      vertex -10.8705 8.41083 4.5
      vertex -10.7578 9.5553 4.5
      vertex -10.8646 9.57114 4.5
    endloop
  endfacet
  facet normal 0 0 1
    outer loop
      vertex -10.7578 9.5553 4.5
      vertex -10.8705 8.41083 4.5
      vertex -10.65 8.4 4.5
    endloop
  endfacet
  facet normal 0 0 1
    outer loop
      vertex -11.089 8.44323 4.5
      vertex -10.8646 9.57114 4.5
      vertex -10.9693 9.59737 4.5
    endloop
  endfacet
  facet normal 0 0 1
    outer loop
      vertex -11.3031 8.49688 4.5
      vertex -10.9693 9.59737 4.5
      vertex -11.071 9.63373 4.5
    endloop
  endfacet
  facet normal 0 0 1
    outer loop
      vertex -10.8646 9.57114 4.5
      vertex -11.089 8.44323 4.5
      vertex -10.8705 8.41083 4.5
    endloop
  endfacet
  facet normal 0 0 1
    outer loop
      vertex -11.511 8.57127 4.5
      vertex -11.071 9.63373 4.5
      vertex -11.1685 9.67989 4.5
    endloop
  endfacet
  facet normal 0 0 1
    outer loop
      vertex -11.7106 8.66568 4.5
      vertex -11.1685 9.67989 4.5
      vertex -11.2611 9.73538 4.5
    endloop
  endfacet
  facet normal 0 0 1
    outer loop
      vertex -10.9693 9.59737 4.5
      vertex -11.3031 8.49688 4.5
      vertex -11.089 8.44323 4.5
    endloop
  endfacet
  facet normal 0 0 1
    outer loop
      vertex -11.9 8.77919 4.5
      vertex -11.2611 9.73538 4.5
      vertex -11.3478 9.79969 4.5
    endloop
  endfacet
  facet normal 0 0 1
    outer loop
      vertex -12.0774 8.91073 4.5
      vertex -11.3478 9.79969 4.5
      vertex -11.4278 9.87218 4.5
    endloop
  endfacet
  facet normal 0 0 1
    outer loop
      vertex -12.241 9.05901 4.5
      vertex -11.4278 9.87218 4.5
      vertex -11.5003 9.95217 4.5
    endloop
  endfacet
  facet normal 0 0 1
    outer loop
      vertex -11.071 9.63373 4.5
      vertex -11.511 8.57127 4.5
      vertex -11.3031 8.49688 4.5
    endloop
  endfacet
  facet normal 0 0 1
    outer loop
      vertex -12.5 9.37191 4.5
      vertex -11.5003 9.95217 4.5
      vertex -11.5646 10.0389 4.5
    endloop
  endfacet
  facet normal 0 0 1
    outer loop
      vertex -12.5 10 4.5
      vertex -11.5646 10.0389 4.5
      vertex -11.6201 10.1315 4.5
    endloop
  endfacet
  facet normal 0 0 1
    outer loop
      vertex -12.5 10 4.5
      vertex -11.6201 10.1315 4.5
      vertex -11.6663 10.229 4.5
    endloop
  endfacet
  facet normal -0 0 1
    outer loop
      vertex -12.488 10.245 4.5
      vertex -11.6663 10.229 4.5
      vertex -11.7026 10.3307 4.5
    endloop
  endfacet
  facet normal 0 0 1
    outer loop
      vertex -11.1685 9.67989 4.5
      vertex -11.7106 8.66568 4.5
      vertex -11.511 8.57127 4.5
    endloop
  endfacet
  facet normal 0 0 1
    outer loop
      vertex -12.488 10.245 4.5
      vertex -11.7026 10.3307 4.5
      vertex -11.7289 10.4354 4.5
    endloop
  endfacet
  facet normal -0 0 1
    outer loop
      vertex -12.452 10.4877 4.5
      vertex -11.7289 10.4354 4.5
      vertex -11.7447 10.5422 4.5
    endloop
  endfacet
  facet normal 0 0 1
    outer loop
      vertex -12.3924 10.7257 4.5
      vertex -11.7447 10.5422 4.5
      vertex -11.75 10.65 4.5
    endloop
  endfacet
  facet normal 0 0 1
    outer loop
      vertex -11.2611 9.73538 4.5
      vertex -11.9 8.77919 4.5
      vertex -11.7106 8.66568 4.5
    endloop
  endfacet
  facet normal 0 0 1
    outer loop
      vertex -11.7026 10.9693 4.5
      vertex -12.2048 11.1785 4.5
      vertex -11.7289 10.8646 4.5
    endloop
  endfacet
  facet normal -0 0 1
    outer loop
      vertex -12.3097 10.9567 4.5
      vertex -11.7289 10.8646 4.5
      vertex -12.2048 11.1785 4.5
    endloop
  endfacet
  facet normal 0 0 1
    outer loop
      vertex -11.7289 10.8646 4.5
      vertex -12.3097 10.9567 4.5
      vertex -11.7447 10.7578 4.5
    endloop
  endfacet
  facet normal 0 0 1
    outer loop
      vertex -12.3924 10.7257 4.5
      vertex -11.7447 10.7578 4.5
      vertex -12.3097 10.9567 4.5
    endloop
  endfacet
  facet normal 0 0 1
    outer loop
      vertex -11.7447 10.7578 4.5
      vertex -12.3924 10.7257 4.5
      vertex -11.75 10.65 4.5
    endloop
  endfacet
  facet normal 0 0 1
    outer loop
      vertex -11.7447 10.5422 4.5
      vertex -12.3924 10.7257 4.5
      vertex -12.452 10.4877 4.5
    endloop
  endfacet
  facet normal 0 0 1
    outer loop
      vertex -11.7289 10.4354 4.5
      vertex -12.452 10.4877 4.5
      vertex -12.488 10.245 4.5
    endloop
  endfacet
  facet normal 0 0 1
    outer loop
      vertex -11.6663 10.229 4.5
      vertex -12.488 10.245 4.5
      vertex -12.5 10 4.5
    endloop
  endfacet
  facet normal 0 0 1
    outer loop
      vertex -11.5646 10.0389 4.5
      vertex -12.5 10 4.5
      vertex -12.5 9.37191 4.5
    endloop
  endfacet
  facet normal 0 0 1
    outer loop
      vertex -11.3478 9.79969 4.5
      vertex -12.0774 8.91073 4.5
      vertex -11.9 8.77919 4.5
    endloop
  endfacet
  facet normal 0 0 1
    outer loop
      vertex -11.4278 9.87218 4.5
      vertex -12.241 9.05901 4.5
      vertex -12.0774 8.91073 4.5
    endloop
  endfacet
  facet normal 0 0 1
    outer loop
      vertex -11.5003 9.95217 4.5
      vertex -12.3893 9.22261 4.5
      vertex -12.241 9.05901 4.5
    endloop
  endfacet
  facet normal 0 0 1
    outer loop
      vertex -11.5003 9.95217 4.5
      vertex -12.5 9.37191 4.5
      vertex -12.3893 9.22261 4.5
    endloop
  endfacet
  facet normal 0 0 1
    outer loop
      vertex -8.41083 -10.4295 4.5
      vertex -9.5553 -10.5422 4.5
      vertex -9.55 -10.65 4.5
    endloop
  endfacet
  facet normal 0 0 1
    outer loop
      vertex -9.22261 -8.91073 4.5
      vertex -9.57114 -10.4354 4.5
      vertex -9.5553 -10.5422 4.5
    endloop
  endfacet
  facet normal 0 0 1
    outer loop
      vertex -10.0389 -9.73538 4.5
      vertex -9.39997 -8.77919 4.5
      vertex -9.58936 -8.66568 4.5
    endloop
  endfacet
  facet normal 0 0 1
    outer loop
      vertex -9.22261 -8.91073 4.5
      vertex -9.59737 -10.3307 4.5
      vertex -9.57114 -10.4354 4.5
    endloop
  endfacet
  facet normal 0 0 1
    outer loop
      vertex -9.22261 -8.91073 4.5
      vertex -9.63373 -10.229 4.5
      vertex -9.59737 -10.3307 4.5
    endloop
  endfacet
  facet normal 0 0 1
    outer loop
      vertex -9.22261 -8.91073 4.5
      vertex -9.67989 -10.1315 4.5
      vertex -9.63373 -10.229 4.5
    endloop
  endfacet
  facet normal 0 0 1
    outer loop
      vertex -9.22261 -8.91073 4.5
      vertex -9.73538 -10.0389 4.5
      vertex -9.67989 -10.1315 4.5
    endloop
  endfacet
  facet normal 0 0 1
    outer loop
      vertex -10.1315 -9.67989 4.5
      vertex -9.58936 -8.66568 4.5
      vertex -9.78896 -8.57127 4.5
    endloop
  endfacet
  facet normal 0 0 1
    outer loop
      vertex -9.22261 -8.91073 4.5
      vertex -9.79969 -9.95217 4.5
      vertex -9.73538 -10.0389 4.5
    endloop
  endfacet
  facet normal 0 0 1
    outer loop
      vertex -9.22261 -8.91073 4.5
      vertex -9.87218 -9.87218 4.5
      vertex -9.79969 -9.95217 4.5
    endloop
  endfacet
  facet normal 0 0 1
    outer loop
      vertex -9.22261 -8.91073 4.5
      vertex -9.95217 -9.79969 4.5
      vertex -9.87218 -9.87218 4.5
    endloop
  endfacet
  facet normal 0 0 1
    outer loop
      vertex -10.229 -9.63373 4.5
      vertex -9.78896 -8.57127 4.5
      vertex -9.99686 -8.49688 4.5
    endloop
  endfacet
  facet normal 0 0 1
    outer loop
      vertex -9.39997 -8.77919 4.5
      vertex -10.0389 -9.73538 4.5
      vertex -9.95217 -9.79969 4.5
    endloop
  endfacet
  facet normal 0 0 1
    outer loop
      vertex -9.58936 -8.66568 4.5
      vertex -10.1315 -9.67989 4.5
      vertex -10.0389 -9.73538 4.5
    endloop
  endfacet
  facet normal 0 0 1
    outer loop
      vertex -10.3307 -9.59737 4.5
      vertex -9.99686 -8.49688 4.5
      vertex -10.211 -8.44323 4.5
    endloop
  endfacet
  facet normal 0 0 1
    outer loop
      vertex -9.78896 -8.57127 4.5
      vertex -10.229 -9.63373 4.5
      vertex -10.1315 -9.67989 4.5
    endloop
  endfacet
  facet normal 0 0 1
    outer loop
      vertex -9.99686 -8.49688 4.5
      vertex -10.3307 -9.59737 4.5
      vertex -10.229 -9.63373 4.5
    endloop
  endfacet
  facet normal 0 0 1
    outer loop
      vertex -10.4354 -9.57114 4.5
      vertex -10.211 -8.44323 4.5
      vertex -10.4295 -8.41083 4.5
    endloop
  endfacet
  facet normal 0 0 1
    outer loop
      vertex -10.211 -8.44323 4.5
      vertex -10.4354 -9.57114 4.5
      vertex -10.3307 -9.59737 4.5
    endloop
  endfacet
  facet normal 0 0 1
    outer loop
      vertex -10.4295 -8.41083 4.5
      vertex -10.5422 -9.5553 4.5
      vertex -10.4354 -9.57114 4.5
    endloop
  endfacet
  facet normal 0 0 1
    outer loop
      vertex -10.65 -8.4 4.5
      vertex -10.5422 -9.5553 4.5
      vertex -10.4295 -8.41083 4.5
    endloop
  endfacet
  facet normal 0 0 1
    outer loop
      vertex -10.65 -8.4 4.5
      vertex -10.65 -9.55 4.5
      vertex -10.5422 -9.5553 4.5
    endloop
  endfacet
  facet normal 0 0 1
    outer loop
      vertex -10.65 -8.4 4.5
      vertex -10.7578 -9.5553 4.5
      vertex -10.65 -9.55 4.5
    endloop
  endfacet
  facet normal -0 0 1
    outer loop
      vertex -10.8705 -8.41083 4.5
      vertex -10.7578 -9.5553 4.5
      vertex -10.65 -8.4 4.5
    endloop
  endfacet
  facet normal 0 0 1
    outer loop
      vertex -10.7578 -9.5553 4.5
      vertex -10.8705 -8.41083 4.5
      vertex -10.8646 -9.57114 4.5
    endloop
  endfacet
  facet normal -0 0 1
    outer loop
      vertex -11.089 -8.44323 4.5
      vertex -10.8646 -9.57114 4.5
      vertex -10.8705 -8.41083 4.5
    endloop
  endfacet
  facet normal 0 0 1
    outer loop
      vertex -10.8646 -9.57114 4.5
      vertex -11.089 -8.44323 4.5
      vertex -10.9693 -9.59737 4.5
    endloop
  endfacet
  facet normal -0 0 1
    outer loop
      vertex -11.3031 -8.49688 4.5
      vertex -10.9693 -9.59737 4.5
      vertex -11.089 -8.44323 4.5
    endloop
  endfacet
  facet normal 0 0 1
    outer loop
      vertex -10.9693 -9.59737 4.5
      vertex -11.3031 -8.49688 4.5
      vertex -11.071 -9.63373 4.5
    endloop
  endfacet
  facet normal -0 0 1
    outer loop
      vertex -11.511 -8.57127 4.5
      vertex -11.071 -9.63373 4.5
      vertex -11.3031 -8.49688 4.5
    endloop
  endfacet
  facet normal 0 0 1
    outer loop
      vertex -11.071 -9.63373 4.5
      vertex -11.511 -8.57127 4.5
      vertex -11.1685 -9.67989 4.5
    endloop
  endfacet
  facet normal -0 0 1
    outer loop
      vertex -11.7106 -8.66568 4.5
      vertex -11.1685 -9.67989 4.5
      vertex -11.511 -8.57127 4.5
    endloop
  endfacet
  facet normal 0 0 1
    outer loop
      vertex -11.1685 -9.67989 4.5
      vertex -11.7106 -8.66568 4.5
      vertex -11.2611 -9.73538 4.5
    endloop
  endfacet
  facet normal -0 0 1
    outer loop
      vertex -11.9 -8.77919 4.5
      vertex -11.2611 -9.73538 4.5
      vertex -11.7106 -8.66568 4.5
    endloop
  endfacet
  facet normal 0 0 1
    outer loop
      vertex -11.2611 -9.73538 4.5
      vertex -11.9 -8.77919 4.5
      vertex -11.3478 -9.79969 4.5
    endloop
  endfacet
  facet normal -0 0 1
    outer loop
      vertex -12.0774 -8.91073 4.5
      vertex -11.3478 -9.79969 4.5
      vertex -11.9 -8.77919 4.5
    endloop
  endfacet
  facet normal 0 0 1
    outer loop
      vertex -11.3478 -9.79969 4.5
      vertex -12.0774 -8.91073 4.5
      vertex -11.4278 -9.87218 4.5
    endloop
  endfacet
  facet normal -0 0 1
    outer loop
      vertex -12.241 -9.05901 4.5
      vertex -11.4278 -9.87218 4.5
      vertex -12.0774 -8.91073 4.5
    endloop
  endfacet
  facet normal 0 0 1
    outer loop
      vertex -11.4278 -9.87218 4.5
      vertex -12.241 -9.05901 4.5
      vertex -11.5003 -9.95217 4.5
    endloop
  endfacet
  facet normal -0 0 1
    outer loop
      vertex -12.3893 -9.22261 4.5
      vertex -11.5003 -9.95217 4.5
      vertex -12.241 -9.05901 4.5
    endloop
  endfacet
  facet normal -0 0 1
    outer loop
      vertex -12.5 -9.37191 4.5
      vertex -11.5003 -9.95217 4.5
      vertex -12.3893 -9.22261 4.5
    endloop
  endfacet
  facet normal 0 0 1
    outer loop
      vertex -11.5003 -9.95217 4.5
      vertex -12.5 -9.37191 4.5
      vertex -11.5646 -10.0389 4.5
    endloop
  endfacet
  facet normal -0 0 1
    outer loop
      vertex -12.5 -10 4.5
      vertex -11.5646 -10.0389 4.5
      vertex -12.5 -9.37191 4.5
    endloop
  endfacet
  facet normal 0 0 1
    outer loop
      vertex -11.5646 -10.0389 4.5
      vertex -12.5 -10 4.5
      vertex -11.6201 -10.1315 4.5
    endloop
  endfacet
  facet normal 0 -0 1
    outer loop
      vertex -12.488 -10.245 4.5
      vertex -11.6663 -10.229 4.5
      vertex -12.5 -10 4.5
    endloop
  endfacet
  facet normal 0 0 1
    outer loop
      vertex -11.75 -10.65 4.5
      vertex -11.9325 -11.586 4.5
      vertex -11.7678 -11.7678 4.5
    endloop
  endfacet
  facet normal 0 0 1
    outer loop
      vertex -11.6663 -10.229 4.5
      vertex -12.488 -10.245 4.5
      vertex -11.7026 -10.3307 4.5
    endloop
  endfacet
  facet normal 0 0 1
    outer loop
      vertex -11.75 -10.65 4.5
      vertex -12.0787 -11.3889 4.5
      vertex -11.9325 -11.586 4.5
    endloop
  endfacet
  facet normal 0 0 1
    outer loop
      vertex -11.75 -10.65 4.5
      vertex -12.2048 -11.1785 4.5
      vertex -12.0787 -11.3889 4.5
    endloop
  endfacet
  facet normal 0 -0 1
    outer loop
      vertex -12.452 -10.4877 4.5
      vertex -11.7289 -10.4354 4.5
      vertex -12.488 -10.245 4.5
    endloop
  endfacet
  facet normal 0 0 1
    outer loop
      vertex -11.75 -10.65 4.5
      vertex -12.3097 -10.9567 4.5
      vertex -12.2048 -11.1785 4.5
    endloop
  endfacet
  facet normal 0 0 1
    outer loop
      vertex -11.7026 -10.3307 4.5
      vertex -12.488 -10.245 4.5
      vertex -11.7289 -10.4354 4.5
    endloop
  endfacet
  facet normal 0 0 1
    outer loop
      vertex -11.75 -10.65 4.5
      vertex -12.3924 -10.7257 4.5
      vertex -12.3097 -10.9567 4.5
    endloop
  endfacet
  facet normal 0 0 1
    outer loop
      vertex -11.7447 -10.5422 4.5
      vertex -12.3924 -10.7257 4.5
      vertex -11.75 -10.65 4.5
    endloop
  endfacet
  facet normal 0 -0 1
    outer loop
      vertex -12.3924 -10.7257 4.5
      vertex -11.7447 -10.5422 4.5
      vertex -12.452 -10.4877 4.5
    endloop
  endfacet
  facet normal 0 0 1
    outer loop
      vertex -11.6201 -10.1315 4.5
      vertex -12.5 -10 4.5
      vertex -11.6663 -10.229 4.5
    endloop
  endfacet
  facet normal 0 0 1
    outer loop
      vertex -11.7289 -10.4354 4.5
      vertex -12.452 -10.4877 4.5
      vertex -11.7447 -10.5422 4.5
    endloop
  endfacet
  facet normal 0 0 1
    outer loop
      vertex -9.55 -10.65 4.5
      vertex -8.4 -10.65 4.5
      vertex -8.41083 -10.4295 4.5
    endloop
  endfacet
  facet normal 0 0 1
    outer loop
      vertex -9.5553 -10.5422 4.5
      vertex -8.41083 -10.4295 4.5
      vertex -8.44323 -10.211 4.5
    endloop
  endfacet
  facet normal 0 0 1
    outer loop
      vertex -8.4 -10.65 4.5
      vertex -9.55 -10.65 4.5
      vertex -8.41083 -10.8705 4.5
    endloop
  endfacet
  facet normal 0 0 1
    outer loop
      vertex -9.5553 -10.5422 4.5
      vertex -8.44323 -10.211 4.5
      vertex -8.49688 -9.99686 4.5
    endloop
  endfacet
  facet normal -0 0 1
    outer loop
      vertex -9.5553 -10.7578 4.5
      vertex -8.41083 -10.8705 4.5
      vertex -9.55 -10.65 4.5
    endloop
  endfacet
  facet normal 0 0 1
    outer loop
      vertex -9.5553 -10.5422 4.5
      vertex -8.49688 -9.99686 4.5
      vertex -8.57127 -9.78896 4.5
    endloop
  endfacet
  facet normal 0 0 1
    outer loop
      vertex -8.41083 -10.8705 4.5
      vertex -9.5553 -10.7578 4.5
      vertex -8.44323 -11.089 4.5
    endloop
  endfacet
  facet normal 0 0 1
    outer loop
      vertex -9.5553 -10.5422 4.5
      vertex -8.57127 -9.78896 4.5
      vertex -8.66568 -9.58936 4.5
    endloop
  endfacet
  facet normal -0 0 1
    outer loop
      vertex -9.57114 -10.8646 4.5
      vertex -8.44323 -11.089 4.5
      vertex -9.5553 -10.7578 4.5
    endloop
  endfacet
  facet normal 0 0 1
    outer loop
      vertex -9.5553 -10.5422 4.5
      vertex -8.66568 -9.58936 4.5
      vertex -8.77919 -9.39997 4.5
    endloop
  endfacet
  facet normal 0 0 1
    outer loop
      vertex -8.44323 -11.089 4.5
      vertex -9.57114 -10.8646 4.5
      vertex -8.49688 -11.3031 4.5
    endloop
  endfacet
  facet normal 0 0 1
    outer loop
      vertex -9.5553 -10.5422 4.5
      vertex -8.77919 -9.39997 4.5
      vertex -8.91073 -9.22261 4.5
    endloop
  endfacet
  facet normal -0 0 1
    outer loop
      vertex -9.59737 -10.9693 4.5
      vertex -8.49688 -11.3031 4.5
      vertex -9.57114 -10.8646 4.5
    endloop
  endfacet
  facet normal 0 0 1
    outer loop
      vertex -9.5553 -10.5422 4.5
      vertex -8.91073 -9.22261 4.5
      vertex -9.05901 -9.05901 4.5
    endloop
  endfacet
  facet normal 0 0 1
    outer loop
      vertex -8.49688 -11.3031 4.5
      vertex -9.59737 -10.9693 4.5
      vertex -8.57127 -11.511 4.5
    endloop
  endfacet
  facet normal 0 0 1
    outer loop
      vertex -9.5553 -10.5422 4.5
      vertex -9.05901 -9.05901 4.5
      vertex -9.22261 -8.91073 4.5
    endloop
  endfacet
  facet normal -0 0 1
    outer loop
      vertex -9.63373 -11.071 4.5
      vertex -8.57127 -11.511 4.5
      vertex -9.59737 -10.9693 4.5
    endloop
  endfacet
  facet normal 0 0 1
    outer loop
      vertex -8.57127 -11.511 4.5
      vertex -9.63373 -11.071 4.5
      vertex -8.66568 -11.7106 4.5
    endloop
  endfacet
  facet normal 0 0 1
    outer loop
      vertex -9.95217 -9.79969 4.5
      vertex -9.22261 -8.91073 4.5
      vertex -9.39997 -8.77919 4.5
    endloop
  endfacet
  facet normal -0 0 1
    outer loop
      vertex -9.67989 -11.1685 4.5
      vertex -8.66568 -11.7106 4.5
      vertex -9.63373 -11.071 4.5
    endloop
  endfacet
  facet normal 0 0 1
    outer loop
      vertex -8.66568 -11.7106 4.5
      vertex -9.67989 -11.1685 4.5
      vertex -8.77919 -11.9 4.5
    endloop
  endfacet
  facet normal -0 0 1
    outer loop
      vertex -9.73538 -11.2611 4.5
      vertex -8.77919 -11.9 4.5
      vertex -9.67989 -11.1685 4.5
    endloop
  endfacet
  facet normal 0 0 1
    outer loop
      vertex -8.77919 -11.9 4.5
      vertex -9.73538 -11.2611 4.5
      vertex -8.91073 -12.0774 4.5
    endloop
  endfacet
  facet normal -0 0 1
    outer loop
      vertex -9.79969 -11.3478 4.5
      vertex -8.91073 -12.0774 4.5
      vertex -9.73538 -11.2611 4.5
    endloop
  endfacet
  facet normal 0 0 1
    outer loop
      vertex -8.91073 -12.0774 4.5
      vertex -9.79969 -11.3478 4.5
      vertex -9.05901 -12.241 4.5
    endloop
  endfacet
  facet normal -0 0 1
    outer loop
      vertex -9.87218 -11.4278 4.5
      vertex -9.05901 -12.241 4.5
      vertex -9.79969 -11.3478 4.5
    endloop
  endfacet
  facet normal 0 0 1
    outer loop
      vertex -9.05901 -12.241 4.5
      vertex -9.87218 -11.4278 4.5
      vertex -9.22261 -12.3893 4.5
    endloop
  endfacet
  facet normal -0 0 1
    outer loop
      vertex -9.95217 -11.5003 4.5
      vertex -9.22261 -12.3893 4.5
      vertex -9.87218 -11.4278 4.5
    endloop
  endfacet
  facet normal 0 0 1
    outer loop
      vertex -9.22261 -12.3893 4.5
      vertex -9.95217 -11.5003 4.5
      vertex -9.37191 -12.5 4.5
    endloop
  endfacet
  facet normal -0 0 1
    outer loop
      vertex -10.0389 -11.5646 4.5
      vertex -9.37191 -12.5 4.5
      vertex -9.95217 -11.5003 4.5
    endloop
  endfacet
  facet normal 0 0 1
    outer loop
      vertex -9.37191 -12.5 4.5
      vertex -10.0389 -11.5646 4.5
      vertex -10 -12.5 4.5
    endloop
  endfacet
  facet normal -0 0 1
    outer loop
      vertex -10.1315 -11.6201 4.5
      vertex -10 -12.5 4.5
      vertex -10.0389 -11.5646 4.5
    endloop
  endfacet
  facet normal -0 0 1
    outer loop
      vertex -10.229 -11.6663 4.5
      vertex -10 -12.5 4.5
      vertex -10.1315 -11.6201 4.5
    endloop
  endfacet
  facet normal 0 0 1
    outer loop
      vertex -10.229 -11.6663 4.5
      vertex -10.245 -12.488 4.5
      vertex -10 -12.5 4.5
    endloop
  endfacet
  facet normal -0 0 1
    outer loop
      vertex -10.3307 -11.7026 4.5
      vertex -10.245 -12.488 4.5
      vertex -10.229 -11.6663 4.5
    endloop
  endfacet
  facet normal -0 0 1
    outer loop
      vertex -10.4354 -11.7289 4.5
      vertex -10.245 -12.488 4.5
      vertex -10.3307 -11.7026 4.5
    endloop
  endfacet
  facet normal 0 0 1
    outer loop
      vertex -10.4354 -11.7289 4.5
      vertex -10.4877 -12.452 4.5
      vertex -10.245 -12.488 4.5
    endloop
  endfacet
  facet normal -0 0 1
    outer loop
      vertex -10.5422 -11.7447 4.5
      vertex -10.4877 -12.452 4.5
      vertex -10.4354 -11.7289 4.5
    endloop
  endfacet
  facet normal 0 0 1
    outer loop
      vertex -10.7257 -12.3924 4.5
      vertex -10.5422 -11.7447 4.5
      vertex -10.65 -11.75 4.5
    endloop
  endfacet
  facet normal 0 0 1
    outer loop
      vertex -10.5422 -11.7447 4.5
      vertex -10.7257 -12.3924 4.5
      vertex -10.4877 -12.452 4.5
    endloop
  endfacet
  facet normal 0 0 1
    outer loop
      vertex -10.7578 -11.7447 4.5
      vertex -10.7257 -12.3924 4.5
      vertex -10.65 -11.75 4.5
    endloop
  endfacet
  facet normal 0 0 1
    outer loop
      vertex -10.9567 -12.3097 4.5
      vertex -10.7578 -11.7447 4.5
      vertex -10.8646 -11.7289 4.5
    endloop
  endfacet
  facet normal 0 0 1
    outer loop
      vertex -10.7578 -11.7447 4.5
      vertex -10.9567 -12.3097 4.5
      vertex -10.7257 -12.3924 4.5
    endloop
  endfacet
  facet normal 0 0 1
    outer loop
      vertex -11.1785 -12.2048 4.5
      vertex -10.8646 -11.7289 4.5
      vertex -10.9693 -11.7026 4.5
    endloop
  endfacet
  facet normal 0 0 1
    outer loop
      vertex -11.1785 -12.2048 4.5
      vertex -10.9693 -11.7026 4.5
      vertex -11.071 -11.6663 4.5
    endloop
  endfacet
  facet normal 0 0 1
    outer loop
      vertex -11.3889 -12.0787 4.5
      vertex -11.071 -11.6663 4.5
      vertex -11.1685 -11.6201 4.5
    endloop
  endfacet
  facet normal 0 0 1
    outer loop
      vertex -10.8646 -11.7289 4.5
      vertex -11.1785 -12.2048 4.5
      vertex -10.9567 -12.3097 4.5
    endloop
  endfacet
  facet normal 0 0 1
    outer loop
      vertex -11.3889 -12.0787 4.5
      vertex -11.1685 -11.6201 4.5
      vertex -11.2611 -11.5646 4.5
    endloop
  endfacet
  facet normal 0 0 1
    outer loop
      vertex -11.586 -11.9325 4.5
      vertex -11.2611 -11.5646 4.5
      vertex -11.3478 -11.5003 4.5
    endloop
  endfacet
  facet normal 0 0 1
    outer loop
      vertex -11.071 -11.6663 4.5
      vertex -11.3889 -12.0787 4.5
      vertex -11.1785 -12.2048 4.5
    endloop
  endfacet
  facet normal 0 0 1
    outer loop
      vertex -11.7678 -11.7678 4.5
      vertex -11.3478 -11.5003 4.5
      vertex -11.4278 -11.4278 4.5
    endloop
  endfacet
  facet normal 0 0 1
    outer loop
      vertex -11.7678 -11.7678 4.5
      vertex -11.4278 -11.4278 4.5
      vertex -11.5003 -11.3478 4.5
    endloop
  endfacet
  facet normal 0 0 1
    outer loop
      vertex -11.7678 -11.7678 4.5
      vertex -11.5003 -11.3478 4.5
      vertex -11.5646 -11.2611 4.5
    endloop
  endfacet
  facet normal 0 0 1
    outer loop
      vertex -11.2611 -11.5646 4.5
      vertex -11.586 -11.9325 4.5
      vertex -11.3889 -12.0787 4.5
    endloop
  endfacet
  facet normal 0 0 1
    outer loop
      vertex -11.7678 -11.7678 4.5
      vertex -11.5646 -11.2611 4.5
      vertex -11.6201 -11.1685 4.5
    endloop
  endfacet
  facet normal 0 0 1
    outer loop
      vertex -11.7678 -11.7678 4.5
      vertex -11.6201 -11.1685 4.5
      vertex -11.6663 -11.071 4.5
    endloop
  endfacet
  facet normal 0 0 1
    outer loop
      vertex -11.7678 -11.7678 4.5
      vertex -11.6663 -11.071 4.5
      vertex -11.7026 -10.9693 4.5
    endloop
  endfacet
  facet normal 0 0 1
    outer loop
      vertex -11.7678 -11.7678 4.5
      vertex -11.7026 -10.9693 4.5
      vertex -11.7289 -10.8646 4.5
    endloop
  endfacet
  facet normal 0 0 1
    outer loop
      vertex -11.7678 -11.7678 4.5
      vertex -11.7289 -10.8646 4.5
      vertex -11.7447 -10.7578 4.5
    endloop
  endfacet
  facet normal 0 0 1
    outer loop
      vertex -11.3478 -11.5003 4.5
      vertex -11.7678 -11.7678 4.5
      vertex -11.586 -11.9325 4.5
    endloop
  endfacet
  facet normal 0 0 1
    outer loop
      vertex -11.7678 -11.7678 4.5
      vertex -11.7447 -10.7578 4.5
      vertex -11.75 -10.65 4.5
    endloop
  endfacet
  facet normal 0 0 1
    outer loop
      vertex 12.3924 10.7257 4.5
      vertex 11.7447 10.7578 4.5
      vertex 11.75 10.65 4.5
    endloop
  endfacet
  facet normal 0 0 1
    outer loop
      vertex 11.9325 11.586 4.5
      vertex 11.7289 10.8646 4.5
      vertex 11.7447 10.7578 4.5
    endloop
  endfacet
  facet normal 0 0 1
    outer loop
      vertex 11.9325 11.586 4.5
      vertex 11.7026 10.9693 4.5
      vertex 11.7289 10.8646 4.5
    endloop
  endfacet
  facet normal 0 0 1
    outer loop
      vertex 11.9325 11.586 4.5
      vertex 11.6663 11.071 4.5
      vertex 11.7026 10.9693 4.5
    endloop
  endfacet
  facet normal 0 0 1
    outer loop
      vertex 11.9325 11.586 4.5
      vertex 11.6201 11.1685 4.5
      vertex 11.6663 11.071 4.5
    endloop
  endfacet
  facet normal 0 0 1
    outer loop
      vertex 11.3478 11.5003 4.5
      vertex 11.7678 11.7678 4.5
      vertex 11.586 11.9325 4.5
    endloop
  endfacet
  facet normal 0 0 1
    outer loop
      vertex 11.9325 11.586 4.5
      vertex 11.5646 11.2611 4.5
      vertex 11.6201 11.1685 4.5
    endloop
  endfacet
  facet normal 0 0 1
    outer loop
      vertex 11.9325 11.586 4.5
      vertex 11.5003 11.3478 4.5
      vertex 11.5646 11.2611 4.5
    endloop
  endfacet
  facet normal 0 0 1
    outer loop
      vertex 11.7678 11.7678 4.5
      vertex 11.4278 11.4278 4.5
      vertex 11.5003 11.3478 4.5
    endloop
  endfacet
  facet normal 0 0 1
    outer loop
      vertex 11.2611 11.5646 4.5
      vertex 11.586 11.9325 4.5
      vertex 11.3889 12.0787 4.5
    endloop
  endfacet
  facet normal 0 0 1
    outer loop
      vertex 11.7678 11.7678 4.5
      vertex 11.3478 11.5003 4.5
      vertex 11.4278 11.4278 4.5
    endloop
  endfacet
  facet normal 0 0 1
    outer loop
      vertex 11.586 11.9325 4.5
      vertex 11.2611 11.5646 4.5
      vertex 11.3478 11.5003 4.5
    endloop
  endfacet
  facet normal 0 0 1
    outer loop
      vertex 11.071 11.6663 4.5
      vertex 11.3889 12.0787 4.5
      vertex 11.1785 12.2048 4.5
    endloop
  endfacet
  facet normal 0 0 1
    outer loop
      vertex 11.3889 12.0787 4.5
      vertex 11.1685 11.6201 4.5
      vertex 11.2611 11.5646 4.5
    endloop
  endfacet
  facet normal 0 0 1
    outer loop
      vertex 11.3889 12.0787 4.5
      vertex 11.071 11.6663 4.5
      vertex 11.1685 11.6201 4.5
    endloop
  endfacet
  facet normal 0 0 1
    outer loop
      vertex 11.1785 12.2048 4.5
      vertex 10.9693 11.7026 4.5
      vertex 11.071 11.6663 4.5
    endloop
  endfacet
  facet normal 0 0 1
    outer loop
      vertex 10.8646 11.7289 4.5
      vertex 11.1785 12.2048 4.5
      vertex 10.9567 12.3097 4.5
    endloop
  endfacet
  facet normal 0 0 1
    outer loop
      vertex 11.1785 12.2048 4.5
      vertex 10.8646 11.7289 4.5
      vertex 10.9693 11.7026 4.5
    endloop
  endfacet
  facet normal 0 0 1
    outer loop
      vertex 10.9567 12.3097 4.5
      vertex 10.7578 11.7447 4.5
      vertex 10.8646 11.7289 4.5
    endloop
  endfacet
  facet normal 0 0 1
    outer loop
      vertex 10.7257 12.3924 4.5
      vertex 10.7578 11.7447 4.5
      vertex 10.9567 12.3097 4.5
    endloop
  endfacet
  facet normal 0 0 1
    outer loop
      vertex 10.7257 12.3924 4.5
      vertex 10.65 11.75 4.5
      vertex 10.7578 11.7447 4.5
    endloop
  endfacet
  facet normal 0 0 1
    outer loop
      vertex 10.7257 12.3924 4.5
      vertex 10.5422 11.7447 4.5
      vertex 10.65 11.75 4.5
    endloop
  endfacet
  facet normal 0 0 1
    outer loop
      vertex 10.4877 12.452 4.5
      vertex 10.5422 11.7447 4.5
      vertex 10.7257 12.3924 4.5
    endloop
  endfacet
  facet normal 0 0 1
    outer loop
      vertex 10.4877 12.452 4.5
      vertex 10.4354 11.7289 4.5
      vertex 10.5422 11.7447 4.5
    endloop
  endfacet
  facet normal 0 0 1
    outer loop
      vertex 10.245 12.488 4.5
      vertex 10.4354 11.7289 4.5
      vertex 10.4877 12.452 4.5
    endloop
  endfacet
  facet normal 0 0 1
    outer loop
      vertex 10.4354 11.7289 4.5
      vertex 10.245 12.488 4.5
      vertex 10.3307 11.7026 4.5
    endloop
  endfacet
  facet normal 0 0 1
    outer loop
      vertex 10.245 12.488 4.5
      vertex 10.229 11.6663 4.5
      vertex 10.3307 11.7026 4.5
    endloop
  endfacet
  facet normal 0 0 1
    outer loop
      vertex 10 12.5 4.5
      vertex 10.229 11.6663 4.5
      vertex 10.245 12.488 4.5
    endloop
  endfacet
  facet normal 0 0 1
    outer loop
      vertex 10.229 11.6663 4.5
      vertex 10 12.5 4.5
      vertex 10.1315 11.6201 4.5
    endloop
  endfacet
  facet normal 0 0 1
    outer loop
      vertex 10.1315 11.6201 4.5
      vertex 10 12.5 4.5
      vertex 10.0389 11.5646 4.5
    endloop
  endfacet
  facet normal -0 0 1
    outer loop
      vertex 9.37191 12.5 4.5
      vertex 10.0389 11.5646 4.5
      vertex 10 12.5 4.5
    endloop
  endfacet
  facet normal 0 0 1
    outer loop
      vertex 10.0389 11.5646 4.5
      vertex 9.37191 12.5 4.5
      vertex 9.95217 11.5003 4.5
    endloop
  endfacet
  facet normal -0 0 1
    outer loop
      vertex 9.22261 12.3893 4.5
      vertex 9.95217 11.5003 4.5
      vertex 9.37191 12.5 4.5
    endloop
  endfacet
  facet normal 0 0 1
    outer loop
      vertex 9.95217 11.5003 4.5
      vertex 9.22261 12.3893 4.5
      vertex 9.87218 11.4278 4.5
    endloop
  endfacet
  facet normal 0 0 1
    outer loop
      vertex 9.87218 11.4278 4.5
      vertex 9.05901 12.241 4.5
      vertex 9.79969 11.3478 4.5
    endloop
  endfacet
  facet normal -0 0 1
    outer loop
      vertex 8.91073 12.0774 4.5
      vertex 9.79969 11.3478 4.5
      vertex 9.05901 12.241 4.5
    endloop
  endfacet
  facet normal 0 0 1
    outer loop
      vertex 9.79969 11.3478 4.5
      vertex 8.91073 12.0774 4.5
      vertex 9.73538 11.2611 4.5
    endloop
  endfacet
  facet normal 0 0 1
    outer loop
      vertex 8.4 10.65 4.5
      vertex 9.55 10.65 4.5
      vertex 9.5553 10.7578 4.5
    endloop
  endfacet
  facet normal -0 0 1
    outer loop
      vertex 9.05901 12.241 4.5
      vertex 9.87218 11.4278 4.5
      vertex 9.22261 12.3893 4.5
    endloop
  endfacet
  facet normal -0 0 1
    outer loop
      vertex 8.77919 11.9 4.5
      vertex 9.73538 11.2611 4.5
      vertex 8.91073 12.0774 4.5
    endloop
  endfacet
  facet normal 0 0 1
    outer loop
      vertex 9.73538 11.2611 4.5
      vertex 8.77919 11.9 4.5
      vertex 9.67989 11.1685 4.5
    endloop
  endfacet
  facet normal -0 0 1
    outer loop
      vertex 8.66568 11.7106 4.5
      vertex 9.67989 11.1685 4.5
      vertex 8.77919 11.9 4.5
    endloop
  endfacet
  facet normal 0 0 1
    outer loop
      vertex 9.67989 11.1685 4.5
      vertex 8.66568 11.7106 4.5
      vertex 9.63373 11.071 4.5
    endloop
  endfacet
  facet normal 0 0 1
    outer loop
      vertex 9.55 10.65 4.5
      vertex 9.22261 8.91073 4.5
      vertex 9.39997 8.77919 4.5
    endloop
  endfacet
  facet normal -0 0 1
    outer loop
      vertex 8.57127 11.511 4.5
      vertex 9.63373 11.071 4.5
      vertex 8.66568 11.7106 4.5
    endloop
  endfacet
  facet normal 0 0 1
    outer loop
      vertex 9.55 10.65 4.5
      vertex 9.05901 9.05901 4.5
      vertex 9.22261 8.91073 4.5
    endloop
  endfacet
  facet normal 0 0 1
    outer loop
      vertex 9.63373 11.071 4.5
      vertex 8.57127 11.511 4.5
      vertex 9.59737 10.9693 4.5
    endloop
  endfacet
  facet normal 0 0 1
    outer loop
      vertex 9.55 10.65 4.5
      vertex 8.91073 9.22261 4.5
      vertex 9.05901 9.05901 4.5
    endloop
  endfacet
  facet normal -0 0 1
    outer loop
      vertex 8.49688 11.3031 4.5
      vertex 9.59737 10.9693 4.5
      vertex 8.57127 11.511 4.5
    endloop
  endfacet
  facet normal 0 0 1
    outer loop
      vertex 9.55 10.65 4.5
      vertex 8.77919 9.39997 4.5
      vertex 8.91073 9.22261 4.5
    endloop
  endfacet
  facet normal 0 0 1
    outer loop
      vertex 9.59737 10.9693 4.5
      vertex 8.49688 11.3031 4.5
      vertex 9.57114 10.8646 4.5
    endloop
  endfacet
  facet normal 0 0 1
    outer loop
      vertex 9.55 10.65 4.5
      vertex 8.66568 9.58936 4.5
      vertex 8.77919 9.39997 4.5
    endloop
  endfacet
  facet normal -0 0 1
    outer loop
      vertex 8.44323 11.089 4.5
      vertex 9.57114 10.8646 4.5
      vertex 8.49688 11.3031 4.5
    endloop
  endfacet
  facet normal 0 0 1
    outer loop
      vertex 9.55 10.65 4.5
      vertex 8.57127 9.78896 4.5
      vertex 8.66568 9.58936 4.5
    endloop
  endfacet
  facet normal 0 0 1
    outer loop
      vertex 9.57114 10.8646 4.5
      vertex 8.44323 11.089 4.5
      vertex 9.5553 10.7578 4.5
    endloop
  endfacet
  facet normal 0 0 1
    outer loop
      vertex 9.55 10.65 4.5
      vertex 8.49688 9.99686 4.5
      vertex 8.57127 9.78896 4.5
    endloop
  endfacet
  facet normal -0 0 1
    outer loop
      vertex 8.41083 10.8705 4.5
      vertex 9.5553 10.7578 4.5
      vertex 8.44323 11.089 4.5
    endloop
  endfacet
  facet normal 0 0 1
    outer loop
      vertex 9.55 10.65 4.5
      vertex 8.44323 10.211 4.5
      vertex 8.49688 9.99686 4.5
    endloop
  endfacet
  facet normal 0 0 1
    outer loop
      vertex 8.4 10.65 4.5
      vertex 9.5553 10.7578 4.5
      vertex 8.41083 10.8705 4.5
    endloop
  endfacet
  facet normal 0 0 1
    outer loop
      vertex 9.55 10.65 4.5
      vertex 8.41083 10.4295 4.5
      vertex 8.44323 10.211 4.5
    endloop
  endfacet
  facet normal 0 0 1
    outer loop
      vertex 9.55 10.65 4.5
      vertex 8.4 10.65 4.5
      vertex 8.41083 10.4295 4.5
    endloop
  endfacet
  facet normal -0 0 1
    outer loop
      vertex 11.6663 10.229 4.5
      vertex 12.5 10 4.5
      vertex 12.488 10.245 4.5
    endloop
  endfacet
  facet normal -0 0 1
    outer loop
      vertex 11.7289 10.4354 4.5
      vertex 12.488 10.245 4.5
      vertex 12.452 10.4877 4.5
    endloop
  endfacet
  facet normal -0 0 1
    outer loop
      vertex 11.7447 10.5422 4.5
      vertex 12.452 10.4877 4.5
      vertex 12.3924 10.7257 4.5
    endloop
  endfacet
  facet normal 0 0 1
    outer loop
      vertex 12.5 10 4.5
      vertex 11.6663 10.229 4.5
      vertex 11.6201 10.1315 4.5
    endloop
  endfacet
  facet normal -0 0 1
    outer loop
      vertex 11.7447 10.7578 4.5
      vertex 12.3924 10.7257 4.5
      vertex 12.3097 10.9567 4.5
    endloop
  endfacet
  facet normal 0 0 1
    outer loop
      vertex 12.488 10.245 4.5
      vertex 11.7026 10.3307 4.5
      vertex 11.6663 10.229 4.5
    endloop
  endfacet
  facet normal 0 0 1
    outer loop
      vertex 11.7447 10.7578 4.5
      vertex 12.3097 10.9567 4.5
      vertex 12.2048 11.1785 4.5
    endloop
  endfacet
  facet normal 0 0 1
    outer loop
      vertex 11.7447 10.7578 4.5
      vertex 12.2048 11.1785 4.5
      vertex 12.0787 11.3889 4.5
    endloop
  endfacet
  facet normal 0 0 1
    outer loop
      vertex 12.452 10.4877 4.5
      vertex 11.7447 10.5422 4.5
      vertex 11.7289 10.4354 4.5
    endloop
  endfacet
  facet normal 0 0 1
    outer loop
      vertex 11.7447 10.7578 4.5
      vertex 12.0787 11.3889 4.5
      vertex 11.9325 11.586 4.5
    endloop
  endfacet
  facet normal 0 0 1
    outer loop
      vertex 12.488 10.245 4.5
      vertex 11.7289 10.4354 4.5
      vertex 11.7026 10.3307 4.5
    endloop
  endfacet
  facet normal 0 0 1
    outer loop
      vertex 11.5003 11.3478 4.5
      vertex 11.9325 11.586 4.5
      vertex 11.7678 11.7678 4.5
    endloop
  endfacet
  facet normal 0 0 1
    outer loop
      vertex 12.3924 10.7257 4.5
      vertex 11.75 10.65 4.5
      vertex 11.7447 10.5422 4.5
    endloop
  endfacet
  facet normal -0 0 1
    outer loop
      vertex 11.5646 10.0389 4.5
      vertex 12.5 10 4.5
      vertex 11.6201 10.1315 4.5
    endloop
  endfacet
  facet normal 0 0 1
    outer loop
      vertex 12.5 10 4.5
      vertex 11.5646 10.0389 4.5
      vertex 12.5 9.37191 4.5
    endloop
  endfacet
  facet normal -0 0 1
    outer loop
      vertex 11.5003 9.95217 4.5
      vertex 12.5 9.37191 4.5
      vertex 11.5646 10.0389 4.5
    endloop
  endfacet
  facet normal 0 0 1
    outer loop
      vertex 12.5 9.37191 4.5
      vertex 11.5003 9.95217 4.5
      vertex 12.3893 9.22261 4.5
    endloop
  endfacet
  facet normal 0 0 1
    outer loop
      vertex 12.3893 9.22261 4.5
      vertex 11.5003 9.95217 4.5
      vertex 12.241 9.05901 4.5
    endloop
  endfacet
  facet normal -0 0 1
    outer loop
      vertex 11.4278 9.87218 4.5
      vertex 12.241 9.05901 4.5
      vertex 11.5003 9.95217 4.5
    endloop
  endfacet
  facet normal 0 0 1
    outer loop
      vertex 12.241 9.05901 4.5
      vertex 11.4278 9.87218 4.5
      vertex 12.0774 8.91073 4.5
    endloop
  endfacet
  facet normal -0 0 1
    outer loop
      vertex 11.3478 9.79969 4.5
      vertex 12.0774 8.91073 4.5
      vertex 11.4278 9.87218 4.5
    endloop
  endfacet
  facet normal 0 0 1
    outer loop
      vertex 12.0774 8.91073 4.5
      vertex 11.3478 9.79969 4.5
      vertex 11.9 8.77919 4.5
    endloop
  endfacet
  facet normal -0 0 1
    outer loop
      vertex 11.2611 9.73538 4.5
      vertex 11.9 8.77919 4.5
      vertex 11.3478 9.79969 4.5
    endloop
  endfacet
  facet normal 0 0 1
    outer loop
      vertex 11.9 8.77919 4.5
      vertex 11.2611 9.73538 4.5
      vertex 11.7106 8.66568 4.5
    endloop
  endfacet
  facet normal -0 0 1
    outer loop
      vertex 11.1685 9.67989 4.5
      vertex 11.7106 8.66568 4.5
      vertex 11.2611 9.73538 4.5
    endloop
  endfacet
  facet normal 0 0 1
    outer loop
      vertex 11.7106 8.66568 4.5
      vertex 11.1685 9.67989 4.5
      vertex 11.511 8.57127 4.5
    endloop
  endfacet
  facet normal -0 0 1
    outer loop
      vertex 11.071 9.63373 4.5
      vertex 11.511 8.57127 4.5
      vertex 11.1685 9.67989 4.5
    endloop
  endfacet
  facet normal 0 0 1
    outer loop
      vertex 11.511 8.57127 4.5
      vertex 11.071 9.63373 4.5
      vertex 11.3031 8.49688 4.5
    endloop
  endfacet
  facet normal -0 0 1
    outer loop
      vertex 10.9693 9.59737 4.5
      vertex 11.3031 8.49688 4.5
      vertex 11.071 9.63373 4.5
    endloop
  endfacet
  facet normal 0 0 1
    outer loop
      vertex 11.3031 8.49688 4.5
      vertex 10.9693 9.59737 4.5
      vertex 11.089 8.44323 4.5
    endloop
  endfacet
  facet normal -0 0 1
    outer loop
      vertex 10.8646 9.57114 4.5
      vertex 11.089 8.44323 4.5
      vertex 10.9693 9.59737 4.5
    endloop
  endfacet
  facet normal 0 0 1
    outer loop
      vertex 11.089 8.44323 4.5
      vertex 10.8646 9.57114 4.5
      vertex 10.8705 8.41083 4.5
    endloop
  endfacet
  facet normal -0 0 1
    outer loop
      vertex 10.7578 9.5553 4.5
      vertex 10.8705 8.41083 4.5
      vertex 10.8646 9.57114 4.5
    endloop
  endfacet
  facet normal -0 0 1
    outer loop
      vertex 10.65 9.55 4.5
      vertex 10.8705 8.41083 4.5
      vertex 10.7578 9.5553 4.5
    endloop
  endfacet
  facet normal 0 0 1
    outer loop
      vertex 10.65 9.55 4.5
      vertex 10.65 8.4 4.5
      vertex 10.8705 8.41083 4.5
    endloop
  endfacet
  facet normal 0 0 1
    outer loop
      vertex 10.5422 9.5553 4.5
      vertex 10.65 8.4 4.5
      vertex 10.65 9.55 4.5
    endloop
  endfacet
  facet normal 0 0 1
    outer loop
      vertex 10.4295 8.41083 4.5
      vertex 10.5422 9.5553 4.5
      vertex 10.4354 9.57114 4.5
    endloop
  endfacet
  facet normal 0 0 1
    outer loop
      vertex 10.5422 9.5553 4.5
      vertex 10.4295 8.41083 4.5
      vertex 10.65 8.4 4.5
    endloop
  endfacet
  facet normal 0 0 1
    outer loop
      vertex 10.211 8.44323 4.5
      vertex 10.4354 9.57114 4.5
      vertex 10.3307 9.59737 4.5
    endloop
  endfacet
  facet normal 0 0 1
    outer loop
      vertex 9.99686 8.49688 4.5
      vertex 10.3307 9.59737 4.5
      vertex 10.229 9.63373 4.5
    endloop
  endfacet
  facet normal 0 0 1
    outer loop
      vertex 10.4354 9.57114 4.5
      vertex 10.211 8.44323 4.5
      vertex 10.4295 8.41083 4.5
    endloop
  endfacet
  facet normal 0 0 1
    outer loop
      vertex 9.78896 8.57127 4.5
      vertex 10.229 9.63373 4.5
      vertex 10.1315 9.67989 4.5
    endloop
  endfacet
  facet normal 0 0 1
    outer loop
      vertex 9.58936 8.66568 4.5
      vertex 10.1315 9.67989 4.5
      vertex 10.0389 9.73538 4.5
    endloop
  endfacet
  facet normal 0 0 1
    outer loop
      vertex 10.3307 9.59737 4.5
      vertex 9.99686 8.49688 4.5
      vertex 10.211 8.44323 4.5
    endloop
  endfacet
  facet normal 0 0 1
    outer loop
      vertex 9.39997 8.77919 4.5
      vertex 10.0389 9.73538 4.5
      vertex 9.95217 9.79969 4.5
    endloop
  endfacet
  facet normal 0 0 1
    outer loop
      vertex 9.39997 8.77919 4.5
      vertex 9.95217 9.79969 4.5
      vertex 9.87218 9.87218 4.5
    endloop
  endfacet
  facet normal 0 0 1
    outer loop
      vertex 9.39997 8.77919 4.5
      vertex 9.87218 9.87218 4.5
      vertex 9.79969 9.95217 4.5
    endloop
  endfacet
  facet normal 0 0 1
    outer loop
      vertex 10.229 9.63373 4.5
      vertex 9.78896 8.57127 4.5
      vertex 9.99686 8.49688 4.5
    endloop
  endfacet
  facet normal 0 0 1
    outer loop
      vertex 9.39997 8.77919 4.5
      vertex 9.79969 9.95217 4.5
      vertex 9.73538 10.0389 4.5
    endloop
  endfacet
  facet normal 0 0 1
    outer loop
      vertex 9.39997 8.77919 4.5
      vertex 9.73538 10.0389 4.5
      vertex 9.67989 10.1315 4.5
    endloop
  endfacet
  facet normal 0 0 1
    outer loop
      vertex 9.39997 8.77919 4.5
      vertex 9.67989 10.1315 4.5
      vertex 9.63373 10.229 4.5
    endloop
  endfacet
  facet normal 0 0 1
    outer loop
      vertex 9.39997 8.77919 4.5
      vertex 9.63373 10.229 4.5
      vertex 9.59737 10.3307 4.5
    endloop
  endfacet
  facet normal 0 0 1
    outer loop
      vertex 10.1315 9.67989 4.5
      vertex 9.58936 8.66568 4.5
      vertex 9.78896 8.57127 4.5
    endloop
  endfacet
  facet normal 0 0 1
    outer loop
      vertex 9.39997 8.77919 4.5
      vertex 9.59737 10.3307 4.5
      vertex 9.57114 10.4354 4.5
    endloop
  endfacet
  facet normal 0 0 1
    outer loop
      vertex 9.39997 8.77919 4.5
      vertex 9.57114 10.4354 4.5
      vertex 9.5553 10.5422 4.5
    endloop
  endfacet
  facet normal 0 0 1
    outer loop
      vertex 9.39997 8.77919 4.5
      vertex 9.5553 10.5422 4.5
      vertex 9.55 10.65 4.5
    endloop
  endfacet
  facet normal 0 0 1
    outer loop
      vertex 10.0389 9.73538 4.5
      vertex 9.39997 8.77919 4.5
      vertex 9.58936 8.66568 4.5
    endloop
  endfacet
  facet normal 0 0 1
    outer loop
      vertex 11.5646 -10.0389 4.5
      vertex 12.5 -10 4.5
      vertex 12.5 -9.37191 4.5
    endloop
  endfacet
  facet normal 0 -0 1
    outer loop
      vertex 11.6663 -10.229 4.5
      vertex 12.5 -10 4.5
      vertex 11.6201 -10.1315 4.5
    endloop
  endfacet
  facet normal 0 -0 1
    outer loop
      vertex 11.7026 -10.3307 4.5
      vertex 12.488 -10.245 4.5
      vertex 11.6663 -10.229 4.5
    endloop
  endfacet
  facet normal 0 0 1
    outer loop
      vertex 11.5003 -9.95217 4.5
      vertex 12.5 -9.37191 4.5
      vertex 12.3893 -9.22261 4.5
    endloop
  endfacet
  facet normal 0 -0 1
    outer loop
      vertex 11.7289 -10.4354 4.5
      vertex 12.488 -10.245 4.5
      vertex 11.7026 -10.3307 4.5
    endloop
  endfacet
  facet normal 0 0 1
    outer loop
      vertex 11.5003 -9.95217 4.5
      vertex 12.3893 -9.22261 4.5
      vertex 12.241 -9.05901 4.5
    endloop
  endfacet
  facet normal 0 -0 1
    outer loop
      vertex 11.7447 -10.5422 4.5
      vertex 12.452 -10.4877 4.5
      vertex 11.7289 -10.4354 4.5
    endloop
  endfacet
  facet normal -0 -0 1
    outer loop
      vertex 11.75 -10.65 4.5
      vertex 12.3924 -10.7257 4.5
      vertex 11.7447 -10.5422 4.5
    endloop
  endfacet
  facet normal 0 0 1
    outer loop
      vertex 11.4278 -9.87218 4.5
      vertex 12.241 -9.05901 4.5
      vertex 12.0774 -8.91073 4.5
    endloop
  endfacet
  facet normal 0 0 1
    outer loop
      vertex 12.3924 -10.7257 4.5
      vertex 11.7447 -10.7578 4.5
      vertex 12.3097 -10.9567 4.5
    endloop
  endfacet
  facet normal 0 0 1
    outer loop
      vertex 11.3478 -9.79969 4.5
      vertex 12.0774 -8.91073 4.5
      vertex 11.9 -8.77919 4.5
    endloop
  endfacet
  facet normal -0 0 1
    outer loop
      vertex 11.7289 -10.8646 4.5
      vertex 12.3097 -10.9567 4.5
      vertex 11.7447 -10.7578 4.5
    endloop
  endfacet
  facet normal -0 0 1
    outer loop
      vertex 11.7026 -10.9693 4.5
      vertex 12.2048 -11.1785 4.5
      vertex 11.7289 -10.8646 4.5
    endloop
  endfacet
  facet normal 0 0 1
    outer loop
      vertex 12.3097 -10.9567 4.5
      vertex 11.7289 -10.8646 4.5
      vertex 12.2048 -11.1785 4.5
    endloop
  endfacet
  facet normal 0 0 1
    outer loop
      vertex 11.7447 -10.7578 4.5
      vertex 12.3924 -10.7257 4.5
      vertex 11.75 -10.65 4.5
    endloop
  endfacet
  facet normal 0 0 1
    outer loop
      vertex 11.2611 -9.73538 4.5
      vertex 11.9 -8.77919 4.5
      vertex 11.7106 -8.66568 4.5
    endloop
  endfacet
  facet normal 0 0 1
    outer loop
      vertex 12.452 -10.4877 4.5
      vertex 11.7447 -10.5422 4.5
      vertex 12.3924 -10.7257 4.5
    endloop
  endfacet
  facet normal 0 0 1
    outer loop
      vertex 12.488 -10.245 4.5
      vertex 11.7289 -10.4354 4.5
      vertex 12.452 -10.4877 4.5
    endloop
  endfacet
  facet normal 0 0 1
    outer loop
      vertex 12.5 -10 4.5
      vertex 11.6663 -10.229 4.5
      vertex 12.488 -10.245 4.5
    endloop
  endfacet
  facet normal 0 0 1
    outer loop
      vertex 12.5 -10 4.5
      vertex 11.5646 -10.0389 4.5
      vertex 11.6201 -10.1315 4.5
    endloop
  endfacet
  facet normal 0 0 1
    outer loop
      vertex 11.1685 -9.67989 4.5
      vertex 11.7106 -8.66568 4.5
      vertex 11.511 -8.57127 4.5
    endloop
  endfacet
  facet normal 0 0 1
    outer loop
      vertex 12.5 -9.37191 4.5
      vertex 11.5003 -9.95217 4.5
      vertex 11.5646 -10.0389 4.5
    endloop
  endfacet
  facet normal 0 0 1
    outer loop
      vertex 12.241 -9.05901 4.5
      vertex 11.4278 -9.87218 4.5
      vertex 11.5003 -9.95217 4.5
    endloop
  endfacet
  facet normal 0 0 1
    outer loop
      vertex 12.0774 -8.91073 4.5
      vertex 11.3478 -9.79969 4.5
      vertex 11.4278 -9.87218 4.5
    endloop
  endfacet
  facet normal 0 0 1
    outer loop
      vertex 11.071 -9.63373 4.5
      vertex 11.511 -8.57127 4.5
      vertex 11.3031 -8.49688 4.5
    endloop
  endfacet
  facet normal 0 0 1
    outer loop
      vertex 11.9 -8.77919 4.5
      vertex 11.2611 -9.73538 4.5
      vertex 11.3478 -9.79969 4.5
    endloop
  endfacet
  facet normal 0 0 1
    outer loop
      vertex 11.7106 -8.66568 4.5
      vertex 11.1685 -9.67989 4.5
      vertex 11.2611 -9.73538 4.5
    endloop
  endfacet
  facet normal 0 0 1
    outer loop
      vertex 10.9693 -9.59737 4.5
      vertex 11.3031 -8.49688 4.5
      vertex 11.089 -8.44323 4.5
    endloop
  endfacet
  facet normal 0 0 1
    outer loop
      vertex 11.511 -8.57127 4.5
      vertex 11.071 -9.63373 4.5
      vertex 11.1685 -9.67989 4.5
    endloop
  endfacet
  facet normal 0 0 1
    outer loop
      vertex 11.3031 -8.49688 4.5
      vertex 10.9693 -9.59737 4.5
      vertex 11.071 -9.63373 4.5
    endloop
  endfacet
  facet normal 0 0 1
    outer loop
      vertex 10.8646 -9.57114 4.5
      vertex 11.089 -8.44323 4.5
      vertex 10.8705 -8.41083 4.5
    endloop
  endfacet
  facet normal 0 0 1
    outer loop
      vertex 11.089 -8.44323 4.5
      vertex 10.8646 -9.57114 4.5
      vertex 10.9693 -9.59737 4.5
    endloop
  endfacet
  facet normal 0 0 1
    outer loop
      vertex 10.8705 -8.41083 4.5
      vertex 10.7578 -9.5553 4.5
      vertex 10.8646 -9.57114 4.5
    endloop
  endfacet
  facet normal 0 0 1
    outer loop
      vertex 10.65 -8.4 4.5
      vertex 10.7578 -9.5553 4.5
      vertex 10.8705 -8.41083 4.5
    endloop
  endfacet
  facet normal 0 0 1
    outer loop
      vertex 10.65 -8.4 4.5
      vertex 10.65 -9.55 4.5
      vertex 10.7578 -9.5553 4.5
    endloop
  endfacet
  facet normal 0 0 1
    outer loop
      vertex 10.65 -8.4 4.5
      vertex 10.5422 -9.5553 4.5
      vertex 10.65 -9.55 4.5
    endloop
  endfacet
  facet normal -0 0 1
    outer loop
      vertex 10.4295 -8.41083 4.5
      vertex 10.5422 -9.5553 4.5
      vertex 10.65 -8.4 4.5
    endloop
  endfacet
  facet normal 0 0 1
    outer loop
      vertex 10.5422 -9.5553 4.5
      vertex 10.4295 -8.41083 4.5
      vertex 10.4354 -9.57114 4.5
    endloop
  endfacet
  facet normal -0 0 1
    outer loop
      vertex 10.211 -8.44323 4.5
      vertex 10.4354 -9.57114 4.5
      vertex 10.4295 -8.41083 4.5
    endloop
  endfacet
  facet normal 0 0 1
    outer loop
      vertex 10.4354 -9.57114 4.5
      vertex 10.211 -8.44323 4.5
      vertex 10.3307 -9.59737 4.5
    endloop
  endfacet
  facet normal -0 0 1
    outer loop
      vertex 9.99686 -8.49688 4.5
      vertex 10.3307 -9.59737 4.5
      vertex 10.211 -8.44323 4.5
    endloop
  endfacet
  facet normal 0 0 1
    outer loop
      vertex 10.3307 -9.59737 4.5
      vertex 9.99686 -8.49688 4.5
      vertex 10.229 -9.63373 4.5
    endloop
  endfacet
  facet normal -0 0 1
    outer loop
      vertex 9.78896 -8.57127 4.5
      vertex 10.229 -9.63373 4.5
      vertex 9.99686 -8.49688 4.5
    endloop
  endfacet
  facet normal 0 0 1
    outer loop
      vertex 10.229 -9.63373 4.5
      vertex 9.78896 -8.57127 4.5
      vertex 10.1315 -9.67989 4.5
    endloop
  endfacet
  facet normal -0 0 1
    outer loop
      vertex 9.58936 -8.66568 4.5
      vertex 10.1315 -9.67989 4.5
      vertex 9.78896 -8.57127 4.5
    endloop
  endfacet
  facet normal 0 0 1
    outer loop
      vertex 10.1315 -9.67989 4.5
      vertex 9.58936 -8.66568 4.5
      vertex 10.0389 -9.73538 4.5
    endloop
  endfacet
  facet normal -0 0 1
    outer loop
      vertex 9.39997 -8.77919 4.5
      vertex 10.0389 -9.73538 4.5
      vertex 9.58936 -8.66568 4.5
    endloop
  endfacet
  facet normal 0 0 1
    outer loop
      vertex 10.0389 -9.73538 4.5
      vertex 9.39997 -8.77919 4.5
      vertex 9.95217 -9.79969 4.5
    endloop
  endfacet
  facet normal -0 0 1
    outer loop
      vertex 9.22261 -8.91073 4.5
      vertex 9.95217 -9.79969 4.5
      vertex 9.39997 -8.77919 4.5
    endloop
  endfacet
  facet normal 0 0 1
    outer loop
      vertex 9.95217 -9.79969 4.5
      vertex 9.22261 -8.91073 4.5
      vertex 9.87218 -9.87218 4.5
    endloop
  endfacet
  facet normal -0 0 1
    outer loop
      vertex 9.05901 -9.05901 4.5
      vertex 9.87218 -9.87218 4.5
      vertex 9.22261 -8.91073 4.5
    endloop
  endfacet
  facet normal 0 0 1
    outer loop
      vertex 9.87218 -9.87218 4.5
      vertex 9.05901 -9.05901 4.5
      vertex 9.79969 -9.95217 4.5
    endloop
  endfacet
  facet normal -0 0 1
    outer loop
      vertex 8.91073 -9.22261 4.5
      vertex 9.79969 -9.95217 4.5
      vertex 9.05901 -9.05901 4.5
    endloop
  endfacet
  facet normal 0 0 1
    outer loop
      vertex 9.79969 -9.95217 4.5
      vertex 8.91073 -9.22261 4.5
      vertex 9.73538 -10.0389 4.5
    endloop
  endfacet
  facet normal -0 0 1
    outer loop
      vertex 8.77919 -9.39997 4.5
      vertex 9.73538 -10.0389 4.5
      vertex 8.91073 -9.22261 4.5
    endloop
  endfacet
  facet normal 0 0 1
    outer loop
      vertex 9.73538 -10.0389 4.5
      vertex 8.77919 -9.39997 4.5
      vertex 9.67989 -10.1315 4.5
    endloop
  endfacet
  facet normal -0 0 1
    outer loop
      vertex 8.66568 -9.58936 4.5
      vertex 9.67989 -10.1315 4.5
      vertex 8.77919 -9.39997 4.5
    endloop
  endfacet
  facet normal -0 0 1
    outer loop
      vertex 11.6663 -11.071 4.5
      vertex 12.2048 -11.1785 4.5
      vertex 11.7026 -10.9693 4.5
    endloop
  endfacet
  facet normal 0 0 1
    outer loop
      vertex 12.2048 -11.1785 4.5
      vertex 11.6663 -11.071 4.5
      vertex 12.0787 -11.3889 4.5
    endloop
  endfacet
  facet normal -0 0 1
    outer loop
      vertex 11.6201 -11.1685 4.5
      vertex 12.0787 -11.3889 4.5
      vertex 11.6663 -11.071 4.5
    endloop
  endfacet
  facet normal 0 0 1
    outer loop
      vertex 12.0787 -11.3889 4.5
      vertex 11.6201 -11.1685 4.5
      vertex 11.9325 -11.586 4.5
    endloop
  endfacet
  facet normal -0 0 1
    outer loop
      vertex 11.5646 -11.2611 4.5
      vertex 11.9325 -11.586 4.5
      vertex 11.6201 -11.1685 4.5
    endloop
  endfacet
  facet normal -0 0 1
    outer loop
      vertex 11.5003 -11.3478 4.5
      vertex 11.9325 -11.586 4.5
      vertex 11.5646 -11.2611 4.5
    endloop
  endfacet
  facet normal 0 0 1
    outer loop
      vertex 11.9325 -11.586 4.5
      vertex 11.5003 -11.3478 4.5
      vertex 11.7678 -11.7678 4.5
    endloop
  endfacet
  facet normal -0 0 1
    outer loop
      vertex 11.4278 -11.4278 4.5
      vertex 11.7678 -11.7678 4.5
      vertex 11.5003 -11.3478 4.5
    endloop
  endfacet
  facet normal -0 0 1
    outer loop
      vertex 11.3478 -11.5003 4.5
      vertex 11.7678 -11.7678 4.5
      vertex 11.4278 -11.4278 4.5
    endloop
  endfacet
  facet normal 0 0 1
    outer loop
      vertex 11.7678 -11.7678 4.5
      vertex 11.3478 -11.5003 4.5
      vertex 11.586 -11.9325 4.5
    endloop
  endfacet
  facet normal -0 0 1
    outer loop
      vertex 11.2611 -11.5646 4.5
      vertex 11.586 -11.9325 4.5
      vertex 11.3478 -11.5003 4.5
    endloop
  endfacet
  facet normal 0 0 1
    outer loop
      vertex 11.586 -11.9325 4.5
      vertex 11.2611 -11.5646 4.5
      vertex 11.3889 -12.0787 4.5
    endloop
  endfacet
  facet normal -0 0 1
    outer loop
      vertex 11.1685 -11.6201 4.5
      vertex 11.3889 -12.0787 4.5
      vertex 11.2611 -11.5646 4.5
    endloop
  endfacet
  facet normal -0 0 1
    outer loop
      vertex 11.071 -11.6663 4.5
      vertex 11.3889 -12.0787 4.5
      vertex 11.1685 -11.6201 4.5
    endloop
  endfacet
  facet normal 0 0 1
    outer loop
      vertex 11.3889 -12.0787 4.5
      vertex 11.071 -11.6663 4.5
      vertex 11.1785 -12.2048 4.5
    endloop
  endfacet
  facet normal -0 0 1
    outer loop
      vertex 10.9693 -11.7026 4.5
      vertex 11.1785 -12.2048 4.5
      vertex 11.071 -11.6663 4.5
    endloop
  endfacet
  facet normal -0 0 1
    outer loop
      vertex 10.8646 -11.7289 4.5
      vertex 11.1785 -12.2048 4.5
      vertex 10.9693 -11.7026 4.5
    endloop
  endfacet
  facet normal 0 0 1
    outer loop
      vertex 11.1785 -12.2048 4.5
      vertex 10.8646 -11.7289 4.5
      vertex 10.9567 -12.3097 4.5
    endloop
  endfacet
  facet normal -0 0 1
    outer loop
      vertex 10.7578 -11.7447 4.5
      vertex 10.9567 -12.3097 4.5
      vertex 10.8646 -11.7289 4.5
    endloop
  endfacet
  facet normal 0 0 1
    outer loop
      vertex 10.7578 -11.7447 4.5
      vertex 10.7257 -12.3924 4.5
      vertex 10.9567 -12.3097 4.5
    endloop
  endfacet
  facet normal -0 0 1
    outer loop
      vertex 10.65 -11.75 4.5
      vertex 10.7257 -12.3924 4.5
      vertex 10.7578 -11.7447 4.5
    endloop
  endfacet
  facet normal 0 0 1
    outer loop
      vertex 10.5422 -11.7447 4.5
      vertex 10.7257 -12.3924 4.5
      vertex 10.65 -11.75 4.5
    endloop
  endfacet
  facet normal 0 0 1
    outer loop
      vertex 10.5422 -11.7447 4.5
      vertex 10.4877 -12.452 4.5
      vertex 10.7257 -12.3924 4.5
    endloop
  endfacet
  facet normal 0 0 1
    outer loop
      vertex 10.4354 -11.7289 4.5
      vertex 10.4877 -12.452 4.5
      vertex 10.5422 -11.7447 4.5
    endloop
  endfacet
  facet normal 0 0 1
    outer loop
      vertex 10.245 -12.488 4.5
      vertex 10.4354 -11.7289 4.5
      vertex 10.3307 -11.7026 4.5
    endloop
  endfacet
  facet normal 0 0 1
    outer loop
      vertex 10.4354 -11.7289 4.5
      vertex 10.245 -12.488 4.5
      vertex 10.4877 -12.452 4.5
    endloop
  endfacet
  facet normal 0 0 1
    outer loop
      vertex 10.229 -11.6663 4.5
      vertex 10.245 -12.488 4.5
      vertex 10.3307 -11.7026 4.5
    endloop
  endfacet
  facet normal 0 0 1
    outer loop
      vertex 10 -12.5 4.5
      vertex 10.229 -11.6663 4.5
      vertex 10.1315 -11.6201 4.5
    endloop
  endfacet
  facet normal 0 0 1
    outer loop
      vertex 10 -12.5 4.5
      vertex 10.1315 -11.6201 4.5
      vertex 10.0389 -11.5646 4.5
    endloop
  endfacet
  facet normal 0 0 1
    outer loop
      vertex 10.229 -11.6663 4.5
      vertex 10 -12.5 4.5
      vertex 10.245 -12.488 4.5
    endloop
  endfacet
  facet normal 0 0 1
    outer loop
      vertex 9.37191 -12.5 4.5
      vertex 10.0389 -11.5646 4.5
      vertex 9.95217 -11.5003 4.5
    endloop
  endfacet
  facet normal 0 0 1
    outer loop
      vertex 9.22261 -12.3893 4.5
      vertex 9.95217 -11.5003 4.5
      vertex 9.87218 -11.4278 4.5
    endloop
  endfacet
  facet normal 0 0 1
    outer loop
      vertex 9.05901 -12.241 4.5
      vertex 9.87218 -11.4278 4.5
      vertex 9.79969 -11.3478 4.5
    endloop
  endfacet
  facet normal 0 0 1
    outer loop
      vertex 8.91073 -12.0774 4.5
      vertex 9.79969 -11.3478 4.5
      vertex 9.73538 -11.2611 4.5
    endloop
  endfacet
  facet normal 0 0 1
    outer loop
      vertex 8.77919 -11.9 4.5
      vertex 9.73538 -11.2611 4.5
      vertex 9.67989 -11.1685 4.5
    endloop
  endfacet
  facet normal 0 0 1
    outer loop
      vertex 8.66568 -11.7106 4.5
      vertex 9.67989 -11.1685 4.5
      vertex 9.63373 -11.071 4.5
    endloop
  endfacet
  facet normal 0 0 1
    outer loop
      vertex 8.57127 -11.511 4.5
      vertex 9.63373 -11.071 4.5
      vertex 9.59737 -10.9693 4.5
    endloop
  endfacet
  facet normal 0 0 1
    outer loop
      vertex 9.67989 -10.1315 4.5
      vertex 8.66568 -9.58936 4.5
      vertex 9.63373 -10.229 4.5
    endloop
  endfacet
  facet normal 0 0 1
    outer loop
      vertex 9.95217 -11.5003 4.5
      vertex 9.22261 -12.3893 4.5
      vertex 9.37191 -12.5 4.5
    endloop
  endfacet
  facet normal 0 0 1
    outer loop
      vertex 8.49688 -11.3031 4.5
      vertex 9.59737 -10.9693 4.5
      vertex 9.57114 -10.8646 4.5
    endloop
  endfacet
  facet normal 0 0 1
    outer loop
      vertex 8.44323 -11.089 4.5
      vertex 9.57114 -10.8646 4.5
      vertex 9.5553 -10.7578 4.5
    endloop
  endfacet
  facet normal -0 0 1
    outer loop
      vertex 8.57127 -9.78896 4.5
      vertex 9.63373 -10.229 4.5
      vertex 8.66568 -9.58936 4.5
    endloop
  endfacet
  facet normal 0 0 1
    outer loop
      vertex 9.63373 -10.229 4.5
      vertex 8.57127 -9.78896 4.5
      vertex 9.59737 -10.3307 4.5
    endloop
  endfacet
  facet normal 0 0 1
    outer loop
      vertex 10.0389 -11.5646 4.5
      vertex 9.37191 -12.5 4.5
      vertex 10 -12.5 4.5
    endloop
  endfacet
  facet normal -0 0 1
    outer loop
      vertex 8.49688 -9.99686 4.5
      vertex 9.59737 -10.3307 4.5
      vertex 8.57127 -9.78896 4.5
    endloop
  endfacet
  facet normal 0 0 1
    outer loop
      vertex 9.87218 -11.4278 4.5
      vertex 9.05901 -12.241 4.5
      vertex 9.22261 -12.3893 4.5
    endloop
  endfacet
  facet normal 0 0 1
    outer loop
      vertex 9.59737 -10.3307 4.5
      vertex 8.49688 -9.99686 4.5
      vertex 9.57114 -10.4354 4.5
    endloop
  endfacet
  facet normal 0 0 1
    outer loop
      vertex 9.79969 -11.3478 4.5
      vertex 8.91073 -12.0774 4.5
      vertex 9.05901 -12.241 4.5
    endloop
  endfacet
  facet normal -0 0 1
    outer loop
      vertex 8.44323 -10.211 4.5
      vertex 9.57114 -10.4354 4.5
      vertex 8.49688 -9.99686 4.5
    endloop
  endfacet
  facet normal 0 0 1
    outer loop
      vertex 9.73538 -11.2611 4.5
      vertex 8.77919 -11.9 4.5
      vertex 8.91073 -12.0774 4.5
    endloop
  endfacet
  facet normal 0 0 1
    outer loop
      vertex 9.57114 -10.4354 4.5
      vertex 8.44323 -10.211 4.5
      vertex 9.5553 -10.5422 4.5
    endloop
  endfacet
  facet normal 0 0 1
    outer loop
      vertex 9.67989 -11.1685 4.5
      vertex 8.66568 -11.7106 4.5
      vertex 8.77919 -11.9 4.5
    endloop
  endfacet
  facet normal -0 0 1
    outer loop
      vertex 8.41083 -10.4295 4.5
      vertex 9.5553 -10.5422 4.5
      vertex 8.44323 -10.211 4.5
    endloop
  endfacet
  facet normal 0 0 1
    outer loop
      vertex 9.63373 -11.071 4.5
      vertex 8.57127 -11.511 4.5
      vertex 8.66568 -11.7106 4.5
    endloop
  endfacet
  facet normal 0 0 1
    outer loop
      vertex 9.5553 -10.5422 4.5
      vertex 8.41083 -10.4295 4.5
      vertex 9.55 -10.65 4.5
    endloop
  endfacet
  facet normal 0 0 1
    outer loop
      vertex 9.59737 -10.9693 4.5
      vertex 8.49688 -11.3031 4.5
      vertex 8.57127 -11.511 4.5
    endloop
  endfacet
  facet normal 0 0 1
    outer loop
      vertex 8.4 -10.65 4.5
      vertex 9.55 -10.65 4.5
      vertex 8.41083 -10.4295 4.5
    endloop
  endfacet
  facet normal 0 0 1
    outer loop
      vertex 9.57114 -10.8646 4.5
      vertex 8.44323 -11.089 4.5
      vertex 8.49688 -11.3031 4.5
    endloop
  endfacet
  facet normal 0 0 1
    outer loop
      vertex 9.55 -10.65 4.5
      vertex 8.4 -10.65 4.5
      vertex 9.5553 -10.7578 4.5
    endloop
  endfacet
  facet normal 0 0 1
    outer loop
      vertex 9.5553 -10.7578 4.5
      vertex 8.41083 -10.8705 4.5
      vertex 8.44323 -11.089 4.5
    endloop
  endfacet
  facet normal 0 0 1
    outer loop
      vertex 9.5553 -10.7578 4.5
      vertex 8.4 -10.65 4.5
      vertex 8.41083 -10.8705 4.5
    endloop
  endfacet
  facet normal -0.803281 0.595601 0
    outer loop
      vertex -12.5 -9.37191 1.2
      vertex -12.3893 -9.22261 4.5
      vertex -12.3893 -9.22261 1.2
    endloop
  endfacet
  facet normal -0.803281 0.595601 0
    outer loop
      vertex -12.3893 -9.22261 4.5
      vertex -12.5 -9.37191 1.2
      vertex -12.5 -9.37191 4.5
    endloop
  endfacet
  facet normal 0.595601 -0.803281 0
    outer loop
      vertex -9.37191 -12.5 1.2
      vertex -9.22261 -12.3893 4.5
      vertex -9.37191 -12.5 4.5
    endloop
  endfacet
  facet normal 0.595601 -0.803281 0
    outer loop
      vertex -9.22261 -12.3893 4.5
      vertex -9.37191 -12.5 1.2
      vertex -9.22261 -12.3893 1.2
    endloop
  endfacet
  facet normal 0.740948 -0.671563 0
    outer loop
      vertex -9.05901 -12.241 4.5
      vertex -8.91073 -12.0774 1.2
      vertex -8.91073 -12.0774 4.5
    endloop
  endfacet
  facet normal 0.740948 -0.671563 0
    outer loop
      vertex -8.91073 -12.0774 1.2
      vertex -9.05901 -12.241 4.5
      vertex -9.05901 -12.241 1.2
    endloop
  endfacet
  facet normal 0.671613 -0.740902 0
    outer loop
      vertex -9.22261 -12.3893 1.2
      vertex -9.05901 -12.241 4.5
      vertex -9.22261 -12.3893 4.5
    endloop
  endfacet
  facet normal 0.671613 -0.740902 0
    outer loop
      vertex -9.05901 -12.241 4.5
      vertex -9.22261 -12.3893 1.2
      vertex -9.05901 -12.241 1.2
    endloop
  endfacet
  facet normal -0.336899 -0.941541 0
    outer loop
      vertex -11.511 8.57127 1.2
      vertex -11.3031 8.49688 4.5
      vertex -11.511 8.57127 4.5
    endloop
  endfacet
  facet normal -0.336899 -0.941541 -0
    outer loop
      vertex -11.3031 8.49688 4.5
      vertex -11.511 8.57127 1.2
      vertex -11.3031 8.49688 1.2
    endloop
  endfacet
  facet normal 0.989184 0.14668 0
    outer loop
      vertex -8.41083 10.8705 4.5
      vertex -8.44323 11.089 1.2
      vertex -8.44323 11.089 4.5
    endloop
  endfacet
  facet normal 0.989184 0.14668 0
    outer loop
      vertex -8.44323 11.089 1.2
      vertex -8.41083 10.8705 4.5
      vertex -8.41083 10.8705 1.2
    endloop
  endfacet
  facet normal 0.998796 0.0490565 0
    outer loop
      vertex -8.4 10.65 4.5
      vertex -8.41083 10.8705 1.2
      vertex -8.41083 10.8705 4.5
    endloop
  endfacet
  facet normal 0.998796 0.0490565 0
    outer loop
      vertex -8.41083 10.8705 1.2
      vertex -8.4 10.65 4.5
      vertex -8.4 10.65 1.2
    endloop
  endfacet
  facet normal 0.970009 0.243069 0
    outer loop
      vertex -8.44323 11.089 4.5
      vertex -8.49688 11.3031 1.2
      vertex -8.49688 11.3031 4.5
    endloop
  endfacet
  facet normal 0.970009 0.243069 0
    outer loop
      vertex -8.49688 11.3031 1.2
      vertex -8.44323 11.089 4.5
      vertex -8.44323 11.089 1.2
    endloop
  endfacet
  facet normal 0.80327 0.595615 0
    outer loop
      vertex -8.77919 11.9 4.5
      vertex -8.91073 12.0774 1.2
      vertex -8.91073 12.0774 4.5
    endloop
  endfacet
  facet normal 0.80327 0.595615 0
    outer loop
      vertex -8.91073 12.0774 1.2
      vertex -8.77919 11.9 4.5
      vertex -8.77919 11.9 1.2
    endloop
  endfacet
  facet normal 0.514083 -0.857741 0
    outer loop
      vertex -9.58936 8.66568 1.2
      vertex -9.39997 8.77919 4.5
      vertex -9.58936 8.66568 4.5
    endloop
  endfacet
  facet normal 0.514083 -0.857741 0
    outer loop
      vertex -9.39997 8.77919 4.5
      vertex -9.58936 8.66568 1.2
      vertex -9.39997 8.77919 1.2
    endloop
  endfacet
  facet normal 0.595601 0.803281 -0
    outer loop
      vertex -9.22261 12.3893 1.2
      vertex -9.37191 12.5 4.5
      vertex -9.22261 12.3893 4.5
    endloop
  endfacet
  facet normal 0.595601 0.803281 0
    outer loop
      vertex -9.37191 12.5 4.5
      vertex -9.22261 12.3893 1.2
      vertex -9.37191 12.5 1.2
    endloop
  endfacet
  facet normal 0.998796 -0.0490565 0
    outer loop
      vertex -8.41083 10.4295 4.5
      vertex -8.4 10.65 1.2
      vertex -8.4 10.65 4.5
    endloop
  endfacet
  facet normal 0.998796 -0.0490565 0
    outer loop
      vertex -8.4 10.65 1.2
      vertex -8.41083 10.4295 4.5
      vertex -8.41083 10.4295 1.2
    endloop
  endfacet
  facet normal -0.243069 -0.970009 0
    outer loop
      vertex -11.3031 8.49688 1.2
      vertex -11.089 8.44323 4.5
      vertex -11.3031 8.49688 4.5
    endloop
  endfacet
  facet normal -0.243069 -0.970009 -0
    outer loop
      vertex -11.089 8.44323 4.5
      vertex -11.3031 8.49688 1.2
      vertex -11.089 8.44323 1.2
    endloop
  endfacet
  facet normal 0.671563 -0.740948 0
    outer loop
      vertex -9.22261 8.91073 1.2
      vertex -9.05901 9.05901 4.5
      vertex -9.22261 8.91073 4.5
    endloop
  endfacet
  facet normal 0.671563 -0.740948 0
    outer loop
      vertex -9.05901 9.05901 4.5
      vertex -9.22261 8.91073 1.2
      vertex -9.05901 9.05901 1.2
    endloop
  endfacet
  facet normal 0.336899 -0.941541 0
    outer loop
      vertex -9.99686 8.49688 1.2
      vertex -9.78896 8.57127 4.5
      vertex -9.99686 8.49688 4.5
    endloop
  endfacet
  facet normal 0.336899 -0.941541 0
    outer loop
      vertex -9.78896 8.57127 4.5
      vertex -9.99686 8.49688 1.2
      vertex -9.78896 8.57127 1.2
    endloop
  endfacet
  facet normal -0.803281 -0.595601 0
    outer loop
      vertex -12.3893 9.22261 1.2
      vertex -12.5 9.37191 4.5
      vertex -12.5 9.37191 1.2
    endloop
  endfacet
  facet normal -0.803281 -0.595601 0
    outer loop
      vertex -12.5 9.37191 4.5
      vertex -12.3893 9.22261 1.2
      vertex -12.3893 9.22261 4.5
    endloop
  endfacet
  facet normal -0.514063 -0.857753 0
    outer loop
      vertex -11.9 8.77919 1.2
      vertex -11.7106 8.66568 4.5
      vertex -11.9 8.77919 4.5
    endloop
  endfacet
  facet normal -0.514063 -0.857753 -0
    outer loop
      vertex -11.7106 8.66568 4.5
      vertex -11.9 8.77919 1.2
      vertex -11.7106 8.66568 1.2
    endloop
  endfacet
  facet normal 0.803206 -0.595702 0
    outer loop
      vertex -8.91073 9.22261 4.5
      vertex -8.77919 9.39997 1.2
      vertex -8.77919 9.39997 4.5
    endloop
  endfacet
  facet normal 0.803206 -0.595702 0
    outer loop
      vertex -8.77919 9.39997 1.2
      vertex -8.91073 9.22261 4.5
      vertex -8.91073 9.22261 1.2
    endloop
  endfacet
  facet normal -0.427578 -0.903978 0
    outer loop
      vertex -11.7106 8.66568 1.2
      vertex -11.511 8.57127 4.5
      vertex -11.7106 8.66568 4.5
    endloop
  endfacet
  facet normal -0.427578 -0.903978 -0
    outer loop
      vertex -11.511 8.57127 4.5
      vertex -11.7106 8.66568 1.2
      vertex -11.511 8.57127 1.2
    endloop
  endfacet
  facet normal -0.595615 -0.80327 0
    outer loop
      vertex -12.0774 8.91073 1.2
      vertex -11.9 8.77919 4.5
      vertex -12.0774 8.91073 4.5
    endloop
  endfacet
  facet normal -0.595615 -0.80327 -0
    outer loop
      vertex -11.9 8.77919 4.5
      vertex -12.0774 8.91073 1.2
      vertex -11.9 8.77919 1.2
    endloop
  endfacet
  facet normal -0.740902 -0.671613 0
    outer loop
      vertex -12.241 9.05901 1.2
      vertex -12.3893 9.22261 4.5
      vertex -12.3893 9.22261 1.2
    endloop
  endfacet
  facet normal -0.740902 -0.671613 0
    outer loop
      vertex -12.3893 9.22261 4.5
      vertex -12.241 9.05901 1.2
      vertex -12.241 9.05901 4.5
    endloop
  endfacet
  facet normal 0.903978 0.427578 0
    outer loop
      vertex -8.57127 11.511 4.5
      vertex -8.66568 11.7106 1.2
      vertex -8.66568 11.7106 4.5
    endloop
  endfacet
  facet normal 0.903978 0.427578 0
    outer loop
      vertex -8.66568 11.7106 1.2
      vertex -8.57127 11.511 4.5
      vertex -8.57127 11.511 1.2
    endloop
  endfacet
  facet normal 0.671613 0.740902 -0
    outer loop
      vertex -9.05901 12.241 1.2
      vertex -9.22261 12.3893 4.5
      vertex -9.05901 12.241 4.5
    endloop
  endfacet
  facet normal 0.671613 0.740902 0
    outer loop
      vertex -9.22261 12.3893 4.5
      vertex -9.05901 12.241 1.2
      vertex -9.22261 12.3893 1.2
    endloop
  endfacet
  facet normal 0.97002 -0.243026 0
    outer loop
      vertex -8.49688 9.99686 4.5
      vertex -8.44323 10.211 1.2
      vertex -8.44323 10.211 4.5
    endloop
  endfacet
  facet normal 0.97002 -0.243026 0
    outer loop
      vertex -8.44323 10.211 1.2
      vertex -8.49688 9.99686 4.5
      vertex -8.49688 9.99686 1.2
    endloop
  endfacet
  facet normal 0.740948 -0.671563 0
    outer loop
      vertex -9.05901 9.05901 4.5
      vertex -8.91073 9.22261 1.2
      vertex -8.91073 9.22261 4.5
    endloop
  endfacet
  facet normal 0.740948 -0.671563 0
    outer loop
      vertex -8.91073 9.22261 1.2
      vertex -9.05901 9.05901 4.5
      vertex -9.05901 9.05901 1.2
    endloop
  endfacet
  facet normal 0.14668 -0.989184 0
    outer loop
      vertex -10.4295 8.41083 1.2
      vertex -10.211 8.44323 4.5
      vertex -10.4295 8.41083 4.5
    endloop
  endfacet
  facet normal 0.14668 -0.989184 0
    outer loop
      vertex -10.211 8.44323 4.5
      vertex -10.4295 8.41083 1.2
      vertex -10.211 8.44323 1.2
    endloop
  endfacet
  facet normal 0.941541 0.336899 0
    outer loop
      vertex -8.49688 11.3031 4.5
      vertex -8.57127 11.511 1.2
      vertex -8.57127 11.511 4.5
    endloop
  endfacet
  facet normal 0.941541 0.336899 0
    outer loop
      vertex -8.57127 11.511 1.2
      vertex -8.49688 11.3031 4.5
      vertex -8.49688 11.3031 1.2
    endloop
  endfacet
  facet normal 0.427578 -0.903978 0
    outer loop
      vertex -9.78896 8.57127 1.2
      vertex -9.58936 8.66568 4.5
      vertex -9.78896 8.57127 4.5
    endloop
  endfacet
  facet normal 0.427578 -0.903978 0
    outer loop
      vertex -9.58936 8.66568 4.5
      vertex -9.78896 8.57127 1.2
      vertex -9.58936 8.66568 1.2
    endloop
  endfacet
  facet normal 0.989184 -0.14668 0
    outer loop
      vertex -8.44323 10.211 4.5
      vertex -8.41083 10.4295 1.2
      vertex -8.41083 10.4295 4.5
    endloop
  endfacet
  facet normal 0.989184 -0.14668 0
    outer loop
      vertex -8.41083 10.4295 1.2
      vertex -8.44323 10.211 4.5
      vertex -8.44323 10.211 1.2
    endloop
  endfacet
  facet normal 0.857753 0.514063 0
    outer loop
      vertex -8.66568 11.7106 4.5
      vertex -8.77919 11.9 1.2
      vertex -8.77919 11.9 4.5
    endloop
  endfacet
  facet normal 0.857753 0.514063 0
    outer loop
      vertex -8.77919 11.9 1.2
      vertex -8.66568 11.7106 4.5
      vertex -8.66568 11.7106 1.2
    endloop
  endfacet
  facet normal 0.243026 -0.97002 0
    outer loop
      vertex -10.211 8.44323 1.2
      vertex -9.99686 8.49688 4.5
      vertex -10.211 8.44323 4.5
    endloop
  endfacet
  facet normal 0.243026 -0.97002 0
    outer loop
      vertex -9.99686 8.49688 4.5
      vertex -10.211 8.44323 1.2
      vertex -9.99686 8.49688 1.2
    endloop
  endfacet
  facet normal -0.0490565 -0.998796 0
    outer loop
      vertex -10.8705 8.41083 1.2
      vertex -10.65 8.4 4.5
      vertex -10.8705 8.41083 4.5
    endloop
  endfacet
  facet normal -0.0490565 -0.998796 -0
    outer loop
      vertex -10.65 8.4 4.5
      vertex -10.8705 8.41083 1.2
      vertex -10.65 8.4 1.2
    endloop
  endfacet
  facet normal 0.903978 -0.427578 0
    outer loop
      vertex -8.66568 9.58936 4.5
      vertex -8.57127 9.78896 1.2
      vertex -8.57127 9.78896 4.5
    endloop
  endfacet
  facet normal 0.903978 -0.427578 0
    outer loop
      vertex -8.57127 9.78896 1.2
      vertex -8.66568 9.58936 4.5
      vertex -8.66568 9.58936 1.2
    endloop
  endfacet
  facet normal 0.0490565 -0.998796 0
    outer loop
      vertex -10.65 8.4 1.2
      vertex -10.4295 8.41083 4.5
      vertex -10.65 8.4 4.5
    endloop
  endfacet
  facet normal 0.0490565 -0.998796 0
    outer loop
      vertex -10.4295 8.41083 4.5
      vertex -10.65 8.4 1.2
      vertex -10.4295 8.41083 1.2
    endloop
  endfacet
  facet normal -0.671563 -0.740948 0
    outer loop
      vertex -12.241 9.05901 1.2
      vertex -12.0774 8.91073 4.5
      vertex -12.241 9.05901 4.5
    endloop
  endfacet
  facet normal -0.671563 -0.740948 -0
    outer loop
      vertex -12.0774 8.91073 4.5
      vertex -12.241 9.05901 1.2
      vertex -12.0774 8.91073 1.2
    endloop
  endfacet
  facet normal 0.941541 -0.336899 0
    outer loop
      vertex -8.57127 9.78896 4.5
      vertex -8.49688 9.99686 1.2
      vertex -8.49688 9.99686 4.5
    endloop
  endfacet
  facet normal 0.941541 -0.336899 0
    outer loop
      vertex -8.49688 9.99686 1.2
      vertex -8.57127 9.78896 4.5
      vertex -8.57127 9.78896 1.2
    endloop
  endfacet
  facet normal 0.740948 0.671563 0
    outer loop
      vertex -8.91073 12.0774 4.5
      vertex -9.05901 12.241 1.2
      vertex -9.05901 12.241 4.5
    endloop
  endfacet
  facet normal 0.740948 0.671563 0
    outer loop
      vertex -9.05901 12.241 1.2
      vertex -8.91073 12.0774 4.5
      vertex -8.91073 12.0774 1.2
    endloop
  endfacet
  facet normal 0.595702 -0.803206 0
    outer loop
      vertex -9.39997 8.77919 1.2
      vertex -9.22261 8.91073 4.5
      vertex -9.39997 8.77919 4.5
    endloop
  endfacet
  facet normal 0.595702 -0.803206 0
    outer loop
      vertex -9.22261 8.91073 4.5
      vertex -9.39997 8.77919 1.2
      vertex -9.22261 8.91073 1.2
    endloop
  endfacet
  facet normal 0.857741 -0.514083 0
    outer loop
      vertex -8.77919 9.39997 4.5
      vertex -8.66568 9.58936 1.2
      vertex -8.66568 9.58936 4.5
    endloop
  endfacet
  facet normal 0.857741 -0.514083 0
    outer loop
      vertex -8.66568 9.58936 1.2
      vertex -8.77919 9.39997 4.5
      vertex -8.77919 9.39997 1.2
    endloop
  endfacet
  facet normal -0.14668 -0.989184 0
    outer loop
      vertex -11.089 8.44323 1.2
      vertex -10.8705 8.41083 4.5
      vertex -11.089 8.44323 4.5
    endloop
  endfacet
  facet normal -0.14668 -0.989184 -0
    outer loop
      vertex -10.8705 8.41083 4.5
      vertex -11.089 8.44323 1.2
      vertex -10.8705 8.41083 1.2
    endloop
  endfacet
  facet normal -0.941541 0.336899 0
    outer loop
      vertex 8.49688 -9.99686 1.2
      vertex 8.57127 -9.78896 4.5
      vertex 8.57127 -9.78896 1.2
    endloop
  endfacet
  facet normal -0.941541 0.336899 0
    outer loop
      vertex 8.57127 -9.78896 4.5
      vertex 8.49688 -9.99686 1.2
      vertex 8.49688 -9.99686 4.5
    endloop
  endfacet
  facet normal -0.514083 0.857741 0
    outer loop
      vertex 9.58936 -8.66568 1.2
      vertex 9.39997 -8.77919 4.5
      vertex 9.58936 -8.66568 4.5
    endloop
  endfacet
  facet normal -0.514083 0.857741 0
    outer loop
      vertex 9.39997 -8.77919 4.5
      vertex 9.58936 -8.66568 1.2
      vertex 9.39997 -8.77919 1.2
    endloop
  endfacet
  facet normal -0.998796 -0.0490565 0
    outer loop
      vertex 8.41083 -10.8705 1.2
      vertex 8.4 -10.65 4.5
      vertex 8.4 -10.65 1.2
    endloop
  endfacet
  facet normal -0.998796 -0.0490565 0
    outer loop
      vertex 8.4 -10.65 4.5
      vertex 8.41083 -10.8705 1.2
      vertex 8.41083 -10.8705 4.5
    endloop
  endfacet
  facet normal -0.671613 -0.740902 0
    outer loop
      vertex 9.05901 -12.241 1.2
      vertex 9.22261 -12.3893 4.5
      vertex 9.05901 -12.241 4.5
    endloop
  endfacet
  facet normal -0.671613 -0.740902 -0
    outer loop
      vertex 9.22261 -12.3893 4.5
      vertex 9.05901 -12.241 1.2
      vertex 9.22261 -12.3893 1.2
    endloop
  endfacet
  facet normal -0.14668 0.989184 0
    outer loop
      vertex 10.4295 -8.41083 1.2
      vertex 10.211 -8.44323 4.5
      vertex 10.4295 -8.41083 4.5
    endloop
  endfacet
  facet normal -0.14668 0.989184 0
    outer loop
      vertex 10.211 -8.44323 4.5
      vertex 10.4295 -8.41083 1.2
      vertex 10.211 -8.44323 1.2
    endloop
  endfacet
  facet normal -0.803206 0.595702 0
    outer loop
      vertex 8.77919 -9.39997 1.2
      vertex 8.91073 -9.22261 4.5
      vertex 8.91073 -9.22261 1.2
    endloop
  endfacet
  facet normal -0.803206 0.595702 0
    outer loop
      vertex 8.91073 -9.22261 4.5
      vertex 8.77919 -9.39997 1.2
      vertex 8.77919 -9.39997 4.5
    endloop
  endfacet
  facet normal 0.740902 0.671613 0
    outer loop
      vertex 12.3893 -9.22261 4.5
      vertex 12.241 -9.05901 1.2
      vertex 12.241 -9.05901 4.5
    endloop
  endfacet
  facet normal 0.740902 0.671613 0
    outer loop
      vertex 12.241 -9.05901 1.2
      vertex 12.3893 -9.22261 4.5
      vertex 12.3893 -9.22261 1.2
    endloop
  endfacet
  facet normal -0.336899 0.941541 0
    outer loop
      vertex 9.99686 -8.49688 1.2
      vertex 9.78896 -8.57127 4.5
      vertex 9.99686 -8.49688 4.5
    endloop
  endfacet
  facet normal -0.336899 0.941541 0
    outer loop
      vertex 9.78896 -8.57127 4.5
      vertex 9.99686 -8.49688 1.2
      vertex 9.78896 -8.57127 1.2
    endloop
  endfacet
  facet normal 0.0490565 0.998796 -0
    outer loop
      vertex 10.8705 -8.41083 1.2
      vertex 10.65 -8.4 4.5
      vertex 10.8705 -8.41083 4.5
    endloop
  endfacet
  facet normal 0.0490565 0.998796 0
    outer loop
      vertex 10.65 -8.4 4.5
      vertex 10.8705 -8.41083 1.2
      vertex 10.65 -8.4 1.2
    endloop
  endfacet
  facet normal 0.427578 0.903978 -0
    outer loop
      vertex 11.7106 -8.66568 1.2
      vertex 11.511 -8.57127 4.5
      vertex 11.7106 -8.66568 4.5
    endloop
  endfacet
  facet normal 0.427578 0.903978 0
    outer loop
      vertex 11.511 -8.57127 4.5
      vertex 11.7106 -8.66568 1.2
      vertex 11.511 -8.57127 1.2
    endloop
  endfacet
  facet normal 0.671563 0.740948 -0
    outer loop
      vertex 12.241 -9.05901 1.2
      vertex 12.0774 -8.91073 4.5
      vertex 12.241 -9.05901 4.5
    endloop
  endfacet
  facet normal 0.671563 0.740948 0
    outer loop
      vertex 12.0774 -8.91073 4.5
      vertex 12.241 -9.05901 1.2
      vertex 12.0774 -8.91073 1.2
    endloop
  endfacet
  facet normal -0.595702 0.803206 0
    outer loop
      vertex 9.39997 -8.77919 1.2
      vertex 9.22261 -8.91073 4.5
      vertex 9.39997 -8.77919 4.5
    endloop
  endfacet
  facet normal -0.595702 0.803206 0
    outer loop
      vertex 9.22261 -8.91073 4.5
      vertex 9.39997 -8.77919 1.2
      vertex 9.22261 -8.91073 1.2
    endloop
  endfacet
  facet normal 0.243069 0.970009 -0
    outer loop
      vertex 11.3031 -8.49688 1.2
      vertex 11.089 -8.44323 4.5
      vertex 11.3031 -8.49688 4.5
    endloop
  endfacet
  facet normal 0.243069 0.970009 0
    outer loop
      vertex 11.089 -8.44323 4.5
      vertex 11.3031 -8.49688 1.2
      vertex 11.089 -8.44323 1.2
    endloop
  endfacet
  facet normal -0.857741 0.514083 0
    outer loop
      vertex 8.66568 -9.58936 1.2
      vertex 8.77919 -9.39997 4.5
      vertex 8.77919 -9.39997 1.2
    endloop
  endfacet
  facet normal -0.857741 0.514083 0
    outer loop
      vertex 8.77919 -9.39997 4.5
      vertex 8.66568 -9.58936 1.2
      vertex 8.66568 -9.58936 4.5
    endloop
  endfacet
  facet normal -0.427578 0.903978 0
    outer loop
      vertex 9.78896 -8.57127 1.2
      vertex 9.58936 -8.66568 4.5
      vertex 9.78896 -8.57127 4.5
    endloop
  endfacet
  facet normal -0.427578 0.903978 0
    outer loop
      vertex 9.58936 -8.66568 4.5
      vertex 9.78896 -8.57127 1.2
      vertex 9.58936 -8.66568 1.2
    endloop
  endfacet
  facet normal -0.243026 0.97002 0
    outer loop
      vertex 10.211 -8.44323 1.2
      vertex 9.99686 -8.49688 4.5
      vertex 10.211 -8.44323 4.5
    endloop
  endfacet
  facet normal -0.243026 0.97002 0
    outer loop
      vertex 9.99686 -8.49688 4.5
      vertex 10.211 -8.44323 1.2
      vertex 9.99686 -8.49688 1.2
    endloop
  endfacet
  facet normal -0.903978 -0.427578 0
    outer loop
      vertex 8.66568 -11.7106 1.2
      vertex 8.57127 -11.511 4.5
      vertex 8.57127 -11.511 1.2
    endloop
  endfacet
  facet normal -0.903978 -0.427578 0
    outer loop
      vertex 8.57127 -11.511 4.5
      vertex 8.66568 -11.7106 1.2
      vertex 8.66568 -11.7106 4.5
    endloop
  endfacet
  facet normal -0.740948 0.671563 0
    outer loop
      vertex 8.91073 -9.22261 1.2
      vertex 9.05901 -9.05901 4.5
      vertex 9.05901 -9.05901 1.2
    endloop
  endfacet
  facet normal -0.740948 0.671563 0
    outer loop
      vertex 9.05901 -9.05901 4.5
      vertex 8.91073 -9.22261 1.2
      vertex 8.91073 -9.22261 4.5
    endloop
  endfacet
  facet normal -0.989184 -0.14668 0
    outer loop
      vertex 8.44323 -11.089 1.2
      vertex 8.41083 -10.8705 4.5
      vertex 8.41083 -10.8705 1.2
    endloop
  endfacet
  facet normal -0.989184 -0.14668 0
    outer loop
      vertex 8.41083 -10.8705 4.5
      vertex 8.44323 -11.089 1.2
      vertex 8.44323 -11.089 4.5
    endloop
  endfacet
  facet normal -0.941541 -0.336899 0
    outer loop
      vertex 8.57127 -11.511 1.2
      vertex 8.49688 -11.3031 4.5
      vertex 8.49688 -11.3031 1.2
    endloop
  endfacet
  facet normal -0.941541 -0.336899 0
    outer loop
      vertex 8.49688 -11.3031 4.5
      vertex 8.57127 -11.511 1.2
      vertex 8.57127 -11.511 4.5
    endloop
  endfacet
  facet normal 0.595615 0.80327 -0
    outer loop
      vertex 12.0774 -8.91073 1.2
      vertex 11.9 -8.77919 4.5
      vertex 12.0774 -8.91073 4.5
    endloop
  endfacet
  facet normal 0.595615 0.80327 0
    outer loop
      vertex 11.9 -8.77919 4.5
      vertex 12.0774 -8.91073 1.2
      vertex 11.9 -8.77919 1.2
    endloop
  endfacet
  facet normal 0.14668 0.989184 -0
    outer loop
      vertex 11.089 -8.44323 1.2
      vertex 10.8705 -8.41083 4.5
      vertex 11.089 -8.44323 4.5
    endloop
  endfacet
  facet normal 0.14668 0.989184 0
    outer loop
      vertex 10.8705 -8.41083 4.5
      vertex 11.089 -8.44323 1.2
      vertex 10.8705 -8.41083 1.2
    endloop
  endfacet
  facet normal 0.336899 0.941541 -0
    outer loop
      vertex 11.511 -8.57127 1.2
      vertex 11.3031 -8.49688 4.5
      vertex 11.511 -8.57127 4.5
    endloop
  endfacet
  facet normal 0.336899 0.941541 0
    outer loop
      vertex 11.3031 -8.49688 4.5
      vertex 11.511 -8.57127 1.2
      vertex 11.3031 -8.49688 1.2
    endloop
  endfacet
  facet normal 0.514063 0.857753 -0
    outer loop
      vertex 11.9 -8.77919 1.2
      vertex 11.7106 -8.66568 4.5
      vertex 11.9 -8.77919 4.5
    endloop
  endfacet
  facet normal 0.514063 0.857753 0
    outer loop
      vertex 11.7106 -8.66568 4.5
      vertex 11.9 -8.77919 1.2
      vertex 11.7106 -8.66568 1.2
    endloop
  endfacet
  facet normal -0.97002 0.243026 0
    outer loop
      vertex 8.44323 -10.211 1.2
      vertex 8.49688 -9.99686 4.5
      vertex 8.49688 -9.99686 1.2
    endloop
  endfacet
  facet normal -0.97002 0.243026 0
    outer loop
      vertex 8.49688 -9.99686 4.5
      vertex 8.44323 -10.211 1.2
      vertex 8.44323 -10.211 4.5
    endloop
  endfacet
  facet normal 0.803281 0.595601 0
    outer loop
      vertex 12.5 -9.37191 4.5
      vertex 12.3893 -9.22261 1.2
      vertex 12.3893 -9.22261 4.5
    endloop
  endfacet
  facet normal 0.803281 0.595601 0
    outer loop
      vertex 12.3893 -9.22261 1.2
      vertex 12.5 -9.37191 4.5
      vertex 12.5 -9.37191 1.2
    endloop
  endfacet
  facet normal -0.671563 0.740948 0
    outer loop
      vertex 9.22261 -8.91073 1.2
      vertex 9.05901 -9.05901 4.5
      vertex 9.22261 -8.91073 4.5
    endloop
  endfacet
  facet normal -0.671563 0.740948 0
    outer loop
      vertex 9.05901 -9.05901 4.5
      vertex 9.22261 -8.91073 1.2
      vertex 9.05901 -9.05901 1.2
    endloop
  endfacet
  facet normal -0.595601 -0.803281 0
    outer loop
      vertex 9.22261 -12.3893 1.2
      vertex 9.37191 -12.5 4.5
      vertex 9.22261 -12.3893 4.5
    endloop
  endfacet
  facet normal -0.595601 -0.803281 -0
    outer loop
      vertex 9.37191 -12.5 4.5
      vertex 9.22261 -12.3893 1.2
      vertex 9.37191 -12.5 1.2
    endloop
  endfacet
  facet normal -0.903978 0.427578 0
    outer loop
      vertex 8.57127 -9.78896 1.2
      vertex 8.66568 -9.58936 4.5
      vertex 8.66568 -9.58936 1.2
    endloop
  endfacet
  facet normal -0.903978 0.427578 0
    outer loop
      vertex 8.66568 -9.58936 4.5
      vertex 8.57127 -9.78896 1.2
      vertex 8.57127 -9.78896 4.5
    endloop
  endfacet
  facet normal -0.0490565 0.998796 0
    outer loop
      vertex 10.65 -8.4 1.2
      vertex 10.4295 -8.41083 4.5
      vertex 10.65 -8.4 4.5
    endloop
  endfacet
  facet normal -0.0490565 0.998796 0
    outer loop
      vertex 10.4295 -8.41083 4.5
      vertex 10.65 -8.4 1.2
      vertex 10.4295 -8.41083 1.2
    endloop
  endfacet
  facet normal -0.740948 -0.671563 0
    outer loop
      vertex 9.05901 -12.241 1.2
      vertex 8.91073 -12.0774 4.5
      vertex 8.91073 -12.0774 1.2
    endloop
  endfacet
  facet normal -0.740948 -0.671563 0
    outer loop
      vertex 8.91073 -12.0774 4.5
      vertex 9.05901 -12.241 1.2
      vertex 9.05901 -12.241 4.5
    endloop
  endfacet
  facet normal -0.80327 -0.595615 0
    outer loop
      vertex 8.91073 -12.0774 1.2
      vertex 8.77919 -11.9 4.5
      vertex 8.77919 -11.9 1.2
    endloop
  endfacet
  facet normal -0.80327 -0.595615 0
    outer loop
      vertex 8.77919 -11.9 4.5
      vertex 8.91073 -12.0774 1.2
      vertex 8.91073 -12.0774 4.5
    endloop
  endfacet
  facet normal -0.970009 -0.243069 0
    outer loop
      vertex 8.49688 -11.3031 1.2
      vertex 8.44323 -11.089 4.5
      vertex 8.44323 -11.089 1.2
    endloop
  endfacet
  facet normal -0.970009 -0.243069 0
    outer loop
      vertex 8.44323 -11.089 4.5
      vertex 8.49688 -11.3031 1.2
      vertex 8.49688 -11.3031 4.5
    endloop
  endfacet
  facet normal -0.989184 0.14668 0
    outer loop
      vertex 8.41083 -10.4295 1.2
      vertex 8.44323 -10.211 4.5
      vertex 8.44323 -10.211 1.2
    endloop
  endfacet
  facet normal -0.989184 0.14668 0
    outer loop
      vertex 8.44323 -10.211 4.5
      vertex 8.41083 -10.4295 1.2
      vertex 8.41083 -10.4295 4.5
    endloop
  endfacet
  facet normal -0.998796 0.0490565 0
    outer loop
      vertex 8.4 -10.65 1.2
      vertex 8.41083 -10.4295 4.5
      vertex 8.41083 -10.4295 1.2
    endloop
  endfacet
  facet normal -0.998796 0.0490565 0
    outer loop
      vertex 8.41083 -10.4295 4.5
      vertex 8.4 -10.65 1.2
      vertex 8.4 -10.65 4.5
    endloop
  endfacet
  facet normal -0.857753 -0.514063 0
    outer loop
      vertex 8.77919 -11.9 1.2
      vertex 8.66568 -11.7106 4.5
      vertex 8.66568 -11.7106 1.2
    endloop
  endfacet
  facet normal -0.857753 -0.514063 0
    outer loop
      vertex 8.66568 -11.7106 4.5
      vertex 8.77919 -11.9 1.2
      vertex 8.77919 -11.9 4.5
    endloop
  endfacet
  facet normal -0.0490565 -0.998796 0
    outer loop
      vertex 10.4295 8.41083 1.2
      vertex 10.65 8.4 4.5
      vertex 10.4295 8.41083 4.5
    endloop
  endfacet
  facet normal -0.0490565 -0.998796 -0
    outer loop
      vertex 10.65 8.4 4.5
      vertex 10.4295 8.41083 1.2
      vertex 10.65 8.4 1.2
    endloop
  endfacet
  facet normal 0.803281 -0.595601 0
    outer loop
      vertex 12.3893 9.22261 4.5
      vertex 12.5 9.37191 1.2
      vertex 12.5 9.37191 4.5
    endloop
  endfacet
  facet normal 0.803281 -0.595601 0
    outer loop
      vertex 12.5 9.37191 1.2
      vertex 12.3893 9.22261 4.5
      vertex 12.3893 9.22261 1.2
    endloop
  endfacet
  facet normal 0.243069 -0.970009 0
    outer loop
      vertex 11.089 8.44323 1.2
      vertex 11.3031 8.49688 4.5
      vertex 11.089 8.44323 4.5
    endloop
  endfacet
  facet normal 0.243069 -0.970009 0
    outer loop
      vertex 11.3031 8.49688 4.5
      vertex 11.089 8.44323 1.2
      vertex 11.3031 8.49688 1.2
    endloop
  endfacet
  facet normal -0.80327 0.595615 0
    outer loop
      vertex 8.77919 11.9 1.2
      vertex 8.91073 12.0774 4.5
      vertex 8.91073 12.0774 1.2
    endloop
  endfacet
  facet normal -0.80327 0.595615 0
    outer loop
      vertex 8.91073 12.0774 4.5
      vertex 8.77919 11.9 1.2
      vertex 8.77919 11.9 4.5
    endloop
  endfacet
  facet normal -0.857741 -0.514083 0
    outer loop
      vertex 8.77919 9.39997 1.2
      vertex 8.66568 9.58936 4.5
      vertex 8.66568 9.58936 1.2
    endloop
  endfacet
  facet normal -0.857741 -0.514083 0
    outer loop
      vertex 8.66568 9.58936 4.5
      vertex 8.77919 9.39997 1.2
      vertex 8.77919 9.39997 4.5
    endloop
  endfacet
  facet normal 0.336899 -0.941541 0
    outer loop
      vertex 11.3031 8.49688 1.2
      vertex 11.511 8.57127 4.5
      vertex 11.3031 8.49688 4.5
    endloop
  endfacet
  facet normal 0.336899 -0.941541 0
    outer loop
      vertex 11.511 8.57127 4.5
      vertex 11.3031 8.49688 1.2
      vertex 11.511 8.57127 1.2
    endloop
  endfacet
  facet normal -0.903978 -0.427578 0
    outer loop
      vertex 8.66568 9.58936 1.2
      vertex 8.57127 9.78896 4.5
      vertex 8.57127 9.78896 1.2
    endloop
  endfacet
  facet normal -0.903978 -0.427578 0
    outer loop
      vertex 8.57127 9.78896 4.5
      vertex 8.66568 9.58936 1.2
      vertex 8.66568 9.58936 4.5
    endloop
  endfacet
  facet normal -0.671563 -0.740948 0
    outer loop
      vertex 9.05901 9.05901 1.2
      vertex 9.22261 8.91073 4.5
      vertex 9.05901 9.05901 4.5
    endloop
  endfacet
  facet normal -0.671563 -0.740948 -0
    outer loop
      vertex 9.22261 8.91073 4.5
      vertex 9.05901 9.05901 1.2
      vertex 9.22261 8.91073 1.2
    endloop
  endfacet
  facet normal -0.740948 -0.671563 0
    outer loop
      vertex 9.05901 9.05901 1.2
      vertex 8.91073 9.22261 4.5
      vertex 8.91073 9.22261 1.2
    endloop
  endfacet
  facet normal -0.740948 -0.671563 0
    outer loop
      vertex 8.91073 9.22261 4.5
      vertex 9.05901 9.05901 1.2
      vertex 9.05901 9.05901 4.5
    endloop
  endfacet
  facet normal 0.740902 -0.671613 0
    outer loop
      vertex 12.241 9.05901 4.5
      vertex 12.3893 9.22261 1.2
      vertex 12.3893 9.22261 4.5
    endloop
  endfacet
  facet normal 0.740902 -0.671613 0
    outer loop
      vertex 12.3893 9.22261 1.2
      vertex 12.241 9.05901 4.5
      vertex 12.241 9.05901 1.2
    endloop
  endfacet
  facet normal -0.989184 0.14668 0
    outer loop
      vertex 8.41083 10.8705 1.2
      vertex 8.44323 11.089 4.5
      vertex 8.44323 11.089 1.2
    endloop
  endfacet
  facet normal -0.989184 0.14668 0
    outer loop
      vertex 8.44323 11.089 4.5
      vertex 8.41083 10.8705 1.2
      vertex 8.41083 10.8705 4.5
    endloop
  endfacet
  facet normal -0.903978 0.427578 0
    outer loop
      vertex 8.57127 11.511 1.2
      vertex 8.66568 11.7106 4.5
      vertex 8.66568 11.7106 1.2
    endloop
  endfacet
  facet normal -0.903978 0.427578 0
    outer loop
      vertex 8.66568 11.7106 4.5
      vertex 8.57127 11.511 1.2
      vertex 8.57127 11.511 4.5
    endloop
  endfacet
  facet normal -0.740948 0.671563 0
    outer loop
      vertex 8.91073 12.0774 1.2
      vertex 9.05901 12.241 4.5
      vertex 9.05901 12.241 1.2
    endloop
  endfacet
  facet normal -0.740948 0.671563 0
    outer loop
      vertex 9.05901 12.241 4.5
      vertex 8.91073 12.0774 1.2
      vertex 8.91073 12.0774 4.5
    endloop
  endfacet
  facet normal -0.941541 -0.336899 0
    outer loop
      vertex 8.57127 9.78896 1.2
      vertex 8.49688 9.99686 4.5
      vertex 8.49688 9.99686 1.2
    endloop
  endfacet
  facet normal -0.941541 -0.336899 0
    outer loop
      vertex 8.49688 9.99686 4.5
      vertex 8.57127 9.78896 1.2
      vertex 8.57127 9.78896 4.5
    endloop
  endfacet
  facet normal -0.989184 -0.14668 0
    outer loop
      vertex 8.44323 10.211 1.2
      vertex 8.41083 10.4295 4.5
      vertex 8.41083 10.4295 1.2
    endloop
  endfacet
  facet normal -0.989184 -0.14668 0
    outer loop
      vertex 8.41083 10.4295 4.5
      vertex 8.44323 10.211 1.2
      vertex 8.44323 10.211 4.5
    endloop
  endfacet
  facet normal 0.427578 -0.903978 0
    outer loop
      vertex 11.511 8.57127 1.2
      vertex 11.7106 8.66568 4.5
      vertex 11.511 8.57127 4.5
    endloop
  endfacet
  facet normal 0.427578 -0.903978 0
    outer loop
      vertex 11.7106 8.66568 4.5
      vertex 11.511 8.57127 1.2
      vertex 11.7106 8.66568 1.2
    endloop
  endfacet
  facet normal 0.14668 -0.989184 0
    outer loop
      vertex 10.8705 8.41083 1.2
      vertex 11.089 8.44323 4.5
      vertex 10.8705 8.41083 4.5
    endloop
  endfacet
  facet normal 0.14668 -0.989184 0
    outer loop
      vertex 11.089 8.44323 4.5
      vertex 10.8705 8.41083 1.2
      vertex 11.089 8.44323 1.2
    endloop
  endfacet
  facet normal -0.243026 -0.97002 0
    outer loop
      vertex 9.99686 8.49688 1.2
      vertex 10.211 8.44323 4.5
      vertex 9.99686 8.49688 4.5
    endloop
  endfacet
  facet normal -0.243026 -0.97002 -0
    outer loop
      vertex 10.211 8.44323 4.5
      vertex 9.99686 8.49688 1.2
      vertex 10.211 8.44323 1.2
    endloop
  endfacet
  facet normal -0.671613 0.740902 0
    outer loop
      vertex 9.22261 12.3893 1.2
      vertex 9.05901 12.241 4.5
      vertex 9.22261 12.3893 4.5
    endloop
  endfacet
  facet normal -0.671613 0.740902 0
    outer loop
      vertex 9.05901 12.241 4.5
      vertex 9.22261 12.3893 1.2
      vertex 9.05901 12.241 1.2
    endloop
  endfacet
  facet normal -0.857753 0.514063 0
    outer loop
      vertex 8.66568 11.7106 1.2
      vertex 8.77919 11.9 4.5
      vertex 8.77919 11.9 1.2
    endloop
  endfacet
  facet normal -0.857753 0.514063 0
    outer loop
      vertex 8.77919 11.9 4.5
      vertex 8.66568 11.7106 1.2
      vertex 8.66568 11.7106 4.5
    endloop
  endfacet
  facet normal -0.803206 -0.595702 0
    outer loop
      vertex 8.91073 9.22261 1.2
      vertex 8.77919 9.39997 4.5
      vertex 8.77919 9.39997 1.2
    endloop
  endfacet
  facet normal -0.803206 -0.595702 0
    outer loop
      vertex 8.77919 9.39997 4.5
      vertex 8.91073 9.22261 1.2
      vertex 8.91073 9.22261 4.5
    endloop
  endfacet
  facet normal -0.14668 -0.989184 0
    outer loop
      vertex 10.211 8.44323 1.2
      vertex 10.4295 8.41083 4.5
      vertex 10.211 8.44323 4.5
    endloop
  endfacet
  facet normal -0.14668 -0.989184 -0
    outer loop
      vertex 10.4295 8.41083 4.5
      vertex 10.211 8.44323 1.2
      vertex 10.4295 8.41083 1.2
    endloop
  endfacet
  facet normal -0.595702 -0.803206 0
    outer loop
      vertex 9.22261 8.91073 1.2
      vertex 9.39997 8.77919 4.5
      vertex 9.22261 8.91073 4.5
    endloop
  endfacet
  facet normal -0.595702 -0.803206 -0
    outer loop
      vertex 9.39997 8.77919 4.5
      vertex 9.22261 8.91073 1.2
      vertex 9.39997 8.77919 1.2
    endloop
  endfacet
  facet normal 0.0490565 -0.998796 0
    outer loop
      vertex 10.65 8.4 1.2
      vertex 10.8705 8.41083 4.5
      vertex 10.65 8.4 4.5
    endloop
  endfacet
  facet normal 0.0490565 -0.998796 0
    outer loop
      vertex 10.8705 8.41083 4.5
      vertex 10.65 8.4 1.2
      vertex 10.8705 8.41083 1.2
    endloop
  endfacet
  facet normal 0.514063 -0.857753 0
    outer loop
      vertex 11.7106 8.66568 1.2
      vertex 11.9 8.77919 4.5
      vertex 11.7106 8.66568 4.5
    endloop
  endfacet
  facet normal 0.514063 -0.857753 0
    outer loop
      vertex 11.9 8.77919 4.5
      vertex 11.7106 8.66568 1.2
      vertex 11.9 8.77919 1.2
    endloop
  endfacet
  facet normal -0.970009 0.243069 0
    outer loop
      vertex 8.44323 11.089 1.2
      vertex 8.49688 11.3031 4.5
      vertex 8.49688 11.3031 1.2
    endloop
  endfacet
  facet normal -0.970009 0.243069 0
    outer loop
      vertex 8.49688 11.3031 4.5
      vertex 8.44323 11.089 1.2
      vertex 8.44323 11.089 4.5
    endloop
  endfacet
  facet normal -0.514083 -0.857741 0
    outer loop
      vertex 9.39997 8.77919 1.2
      vertex 9.58936 8.66568 4.5
      vertex 9.39997 8.77919 4.5
    endloop
  endfacet
  facet normal -0.514083 -0.857741 -0
    outer loop
      vertex 9.58936 8.66568 4.5
      vertex 9.39997 8.77919 1.2
      vertex 9.58936 8.66568 1.2
    endloop
  endfacet
  facet normal -0.595601 0.803281 0
    outer loop
      vertex 9.37191 12.5 1.2
      vertex 9.22261 12.3893 4.5
      vertex 9.37191 12.5 4.5
    endloop
  endfacet
  facet normal -0.595601 0.803281 0
    outer loop
      vertex 9.22261 12.3893 4.5
      vertex 9.37191 12.5 1.2
      vertex 9.22261 12.3893 1.2
    endloop
  endfacet
  facet normal -0.998796 0.0490565 0
    outer loop
      vertex 8.4 10.65 1.2
      vertex 8.41083 10.8705 4.5
      vertex 8.41083 10.8705 1.2
    endloop
  endfacet
  facet normal -0.998796 0.0490565 0
    outer loop
      vertex 8.41083 10.8705 4.5
      vertex 8.4 10.65 1.2
      vertex 8.4 10.65 4.5
    endloop
  endfacet
  facet normal -0.97002 -0.243026 0
    outer loop
      vertex 8.49688 9.99686 1.2
      vertex 8.44323 10.211 4.5
      vertex 8.44323 10.211 1.2
    endloop
  endfacet
  facet normal -0.97002 -0.243026 0
    outer loop
      vertex 8.44323 10.211 4.5
      vertex 8.49688 9.99686 1.2
      vertex 8.49688 9.99686 4.5
    endloop
  endfacet
  facet normal 0.671563 -0.740948 0
    outer loop
      vertex 12.0774 8.91073 1.2
      vertex 12.241 9.05901 4.5
      vertex 12.0774 8.91073 4.5
    endloop
  endfacet
  facet normal 0.671563 -0.740948 0
    outer loop
      vertex 12.241 9.05901 4.5
      vertex 12.0774 8.91073 1.2
      vertex 12.241 9.05901 1.2
    endloop
  endfacet
  facet normal -0.998796 -0.0490565 0
    outer loop
      vertex 8.41083 10.4295 1.2
      vertex 8.4 10.65 4.5
      vertex 8.4 10.65 1.2
    endloop
  endfacet
  facet normal -0.998796 -0.0490565 0
    outer loop
      vertex 8.4 10.65 4.5
      vertex 8.41083 10.4295 1.2
      vertex 8.41083 10.4295 4.5
    endloop
  endfacet
  facet normal -0.941541 0.336899 0
    outer loop
      vertex 8.49688 11.3031 1.2
      vertex 8.57127 11.511 4.5
      vertex 8.57127 11.511 1.2
    endloop
  endfacet
  facet normal -0.941541 0.336899 0
    outer loop
      vertex 8.57127 11.511 4.5
      vertex 8.49688 11.3031 1.2
      vertex 8.49688 11.3031 4.5
    endloop
  endfacet
  facet normal 0.595615 -0.80327 0
    outer loop
      vertex 11.9 8.77919 1.2
      vertex 12.0774 8.91073 4.5
      vertex 11.9 8.77919 4.5
    endloop
  endfacet
  facet normal 0.595615 -0.80327 0
    outer loop
      vertex 12.0774 8.91073 4.5
      vertex 11.9 8.77919 1.2
      vertex 12.0774 8.91073 1.2
    endloop
  endfacet
  facet normal -0.427578 -0.903978 0
    outer loop
      vertex 9.58936 8.66568 1.2
      vertex 9.78896 8.57127 4.5
      vertex 9.58936 8.66568 4.5
    endloop
  endfacet
  facet normal -0.427578 -0.903978 -0
    outer loop
      vertex 9.78896 8.57127 4.5
      vertex 9.58936 8.66568 1.2
      vertex 9.78896 8.57127 1.2
    endloop
  endfacet
  facet normal -0.336899 -0.941541 0
    outer loop
      vertex 9.78896 8.57127 1.2
      vertex 9.99686 8.49688 4.5
      vertex 9.78896 8.57127 4.5
    endloop
  endfacet
  facet normal -0.336899 -0.941541 -0
    outer loop
      vertex 9.99686 8.49688 4.5
      vertex 9.78896 8.57127 1.2
      vertex 9.99686 8.49688 1.2
    endloop
  endfacet
  facet normal 0.427543 0.903995 -0
    outer loop
      vertex 11.1785 12.2048 0
      vertex 10.9567 12.3097 4.5
      vertex 11.1785 12.2048 4.5
    endloop
  endfacet
  facet normal 0.427543 0.903995 0
    outer loop
      vertex 10.9567 12.3097 4.5
      vertex 11.1785 12.2048 0
      vertex 10.9567 12.3097 0
    endloop
  endfacet
  facet normal 0.0489209 -0.998803 0
    outer loop
      vertex 10 -12.5 0
      vertex 10.245 -12.488 4.5
      vertex 10 -12.5 4.5
    endloop
  endfacet
  facet normal 0.0489209 -0.998803 0
    outer loop
      vertex 10.245 -12.488 4.5
      vertex 10 -12.5 0
      vertex 10.245 -12.488 0
    endloop
  endfacet
  facet normal 0 -1 0
    outer loop
      vertex -10 -12.5 4.5
      vertex -9.37191 -12.5 1.2
      vertex -9.37191 -12.5 4.5
    endloop
  endfacet
  facet normal 0 -1 -0
    outer loop
      vertex -9.37191 -12.5 1.2
      vertex -10 -12.5 0
      vertex 9.37191 -12.5 1.2
    endloop
  endfacet
  facet normal 0 -1 0
    outer loop
      vertex -10 -12.5 0
      vertex -9.37191 -12.5 1.2
      vertex -10 -12.5 4.5
    endloop
  endfacet
  facet normal 0 -1 0
    outer loop
      vertex 9.37191 -12.5 1.2
      vertex 10 -12.5 4.5
      vertex 9.37191 -12.5 4.5
    endloop
  endfacet
  facet normal 0 -1 0
    outer loop
      vertex 9.37191 -12.5 1.2
      vertex 10 -12.5 0
      vertex 10 -12.5 4.5
    endloop
  endfacet
  facet normal 0 -1 0
    outer loop
      vertex 10 -12.5 0
      vertex 9.37191 -12.5 1.2
      vertex -10 -12.5 0
    endloop
  endfacet
  facet normal -0.998803 -0.0489209 0
    outer loop
      vertex -12.488 -10.245 0
      vertex -12.5 -10 4.5
      vertex -12.5 -10 0
    endloop
  endfacet
  facet normal -0.998803 -0.0489209 0
    outer loop
      vertex -12.5 -10 4.5
      vertex -12.488 -10.245 0
      vertex -12.488 -10.245 4.5
    endloop
  endfacet
  facet normal -0.0489209 0.998803 0
    outer loop
      vertex -10 12.5 0
      vertex -10.245 12.488 4.5
      vertex -10 12.5 4.5
    endloop
  endfacet
  facet normal -0.0489209 0.998803 0
    outer loop
      vertex -10.245 12.488 4.5
      vertex -10 12.5 0
      vertex -10.245 12.488 0
    endloop
  endfacet
  facet normal 0.0489209 0.998803 -0
    outer loop
      vertex 10.245 12.488 0
      vertex 10 12.5 4.5
      vertex 10.245 12.488 4.5
    endloop
  endfacet
  facet normal 0.0489209 0.998803 0
    outer loop
      vertex 10 12.5 4.5
      vertex 10.245 12.488 0
      vertex 10 12.5 0
    endloop
  endfacet
  facet normal -1 0 0
    outer loop
      vertex -12.5 10 0
      vertex -12.5 9.37191 1.2
      vertex -12.5 10 4.5
    endloop
  endfacet
  facet normal -1 0 0
    outer loop
      vertex -12.5 10 0
      vertex -12.5 -9.37191 1.2
      vertex -12.5 9.37191 1.2
    endloop
  endfacet
  facet normal -1 0 0
    outer loop
      vertex -12.5 -10 0
      vertex -12.5 -9.37191 1.2
      vertex -12.5 10 0
    endloop
  endfacet
  facet normal -1 0 0
    outer loop
      vertex -12.5 -10 4.5
      vertex -12.5 -9.37191 1.2
      vertex -12.5 -10 0
    endloop
  endfacet
  facet normal -1 0 0
    outer loop
      vertex -12.5 -9.37191 1.2
      vertex -12.5 -10 4.5
      vertex -12.5 -9.37191 4.5
    endloop
  endfacet
  facet normal -1 -0 0
    outer loop
      vertex -12.5 10 4.5
      vertex -12.5 9.37191 1.2
      vertex -12.5 9.37191 4.5
    endloop
  endfacet
  facet normal 0 1 0
    outer loop
      vertex 10 12.5 4.5
      vertex 9.37191 12.5 1.2
      vertex 9.37191 12.5 4.5
    endloop
  endfacet
  facet normal 0 1 -0
    outer loop
      vertex 10 12.5 0
      vertex 9.37191 12.5 1.2
      vertex 10 12.5 4.5
    endloop
  endfacet
  facet normal 0 1 0
    outer loop
      vertex 5.25 12.5 0
      vertex 9.37191 12.5 1.2
      vertex 10 12.5 0
    endloop
  endfacet
  facet normal 0 1 0
    outer loop
      vertex 9.37191 12.5 1.2
      vertex 5.25 12.5 0
      vertex 5.25 12.5 1.2
    endloop
  endfacet
  facet normal 0 1 0
    outer loop
      vertex -5.25 12.5 1.2
      vertex -5.25 12.5 0
      vertex -9.37191 12.5 1.2
    endloop
  endfacet
  facet normal 0 1 -0
    outer loop
      vertex -9.37191 12.5 1.2
      vertex -10 12.5 4.5
      vertex -9.37191 12.5 4.5
    endloop
  endfacet
  facet normal 0 1 0
    outer loop
      vertex -9.37191 12.5 1.2
      vertex -10 12.5 0
      vertex -10 12.5 4.5
    endloop
  endfacet
  facet normal 0 1 0
    outer loop
      vertex -10 12.5 0
      vertex -9.37191 12.5 1.2
      vertex -5.25 12.5 0
    endloop
  endfacet
  facet normal -0.903995 0.427543 0
    outer loop
      vertex -12.3097 10.9567 0
      vertex -12.2048 11.1785 4.5
      vertex -12.2048 11.1785 0
    endloop
  endfacet
  facet normal -0.903995 0.427543 0
    outer loop
      vertex -12.2048 11.1785 4.5
      vertex -12.3097 10.9567 0
      vertex -12.3097 10.9567 4.5
    endloop
  endfacet
  facet normal 0.903995 -0.427543 0
    outer loop
      vertex 12.2048 -11.1785 4.5
      vertex 12.3097 -10.9567 0
      vertex 12.3097 -10.9567 4.5
    endloop
  endfacet
  facet normal 0.903995 -0.427543 0
    outer loop
      vertex 12.3097 -10.9567 0
      vertex 12.2048 -11.1785 4.5
      vertex 12.2048 -11.1785 0
    endloop
  endfacet
  facet normal 0.998803 0.0489209 0
    outer loop
      vertex 12.5 10 4.5
      vertex 12.488 10.245 0
      vertex 12.488 10.245 4.5
    endloop
  endfacet
  facet normal 0.998803 0.0489209 0
    outer loop
      vertex 12.488 10.245 0
      vertex 12.5 10 4.5
      vertex 12.5 10 0
    endloop
  endfacet
  facet normal 1 0 0
    outer loop
      vertex 12.5 -9.37191 4.5
      vertex 12.5 -10 4.5
      vertex 12.5 -9.37191 1.2
    endloop
  endfacet
  facet normal 1 0 0
    outer loop
      vertex 12.5 9.37191 1.2
      vertex 12.5 10 4.5
      vertex 12.5 9.37191 4.5
    endloop
  endfacet
  facet normal 1 0 0
    outer loop
      vertex 12.5 10 4.5
      vertex 12.5 9.37191 1.2
      vertex 12.5 10 0
    endloop
  endfacet
  facet normal 1 -0 0
    outer loop
      vertex 12.5 -9.37191 1.2
      vertex 12.5 10 0
      vertex 12.5 9.37191 1.2
    endloop
  endfacet
  facet normal 1 0 0
    outer loop
      vertex 12.5 -9.37191 1.2
      vertex 12.5 -10 0
      vertex 12.5 10 0
    endloop
  endfacet
  facet normal 1 0 0
    outer loop
      vertex 12.5 -10 0
      vertex 12.5 -9.37191 1.2
      vertex 12.5 -10 4.5
    endloop
  endfacet
  facet normal -0.671394 0.741101 0
    outer loop
      vertex -11.586 11.9325 0
      vertex -11.7678 11.7678 4.5
      vertex -11.586 11.9325 4.5
    endloop
  endfacet
  facet normal -0.671394 0.741101 0
    outer loop
      vertex -11.7678 11.7678 4.5
      vertex -11.586 11.9325 0
      vertex -11.7678 11.7678 0
    endloop
  endfacet
  facet normal 0.242919 0.970047 -0
    outer loop
      vertex 10.7257 12.3924 0
      vertex 10.4877 12.452 4.5
      vertex 10.7257 12.3924 4.5
    endloop
  endfacet
  facet normal 0.242919 0.970047 0
    outer loop
      vertex 10.4877 12.452 4.5
      vertex 10.7257 12.3924 0
      vertex 10.4877 12.452 0
    endloop
  endfacet
  facet normal -0.857745 0.514076 0
    outer loop
      vertex -12.2048 11.1785 0
      vertex -12.0787 11.3889 4.5
      vertex -12.0787 11.3889 0
    endloop
  endfacet
  facet normal -0.857745 0.514076 0
    outer loop
      vertex -12.0787 11.3889 4.5
      vertex -12.2048 11.1785 0
      vertex -12.2048 11.1785 4.5
    endloop
  endfacet
  facet normal 0.998803 -0.0489209 0
    outer loop
      vertex 12.488 -10.245 4.5
      vertex 12.5 -10 0
      vertex 12.5 -10 4.5
    endloop
  endfacet
  facet normal 0.998803 -0.0489209 0
    outer loop
      vertex 12.5 -10 0
      vertex 12.488 -10.245 4.5
      vertex 12.488 -10.245 0
    endloop
  endfacet
  facet normal -0.803167 0.595754 0
    outer loop
      vertex -12.0787 11.3889 0
      vertex -11.9325 11.586 4.5
      vertex -11.9325 11.586 0
    endloop
  endfacet
  facet normal -0.803167 0.595754 0
    outer loop
      vertex -11.9325 11.586 4.5
      vertex -12.0787 11.3889 0
      vertex -12.0787 11.3889 4.5
    endloop
  endfacet
  facet normal -0.741101 0.671394 0
    outer loop
      vertex -11.9325 11.586 0
      vertex -11.7678 11.7678 4.5
      vertex -11.7678 11.7678 0
    endloop
  endfacet
  facet normal -0.741101 0.671394 0
    outer loop
      vertex -11.7678 11.7678 4.5
      vertex -11.9325 11.586 0
      vertex -11.9325 11.586 4.5
    endloop
  endfacet
  facet normal -0.337059 0.941483 0
    outer loop
      vertex -10.7257 12.3924 0
      vertex -10.9567 12.3097 4.5
      vertex -10.7257 12.3924 4.5
    endloop
  endfacet
  facet normal -0.337059 0.941483 0
    outer loop
      vertex -10.9567 12.3097 4.5
      vertex -10.7257 12.3924 0
      vertex -10.9567 12.3097 0
    endloop
  endfacet
  facet normal 0.941483 0.337059 0
    outer loop
      vertex 12.3924 10.7257 4.5
      vertex 12.3097 10.9567 0
      vertex 12.3097 10.9567 4.5
    endloop
  endfacet
  facet normal 0.941483 0.337059 0
    outer loop
      vertex 12.3097 10.9567 0
      vertex 12.3924 10.7257 4.5
      vertex 12.3924 10.7257 0
    endloop
  endfacet
  facet normal 0.146726 -0.989177 0
    outer loop
      vertex 10.245 -12.488 0
      vertex 10.4877 -12.452 4.5
      vertex 10.245 -12.488 4.5
    endloop
  endfacet
  facet normal 0.146726 -0.989177 0
    outer loop
      vertex 10.4877 -12.452 4.5
      vertex 10.245 -12.488 0
      vertex 10.4877 -12.452 0
    endloop
  endfacet
  facet normal -0.146726 0.989177 0
    outer loop
      vertex -10.245 12.488 0
      vertex -10.4877 12.452 4.5
      vertex -10.245 12.488 4.5
    endloop
  endfacet
  facet normal -0.146726 0.989177 0
    outer loop
      vertex -10.4877 12.452 4.5
      vertex -10.245 12.488 0
      vertex -10.4877 12.452 0
    endloop
  endfacet
  facet normal 0.857745 -0.514076 0
    outer loop
      vertex 12.0787 -11.3889 4.5
      vertex 12.2048 -11.1785 0
      vertex 12.2048 -11.1785 4.5
    endloop
  endfacet
  facet normal 0.857745 -0.514076 0
    outer loop
      vertex 12.2048 -11.1785 0
      vertex 12.0787 -11.3889 4.5
      vertex 12.0787 -11.3889 0
    endloop
  endfacet
  facet normal -0.941483 0.337059 0
    outer loop
      vertex -12.3924 10.7257 0
      vertex -12.3097 10.9567 4.5
      vertex -12.3097 10.9567 0
    endloop
  endfacet
  facet normal -0.941483 0.337059 0
    outer loop
      vertex -12.3097 10.9567 4.5
      vertex -12.3924 10.7257 0
      vertex -12.3924 10.7257 4.5
    endloop
  endfacet
  facet normal 0.514076 -0.857745 0
    outer loop
      vertex 11.1785 -12.2048 0
      vertex 11.3889 -12.0787 4.5
      vertex 11.1785 -12.2048 4.5
    endloop
  endfacet
  facet normal 0.514076 -0.857745 0
    outer loop
      vertex 11.3889 -12.0787 4.5
      vertex 11.1785 -12.2048 0
      vertex 11.3889 -12.0787 0
    endloop
  endfacet
  facet normal 0.146726 0.989177 -0
    outer loop
      vertex 10.4877 12.452 0
      vertex 10.245 12.488 4.5
      vertex 10.4877 12.452 4.5
    endloop
  endfacet
  facet normal 0.146726 0.989177 0
    outer loop
      vertex 10.245 12.488 4.5
      vertex 10.4877 12.452 0
      vertex 10.245 12.488 0
    endloop
  endfacet
  facet normal -0.514076 0.857745 0
    outer loop
      vertex -11.1785 12.2048 0
      vertex -11.3889 12.0787 4.5
      vertex -11.1785 12.2048 4.5
    endloop
  endfacet
  facet normal -0.514076 0.857745 0
    outer loop
      vertex -11.3889 12.0787 4.5
      vertex -11.1785 12.2048 0
      vertex -11.3889 12.0787 0
    endloop
  endfacet
  facet normal 0.970047 -0.242919 0
    outer loop
      vertex 12.3924 -10.7257 4.5
      vertex 12.452 -10.4877 0
      vertex 12.452 -10.4877 4.5
    endloop
  endfacet
  facet normal 0.970047 -0.242919 0
    outer loop
      vertex 12.452 -10.4877 0
      vertex 12.3924 -10.7257 4.5
      vertex 12.3924 -10.7257 0
    endloop
  endfacet
  facet normal -0.941483 -0.337059 0
    outer loop
      vertex -12.3097 -10.9567 0
      vertex -12.3924 -10.7257 4.5
      vertex -12.3924 -10.7257 0
    endloop
  endfacet
  facet normal -0.941483 -0.337059 0
    outer loop
      vertex -12.3924 -10.7257 4.5
      vertex -12.3097 -10.9567 0
      vertex -12.3097 -10.9567 4.5
    endloop
  endfacet
  facet normal -0.595754 0.803167 0
    outer loop
      vertex -11.3889 12.0787 0
      vertex -11.586 11.9325 4.5
      vertex -11.3889 12.0787 4.5
    endloop
  endfacet
  facet normal -0.595754 0.803167 0
    outer loop
      vertex -11.586 11.9325 4.5
      vertex -11.3889 12.0787 0
      vertex -11.586 11.9325 0
    endloop
  endfacet
  facet normal -0.242919 -0.970047 0
    outer loop
      vertex -10.7257 -12.3924 0
      vertex -10.4877 -12.452 4.5
      vertex -10.7257 -12.3924 4.5
    endloop
  endfacet
  facet normal -0.242919 -0.970047 -0
    outer loop
      vertex -10.4877 -12.452 4.5
      vertex -10.7257 -12.3924 0
      vertex -10.4877 -12.452 0
    endloop
  endfacet
  facet normal 0.803167 -0.595754 0
    outer loop
      vertex 11.9325 -11.586 4.5
      vertex 12.0787 -11.3889 0
      vertex 12.0787 -11.3889 4.5
    endloop
  endfacet
  facet normal 0.803167 -0.595754 0
    outer loop
      vertex 12.0787 -11.3889 0
      vertex 11.9325 -11.586 4.5
      vertex 11.9325 -11.586 0
    endloop
  endfacet
  facet normal 0.671394 0.741101 -0
    outer loop
      vertex 11.7678 11.7678 0
      vertex 11.586 11.9325 4.5
      vertex 11.7678 11.7678 4.5
    endloop
  endfacet
  facet normal 0.671394 0.741101 0
    outer loop
      vertex 11.586 11.9325 4.5
      vertex 11.7678 11.7678 0
      vertex 11.586 11.9325 0
    endloop
  endfacet
  facet normal -0.427543 -0.903995 0
    outer loop
      vertex -11.1785 -12.2048 0
      vertex -10.9567 -12.3097 4.5
      vertex -11.1785 -12.2048 4.5
    endloop
  endfacet
  facet normal -0.427543 -0.903995 -0
    outer loop
      vertex -10.9567 -12.3097 4.5
      vertex -11.1785 -12.2048 0
      vertex -10.9567 -12.3097 0
    endloop
  endfacet
  facet normal 0.803167 0.595754 0
    outer loop
      vertex 12.0787 11.3889 4.5
      vertex 11.9325 11.586 0
      vertex 11.9325 11.586 4.5
    endloop
  endfacet
  facet normal 0.803167 0.595754 0
    outer loop
      vertex 11.9325 11.586 0
      vertex 12.0787 11.3889 4.5
      vertex 12.0787 11.3889 0
    endloop
  endfacet
  facet normal -0.989177 -0.146726 0
    outer loop
      vertex -12.452 -10.4877 0
      vertex -12.488 -10.245 4.5
      vertex -12.488 -10.245 0
    endloop
  endfacet
  facet normal -0.989177 -0.146726 0
    outer loop
      vertex -12.488 -10.245 4.5
      vertex -12.452 -10.4877 0
      vertex -12.452 -10.4877 4.5
    endloop
  endfacet
  facet normal 0.941483 -0.337059 0
    outer loop
      vertex 12.3097 -10.9567 4.5
      vertex 12.3924 -10.7257 0
      vertex 12.3924 -10.7257 4.5
    endloop
  endfacet
  facet normal 0.941483 -0.337059 0
    outer loop
      vertex 12.3924 -10.7257 0
      vertex 12.3097 -10.9567 4.5
      vertex 12.3097 -10.9567 0
    endloop
  endfacet
  facet normal 0.595754 -0.803167 0
    outer loop
      vertex 11.3889 -12.0787 0
      vertex 11.586 -11.9325 4.5
      vertex 11.3889 -12.0787 4.5
    endloop
  endfacet
  facet normal 0.595754 -0.803167 0
    outer loop
      vertex 11.586 -11.9325 4.5
      vertex 11.3889 -12.0787 0
      vertex 11.586 -11.9325 0
    endloop
  endfacet
  facet normal 0.970047 0.242919 0
    outer loop
      vertex 12.452 10.4877 4.5
      vertex 12.3924 10.7257 0
      vertex 12.3924 10.7257 4.5
    endloop
  endfacet
  facet normal 0.970047 0.242919 0
    outer loop
      vertex 12.3924 10.7257 0
      vertex 12.452 10.4877 4.5
      vertex 12.452 10.4877 0
    endloop
  endfacet
  facet normal -0.671394 -0.741101 0
    outer loop
      vertex -11.7678 -11.7678 0
      vertex -11.586 -11.9325 4.5
      vertex -11.7678 -11.7678 4.5
    endloop
  endfacet
  facet normal -0.671394 -0.741101 -0
    outer loop
      vertex -11.586 -11.9325 4.5
      vertex -11.7678 -11.7678 0
      vertex -11.586 -11.9325 0
    endloop
  endfacet
  facet normal 0.242919 -0.970047 0
    outer loop
      vertex 10.4877 -12.452 0
      vertex 10.7257 -12.3924 4.5
      vertex 10.4877 -12.452 4.5
    endloop
  endfacet
  facet normal 0.242919 -0.970047 0
    outer loop
      vertex 10.7257 -12.3924 4.5
      vertex 10.4877 -12.452 0
      vertex 10.7257 -12.3924 0
    endloop
  endfacet
  facet normal -0.970047 -0.242919 0
    outer loop
      vertex -12.3924 -10.7257 0
      vertex -12.452 -10.4877 4.5
      vertex -12.452 -10.4877 0
    endloop
  endfacet
  facet normal -0.970047 -0.242919 0
    outer loop
      vertex -12.452 -10.4877 4.5
      vertex -12.3924 -10.7257 0
      vertex -12.3924 -10.7257 4.5
    endloop
  endfacet
  facet normal 0.989177 0.146726 0
    outer loop
      vertex 12.488 10.245 4.5
      vertex 12.452 10.4877 0
      vertex 12.452 10.4877 4.5
    endloop
  endfacet
  facet normal 0.989177 0.146726 0
    outer loop
      vertex 12.452 10.4877 0
      vertex 12.488 10.245 4.5
      vertex 12.488 10.245 0
    endloop
  endfacet
  facet normal 0.671394 -0.741101 0
    outer loop
      vertex 11.586 -11.9325 0
      vertex 11.7678 -11.7678 4.5
      vertex 11.586 -11.9325 4.5
    endloop
  endfacet
  facet normal 0.671394 -0.741101 0
    outer loop
      vertex 11.7678 -11.7678 4.5
      vertex 11.586 -11.9325 0
      vertex 11.7678 -11.7678 0
    endloop
  endfacet
  facet normal -0.998803 0.0489209 0
    outer loop
      vertex -12.5 10 0
      vertex -12.488 10.245 4.5
      vertex -12.488 10.245 0
    endloop
  endfacet
  facet normal -0.998803 0.0489209 0
    outer loop
      vertex -12.488 10.245 4.5
      vertex -12.5 10 0
      vertex -12.5 10 4.5
    endloop
  endfacet
  facet normal 0.337059 -0.941483 0
    outer loop
      vertex 10.7257 -12.3924 0
      vertex 10.9567 -12.3097 4.5
      vertex 10.7257 -12.3924 4.5
    endloop
  endfacet
  facet normal 0.337059 -0.941483 0
    outer loop
      vertex 10.9567 -12.3097 4.5
      vertex 10.7257 -12.3924 0
      vertex 10.9567 -12.3097 0
    endloop
  endfacet
  facet normal 0.595754 0.803167 -0
    outer loop
      vertex 11.586 11.9325 0
      vertex 11.3889 12.0787 4.5
      vertex 11.586 11.9325 4.5
    endloop
  endfacet
  facet normal 0.595754 0.803167 0
    outer loop
      vertex 11.3889 12.0787 4.5
      vertex 11.586 11.9325 0
      vertex 11.3889 12.0787 0
    endloop
  endfacet
  facet normal -0.242919 0.970047 0
    outer loop
      vertex -10.4877 12.452 0
      vertex -10.7257 12.3924 4.5
      vertex -10.4877 12.452 4.5
    endloop
  endfacet
  facet normal -0.242919 0.970047 0
    outer loop
      vertex -10.7257 12.3924 4.5
      vertex -10.4877 12.452 0
      vertex -10.7257 12.3924 0
    endloop
  endfacet
  facet normal -0.989177 0.146726 0
    outer loop
      vertex -12.488 10.245 0
      vertex -12.452 10.4877 4.5
      vertex -12.452 10.4877 0
    endloop
  endfacet
  facet normal -0.989177 0.146726 0
    outer loop
      vertex -12.452 10.4877 4.5
      vertex -12.488 10.245 0
      vertex -12.488 10.245 4.5
    endloop
  endfacet
  facet normal 0.903995 0.427543 0
    outer loop
      vertex 12.3097 10.9567 4.5
      vertex 12.2048 11.1785 0
      vertex 12.2048 11.1785 4.5
    endloop
  endfacet
  facet normal 0.903995 0.427543 0
    outer loop
      vertex 12.2048 11.1785 0
      vertex 12.3097 10.9567 4.5
      vertex 12.3097 10.9567 0
    endloop
  endfacet
  facet normal 0.857745 0.514076 0
    outer loop
      vertex 12.2048 11.1785 4.5
      vertex 12.0787 11.3889 0
      vertex 12.0787 11.3889 4.5
    endloop
  endfacet
  facet normal 0.857745 0.514076 0
    outer loop
      vertex 12.0787 11.3889 0
      vertex 12.2048 11.1785 4.5
      vertex 12.2048 11.1785 0
    endloop
  endfacet
  facet normal 0.427543 -0.903995 0
    outer loop
      vertex 10.9567 -12.3097 0
      vertex 11.1785 -12.2048 4.5
      vertex 10.9567 -12.3097 4.5
    endloop
  endfacet
  facet normal 0.427543 -0.903995 0
    outer loop
      vertex 11.1785 -12.2048 4.5
      vertex 10.9567 -12.3097 0
      vertex 11.1785 -12.2048 0
    endloop
  endfacet
  facet normal -0.803167 -0.595754 0
    outer loop
      vertex -11.9325 -11.586 0
      vertex -12.0787 -11.3889 4.5
      vertex -12.0787 -11.3889 0
    endloop
  endfacet
  facet normal -0.803167 -0.595754 0
    outer loop
      vertex -12.0787 -11.3889 4.5
      vertex -11.9325 -11.586 0
      vertex -11.9325 -11.586 4.5
    endloop
  endfacet
  facet normal 0.741101 0.671394 0
    outer loop
      vertex 11.9325 11.586 4.5
      vertex 11.7678 11.7678 0
      vertex 11.7678 11.7678 4.5
    endloop
  endfacet
  facet normal 0.741101 0.671394 0
    outer loop
      vertex 11.7678 11.7678 0
      vertex 11.9325 11.586 4.5
      vertex 11.9325 11.586 0
    endloop
  endfacet
  facet normal 0.741101 -0.671394 0
    outer loop
      vertex 11.7678 -11.7678 4.5
      vertex 11.9325 -11.586 0
      vertex 11.9325 -11.586 4.5
    endloop
  endfacet
  facet normal 0.741101 -0.671394 0
    outer loop
      vertex 11.9325 -11.586 0
      vertex 11.7678 -11.7678 4.5
      vertex 11.7678 -11.7678 0
    endloop
  endfacet
  facet normal -0.741101 -0.671394 0
    outer loop
      vertex -11.7678 -11.7678 0
      vertex -11.9325 -11.586 4.5
      vertex -11.9325 -11.586 0
    endloop
  endfacet
  facet normal -0.741101 -0.671394 0
    outer loop
      vertex -11.9325 -11.586 4.5
      vertex -11.7678 -11.7678 0
      vertex -11.7678 -11.7678 4.5
    endloop
  endfacet
  facet normal -0.595754 -0.803167 0
    outer loop
      vertex -11.586 -11.9325 0
      vertex -11.3889 -12.0787 4.5
      vertex -11.586 -11.9325 4.5
    endloop
  endfacet
  facet normal -0.595754 -0.803167 -0
    outer loop
      vertex -11.3889 -12.0787 4.5
      vertex -11.586 -11.9325 0
      vertex -11.3889 -12.0787 0
    endloop
  endfacet
  facet normal -0.337059 -0.941483 0
    outer loop
      vertex -10.9567 -12.3097 0
      vertex -10.7257 -12.3924 4.5
      vertex -10.9567 -12.3097 4.5
    endloop
  endfacet
  facet normal -0.337059 -0.941483 -0
    outer loop
      vertex -10.7257 -12.3924 4.5
      vertex -10.9567 -12.3097 0
      vertex -10.7257 -12.3924 0
    endloop
  endfacet
  facet normal 0.337059 0.941483 -0
    outer loop
      vertex 10.9567 12.3097 0
      vertex 10.7257 12.3924 4.5
      vertex 10.9567 12.3097 4.5
    endloop
  endfacet
  facet normal 0.337059 0.941483 0
    outer loop
      vertex 10.7257 12.3924 4.5
      vertex 10.9567 12.3097 0
      vertex 10.7257 12.3924 0
    endloop
  endfacet
  facet normal -0.903995 -0.427543 0
    outer loop
      vertex -12.2048 -11.1785 0
      vertex -12.3097 -10.9567 4.5
      vertex -12.3097 -10.9567 0
    endloop
  endfacet
  facet normal -0.903995 -0.427543 0
    outer loop
      vertex -12.3097 -10.9567 4.5
      vertex -12.2048 -11.1785 0
      vertex -12.2048 -11.1785 4.5
    endloop
  endfacet
  facet normal -0.970047 0.242919 0
    outer loop
      vertex -12.452 10.4877 0
      vertex -12.3924 10.7257 4.5
      vertex -12.3924 10.7257 0
    endloop
  endfacet
  facet normal -0.970047 0.242919 0
    outer loop
      vertex -12.3924 10.7257 4.5
      vertex -12.452 10.4877 0
      vertex -12.452 10.4877 4.5
    endloop
  endfacet
  facet normal 0.989177 -0.146726 0
    outer loop
      vertex 12.452 -10.4877 4.5
      vertex 12.488 -10.245 0
      vertex 12.488 -10.245 4.5
    endloop
  endfacet
  facet normal 0.989177 -0.146726 0
    outer loop
      vertex 12.488 -10.245 0
      vertex 12.452 -10.4877 4.5
      vertex 12.452 -10.4877 0
    endloop
  endfacet
  facet normal 0.514076 0.857745 -0
    outer loop
      vertex 11.3889 12.0787 0
      vertex 11.1785 12.2048 4.5
      vertex 11.3889 12.0787 4.5
    endloop
  endfacet
  facet normal 0.514076 0.857745 0
    outer loop
      vertex 11.1785 12.2048 4.5
      vertex 11.3889 12.0787 0
      vertex 11.1785 12.2048 0
    endloop
  endfacet
  facet normal -0.514076 -0.857745 0
    outer loop
      vertex -11.3889 -12.0787 0
      vertex -11.1785 -12.2048 4.5
      vertex -11.3889 -12.0787 4.5
    endloop
  endfacet
  facet normal -0.514076 -0.857745 -0
    outer loop
      vertex -11.1785 -12.2048 4.5
      vertex -11.3889 -12.0787 0
      vertex -11.1785 -12.2048 0
    endloop
  endfacet
  facet normal -0.0489209 -0.998803 0
    outer loop
      vertex -10.245 -12.488 0
      vertex -10 -12.5 4.5
      vertex -10.245 -12.488 4.5
    endloop
  endfacet
  facet normal -0.0489209 -0.998803 -0
    outer loop
      vertex -10 -12.5 4.5
      vertex -10.245 -12.488 0
      vertex -10 -12.5 0
    endloop
  endfacet
  facet normal -0.427543 0.903995 0
    outer loop
      vertex -10.9567 12.3097 0
      vertex -11.1785 12.2048 4.5
      vertex -10.9567 12.3097 4.5
    endloop
  endfacet
  facet normal -0.427543 0.903995 0
    outer loop
      vertex -11.1785 12.2048 4.5
      vertex -10.9567 12.3097 0
      vertex -11.1785 12.2048 0
    endloop
  endfacet
  facet normal -0.146726 -0.989177 0
    outer loop
      vertex -10.4877 -12.452 0
      vertex -10.245 -12.488 4.5
      vertex -10.4877 -12.452 4.5
    endloop
  endfacet
  facet normal -0.146726 -0.989177 -0
    outer loop
      vertex -10.245 -12.488 4.5
      vertex -10.4877 -12.452 0
      vertex -10.245 -12.488 0
    endloop
  endfacet
  facet normal -0.857745 -0.514076 0
    outer loop
      vertex -12.0787 -11.3889 0
      vertex -12.2048 -11.1785 4.5
      vertex -12.2048 -11.1785 0
    endloop
  endfacet
  facet normal -0.857745 -0.514076 0
    outer loop
      vertex -12.2048 -11.1785 4.5
      vertex -12.0787 -11.3889 0
      vertex -12.0787 -11.3889 4.5
    endloop
  endfacet
  facet normal 0 0 1
    outer loop
      vertex -8.49688 9.99686 1.2
      vertex -5.25 12.5 1.2
      vertex -8.44323 10.211 1.2
    endloop
  endfacet
  facet normal 0 0 1
    outer loop
      vertex -5.25 3.5 1.2
      vertex -8.41083 -10.4295 1.2
      vertex -8.4 -10.65 1.2
    endloop
  endfacet
  facet normal 0 0 1
    outer loop
      vertex -8.57127 9.78896 1.2
      vertex -5.25 12.5 1.2
      vertex -8.49688 9.99686 1.2
    endloop
  endfacet
  facet normal 0 0 1
    outer loop
      vertex -5.25 3.5 1.2
      vertex -8.44323 -10.211 1.2
      vertex -8.41083 -10.4295 1.2
    endloop
  endfacet
  facet normal 0 0 1
    outer loop
      vertex -5.25 12.5 1.2
      vertex -8.57127 9.78896 1.2
      vertex -5.25 3.5 1.2
    endloop
  endfacet
  facet normal 0 0 1
    outer loop
      vertex -5.25 3.5 1.2
      vertex -8.49688 -9.99686 1.2
      vertex -8.44323 -10.211 1.2
    endloop
  endfacet
  facet normal -0 0 1
    outer loop
      vertex -8.66568 9.58936 1.2
      vertex -5.25 3.5 1.2
      vertex -8.57127 9.78896 1.2
    endloop
  endfacet
  facet normal 0 0 1
    outer loop
      vertex -5.25 3.5 1.2
      vertex -8.57127 -9.78896 1.2
      vertex -8.49688 -9.99686 1.2
    endloop
  endfacet
  facet normal -0 0 1
    outer loop
      vertex -8.77919 9.39997 1.2
      vertex -5.25 3.5 1.2
      vertex -8.66568 9.58936 1.2
    endloop
  endfacet
  facet normal 0 0 1
    outer loop
      vertex -5.25 3.5 1.2
      vertex -8.66568 -9.58936 1.2
      vertex -8.57127 -9.78896 1.2
    endloop
  endfacet
  facet normal -0 0 1
    outer loop
      vertex -8.91073 9.22261 1.2
      vertex -5.25 3.5 1.2
      vertex -8.77919 9.39997 1.2
    endloop
  endfacet
  facet normal 0 0 1
    outer loop
      vertex -5.25 3.5 1.2
      vertex -8.77919 -9.39997 1.2
      vertex -8.66568 -9.58936 1.2
    endloop
  endfacet
  facet normal -0 0 1
    outer loop
      vertex -9.05901 9.05901 1.2
      vertex -5.25 3.5 1.2
      vertex -8.91073 9.22261 1.2
    endloop
  endfacet
  facet normal 0 0 1
    outer loop
      vertex -5.25 3.5 1.2
      vertex -8.91073 -9.22261 1.2
      vertex -8.77919 -9.39997 1.2
    endloop
  endfacet
  facet normal -0 0 1
    outer loop
      vertex -9.22261 8.91073 1.2
      vertex -5.25 3.5 1.2
      vertex -9.05901 9.05901 1.2
    endloop
  endfacet
  facet normal 0 0 1
    outer loop
      vertex -5.25 3.5 1.2
      vertex -9.05901 -9.05901 1.2
      vertex -8.91073 -9.22261 1.2
    endloop
  endfacet
  facet normal -0 0 1
    outer loop
      vertex -9.39997 8.77919 1.2
      vertex -5.25 3.5 1.2
      vertex -9.22261 8.91073 1.2
    endloop
  endfacet
  facet normal 0 0 1
    outer loop
      vertex -5.25 3.5 1.2
      vertex -9.22261 -8.91073 1.2
      vertex -9.05901 -9.05901 1.2
    endloop
  endfacet
  facet normal -0 0 1
    outer loop
      vertex -9.58936 8.66568 1.2
      vertex -5.25 3.5 1.2
      vertex -9.39997 8.77919 1.2
    endloop
  endfacet
  facet normal 0 0 1
    outer loop
      vertex -5.25 3.5 1.2
      vertex -9.39997 -8.77919 1.2
      vertex -9.22261 -8.91073 1.2
    endloop
  endfacet
  facet normal -0 0 1
    outer loop
      vertex -9.78896 8.57127 1.2
      vertex -5.25 3.5 1.2
      vertex -9.58936 8.66568 1.2
    endloop
  endfacet
  facet normal 0 0 1
    outer loop
      vertex -5.25 3.5 1.2
      vertex -9.58936 -8.66568 1.2
      vertex -9.39997 -8.77919 1.2
    endloop
  endfacet
  facet normal -0 0 1
    outer loop
      vertex -9.99686 8.49688 1.2
      vertex -5.25 3.5 1.2
      vertex -9.78896 8.57127 1.2
    endloop
  endfacet
  facet normal 0 0 1
    outer loop
      vertex -5.25 3.5 1.2
      vertex -9.78896 -8.57127 1.2
      vertex -9.58936 -8.66568 1.2
    endloop
  endfacet
  facet normal -0 0 1
    outer loop
      vertex -10.211 8.44323 1.2
      vertex -5.25 3.5 1.2
      vertex -9.99686 8.49688 1.2
    endloop
  endfacet
  facet normal 0 0 1
    outer loop
      vertex -5.25 3.5 1.2
      vertex -9.99686 -8.49688 1.2
      vertex -9.78896 -8.57127 1.2
    endloop
  endfacet
  facet normal -0 0 1
    outer loop
      vertex -10.4295 8.41083 1.2
      vertex -5.25 3.5 1.2
      vertex -10.211 8.44323 1.2
    endloop
  endfacet
  facet normal 0 0 1
    outer loop
      vertex -5.25 3.5 1.2
      vertex -10.211 -8.44323 1.2
      vertex -9.99686 -8.49688 1.2
    endloop
  endfacet
  facet normal -0 0 1
    outer loop
      vertex -10.65 8.4 1.2
      vertex -5.25 3.5 1.2
      vertex -10.4295 8.41083 1.2
    endloop
  endfacet
  facet normal 0 0 1
    outer loop
      vertex -5.25 3.5 1.2
      vertex -10.4295 -8.41083 1.2
      vertex -10.211 -8.44323 1.2
    endloop
  endfacet
  facet normal 0 0 1
    outer loop
      vertex -10.8705 8.41083 1.2
      vertex -5.25 3.5 1.2
      vertex -10.65 8.4 1.2
    endloop
  endfacet
  facet normal 0 0 1
    outer loop
      vertex -5.25 3.5 1.2
      vertex -10.65 -8.4 1.2
      vertex -10.4295 -8.41083 1.2
    endloop
  endfacet
  facet normal 0 0 1
    outer loop
      vertex -11.089 8.44323 1.2
      vertex -5.25 3.5 1.2
      vertex -10.8705 8.41083 1.2
    endloop
  endfacet
  facet normal 0 0 1
    outer loop
      vertex -5.25 3.5 1.2
      vertex -10.8705 -8.41083 1.2
      vertex -10.65 -8.4 1.2
    endloop
  endfacet
  facet normal 0 0 1
    outer loop
      vertex -11.089 -8.44323 1.2
      vertex -5.25 3.5 1.2
      vertex -11.089 8.44323 1.2
    endloop
  endfacet
  facet normal 0 0 1
    outer loop
      vertex -5.25 3.5 1.2
      vertex -11.089 -8.44323 1.2
      vertex -10.8705 -8.41083 1.2
    endloop
  endfacet
  facet normal 0 0 1
    outer loop
      vertex -11.3031 8.49688 1.2
      vertex -11.089 -8.44323 1.2
      vertex -11.089 8.44323 1.2
    endloop
  endfacet
  facet normal 0 0 1
    outer loop
      vertex -11.3031 8.49688 1.2
      vertex -11.3031 -8.49688 1.2
      vertex -11.089 -8.44323 1.2
    endloop
  endfacet
  facet normal 0 0 1
    outer loop
      vertex -11.511 8.57127 1.2
      vertex -11.3031 -8.49688 1.2
      vertex -11.3031 8.49688 1.2
    endloop
  endfacet
  facet normal 0 0 1
    outer loop
      vertex -11.511 8.57127 1.2
      vertex -11.511 -8.57127 1.2
      vertex -11.3031 -8.49688 1.2
    endloop
  endfacet
  facet normal 0 0 1
    outer loop
      vertex -11.7106 8.66568 1.2
      vertex -11.511 -8.57127 1.2
      vertex -11.511 8.57127 1.2
    endloop
  endfacet
  facet normal 0 0 1
    outer loop
      vertex -11.7106 8.66568 1.2
      vertex -11.7106 -8.66568 1.2
      vertex -11.511 -8.57127 1.2
    endloop
  endfacet
  facet normal 0 0 1
    outer loop
      vertex -11.9 8.77919 1.2
      vertex -11.7106 -8.66568 1.2
      vertex -11.7106 8.66568 1.2
    endloop
  endfacet
  facet normal 0 0 1
    outer loop
      vertex -11.9 8.77919 1.2
      vertex -11.9 -8.77919 1.2
      vertex -11.7106 -8.66568 1.2
    endloop
  endfacet
  facet normal 0 0 1
    outer loop
      vertex -12.0774 8.91073 1.2
      vertex -11.9 -8.77919 1.2
      vertex -11.9 8.77919 1.2
    endloop
  endfacet
  facet normal 0 0 1
    outer loop
      vertex -12.0774 8.91073 1.2
      vertex -12.0774 -8.91073 1.2
      vertex -11.9 -8.77919 1.2
    endloop
  endfacet
  facet normal 0 0 1
    outer loop
      vertex -12.241 9.05901 1.2
      vertex -12.0774 -8.91073 1.2
      vertex -12.0774 8.91073 1.2
    endloop
  endfacet
  facet normal 0 0 1
    outer loop
      vertex -12.241 9.05901 1.2
      vertex -12.241 -9.05901 1.2
      vertex -12.0774 -8.91073 1.2
    endloop
  endfacet
  facet normal 0 0 1
    outer loop
      vertex -12.3893 9.22261 1.2
      vertex -12.241 -9.05901 1.2
      vertex -12.241 9.05901 1.2
    endloop
  endfacet
  facet normal 0 0 1
    outer loop
      vertex -12.3893 9.22261 1.2
      vertex -12.3893 -9.22261 1.2
      vertex -12.241 -9.05901 1.2
    endloop
  endfacet
  facet normal 0 0 1
    outer loop
      vertex -12.5 9.37191 1.2
      vertex -12.3893 -9.22261 1.2
      vertex -12.3893 9.22261 1.2
    endloop
  endfacet
  facet normal 0 0 1
    outer loop
      vertex -12.3893 -9.22261 1.2
      vertex -12.5 9.37191 1.2
      vertex -12.5 -9.37191 1.2
    endloop
  endfacet
  facet normal 0 0 1
    outer loop
      vertex -8.41083 10.4295 1.2
      vertex -5.25 12.5 1.2
      vertex -8.4 10.65 1.2
    endloop
  endfacet
  facet normal 0 0 1
    outer loop
      vertex -5.25 12.5 1.2
      vertex -8.41083 10.8705 1.2
      vertex -8.4 10.65 1.2
    endloop
  endfacet
  facet normal 0 0 1
    outer loop
      vertex -5.25 12.5 1.2
      vertex -8.44323 11.089 1.2
      vertex -8.41083 10.8705 1.2
    endloop
  endfacet
  facet normal 0 0 1
    outer loop
      vertex -5.25 12.5 1.2
      vertex -8.49688 11.3031 1.2
      vertex -8.44323 11.089 1.2
    endloop
  endfacet
  facet normal 0 0 1
    outer loop
      vertex -5.25 12.5 1.2
      vertex -8.57127 11.511 1.2
      vertex -8.49688 11.3031 1.2
    endloop
  endfacet
  facet normal 0 0 1
    outer loop
      vertex -5.25 12.5 1.2
      vertex -8.66568 11.7106 1.2
      vertex -8.57127 11.511 1.2
    endloop
  endfacet
  facet normal 0 0 1
    outer loop
      vertex -5.25 12.5 1.2
      vertex -8.77919 11.9 1.2
      vertex -8.66568 11.7106 1.2
    endloop
  endfacet
  facet normal 0 0 1
    outer loop
      vertex -5.25 12.5 1.2
      vertex -8.91073 12.0774 1.2
      vertex -8.77919 11.9 1.2
    endloop
  endfacet
  facet normal 0 0 1
    outer loop
      vertex -5.25 12.5 1.2
      vertex -9.05901 12.241 1.2
      vertex -8.91073 12.0774 1.2
    endloop
  endfacet
  facet normal 0 0 1
    outer loop
      vertex -5.25 12.5 1.2
      vertex -9.22261 12.3893 1.2
      vertex -9.05901 12.241 1.2
    endloop
  endfacet
  facet normal 0 -0 1
    outer loop
      vertex -9.22261 12.3893 1.2
      vertex -5.25 12.5 1.2
      vertex -9.37191 12.5 1.2
    endloop
  endfacet
  facet normal 0 0 1
    outer loop
      vertex 8.57127 -9.78896 1.2
      vertex -8.4 -10.65 1.2
      vertex 8.49688 -9.99686 1.2
    endloop
  endfacet
  facet normal 0 0 1
    outer loop
      vertex 8.41083 10.8705 1.2
      vertex 5.25 12.5 1.2
      vertex 8.4 10.65 1.2
    endloop
  endfacet
  facet normal 0 0 1
    outer loop
      vertex 8.44323 11.089 1.2
      vertex 5.25 12.5 1.2
      vertex 8.41083 10.8705 1.2
    endloop
  endfacet
  facet normal 0 0 1
    outer loop
      vertex 8.49688 11.3031 1.2
      vertex 5.25 12.5 1.2
      vertex 8.44323 11.089 1.2
    endloop
  endfacet
  facet normal 0 0 1
    outer loop
      vertex 8.57127 11.511 1.2
      vertex 5.25 12.5 1.2
      vertex 8.49688 11.3031 1.2
    endloop
  endfacet
  facet normal 0 0 1
    outer loop
      vertex 8.66568 11.7106 1.2
      vertex 5.25 12.5 1.2
      vertex 8.57127 11.511 1.2
    endloop
  endfacet
  facet normal 0 0 1
    outer loop
      vertex 8.77919 11.9 1.2
      vertex 5.25 12.5 1.2
      vertex 8.66568 11.7106 1.2
    endloop
  endfacet
  facet normal 0 0 1
    outer loop
      vertex 8.91073 12.0774 1.2
      vertex 5.25 12.5 1.2
      vertex 8.77919 11.9 1.2
    endloop
  endfacet
  facet normal 0 0 1
    outer loop
      vertex 9.05901 12.241 1.2
      vertex 5.25 12.5 1.2
      vertex 8.91073 12.0774 1.2
    endloop
  endfacet
  facet normal 0 0 1
    outer loop
      vertex 9.22261 12.3893 1.2
      vertex 5.25 12.5 1.2
      vertex 9.05901 12.241 1.2
    endloop
  endfacet
  facet normal -0 0 1
    outer loop
      vertex 5.25 12.5 1.2
      vertex 9.22261 12.3893 1.2
      vertex 9.37191 12.5 1.2
    endloop
  endfacet
  facet normal -0 0 1
    outer loop
      vertex 12.3893 9.22261 1.2
      vertex 12.5 -9.37191 1.2
      vertex 12.5 9.37191 1.2
    endloop
  endfacet
  facet normal 0 0 1
    outer loop
      vertex 12.3893 9.22261 1.2
      vertex 12.3893 -9.22261 1.2
      vertex 12.5 -9.37191 1.2
    endloop
  endfacet
  facet normal -0 0 1
    outer loop
      vertex 12.241 9.05901 1.2
      vertex 12.3893 -9.22261 1.2
      vertex 12.3893 9.22261 1.2
    endloop
  endfacet
  facet normal 0 0 1
    outer loop
      vertex 12.241 9.05901 1.2
      vertex 12.241 -9.05901 1.2
      vertex 12.3893 -9.22261 1.2
    endloop
  endfacet
  facet normal -0 0 1
    outer loop
      vertex 12.0774 8.91073 1.2
      vertex 12.241 -9.05901 1.2
      vertex 12.241 9.05901 1.2
    endloop
  endfacet
  facet normal 0 0 1
    outer loop
      vertex 12.0774 8.91073 1.2
      vertex 12.0774 -8.91073 1.2
      vertex 12.241 -9.05901 1.2
    endloop
  endfacet
  facet normal -0 0 1
    outer loop
      vertex 11.9 8.77919 1.2
      vertex 12.0774 -8.91073 1.2
      vertex 12.0774 8.91073 1.2
    endloop
  endfacet
  facet normal 0 0 1
    outer loop
      vertex 11.9 8.77919 1.2
      vertex 11.9 -8.77919 1.2
      vertex 12.0774 -8.91073 1.2
    endloop
  endfacet
  facet normal -0 0 1
    outer loop
      vertex 11.7106 8.66568 1.2
      vertex 11.9 -8.77919 1.2
      vertex 11.9 8.77919 1.2
    endloop
  endfacet
  facet normal 0 0 1
    outer loop
      vertex 11.7106 8.66568 1.2
      vertex 11.7106 -8.66568 1.2
      vertex 11.9 -8.77919 1.2
    endloop
  endfacet
  facet normal -0 0 1
    outer loop
      vertex 11.511 8.57127 1.2
      vertex 11.7106 -8.66568 1.2
      vertex 11.7106 8.66568 1.2
    endloop
  endfacet
  facet normal 0 0 1
    outer loop
      vertex 11.511 8.57127 1.2
      vertex 11.511 -8.57127 1.2
      vertex 11.7106 -8.66568 1.2
    endloop
  endfacet
  facet normal -0 0 1
    outer loop
      vertex 11.3031 8.49688 1.2
      vertex 11.511 -8.57127 1.2
      vertex 11.511 8.57127 1.2
    endloop
  endfacet
  facet normal 0 0 1
    outer loop
      vertex 11.3031 8.49688 1.2
      vertex 11.3031 -8.49688 1.2
      vertex 11.511 -8.57127 1.2
    endloop
  endfacet
  facet normal -0 0 1
    outer loop
      vertex 11.089 8.44323 1.2
      vertex 11.3031 -8.49688 1.2
      vertex 11.3031 8.49688 1.2
    endloop
  endfacet
  facet normal 0 0 1
    outer loop
      vertex 11.089 8.44323 1.2
      vertex 11.089 -8.44323 1.2
      vertex 11.3031 -8.49688 1.2
    endloop
  endfacet
  facet normal 0 0 1
    outer loop
      vertex 5.25 3.5 1.2
      vertex 11.089 8.44323 1.2
      vertex 10.8705 8.41083 1.2
    endloop
  endfacet
  facet normal 0 0 1
    outer loop
      vertex 11.089 8.44323 1.2
      vertex 5.25 3.5 1.2
      vertex 11.089 -8.44323 1.2
    endloop
  endfacet
  facet normal 0 0 1
    outer loop
      vertex 5.25 3.5 1.2
      vertex 10.8705 8.41083 1.2
      vertex 10.65 8.4 1.2
    endloop
  endfacet
  facet normal 0 0 1
    outer loop
      vertex 11.089 -8.44323 1.2
      vertex 5.25 3.5 1.2
      vertex 10.8705 -8.41083 1.2
    endloop
  endfacet
  facet normal 0 0 1
    outer loop
      vertex 5.25 3.5 1.2
      vertex 10.65 8.4 1.2
      vertex 10.4295 8.41083 1.2
    endloop
  endfacet
  facet normal 0 0 1
    outer loop
      vertex 10.8705 -8.41083 1.2
      vertex 5.25 3.5 1.2
      vertex 10.65 -8.4 1.2
    endloop
  endfacet
  facet normal 0 0 1
    outer loop
      vertex 5.25 3.5 1.2
      vertex 10.4295 8.41083 1.2
      vertex 10.211 8.44323 1.2
    endloop
  endfacet
  facet normal 0 0 1
    outer loop
      vertex 10.65 -8.4 1.2
      vertex 5.25 3.5 1.2
      vertex 10.4295 -8.41083 1.2
    endloop
  endfacet
  facet normal 0 0 1
    outer loop
      vertex 5.25 3.5 1.2
      vertex 10.211 8.44323 1.2
      vertex 9.99686 8.49688 1.2
    endloop
  endfacet
  facet normal 0 0 1
    outer loop
      vertex 10.4295 -8.41083 1.2
      vertex 5.25 3.5 1.2
      vertex 10.211 -8.44323 1.2
    endloop
  endfacet
  facet normal 0 0 1
    outer loop
      vertex 5.25 3.5 1.2
      vertex 9.99686 8.49688 1.2
      vertex 9.78896 8.57127 1.2
    endloop
  endfacet
  facet normal 0 0 1
    outer loop
      vertex 10.211 -8.44323 1.2
      vertex 5.25 3.5 1.2
      vertex 9.99686 -8.49688 1.2
    endloop
  endfacet
  facet normal 0 0 1
    outer loop
      vertex 5.25 3.5 1.2
      vertex 9.78896 8.57127 1.2
      vertex 9.58936 8.66568 1.2
    endloop
  endfacet
  facet normal 0 0 1
    outer loop
      vertex 9.99686 -8.49688 1.2
      vertex 5.25 3.5 1.2
      vertex 9.78896 -8.57127 1.2
    endloop
  endfacet
  facet normal 0 0 1
    outer loop
      vertex 5.25 3.5 1.2
      vertex 9.58936 8.66568 1.2
      vertex 9.39997 8.77919 1.2
    endloop
  endfacet
  facet normal 0 0 1
    outer loop
      vertex 9.78896 -8.57127 1.2
      vertex 5.25 3.5 1.2
      vertex 9.58936 -8.66568 1.2
    endloop
  endfacet
  facet normal 0 0 1
    outer loop
      vertex 5.25 3.5 1.2
      vertex 9.39997 8.77919 1.2
      vertex 9.22261 8.91073 1.2
    endloop
  endfacet
  facet normal 0 0 1
    outer loop
      vertex 9.58936 -8.66568 1.2
      vertex 5.25 3.5 1.2
      vertex 9.39997 -8.77919 1.2
    endloop
  endfacet
  facet normal 0 0 1
    outer loop
      vertex 5.25 3.5 1.2
      vertex 9.22261 8.91073 1.2
      vertex 9.05901 9.05901 1.2
    endloop
  endfacet
  facet normal 0 0 1
    outer loop
      vertex 9.39997 -8.77919 1.2
      vertex 5.25 3.5 1.2
      vertex 9.22261 -8.91073 1.2
    endloop
  endfacet
  facet normal 0 0 1
    outer loop
      vertex 5.25 3.5 1.2
      vertex 9.05901 9.05901 1.2
      vertex 8.91073 9.22261 1.2
    endloop
  endfacet
  facet normal 0 0 1
    outer loop
      vertex 9.22261 -8.91073 1.2
      vertex 5.25 3.5 1.2
      vertex 9.05901 -9.05901 1.2
    endloop
  endfacet
  facet normal 0 0 1
    outer loop
      vertex 8.66568 9.58936 1.2
      vertex 5.25 3.5 1.2
      vertex 8.77919 9.39997 1.2
    endloop
  endfacet
  facet normal 0 0 1
    outer loop
      vertex 8.77919 9.39997 1.2
      vertex 5.25 3.5 1.2
      vertex 8.91073 9.22261 1.2
    endloop
  endfacet
  facet normal 0 0 1
    outer loop
      vertex 8.57127 9.78896 1.2
      vertex 5.25 3.5 1.2
      vertex 8.66568 9.58936 1.2
    endloop
  endfacet
  facet normal 0 0 1
    outer loop
      vertex 9.05901 -9.05901 1.2
      vertex 5.25 3.5 1.2
      vertex 8.91073 -9.22261 1.2
    endloop
  endfacet
  facet normal 0 0 1
    outer loop
      vertex 5.25 3.5 1.2
      vertex 8.57127 9.78896 1.2
      vertex 5.25 12.5 1.2
    endloop
  endfacet
  facet normal 0 0 1
    outer loop
      vertex 8.91073 -9.22261 1.2
      vertex 5.25 3.5 1.2
      vertex 8.77919 -9.39997 1.2
    endloop
  endfacet
  facet normal 0 0 1
    outer loop
      vertex 5.25 12.5 1.2
      vertex 8.57127 9.78896 1.2
      vertex 8.49688 9.99686 1.2
    endloop
  endfacet
  facet normal 0 0 1
    outer loop
      vertex 8.77919 -9.39997 1.2
      vertex 5.25 3.5 1.2
      vertex 8.66568 -9.58936 1.2
    endloop
  endfacet
  facet normal 0 0 1
    outer loop
      vertex 5.25 12.5 1.2
      vertex 8.49688 9.99686 1.2
      vertex 8.44323 10.211 1.2
    endloop
  endfacet
  facet normal -0 0 1
    outer loop
      vertex -5.25 3.5 1.2
      vertex 8.66568 -9.58936 1.2
      vertex 5.25 3.5 1.2
    endloop
  endfacet
  facet normal 0 0 1
    outer loop
      vertex 5.25 12.5 1.2
      vertex 8.44323 10.211 1.2
      vertex 8.41083 10.4295 1.2
    endloop
  endfacet
  facet normal 0 0 1
    outer loop
      vertex -8.4 -10.65 1.2
      vertex 8.66568 -9.58936 1.2
      vertex -5.25 3.5 1.2
    endloop
  endfacet
  facet normal 0 0 1
    outer loop
      vertex 5.25 12.5 1.2
      vertex 8.41083 10.4295 1.2
      vertex 8.4 10.65 1.2
    endloop
  endfacet
  facet normal 0 0 1
    outer loop
      vertex 8.66568 -9.58936 1.2
      vertex -8.4 -10.65 1.2
      vertex 8.57127 -9.78896 1.2
    endloop
  endfacet
  facet normal 0 0 1
    outer loop
      vertex 8.44323 -10.211 1.2
      vertex -8.4 -10.65 1.2
      vertex 8.41083 -10.4295 1.2
    endloop
  endfacet
  facet normal 0 0 1
    outer loop
      vertex 8.41083 -10.4295 1.2
      vertex -8.4 -10.65 1.2
      vertex 8.4 -10.65 1.2
    endloop
  endfacet
  facet normal 0 0 1
    outer loop
      vertex 8.4 -10.65 1.2
      vertex -8.4 -10.65 1.2
      vertex 8.41083 -10.8705 1.2
    endloop
  endfacet
  facet normal 0 0 1
    outer loop
      vertex 8.49688 -9.99686 1.2
      vertex -8.4 -10.65 1.2
      vertex 8.44323 -10.211 1.2
    endloop
  endfacet
  facet normal 0 0 1
    outer loop
      vertex -8.41083 -10.8705 1.2
      vertex 8.41083 -10.8705 1.2
      vertex -8.4 -10.65 1.2
    endloop
  endfacet
  facet normal 0 0 1
    outer loop
      vertex 8.41083 -10.8705 1.2
      vertex -8.41083 -10.8705 1.2
      vertex 8.44323 -11.089 1.2
    endloop
  endfacet
  facet normal 0 0 1
    outer loop
      vertex -8.44323 -11.089 1.2
      vertex 8.44323 -11.089 1.2
      vertex -8.41083 -10.8705 1.2
    endloop
  endfacet
  facet normal 0 0 1
    outer loop
      vertex 8.44323 -11.089 1.2
      vertex -8.44323 -11.089 1.2
      vertex 8.49688 -11.3031 1.2
    endloop
  endfacet
  facet normal 0 0 1
    outer loop
      vertex -8.49688 -11.3031 1.2
      vertex 8.49688 -11.3031 1.2
      vertex -8.44323 -11.089 1.2
    endloop
  endfacet
  facet normal 0 0 1
    outer loop
      vertex 8.49688 -11.3031 1.2
      vertex -8.49688 -11.3031 1.2
      vertex 8.57127 -11.511 1.2
    endloop
  endfacet
  facet normal 0 0 1
    outer loop
      vertex -8.44323 10.211 1.2
      vertex -5.25 12.5 1.2
      vertex -8.41083 10.4295 1.2
    endloop
  endfacet
  facet normal 0 0 1
    outer loop
      vertex -8.57127 -11.511 1.2
      vertex 8.57127 -11.511 1.2
      vertex -8.49688 -11.3031 1.2
    endloop
  endfacet
  facet normal 0 0 1
    outer loop
      vertex 8.57127 -11.511 1.2
      vertex -8.57127 -11.511 1.2
      vertex 8.66568 -11.7106 1.2
    endloop
  endfacet
  facet normal 0 0 1
    outer loop
      vertex -8.66568 -11.7106 1.2
      vertex 8.66568 -11.7106 1.2
      vertex -8.57127 -11.511 1.2
    endloop
  endfacet
  facet normal 0 0 1
    outer loop
      vertex 8.66568 -11.7106 1.2
      vertex -8.66568 -11.7106 1.2
      vertex 8.77919 -11.9 1.2
    endloop
  endfacet
  facet normal 0 0 1
    outer loop
      vertex -8.77919 -11.9 1.2
      vertex 8.77919 -11.9 1.2
      vertex -8.66568 -11.7106 1.2
    endloop
  endfacet
  facet normal 0 0 1
    outer loop
      vertex 8.77919 -11.9 1.2
      vertex -8.77919 -11.9 1.2
      vertex 8.91073 -12.0774 1.2
    endloop
  endfacet
  facet normal 0 0 1
    outer loop
      vertex -8.91073 -12.0774 1.2
      vertex 8.91073 -12.0774 1.2
      vertex -8.77919 -11.9 1.2
    endloop
  endfacet
  facet normal 0 0 1
    outer loop
      vertex 8.91073 -12.0774 1.2
      vertex -8.91073 -12.0774 1.2
      vertex 9.05901 -12.241 1.2
    endloop
  endfacet
  facet normal 0 0 1
    outer loop
      vertex -9.05901 -12.241 1.2
      vertex 9.05901 -12.241 1.2
      vertex -8.91073 -12.0774 1.2
    endloop
  endfacet
  facet normal 0 0 1
    outer loop
      vertex 9.05901 -12.241 1.2
      vertex -9.05901 -12.241 1.2
      vertex 9.22261 -12.3893 1.2
    endloop
  endfacet
  facet normal 0 0 1
    outer loop
      vertex -9.22261 -12.3893 1.2
      vertex 9.22261 -12.3893 1.2
      vertex -9.05901 -12.241 1.2
    endloop
  endfacet
  facet normal 0 0 1
    outer loop
      vertex 9.22261 -12.3893 1.2
      vertex -9.22261 -12.3893 1.2
      vertex 9.37191 -12.5 1.2
    endloop
  endfacet
  facet normal 0 0 1
    outer loop
      vertex 9.37191 -12.5 1.2
      vertex -9.22261 -12.3893 1.2
      vertex -9.37191 -12.5 1.2
    endloop
  endfacet
  facet normal -0.98918 -0.14671 0
    outer loop
      vertex -9.5553 -10.5422 0.799999
      vertex -9.57114 -10.4354 4.5
      vertex -9.57114 -10.4354 0.799999
    endloop
  endfacet
  facet normal -0.98918 -0.14671 0
    outer loop
      vertex -9.57114 -10.4354 4.5
      vertex -9.5553 -10.5422 0.799999
      vertex -9.5553 -10.5422 4.5
    endloop
  endfacet
  facet normal -0.998794 -0.0491058 0
    outer loop
      vertex -9.55 -10.65 0.799999
      vertex -9.5553 -10.5422 4.5
      vertex -9.5553 -10.5422 0.799999
    endloop
  endfacet
  facet normal -0.998794 -0.0491058 0
    outer loop
      vertex -9.5553 -10.5422 4.5
      vertex -9.55 -10.65 0.799999
      vertex -9.55 -10.65 4.5
    endloop
  endfacet
  facet normal -0.970022 -0.243015 0
    outer loop
      vertex -9.57114 -10.4354 0.799999
      vertex -9.59737 -10.3307 4.5
      vertex -9.59737 -10.3307 0.799999
    endloop
  endfacet
  facet normal -0.970022 -0.243015 0
    outer loop
      vertex -9.59737 -10.3307 4.5
      vertex -9.57114 -10.4354 0.799999
      vertex -9.57114 -10.4354 4.5
    endloop
  endfacet
  facet normal -0.514019 -0.857779 0
    outer loop
      vertex -10.1315 -9.67989 0.799999
      vertex -10.0389 -9.73538 4.5
      vertex -10.1315 -9.67989 4.5
    endloop
  endfacet
  facet normal -0.514019 -0.857779 -0
    outer loop
      vertex -10.0389 -9.73538 4.5
      vertex -10.1315 -9.67989 0.799999
      vertex -10.0389 -9.73538 0.799999
    endloop
  endfacet
  facet normal 0.903681 0.428206 0
    outer loop
      vertex -11.6201 -11.1685 4.5
      vertex -11.6663 -11.071 0
      vertex -11.6663 -11.071 4.5
    endloop
  endfacet
  facet normal 0.903681 0.428206 0
    outer loop
      vertex -11.6663 -11.071 0
      vertex -11.6201 -11.1685 4.5
      vertex -11.6201 -11.1685 0
    endloop
  endfacet
  facet normal 0.595752 -0.803168 0
    outer loop
      vertex -11.3478 -9.79969 0.799999
      vertex -11.2611 -9.73538 4.5
      vertex -11.3478 -9.79969 4.5
    endloop
  endfacet
  facet normal 0.595752 -0.803168 0
    outer loop
      vertex -11.2611 -9.73538 4.5
      vertex -11.3478 -9.79969 0.799999
      vertex -11.2611 -9.73538 0.799999
    endloop
  endfacet
  facet normal -0.0491058 0.998794 0
    outer loop
      vertex -10.5422 -11.7447 0
      vertex -10.65 -11.75 4.5
      vertex -10.5422 -11.7447 4.5
    endloop
  endfacet
  facet normal -0.0491058 0.998794 0
    outer loop
      vertex -10.65 -11.75 4.5
      vertex -10.5422 -11.7447 0
      vertex -10.65 -11.75 0
    endloop
  endfacet
  facet normal 0.969869 -0.243625 0
    outer loop
      vertex -11.7289 -10.4354 4.5
      vertex -11.7026 -10.3307 0
      vertex -11.7026 -10.3307 4.5
    endloop
  endfacet
  facet normal 0.969869 -0.243625 0
    outer loop
      vertex -11.7026 -10.3307 0
      vertex -11.7289 -10.4354 4.5
      vertex -11.7289 -10.4354 0
    endloop
  endfacet
  facet normal 0.514087 0.857738 -0
    outer loop
      vertex -11.1685 -11.6201 0
      vertex -11.2611 -11.5646 4.5
      vertex -11.1685 -11.6201 4.5
    endloop
  endfacet
  facet normal 0.514087 0.857738 0
    outer loop
      vertex -11.2611 -11.5646 4.5
      vertex -11.1685 -11.6201 0
      vertex -11.2611 -11.5646 0
    endloop
  endfacet
  facet normal -0.428206 0.903681 0
    outer loop
      vertex -10.1315 -11.6201 0
      vertex -10.229 -11.6663 4.5
      vertex -10.1315 -11.6201 4.5
    endloop
  endfacet
  facet normal -0.428206 0.903681 0
    outer loop
      vertex -10.229 -11.6663 4.5
      vertex -10.1315 -11.6201 0
      vertex -10.229 -11.6663 0
    endloop
  endfacet
  facet normal -0.514087 0.857738 0
    outer loop
      vertex -10.0389 -11.5646 0
      vertex -10.1315 -11.6201 4.5
      vertex -10.0389 -11.5646 4.5
    endloop
  endfacet
  facet normal -0.514087 0.857738 0
    outer loop
      vertex -10.1315 -11.6201 4.5
      vertex -10.0389 -11.5646 0
      vertex -10.1315 -11.6201 0
    endloop
  endfacet
  facet normal 0.14671 -0.98918 0
    outer loop
      vertex -10.8646 -9.57114 0.799999
      vertex -10.7578 -9.5553 4.5
      vertex -10.8646 -9.57114 4.5
    endloop
  endfacet
  facet normal 0.14671 -0.98918 0
    outer loop
      vertex -10.7578 -9.5553 4.5
      vertex -10.8646 -9.57114 0.799999
      vertex -10.7578 -9.5553 0.799999
    endloop
  endfacet
  facet normal -0.903825 -0.427903 0
    outer loop
      vertex -9.63373 -10.229 0.799999
      vertex -9.67989 -10.1315 4.5
      vertex -9.67989 -10.1315 0.799999
    endloop
  endfacet
  facet normal -0.903825 -0.427903 0
    outer loop
      vertex -9.67989 -10.1315 4.5
      vertex -9.63373 -10.229 0.799999
      vertex -9.63373 -10.229 4.5
    endloop
  endfacet
  facet normal 0.146347 0.989233 -0
    outer loop
      vertex -10.7578 -11.7447 0
      vertex -10.8646 -11.7289 4.5
      vertex -10.7578 -11.7447 4.5
    endloop
  endfacet
  facet normal 0.146347 0.989233 0
    outer loop
      vertex -10.8646 -11.7289 4.5
      vertex -10.7578 -11.7447 0
      vertex -10.8646 -11.7289 0
    endloop
  endfacet
  facet normal -0.14671 -0.98918 0
    outer loop
      vertex -10.5422 -9.5553 0.799999
      vertex -10.4354 -9.57114 4.5
      vertex -10.5422 -9.5553 4.5
    endloop
  endfacet
  facet normal -0.14671 -0.98918 -0
    outer loop
      vertex -10.4354 -9.57114 4.5
      vertex -10.5422 -9.5553 0.799999
      vertex -10.4354 -9.57114 0.799999
    endloop
  endfacet
  facet normal -0.741033 0.671469 0
    outer loop
      vertex -9.87218 -11.4278 0.799999
      vertex -9.79969 -11.3478 4.5
      vertex -9.79969 -11.3478 0.799999
    endloop
  endfacet
  facet normal -0.741033 0.671469 0
    outer loop
      vertex -9.79969 -11.3478 4.5
      vertex -9.87218 -11.4278 0.799999
      vertex -9.87218 -11.4278 4.5
    endloop
  endfacet
  facet normal 0.969869 0.243625 0
    outer loop
      vertex -11.7026 -10.9693 4.5
      vertex -11.7289 -10.8646 0
      vertex -11.7289 -10.8646 4.5
    endloop
  endfacet
  facet normal 0.969869 0.243625 0
    outer loop
      vertex -11.7289 -10.8646 0
      vertex -11.7026 -10.9693 4.5
      vertex -11.7026 -10.9693 0
    endloop
  endfacet
  facet normal 0.0491058 -0.998794 0
    outer loop
      vertex -10.7578 -9.5553 0.799999
      vertex -10.65 -9.55 4.5
      vertex -10.7578 -9.5553 4.5
    endloop
  endfacet
  facet normal 0.0491058 -0.998794 0
    outer loop
      vertex -10.65 -9.55 4.5
      vertex -10.7578 -9.5553 0.799999
      vertex -10.65 -9.55 0.799999
    endloop
  endfacet
  facet normal 0.514019 -0.857779 0
    outer loop
      vertex -11.2611 -9.73538 0.799999
      vertex -11.1685 -9.67989 4.5
      vertex -11.2611 -9.73538 4.5
    endloop
  endfacet
  facet normal 0.514019 -0.857779 0
    outer loop
      vertex -11.1685 -9.67989 4.5
      vertex -11.2611 -9.73538 0.799999
      vertex -11.1685 -9.67989 0.799999
    endloop
  endfacet
  facet normal -0.803267 -0.59562 0
    outer loop
      vertex -9.73538 -10.0389 0.799999
      vertex -9.79969 -9.95217 4.5
      vertex -9.79969 -9.95217 0.799999
    endloop
  endfacet
  facet normal -0.803267 -0.59562 0
    outer loop
      vertex -9.79969 -9.95217 4.5
      vertex -9.73538 -10.0389 0.799999
      vertex -9.73538 -10.0389 4.5
    endloop
  endfacet
  facet normal 0.857738 -0.514087 0
    outer loop
      vertex -11.6201 -10.1315 4.5
      vertex -11.5646 -10.0389 0
      vertex -11.5646 -10.0389 4.5
    endloop
  endfacet
  facet normal 0.857738 -0.514087 0
    outer loop
      vertex -11.5646 -10.0389 0
      vertex -11.6201 -10.1315 4.5
      vertex -11.6201 -10.1315 0
    endloop
  endfacet
  facet normal -0.98918 0.14671 0
    outer loop
      vertex -9.57114 -10.8646 0.799999
      vertex -9.5553 -10.7578 4.5
      vertex -9.5553 -10.7578 0.799999
    endloop
  endfacet
  facet normal -0.98918 0.14671 0
    outer loop
      vertex -9.5553 -10.7578 4.5
      vertex -9.57114 -10.8646 0.799999
      vertex -9.57114 -10.8646 4.5
    endloop
  endfacet
  facet normal -0.243625 0.969869 0
    outer loop
      vertex -10.3307 -11.7026 0
      vertex -10.4354 -11.7289 4.5
      vertex -10.3307 -11.7026 4.5
    endloop
  endfacet
  facet normal -0.243625 0.969869 0
    outer loop
      vertex -10.4354 -11.7289 4.5
      vertex -10.3307 -11.7026 0
      vertex -10.4354 -11.7289 0
    endloop
  endfacet
  facet normal 0.740945 -0.671566 0
    outer loop
      vertex -11.5003 -9.95217 4.5
      vertex -11.4278 -9.87218 0.799999
      vertex -11.4278 -9.87218 4.5
    endloop
  endfacet
  facet normal 0.740945 -0.671566 0
    outer loop
      vertex -11.5003 -9.95217 0
      vertex -11.4278 -9.87218 0.799999
      vertex -11.5003 -9.95217 4.5
    endloop
  endfacet
  facet normal 0.740945 -0.671566 0
    outer loop
      vertex -11.4278 -9.87218 0.799999
      vertex -11.5003 -9.95217 0
      vertex -11.4278 -9.87218 0
    endloop
  endfacet
  facet normal 0.740987 0.671519 0
    outer loop
      vertex -11.4278 -11.4278 4.5
      vertex -11.5003 -11.3478 0
      vertex -11.5003 -11.3478 4.5
    endloop
  endfacet
  facet normal 0.740987 0.671519 0
    outer loop
      vertex -11.5003 -11.3478 0
      vertex -11.4278 -11.4278 4.5
      vertex -11.4278 -11.4278 0
    endloop
  endfacet
  facet normal -0.857779 0.514019 0
    outer loop
      vertex -9.73538 -11.2611 0.799999
      vertex -9.67989 -11.1685 4.5
      vertex -9.67989 -11.1685 0.799999
    endloop
  endfacet
  facet normal -0.857779 0.514019 0
    outer loop
      vertex -9.67989 -11.1685 4.5
      vertex -9.73538 -11.2611 0.799999
      vertex -9.73538 -11.2611 4.5
    endloop
  endfacet
  facet normal 0.336653 -0.941629 0
    outer loop
      vertex -11.071 -9.63373 0.799999
      vertex -10.9693 -9.59737 4.5
      vertex -11.071 -9.63373 4.5
    endloop
  endfacet
  facet normal 0.336653 -0.941629 0
    outer loop
      vertex -10.9693 -9.59737 4.5
      vertex -11.071 -9.63373 0.799999
      vertex -10.9693 -9.59737 0.799999
    endloop
  endfacet
  facet normal -0.903825 0.427903 0
    outer loop
      vertex -9.67989 -11.1685 0.799999
      vertex -9.63373 -11.071 4.5
      vertex -9.63373 -11.071 0.799999
    endloop
  endfacet
  facet normal -0.903825 0.427903 0
    outer loop
      vertex -9.63373 -11.071 4.5
      vertex -9.67989 -11.1685 0.799999
      vertex -9.67989 -11.1685 4.5
    endloop
  endfacet
  facet normal -0.146347 0.989233 0
    outer loop
      vertex -10.4354 -11.7289 0
      vertex -10.5422 -11.7447 4.5
      vertex -10.4354 -11.7289 4.5
    endloop
  endfacet
  facet normal -0.146347 0.989233 0
    outer loop
      vertex -10.5422 -11.7447 4.5
      vertex -10.4354 -11.7289 0
      vertex -10.5422 -11.7447 0
    endloop
  endfacet
  facet normal 0.998794 0.0491058 0
    outer loop
      vertex -11.7447 -10.7578 4.5
      vertex -11.75 -10.65 0
      vertex -11.75 -10.65 4.5
    endloop
  endfacet
  facet normal 0.998794 0.0491058 0
    outer loop
      vertex -11.75 -10.65 0
      vertex -11.7447 -10.7578 4.5
      vertex -11.7447 -10.7578 0
    endloop
  endfacet
  facet normal -0.941629 -0.336653 0
    outer loop
      vertex -9.59737 -10.3307 0.799999
      vertex -9.63373 -10.229 4.5
      vertex -9.63373 -10.229 0.799999
    endloop
  endfacet
  facet normal -0.941629 -0.336653 0
    outer loop
      vertex -9.63373 -10.229 4.5
      vertex -9.59737 -10.3307 0.799999
      vertex -9.59737 -10.3307 4.5
    endloop
  endfacet
  facet normal -0.243015 -0.970022 0
    outer loop
      vertex -10.4354 -9.57114 0.799999
      vertex -10.3307 -9.59737 4.5
      vertex -10.4354 -9.57114 4.5
    endloop
  endfacet
  facet normal -0.243015 -0.970022 -0
    outer loop
      vertex -10.3307 -9.59737 4.5
      vertex -10.4354 -9.57114 0.799999
      vertex -10.3307 -9.59737 0.799999
    endloop
  endfacet
  facet normal 0.428206 0.903681 -0
    outer loop
      vertex -11.071 -11.6663 0
      vertex -11.1685 -11.6201 4.5
      vertex -11.071 -11.6663 4.5
    endloop
  endfacet
  facet normal 0.428206 0.903681 0
    outer loop
      vertex -11.1685 -11.6201 4.5
      vertex -11.071 -11.6663 0
      vertex -11.1685 -11.6201 0
    endloop
  endfacet
  facet normal 0.0491058 0.998794 -0
    outer loop
      vertex -10.65 -11.75 0
      vertex -10.7578 -11.7447 4.5
      vertex -10.65 -11.75 4.5
    endloop
  endfacet
  facet normal 0.0491058 0.998794 0
    outer loop
      vertex -10.7578 -11.7447 4.5
      vertex -10.65 -11.75 0
      vertex -10.7578 -11.7447 0
    endloop
  endfacet
  facet normal -0.336653 -0.941629 0
    outer loop
      vertex -10.3307 -9.59737 0.799999
      vertex -10.229 -9.63373 4.5
      vertex -10.3307 -9.59737 4.5
    endloop
  endfacet
  facet normal -0.336653 -0.941629 -0
    outer loop
      vertex -10.229 -9.63373 4.5
      vertex -10.3307 -9.59737 0.799999
      vertex -10.229 -9.63373 0.799999
    endloop
  endfacet
  facet normal -0.59562 -0.803267 0
    outer loop
      vertex -10.0389 -9.73538 0.799999
      vertex -9.95217 -9.79969 4.5
      vertex -10.0389 -9.73538 4.5
    endloop
  endfacet
  facet normal -0.59562 -0.803267 -0
    outer loop
      vertex -9.95217 -9.79969 4.5
      vertex -10.0389 -9.73538 0.799999
      vertex -9.95217 -9.79969 0.799999
    endloop
  endfacet
  facet normal 0.671519 0.740987 -0
    outer loop
      vertex -11.3478 -11.5003 0
      vertex -11.4278 -11.4278 4.5
      vertex -11.3478 -11.5003 4.5
    endloop
  endfacet
  facet normal 0.671519 0.740987 0
    outer loop
      vertex -11.4278 -11.4278 4.5
      vertex -11.3478 -11.5003 0
      vertex -11.4278 -11.4278 0
    endloop
  endfacet
  facet normal -0.941629 0.336653 0
    outer loop
      vertex -9.63373 -11.071 0.799999
      vertex -9.59737 -10.9693 4.5
      vertex -9.59737 -10.9693 0.799999
    endloop
  endfacet
  facet normal -0.941629 0.336653 0
    outer loop
      vertex -9.59737 -10.9693 4.5
      vertex -9.63373 -11.071 0.799999
      vertex -9.63373 -11.071 4.5
    endloop
  endfacet
  facet normal -0.803168 0.595752 0
    outer loop
      vertex -9.79969 -11.3478 0.799999
      vertex -9.73538 -11.2611 4.5
      vertex -9.73538 -11.2611 0.799999
    endloop
  endfacet
  facet normal -0.803168 0.595752 0
    outer loop
      vertex -9.73538 -11.2611 4.5
      vertex -9.79969 -11.3478 0.799999
      vertex -9.79969 -11.3478 4.5
    endloop
  endfacet
  facet normal -0.427903 -0.903825 0
    outer loop
      vertex -10.229 -9.63373 0.799999
      vertex -10.1315 -9.67989 4.5
      vertex -10.229 -9.63373 4.5
    endloop
  endfacet
  facet normal -0.427903 -0.903825 -0
    outer loop
      vertex -10.1315 -9.67989 4.5
      vertex -10.229 -9.63373 0.799999
      vertex -10.1315 -9.67989 0.799999
    endloop
  endfacet
  facet normal -0.671515 -0.740991 0
    outer loop
      vertex -9.95217 -9.79969 0.799999
      vertex -9.87218 -9.87218 4.5
      vertex -9.95217 -9.79969 4.5
    endloop
  endfacet
  facet normal -0.671515 -0.740991 -0
    outer loop
      vertex -9.87218 -9.87218 4.5
      vertex -9.95217 -9.79969 0.799999
      vertex -9.87218 -9.87218 0.799999
    endloop
  endfacet
  facet normal -0.857779 -0.514019 0
    outer loop
      vertex -9.67989 -10.1315 0.799999
      vertex -9.73538 -10.0389 4.5
      vertex -9.73538 -10.0389 0.799999
    endloop
  endfacet
  facet normal -0.857779 -0.514019 0
    outer loop
      vertex -9.73538 -10.0389 4.5
      vertex -9.67989 -10.1315 0.799999
      vertex -9.67989 -10.1315 4.5
    endloop
  endfacet
  facet normal -0.998794 0.0491058 0
    outer loop
      vertex -9.5553 -10.7578 0.799999
      vertex -9.55 -10.65 4.5
      vertex -9.55 -10.65 0.799999
    endloop
  endfacet
  facet normal -0.998794 0.0491058 0
    outer loop
      vertex -9.55 -10.65 4.5
      vertex -9.5553 -10.7578 0.799999
      vertex -9.5553 -10.7578 4.5
    endloop
  endfacet
  facet normal -0.0491058 -0.998794 0
    outer loop
      vertex -10.65 -9.55 0.799999
      vertex -10.5422 -9.5553 4.5
      vertex -10.65 -9.55 4.5
    endloop
  endfacet
  facet normal -0.0491058 -0.998794 -0
    outer loop
      vertex -10.5422 -9.5553 4.5
      vertex -10.65 -9.55 0.799999
      vertex -10.5422 -9.5553 0.799999
    endloop
  endfacet
  facet normal 0.243625 0.969869 -0
    outer loop
      vertex -10.8646 -11.7289 0
      vertex -10.9693 -11.7026 4.5
      vertex -10.8646 -11.7289 4.5
    endloop
  endfacet
  facet normal 0.243625 0.969869 0
    outer loop
      vertex -10.9693 -11.7026 4.5
      vertex -10.8646 -11.7289 0
      vertex -10.9693 -11.7026 0
    endloop
  endfacet
  facet normal 0.671469 -0.741033 0
    outer loop
      vertex -11.4278 -9.87218 0.799999
      vertex -11.3478 -9.79969 4.5
      vertex -11.4278 -9.87218 4.5
    endloop
  endfacet
  facet normal 0.671469 -0.741033 0
    outer loop
      vertex -11.3478 -9.79969 4.5
      vertex -11.4278 -9.87218 0.799999
      vertex -11.3478 -9.79969 0.799999
    endloop
  endfacet
  facet normal 0.427903 -0.903825 0
    outer loop
      vertex -11.1685 -9.67989 0.799999
      vertex -11.071 -9.63373 4.5
      vertex -11.1685 -9.67989 4.5
    endloop
  endfacet
  facet normal 0.427903 -0.903825 0
    outer loop
      vertex -11.071 -9.63373 4.5
      vertex -11.1685 -9.67989 0.799999
      vertex -11.071 -9.63373 0.799999
    endloop
  endfacet
  facet normal 0.941805 0.33616 0
    outer loop
      vertex -11.6663 -11.071 4.5
      vertex -11.7026 -10.9693 0
      vertex -11.7026 -10.9693 4.5
    endloop
  endfacet
  facet normal 0.941805 0.33616 0
    outer loop
      vertex -11.7026 -10.9693 0
      vertex -11.6663 -11.071 4.5
      vertex -11.6663 -11.071 0
    endloop
  endfacet
  facet normal 0.941805 -0.33616 0
    outer loop
      vertex -11.7026 -10.3307 4.5
      vertex -11.6663 -10.229 0
      vertex -11.6663 -10.229 4.5
    endloop
  endfacet
  facet normal 0.941805 -0.33616 0
    outer loop
      vertex -11.6663 -10.229 0
      vertex -11.7026 -10.3307 4.5
      vertex -11.7026 -10.3307 0
    endloop
  endfacet
  facet normal -0.33616 0.941805 0
    outer loop
      vertex -10.229 -11.6663 0
      vertex -10.3307 -11.7026 4.5
      vertex -10.229 -11.6663 4.5
    endloop
  endfacet
  facet normal -0.33616 0.941805 0
    outer loop
      vertex -10.3307 -11.7026 4.5
      vertex -10.229 -11.6663 0
      vertex -10.3307 -11.7026 0
    endloop
  endfacet
  facet normal 0.243015 -0.970022 0
    outer loop
      vertex -10.9693 -9.59737 0.799999
      vertex -10.8646 -9.57114 4.5
      vertex -10.9693 -9.59737 4.5
    endloop
  endfacet
  facet normal 0.243015 -0.970022 0
    outer loop
      vertex -10.8646 -9.57114 4.5
      vertex -10.9693 -9.59737 0.799999
      vertex -10.8646 -9.57114 0.799999
    endloop
  endfacet
  facet normal -0.59556 0.803311 0
    outer loop
      vertex -9.95217 -11.5003 0
      vertex -10.0389 -11.5646 4.5
      vertex -9.95217 -11.5003 4.5
    endloop
  endfacet
  facet normal -0.59556 0.803311 0
    outer loop
      vertex -10.0389 -11.5646 4.5
      vertex -9.95217 -11.5003 0
      vertex -10.0389 -11.5646 0
    endloop
  endfacet
  facet normal -0.970022 0.243015 0
    outer loop
      vertex -9.59737 -10.9693 0.799999
      vertex -9.57114 -10.8646 4.5
      vertex -9.57114 -10.8646 0.799999
    endloop
  endfacet
  facet normal -0.970022 0.243015 0
    outer loop
      vertex -9.57114 -10.8646 4.5
      vertex -9.59737 -10.9693 0.799999
      vertex -9.59737 -10.9693 4.5
    endloop
  endfacet
  facet normal 0.33616 0.941805 -0
    outer loop
      vertex -10.9693 -11.7026 0
      vertex -11.071 -11.6663 4.5
      vertex -10.9693 -11.7026 4.5
    endloop
  endfacet
  facet normal 0.33616 0.941805 0
    outer loop
      vertex -11.071 -11.6663 4.5
      vertex -10.9693 -11.7026 0
      vertex -11.071 -11.6663 0
    endloop
  endfacet
  facet normal 0.803311 -0.59556 0
    outer loop
      vertex -11.5646 -10.0389 4.5
      vertex -11.5003 -9.95217 0
      vertex -11.5003 -9.95217 4.5
    endloop
  endfacet
  facet normal 0.803311 -0.59556 0
    outer loop
      vertex -11.5003 -9.95217 0
      vertex -11.5646 -10.0389 4.5
      vertex -11.5646 -10.0389 0
    endloop
  endfacet
  facet normal 0.803212 0.595693 0
    outer loop
      vertex -11.5003 -11.3478 4.5
      vertex -11.5646 -11.2611 0
      vertex -11.5646 -11.2611 4.5
    endloop
  endfacet
  facet normal 0.803212 0.595693 0
    outer loop
      vertex -11.5646 -11.2611 0
      vertex -11.5003 -11.3478 4.5
      vertex -11.5003 -11.3478 0
    endloop
  endfacet
  facet normal 0.989233 0.146347 0
    outer loop
      vertex -11.7289 -10.8646 4.5
      vertex -11.7447 -10.7578 0
      vertex -11.7447 -10.7578 4.5
    endloop
  endfacet
  facet normal 0.989233 0.146347 0
    outer loop
      vertex -11.7447 -10.7578 0
      vertex -11.7289 -10.8646 4.5
      vertex -11.7289 -10.8646 0
    endloop
  endfacet
  facet normal 0.595693 0.803212 -0
    outer loop
      vertex -11.2611 -11.5646 0
      vertex -11.3478 -11.5003 4.5
      vertex -11.2611 -11.5646 4.5
    endloop
  endfacet
  facet normal 0.595693 0.803212 0
    outer loop
      vertex -11.3478 -11.5003 4.5
      vertex -11.2611 -11.5646 0
      vertex -11.3478 -11.5003 0
    endloop
  endfacet
  facet normal -0.740991 -0.671515 0
    outer loop
      vertex -9.79969 -9.95217 0.799999
      vertex -9.87218 -9.87218 4.5
      vertex -9.87218 -9.87218 0.799999
    endloop
  endfacet
  facet normal -0.740991 -0.671515 0
    outer loop
      vertex -9.87218 -9.87218 4.5
      vertex -9.79969 -9.95217 0.799999
      vertex -9.79969 -9.95217 4.5
    endloop
  endfacet
  facet normal 0.903681 -0.428206 0
    outer loop
      vertex -11.6663 -10.229 4.5
      vertex -11.6201 -10.1315 0
      vertex -11.6201 -10.1315 4.5
    endloop
  endfacet
  facet normal 0.903681 -0.428206 0
    outer loop
      vertex -11.6201 -10.1315 0
      vertex -11.6663 -10.229 4.5
      vertex -11.6663 -10.229 0
    endloop
  endfacet
  facet normal 0.989233 -0.146347 0
    outer loop
      vertex -11.7447 -10.5422 4.5
      vertex -11.7289 -10.4354 0
      vertex -11.7289 -10.4354 4.5
    endloop
  endfacet
  facet normal 0.989233 -0.146347 0
    outer loop
      vertex -11.7289 -10.4354 0
      vertex -11.7447 -10.5422 4.5
      vertex -11.7447 -10.5422 0
    endloop
  endfacet
  facet normal 0.998794 -0.0491058 0
    outer loop
      vertex -11.75 -10.65 4.5
      vertex -11.7447 -10.5422 0
      vertex -11.7447 -10.5422 4.5
    endloop
  endfacet
  facet normal 0.998794 -0.0491058 0
    outer loop
      vertex -11.7447 -10.5422 0
      vertex -11.75 -10.65 4.5
      vertex -11.75 -10.65 0
    endloop
  endfacet
  facet normal 0.857738 0.514087 0
    outer loop
      vertex -11.5646 -11.2611 4.5
      vertex -11.6201 -11.1685 0
      vertex -11.6201 -11.1685 4.5
    endloop
  endfacet
  facet normal 0.857738 0.514087 0
    outer loop
      vertex -11.6201 -11.1685 0
      vertex -11.5646 -11.2611 4.5
      vertex -11.5646 -11.2611 0
    endloop
  endfacet
  facet normal -0.671566 0.740945 0
    outer loop
      vertex -9.87218 -11.4278 0.799999
      vertex -9.95217 -11.5003 4.5
      vertex -9.87218 -11.4278 4.5
    endloop
  endfacet
  facet normal -0.671566 0.740945 0
    outer loop
      vertex -9.95217 -11.5003 0
      vertex -9.87218 -11.4278 0.799999
      vertex -9.87218 -11.4278 0
    endloop
  endfacet
  facet normal -0.671566 0.740945 0
    outer loop
      vertex -9.87218 -11.4278 0.799999
      vertex -9.95217 -11.5003 0
      vertex -9.95217 -11.5003 4.5
    endloop
  endfacet
  facet normal -0.243625 -0.969869 0
    outer loop
      vertex -10.4354 11.7289 0
      vertex -10.3307 11.7026 4.5
      vertex -10.4354 11.7289 4.5
    endloop
  endfacet
  facet normal -0.243625 -0.969869 -0
    outer loop
      vertex -10.3307 11.7026 4.5
      vertex -10.4354 11.7289 0
      vertex -10.3307 11.7026 0
    endloop
  endfacet
  facet normal -0.428206 -0.903681 0
    outer loop
      vertex -10.229 11.6663 0
      vertex -10.1315 11.6201 4.5
      vertex -10.229 11.6663 4.5
    endloop
  endfacet
  facet normal -0.428206 -0.903681 -0
    outer loop
      vertex -10.1315 11.6201 4.5
      vertex -10.229 11.6663 0
      vertex -10.1315 11.6201 0
    endloop
  endfacet
  facet normal -0.98918 -0.14671 0
    outer loop
      vertex -9.5553 10.7578 0.799999
      vertex -9.57114 10.8646 4.5
      vertex -9.57114 10.8646 0.799999
    endloop
  endfacet
  facet normal -0.98918 -0.14671 0
    outer loop
      vertex -9.57114 10.8646 4.5
      vertex -9.5553 10.7578 0.799999
      vertex -9.5553 10.7578 4.5
    endloop
  endfacet
  facet normal -0.998794 -0.0491058 0
    outer loop
      vertex -9.55 10.65 0.799999
      vertex -9.5553 10.7578 4.5
      vertex -9.5553 10.7578 0.799999
    endloop
  endfacet
  facet normal -0.998794 -0.0491058 0
    outer loop
      vertex -9.5553 10.7578 4.5
      vertex -9.55 10.65 0.799999
      vertex -9.55 10.65 4.5
    endloop
  endfacet
  facet normal -0.970022 -0.243015 0
    outer loop
      vertex -9.57114 10.8646 0.799999
      vertex -9.59737 10.9693 4.5
      vertex -9.59737 10.9693 0.799999
    endloop
  endfacet
  facet normal -0.970022 -0.243015 0
    outer loop
      vertex -9.59737 10.9693 4.5
      vertex -9.57114 10.8646 0.799999
      vertex -9.57114 10.8646 4.5
    endloop
  endfacet
  facet normal 0.857738 -0.514087 0
    outer loop
      vertex -11.6201 11.1685 4.5
      vertex -11.5646 11.2611 0
      vertex -11.5646 11.2611 4.5
    endloop
  endfacet
  facet normal 0.857738 -0.514087 0
    outer loop
      vertex -11.5646 11.2611 0
      vertex -11.6201 11.1685 4.5
      vertex -11.6201 11.1685 0
    endloop
  endfacet
  facet normal -0.514019 0.857779 0
    outer loop
      vertex -10.0389 9.73538 0.799999
      vertex -10.1315 9.67989 4.5
      vertex -10.0389 9.73538 4.5
    endloop
  endfacet
  facet normal -0.514019 0.857779 0
    outer loop
      vertex -10.1315 9.67989 4.5
      vertex -10.0389 9.73538 0.799999
      vertex -10.1315 9.67989 0.799999
    endloop
  endfacet
  facet normal -0.98918 0.14671 0
    outer loop
      vertex -9.57114 10.4354 0.799999
      vertex -9.5553 10.5422 4.5
      vertex -9.5553 10.5422 0.799999
    endloop
  endfacet
  facet normal -0.98918 0.14671 0
    outer loop
      vertex -9.5553 10.5422 4.5
      vertex -9.57114 10.4354 0.799999
      vertex -9.57114 10.4354 4.5
    endloop
  endfacet
  facet normal -0.857779 -0.514019 0
    outer loop
      vertex -9.67989 11.1685 0.799999
      vertex -9.73538 11.2611 4.5
      vertex -9.73538 11.2611 0.799999
    endloop
  endfacet
  facet normal -0.857779 -0.514019 0
    outer loop
      vertex -9.73538 11.2611 4.5
      vertex -9.67989 11.1685 0.799999
      vertex -9.67989 11.1685 4.5
    endloop
  endfacet
  facet normal 0.740945 0.671566 -0
    outer loop
      vertex -11.4278 9.87218 0.799999
      vertex -11.5003 9.95217 4.5
      vertex -11.4278 9.87218 4.5
    endloop
  endfacet
  facet normal 0.740945 0.671566 0
    outer loop
      vertex -11.5003 9.95217 4.5
      vertex -11.4278 9.87218 0.799999
      vertex -11.5003 9.95217 0
    endloop
  endfacet
  facet normal 0.740945 0.671566 0
    outer loop
      vertex -11.5003 9.95217 0
      vertex -11.4278 9.87218 0.799999
      vertex -11.4278 9.87218 0
    endloop
  endfacet
  facet normal 0.740987 -0.671519 0
    outer loop
      vertex -11.5003 11.3478 4.5
      vertex -11.4278 11.4278 0
      vertex -11.4278 11.4278 4.5
    endloop
  endfacet
  facet normal 0.740987 -0.671519 0
    outer loop
      vertex -11.4278 11.4278 0
      vertex -11.5003 11.3478 4.5
      vertex -11.5003 11.3478 0
    endloop
  endfacet
  facet normal -0.336653 0.941629 0
    outer loop
      vertex -10.229 9.63373 0.799999
      vertex -10.3307 9.59737 4.5
      vertex -10.229 9.63373 4.5
    endloop
  endfacet
  facet normal -0.336653 0.941629 0
    outer loop
      vertex -10.3307 9.59737 4.5
      vertex -10.229 9.63373 0.799999
      vertex -10.3307 9.59737 0.799999
    endloop
  endfacet
  facet normal 0.0491058 -0.998794 0
    outer loop
      vertex -10.7578 11.7447 0
      vertex -10.65 11.75 4.5
      vertex -10.7578 11.7447 4.5
    endloop
  endfacet
  facet normal 0.0491058 -0.998794 0
    outer loop
      vertex -10.65 11.75 4.5
      vertex -10.7578 11.7447 0
      vertex -10.65 11.75 0
    endloop
  endfacet
  facet normal -0.903825 0.427903 0
    outer loop
      vertex -9.67989 10.1315 0.799999
      vertex -9.63373 10.229 4.5
      vertex -9.63373 10.229 0.799999
    endloop
  endfacet
  facet normal -0.903825 0.427903 0
    outer loop
      vertex -9.63373 10.229 4.5
      vertex -9.67989 10.1315 0.799999
      vertex -9.67989 10.1315 4.5
    endloop
  endfacet
  facet normal 0.998794 -0.0491058 0
    outer loop
      vertex -11.75 10.65 4.5
      vertex -11.7447 10.7578 0
      vertex -11.7447 10.7578 4.5
    endloop
  endfacet
  facet normal 0.998794 -0.0491058 0
    outer loop
      vertex -11.7447 10.7578 0
      vertex -11.75 10.65 4.5
      vertex -11.75 10.65 0
    endloop
  endfacet
  facet normal -0.998794 0.0491058 0
    outer loop
      vertex -9.5553 10.5422 0.799999
      vertex -9.55 10.65 4.5
      vertex -9.55 10.65 0.799999
    endloop
  endfacet
  facet normal -0.998794 0.0491058 0
    outer loop
      vertex -9.55 10.65 4.5
      vertex -9.5553 10.5422 0.799999
      vertex -9.5553 10.5422 4.5
    endloop
  endfacet
  facet normal 0.903681 0.428206 0
    outer loop
      vertex -11.6201 10.1315 4.5
      vertex -11.6663 10.229 0
      vertex -11.6663 10.229 4.5
    endloop
  endfacet
  facet normal 0.903681 0.428206 0
    outer loop
      vertex -11.6663 10.229 0
      vertex -11.6201 10.1315 4.5
      vertex -11.6201 10.1315 0
    endloop
  endfacet
  facet normal -0.59556 -0.803311 0
    outer loop
      vertex -10.0389 11.5646 0
      vertex -9.95217 11.5003 4.5
      vertex -10.0389 11.5646 4.5
    endloop
  endfacet
  facet normal -0.59556 -0.803311 -0
    outer loop
      vertex -9.95217 11.5003 4.5
      vertex -10.0389 11.5646 0
      vertex -9.95217 11.5003 0
    endloop
  endfacet
  facet normal 0.514087 -0.857738 0
    outer loop
      vertex -11.2611 11.5646 0
      vertex -11.1685 11.6201 4.5
      vertex -11.2611 11.5646 4.5
    endloop
  endfacet
  facet normal 0.514087 -0.857738 0
    outer loop
      vertex -11.1685 11.6201 4.5
      vertex -11.2611 11.5646 0
      vertex -11.1685 11.6201 0
    endloop
  endfacet
  facet normal -0.970022 0.243015 0
    outer loop
      vertex -9.59737 10.3307 0.799999
      vertex -9.57114 10.4354 4.5
      vertex -9.57114 10.4354 0.799999
    endloop
  endfacet
  facet normal -0.970022 0.243015 0
    outer loop
      vertex -9.57114 10.4354 4.5
      vertex -9.59737 10.3307 0.799999
      vertex -9.59737 10.3307 4.5
    endloop
  endfacet
  facet normal -0.0491058 0.998794 0
    outer loop
      vertex -10.5422 9.5553 0.799999
      vertex -10.65 9.55 4.5
      vertex -10.5422 9.5553 4.5
    endloop
  endfacet
  facet normal -0.0491058 0.998794 0
    outer loop
      vertex -10.65 9.55 4.5
      vertex -10.5422 9.5553 0.799999
      vertex -10.65 9.55 0.799999
    endloop
  endfacet
  facet normal -0.941629 0.336653 0
    outer loop
      vertex -9.63373 10.229 0.799999
      vertex -9.59737 10.3307 4.5
      vertex -9.59737 10.3307 0.799999
    endloop
  endfacet
  facet normal -0.941629 0.336653 0
    outer loop
      vertex -9.59737 10.3307 4.5
      vertex -9.63373 10.229 0.799999
      vertex -9.63373 10.229 4.5
    endloop
  endfacet
  facet normal 0.803212 -0.595693 0
    outer loop
      vertex -11.5646 11.2611 4.5
      vertex -11.5003 11.3478 0
      vertex -11.5003 11.3478 4.5
    endloop
  endfacet
  facet normal 0.803212 -0.595693 0
    outer loop
      vertex -11.5003 11.3478 0
      vertex -11.5646 11.2611 4.5
      vertex -11.5646 11.2611 0
    endloop
  endfacet
  facet normal 0.514019 0.857779 -0
    outer loop
      vertex -11.1685 9.67989 0.799999
      vertex -11.2611 9.73538 4.5
      vertex -11.1685 9.67989 4.5
    endloop
  endfacet
  facet normal 0.514019 0.857779 0
    outer loop
      vertex -11.2611 9.73538 4.5
      vertex -11.1685 9.67989 0.799999
      vertex -11.2611 9.73538 0.799999
    endloop
  endfacet
  facet normal 0.903681 -0.428206 0
    outer loop
      vertex -11.6663 11.071 4.5
      vertex -11.6201 11.1685 0
      vertex -11.6201 11.1685 4.5
    endloop
  endfacet
  facet normal 0.903681 -0.428206 0
    outer loop
      vertex -11.6201 11.1685 0
      vertex -11.6663 11.071 4.5
      vertex -11.6663 11.071 0
    endloop
  endfacet
  facet normal -0.671566 -0.740945 0
    outer loop
      vertex -9.95217 11.5003 4.5
      vertex -9.87218 11.4278 0.799999
      vertex -9.87218 11.4278 4.5
    endloop
  endfacet
  facet normal -0.671566 -0.740945 0
    outer loop
      vertex -9.95217 11.5003 0
      vertex -9.87218 11.4278 0.799999
      vertex -9.95217 11.5003 4.5
    endloop
  endfacet
  facet normal -0.671566 -0.740945 -0
    outer loop
      vertex -9.87218 11.4278 0.799999
      vertex -9.95217 11.5003 0
      vertex -9.87218 11.4278 0
    endloop
  endfacet
  facet normal 0.33616 -0.941805 0
    outer loop
      vertex -11.071 11.6663 0
      vertex -10.9693 11.7026 4.5
      vertex -11.071 11.6663 4.5
    endloop
  endfacet
  facet normal 0.33616 -0.941805 0
    outer loop
      vertex -10.9693 11.7026 4.5
      vertex -11.071 11.6663 0
      vertex -10.9693 11.7026 0
    endloop
  endfacet
  facet normal 0.998794 0.0491058 0
    outer loop
      vertex -11.7447 10.5422 4.5
      vertex -11.75 10.65 0
      vertex -11.75 10.65 4.5
    endloop
  endfacet
  facet normal 0.998794 0.0491058 0
    outer loop
      vertex -11.75 10.65 0
      vertex -11.7447 10.5422 4.5
      vertex -11.7447 10.5422 0
    endloop
  endfacet
  facet normal 0.941805 0.33616 0
    outer loop
      vertex -11.6663 10.229 4.5
      vertex -11.7026 10.3307 0
      vertex -11.7026 10.3307 4.5
    endloop
  endfacet
  facet normal 0.941805 0.33616 0
    outer loop
      vertex -11.7026 10.3307 0
      vertex -11.6663 10.229 4.5
      vertex -11.6663 10.229 0
    endloop
  endfacet
  facet normal 0.857738 0.514087 0
    outer loop
      vertex -11.5646 10.0389 4.5
      vertex -11.6201 10.1315 0
      vertex -11.6201 10.1315 4.5
    endloop
  endfacet
  facet normal 0.857738 0.514087 0
    outer loop
      vertex -11.6201 10.1315 0
      vertex -11.5646 10.0389 4.5
      vertex -11.5646 10.0389 0
    endloop
  endfacet
  facet normal 0.595693 -0.803212 0
    outer loop
      vertex -11.3478 11.5003 0
      vertex -11.2611 11.5646 4.5
      vertex -11.3478 11.5003 4.5
    endloop
  endfacet
  facet normal 0.595693 -0.803212 0
    outer loop
      vertex -11.2611 11.5646 4.5
      vertex -11.3478 11.5003 0
      vertex -11.2611 11.5646 0
    endloop
  endfacet
  facet normal 0.671519 -0.740987 0
    outer loop
      vertex -11.4278 11.4278 0
      vertex -11.3478 11.5003 4.5
      vertex -11.4278 11.4278 4.5
    endloop
  endfacet
  facet normal 0.671519 -0.740987 0
    outer loop
      vertex -11.3478 11.5003 4.5
      vertex -11.4278 11.4278 0
      vertex -11.3478 11.5003 0
    endloop
  endfacet
  facet normal 0.671469 0.741033 -0
    outer loop
      vertex -11.3478 9.79969 0.799999
      vertex -11.4278 9.87218 4.5
      vertex -11.3478 9.79969 4.5
    endloop
  endfacet
  facet normal 0.671469 0.741033 0
    outer loop
      vertex -11.4278 9.87218 4.5
      vertex -11.3478 9.79969 0.799999
      vertex -11.4278 9.87218 0.799999
    endloop
  endfacet
  facet normal -0.941629 -0.336653 0
    outer loop
      vertex -9.59737 10.9693 0.799999
      vertex -9.63373 11.071 4.5
      vertex -9.63373 11.071 0.799999
    endloop
  endfacet
  facet normal -0.941629 -0.336653 0
    outer loop
      vertex -9.63373 11.071 4.5
      vertex -9.59737 10.9693 0.799999
      vertex -9.59737 10.9693 4.5
    endloop
  endfacet
  facet normal -0.0491058 -0.998794 0
    outer loop
      vertex -10.65 11.75 0
      vertex -10.5422 11.7447 4.5
      vertex -10.65 11.75 4.5
    endloop
  endfacet
  facet normal -0.0491058 -0.998794 -0
    outer loop
      vertex -10.5422 11.7447 4.5
      vertex -10.65 11.75 0
      vertex -10.5422 11.7447 0
    endloop
  endfacet
  facet normal -0.427903 0.903825 0
    outer loop
      vertex -10.1315 9.67989 0.799999
      vertex -10.229 9.63373 4.5
      vertex -10.1315 9.67989 4.5
    endloop
  endfacet
  facet normal -0.427903 0.903825 0
    outer loop
      vertex -10.229 9.63373 4.5
      vertex -10.1315 9.67989 0.799999
      vertex -10.229 9.63373 0.799999
    endloop
  endfacet
  facet normal -0.671515 0.740991 0
    outer loop
      vertex -9.87218 9.87218 0.799999
      vertex -9.95217 9.79969 4.5
      vertex -9.87218 9.87218 4.5
    endloop
  endfacet
  facet normal -0.671515 0.740991 0
    outer loop
      vertex -9.95217 9.79969 4.5
      vertex -9.87218 9.87218 0.799999
      vertex -9.95217 9.79969 0.799999
    endloop
  endfacet
  facet normal 0.969869 -0.243625 0
    outer loop
      vertex -11.7289 10.8646 4.5
      vertex -11.7026 10.9693 0
      vertex -11.7026 10.9693 4.5
    endloop
  endfacet
  facet normal 0.969869 -0.243625 0
    outer loop
      vertex -11.7026 10.9693 0
      vertex -11.7289 10.8646 4.5
      vertex -11.7289 10.8646 0
    endloop
  endfacet
  facet normal -0.514087 -0.857738 0
    outer loop
      vertex -10.1315 11.6201 0
      vertex -10.0389 11.5646 4.5
      vertex -10.1315 11.6201 4.5
    endloop
  endfacet
  facet normal -0.514087 -0.857738 -0
    outer loop
      vertex -10.0389 11.5646 4.5
      vertex -10.1315 11.6201 0
      vertex -10.0389 11.5646 0
    endloop
  endfacet
  facet normal -0.903825 -0.427903 0
    outer loop
      vertex -9.63373 11.071 0.799999
      vertex -9.67989 11.1685 4.5
      vertex -9.67989 11.1685 0.799999
    endloop
  endfacet
  facet normal -0.903825 -0.427903 0
    outer loop
      vertex -9.67989 11.1685 4.5
      vertex -9.63373 11.071 0.799999
      vertex -9.63373 11.071 4.5
    endloop
  endfacet
  facet normal -0.14671 0.98918 0
    outer loop
      vertex -10.4354 9.57114 0.799999
      vertex -10.5422 9.5553 4.5
      vertex -10.4354 9.57114 4.5
    endloop
  endfacet
  facet normal -0.14671 0.98918 0
    outer loop
      vertex -10.5422 9.5553 4.5
      vertex -10.4354 9.57114 0.799999
      vertex -10.5422 9.5553 0.799999
    endloop
  endfacet
  facet normal -0.146347 -0.989233 0
    outer loop
      vertex -10.5422 11.7447 0
      vertex -10.4354 11.7289 4.5
      vertex -10.5422 11.7447 4.5
    endloop
  endfacet
  facet normal -0.146347 -0.989233 -0
    outer loop
      vertex -10.4354 11.7289 4.5
      vertex -10.5422 11.7447 0
      vertex -10.4354 11.7289 0
    endloop
  endfacet
  facet normal -0.741033 -0.671469 0
    outer loop
      vertex -9.79969 11.3478 0.799999
      vertex -9.87218 11.4278 4.5
      vertex -9.87218 11.4278 0.799999
    endloop
  endfacet
  facet normal -0.741033 -0.671469 0
    outer loop
      vertex -9.87218 11.4278 4.5
      vertex -9.79969 11.3478 0.799999
      vertex -9.79969 11.3478 4.5
    endloop
  endfacet
  facet normal -0.803168 -0.595752 0
    outer loop
      vertex -9.73538 11.2611 0.799999
      vertex -9.79969 11.3478 4.5
      vertex -9.79969 11.3478 0.799999
    endloop
  endfacet
  facet normal -0.803168 -0.595752 0
    outer loop
      vertex -9.79969 11.3478 4.5
      vertex -9.73538 11.2611 0.799999
      vertex -9.73538 11.2611 4.5
    endloop
  endfacet
  facet normal -0.59562 0.803267 0
    outer loop
      vertex -9.95217 9.79969 0.799999
      vertex -10.0389 9.73538 4.5
      vertex -9.95217 9.79969 4.5
    endloop
  endfacet
  facet normal -0.59562 0.803267 0
    outer loop
      vertex -10.0389 9.73538 4.5
      vertex -9.95217 9.79969 0.799999
      vertex -10.0389 9.73538 0.799999
    endloop
  endfacet
  facet normal 0.146347 -0.989233 0
    outer loop
      vertex -10.8646 11.7289 0
      vertex -10.7578 11.7447 4.5
      vertex -10.8646 11.7289 4.5
    endloop
  endfacet
  facet normal 0.146347 -0.989233 0
    outer loop
      vertex -10.7578 11.7447 4.5
      vertex -10.8646 11.7289 0
      vertex -10.7578 11.7447 0
    endloop
  endfacet
  facet normal 0.243625 -0.969869 0
    outer loop
      vertex -10.9693 11.7026 0
      vertex -10.8646 11.7289 4.5
      vertex -10.9693 11.7026 4.5
    endloop
  endfacet
  facet normal 0.243625 -0.969869 0
    outer loop
      vertex -10.8646 11.7289 4.5
      vertex -10.9693 11.7026 0
      vertex -10.8646 11.7289 0
    endloop
  endfacet
  facet normal -0.803267 0.59562 0
    outer loop
      vertex -9.79969 9.95217 0.799999
      vertex -9.73538 10.0389 4.5
      vertex -9.73538 10.0389 0.799999
    endloop
  endfacet
  facet normal -0.803267 0.59562 0
    outer loop
      vertex -9.73538 10.0389 4.5
      vertex -9.79969 9.95217 0.799999
      vertex -9.79969 9.95217 4.5
    endloop
  endfacet
  facet normal -0.33616 -0.941805 0
    outer loop
      vertex -10.3307 11.7026 0
      vertex -10.229 11.6663 4.5
      vertex -10.3307 11.7026 4.5
    endloop
  endfacet
  facet normal -0.33616 -0.941805 -0
    outer loop
      vertex -10.229 11.6663 4.5
      vertex -10.3307 11.7026 0
      vertex -10.229 11.6663 0
    endloop
  endfacet
  facet normal 0.428206 -0.903681 0
    outer loop
      vertex -11.1685 11.6201 0
      vertex -11.071 11.6663 4.5
      vertex -11.1685 11.6201 4.5
    endloop
  endfacet
  facet normal 0.428206 -0.903681 0
    outer loop
      vertex -11.071 11.6663 4.5
      vertex -11.1685 11.6201 0
      vertex -11.071 11.6663 0
    endloop
  endfacet
  facet normal 0.969869 0.243625 0
    outer loop
      vertex -11.7026 10.3307 4.5
      vertex -11.7289 10.4354 0
      vertex -11.7289 10.4354 4.5
    endloop
  endfacet
  facet normal 0.969869 0.243625 0
    outer loop
      vertex -11.7289 10.4354 0
      vertex -11.7026 10.3307 4.5
      vertex -11.7026 10.3307 0
    endloop
  endfacet
  facet normal 0.941805 -0.33616 0
    outer loop
      vertex -11.7026 10.9693 4.5
      vertex -11.6663 11.071 0
      vertex -11.6663 11.071 4.5
    endloop
  endfacet
  facet normal 0.941805 -0.33616 0
    outer loop
      vertex -11.6663 11.071 0
      vertex -11.7026 10.9693 4.5
      vertex -11.7026 10.9693 0
    endloop
  endfacet
  facet normal 0.803311 0.59556 0
    outer loop
      vertex -11.5003 9.95217 4.5
      vertex -11.5646 10.0389 0
      vertex -11.5646 10.0389 4.5
    endloop
  endfacet
  facet normal 0.803311 0.59556 0
    outer loop
      vertex -11.5646 10.0389 0
      vertex -11.5003 9.95217 4.5
      vertex -11.5003 9.95217 0
    endloop
  endfacet
  facet normal 0.989233 0.146347 0
    outer loop
      vertex -11.7289 10.4354 4.5
      vertex -11.7447 10.5422 0
      vertex -11.7447 10.5422 4.5
    endloop
  endfacet
  facet normal 0.989233 0.146347 0
    outer loop
      vertex -11.7447 10.5422 0
      vertex -11.7289 10.4354 4.5
      vertex -11.7289 10.4354 0
    endloop
  endfacet
  facet normal -0.857779 0.514019 0
    outer loop
      vertex -9.73538 10.0389 0.799999
      vertex -9.67989 10.1315 4.5
      vertex -9.67989 10.1315 0.799999
    endloop
  endfacet
  facet normal -0.857779 0.514019 0
    outer loop
      vertex -9.67989 10.1315 4.5
      vertex -9.73538 10.0389 0.799999
      vertex -9.73538 10.0389 4.5
    endloop
  endfacet
  facet normal -0.740991 0.671515 0
    outer loop
      vertex -9.87218 9.87218 0.799999
      vertex -9.79969 9.95217 4.5
      vertex -9.79969 9.95217 0.799999
    endloop
  endfacet
  facet normal -0.740991 0.671515 0
    outer loop
      vertex -9.79969 9.95217 4.5
      vertex -9.87218 9.87218 0.799999
      vertex -9.87218 9.87218 4.5
    endloop
  endfacet
  facet normal 0.595752 0.803168 -0
    outer loop
      vertex -11.2611 9.73538 0.799999
      vertex -11.3478 9.79969 4.5
      vertex -11.2611 9.73538 4.5
    endloop
  endfacet
  facet normal 0.595752 0.803168 0
    outer loop
      vertex -11.3478 9.79969 4.5
      vertex -11.2611 9.73538 0.799999
      vertex -11.3478 9.79969 0.799999
    endloop
  endfacet
  facet normal 0.336653 0.941629 -0
    outer loop
      vertex -10.9693 9.59737 0.799999
      vertex -11.071 9.63373 4.5
      vertex -10.9693 9.59737 4.5
    endloop
  endfacet
  facet normal 0.336653 0.941629 0
    outer loop
      vertex -11.071 9.63373 4.5
      vertex -10.9693 9.59737 0.799999
      vertex -11.071 9.63373 0.799999
    endloop
  endfacet
  facet normal 0.0491058 0.998794 -0
    outer loop
      vertex -10.65 9.55 0.799999
      vertex -10.7578 9.5553 4.5
      vertex -10.65 9.55 4.5
    endloop
  endfacet
  facet normal 0.0491058 0.998794 0
    outer loop
      vertex -10.7578 9.5553 4.5
      vertex -10.65 9.55 0.799999
      vertex -10.7578 9.5553 0.799999
    endloop
  endfacet
  facet normal 0.427903 0.903825 -0
    outer loop
      vertex -11.071 9.63373 0.799999
      vertex -11.1685 9.67989 4.5
      vertex -11.071 9.63373 4.5
    endloop
  endfacet
  facet normal 0.427903 0.903825 0
    outer loop
      vertex -11.1685 9.67989 4.5
      vertex -11.071 9.63373 0.799999
      vertex -11.1685 9.67989 0.799999
    endloop
  endfacet
  facet normal -0.243015 0.970022 0
    outer loop
      vertex -10.3307 9.59737 0.799999
      vertex -10.4354 9.57114 4.5
      vertex -10.3307 9.59737 4.5
    endloop
  endfacet
  facet normal -0.243015 0.970022 0
    outer loop
      vertex -10.4354 9.57114 4.5
      vertex -10.3307 9.59737 0.799999
      vertex -10.4354 9.57114 0.799999
    endloop
  endfacet
  facet normal 0.243015 0.970022 -0
    outer loop
      vertex -10.8646 9.57114 0.799999
      vertex -10.9693 9.59737 4.5
      vertex -10.8646 9.57114 4.5
    endloop
  endfacet
  facet normal 0.243015 0.970022 0
    outer loop
      vertex -10.9693 9.59737 4.5
      vertex -10.8646 9.57114 0.799999
      vertex -10.9693 9.59737 0.799999
    endloop
  endfacet
  facet normal 0.989233 -0.146347 0
    outer loop
      vertex -11.7447 10.7578 4.5
      vertex -11.7289 10.8646 0
      vertex -11.7289 10.8646 4.5
    endloop
  endfacet
  facet normal 0.989233 -0.146347 0
    outer loop
      vertex -11.7289 10.8646 0
      vertex -11.7447 10.7578 4.5
      vertex -11.7447 10.7578 0
    endloop
  endfacet
  facet normal 0.14671 0.98918 -0
    outer loop
      vertex -10.7578 9.5553 0.799999
      vertex -10.8646 9.57114 4.5
      vertex -10.7578 9.5553 4.5
    endloop
  endfacet
  facet normal 0.14671 0.98918 0
    outer loop
      vertex -10.8646 9.57114 4.5
      vertex -10.7578 9.5553 0.799999
      vertex -10.8646 9.57114 0.799999
    endloop
  endfacet
  facet normal -0.336653 -0.941629 0
    outer loop
      vertex 10.9693 -9.59737 0.799999
      vertex 11.071 -9.63373 4.5
      vertex 10.9693 -9.59737 4.5
    endloop
  endfacet
  facet normal -0.336653 -0.941629 -0
    outer loop
      vertex 11.071 -9.63373 4.5
      vertex 10.9693 -9.59737 0.799999
      vertex 11.071 -9.63373 0.799999
    endloop
  endfacet
  facet normal -0.989233 -0.146347 0
    outer loop
      vertex 11.7447 -10.5422 0
      vertex 11.7289 -10.4354 4.5
      vertex 11.7289 -10.4354 0
    endloop
  endfacet
  facet normal -0.989233 -0.146347 0
    outer loop
      vertex 11.7289 -10.4354 4.5
      vertex 11.7447 -10.5422 0
      vertex 11.7447 -10.5422 4.5
    endloop
  endfacet
  facet normal -0.998794 -0.0491058 0
    outer loop
      vertex 11.75 -10.65 0
      vertex 11.7447 -10.5422 4.5
      vertex 11.7447 -10.5422 0
    endloop
  endfacet
  facet normal -0.998794 -0.0491058 0
    outer loop
      vertex 11.7447 -10.5422 4.5
      vertex 11.75 -10.65 0
      vertex 11.75 -10.65 4.5
    endloop
  endfacet
  facet normal -0.969869 -0.243625 0
    outer loop
      vertex 11.7289 -10.4354 0
      vertex 11.7026 -10.3307 4.5
      vertex 11.7026 -10.3307 0
    endloop
  endfacet
  facet normal -0.969869 -0.243625 0
    outer loop
      vertex 11.7026 -10.3307 4.5
      vertex 11.7289 -10.4354 0
      vertex 11.7289 -10.4354 4.5
    endloop
  endfacet
  facet normal 0.14671 -0.98918 0
    outer loop
      vertex 10.4354 -9.57114 0.799999
      vertex 10.5422 -9.5553 4.5
      vertex 10.4354 -9.57114 4.5
    endloop
  endfacet
  facet normal 0.14671 -0.98918 0
    outer loop
      vertex 10.5422 -9.5553 4.5
      vertex 10.4354 -9.57114 0.799999
      vertex 10.5422 -9.5553 0.799999
    endloop
  endfacet
  facet normal 0.903825 0.427903 0
    outer loop
      vertex 9.67989 -11.1685 4.5
      vertex 9.63373 -11.071 0.799999
      vertex 9.63373 -11.071 4.5
    endloop
  endfacet
  facet normal 0.903825 0.427903 0
    outer loop
      vertex 9.63373 -11.071 0.799999
      vertex 9.67989 -11.1685 4.5
      vertex 9.67989 -11.1685 0.799999
    endloop
  endfacet
  facet normal -0.803311 -0.59556 0
    outer loop
      vertex 11.5646 -10.0389 0
      vertex 11.5003 -9.95217 4.5
      vertex 11.5003 -9.95217 0
    endloop
  endfacet
  facet normal -0.803311 -0.59556 0
    outer loop
      vertex 11.5003 -9.95217 4.5
      vertex 11.5646 -10.0389 0
      vertex 11.5646 -10.0389 4.5
    endloop
  endfacet
  facet normal -0.998794 0.0491058 0
    outer loop
      vertex 11.7447 -10.7578 0
      vertex 11.75 -10.65 4.5
      vertex 11.75 -10.65 0
    endloop
  endfacet
  facet normal -0.998794 0.0491058 0
    outer loop
      vertex 11.75 -10.65 4.5
      vertex 11.7447 -10.7578 0
      vertex 11.7447 -10.7578 4.5
    endloop
  endfacet
  facet normal 0.970022 0.243015 0
    outer loop
      vertex 9.59737 -10.9693 4.5
      vertex 9.57114 -10.8646 0.799999
      vertex 9.57114 -10.8646 4.5
    endloop
  endfacet
  facet normal 0.970022 0.243015 0
    outer loop
      vertex 9.57114 -10.8646 0.799999
      vertex 9.59737 -10.9693 4.5
      vertex 9.59737 -10.9693 0.799999
    endloop
  endfacet
  facet normal -0.514087 0.857738 0
    outer loop
      vertex 11.2611 -11.5646 0
      vertex 11.1685 -11.6201 4.5
      vertex 11.2611 -11.5646 4.5
    endloop
  endfacet
  facet normal -0.514087 0.857738 0
    outer loop
      vertex 11.1685 -11.6201 4.5
      vertex 11.2611 -11.5646 0
      vertex 11.1685 -11.6201 0
    endloop
  endfacet
  facet normal -0.941805 -0.33616 0
    outer loop
      vertex 11.7026 -10.3307 0
      vertex 11.6663 -10.229 4.5
      vertex 11.6663 -10.229 0
    endloop
  endfacet
  facet normal -0.941805 -0.33616 0
    outer loop
      vertex 11.6663 -10.229 4.5
      vertex 11.7026 -10.3307 0
      vertex 11.7026 -10.3307 4.5
    endloop
  endfacet
  facet normal 0.970022 -0.243015 0
    outer loop
      vertex 9.57114 -10.4354 4.5
      vertex 9.59737 -10.3307 0.799999
      vertex 9.59737 -10.3307 4.5
    endloop
  endfacet
  facet normal 0.970022 -0.243015 0
    outer loop
      vertex 9.59737 -10.3307 0.799999
      vertex 9.57114 -10.4354 4.5
      vertex 9.57114 -10.4354 0.799999
    endloop
  endfacet
  facet normal -0.33616 0.941805 0
    outer loop
      vertex 11.071 -11.6663 0
      vertex 10.9693 -11.7026 4.5
      vertex 11.071 -11.6663 4.5
    endloop
  endfacet
  facet normal -0.33616 0.941805 0
    outer loop
      vertex 10.9693 -11.7026 4.5
      vertex 11.071 -11.6663 0
      vertex 10.9693 -11.7026 0
    endloop
  endfacet
  facet normal -0.803212 0.595693 0
    outer loop
      vertex 11.5003 -11.3478 0
      vertex 11.5646 -11.2611 4.5
      vertex 11.5646 -11.2611 0
    endloop
  endfacet
  facet normal -0.803212 0.595693 0
    outer loop
      vertex 11.5646 -11.2611 4.5
      vertex 11.5003 -11.3478 0
      vertex 11.5003 -11.3478 4.5
    endloop
  endfacet
  facet normal 0.243015 -0.970022 0
    outer loop
      vertex 10.3307 -9.59737 0.799999
      vertex 10.4354 -9.57114 4.5
      vertex 10.3307 -9.59737 4.5
    endloop
  endfacet
  facet normal 0.243015 -0.970022 0
    outer loop
      vertex 10.4354 -9.57114 4.5
      vertex 10.3307 -9.59737 0.799999
      vertex 10.4354 -9.57114 0.799999
    endloop
  endfacet
  facet normal 0.741033 0.671469 0
    outer loop
      vertex 9.87218 -11.4278 4.5
      vertex 9.79969 -11.3478 0.799999
      vertex 9.79969 -11.3478 4.5
    endloop
  endfacet
  facet normal 0.741033 0.671469 0
    outer loop
      vertex 9.79969 -11.3478 0.799999
      vertex 9.87218 -11.4278 4.5
      vertex 9.87218 -11.4278 0.799999
    endloop
  endfacet
  facet normal -0.514019 -0.857779 0
    outer loop
      vertex 11.1685 -9.67989 0.799999
      vertex 11.2611 -9.73538 4.5
      vertex 11.1685 -9.67989 4.5
    endloop
  endfacet
  facet normal -0.514019 -0.857779 -0
    outer loop
      vertex 11.2611 -9.73538 4.5
      vertex 11.1685 -9.67989 0.799999
      vertex 11.2611 -9.73538 0.799999
    endloop
  endfacet
  facet normal -0.671469 -0.741033 0
    outer loop
      vertex 11.3478 -9.79969 0.799999
      vertex 11.4278 -9.87218 4.5
      vertex 11.3478 -9.79969 4.5
    endloop
  endfacet
  facet normal -0.671469 -0.741033 -0
    outer loop
      vertex 11.4278 -9.87218 4.5
      vertex 11.3478 -9.79969 0.799999
      vertex 11.4278 -9.87218 0.799999
    endloop
  endfacet
  facet normal 0.428206 0.903681 -0
    outer loop
      vertex 10.229 -11.6663 0
      vertex 10.1315 -11.6201 4.5
      vertex 10.229 -11.6663 4.5
    endloop
  endfacet
  facet normal 0.428206 0.903681 0
    outer loop
      vertex 10.1315 -11.6201 4.5
      vertex 10.229 -11.6663 0
      vertex 10.1315 -11.6201 0
    endloop
  endfacet
  facet normal 0.0491058 -0.998794 0
    outer loop
      vertex 10.5422 -9.5553 0.799999
      vertex 10.65 -9.55 4.5
      vertex 10.5422 -9.5553 4.5
    endloop
  endfacet
  facet normal 0.0491058 -0.998794 0
    outer loop
      vertex 10.65 -9.55 4.5
      vertex 10.5422 -9.5553 0.799999
      vertex 10.65 -9.55 0.799999
    endloop
  endfacet
  facet normal -0.243625 0.969869 0
    outer loop
      vertex 10.9693 -11.7026 0
      vertex 10.8646 -11.7289 4.5
      vertex 10.9693 -11.7026 4.5
    endloop
  endfacet
  facet normal -0.243625 0.969869 0
    outer loop
      vertex 10.8646 -11.7289 4.5
      vertex 10.9693 -11.7026 0
      vertex 10.8646 -11.7289 0
    endloop
  endfacet
  facet normal -0.146347 0.989233 0
    outer loop
      vertex 10.8646 -11.7289 0
      vertex 10.7578 -11.7447 4.5
      vertex 10.8646 -11.7289 4.5
    endloop
  endfacet
  facet normal -0.146347 0.989233 0
    outer loop
      vertex 10.7578 -11.7447 4.5
      vertex 10.8646 -11.7289 0
      vertex 10.7578 -11.7447 0
    endloop
  endfacet
  facet normal 0.59556 0.803311 -0
    outer loop
      vertex 10.0389 -11.5646 0
      vertex 9.95217 -11.5003 4.5
      vertex 10.0389 -11.5646 4.5
    endloop
  endfacet
  facet normal 0.59556 0.803311 0
    outer loop
      vertex 9.95217 -11.5003 4.5
      vertex 10.0389 -11.5646 0
      vertex 9.95217 -11.5003 0
    endloop
  endfacet
  facet normal -0.14671 -0.98918 0
    outer loop
      vertex 10.7578 -9.5553 0.799999
      vertex 10.8646 -9.57114 4.5
      vertex 10.7578 -9.5553 4.5
    endloop
  endfacet
  facet normal -0.14671 -0.98918 -0
    outer loop
      vertex 10.8646 -9.57114 4.5
      vertex 10.7578 -9.5553 0.799999
      vertex 10.8646 -9.57114 0.799999
    endloop
  endfacet
  facet normal 0.243625 0.969869 -0
    outer loop
      vertex 10.4354 -11.7289 0
      vertex 10.3307 -11.7026 4.5
      vertex 10.4354 -11.7289 4.5
    endloop
  endfacet
  facet normal 0.243625 0.969869 0
    outer loop
      vertex 10.3307 -11.7026 4.5
      vertex 10.4354 -11.7289 0
      vertex 10.3307 -11.7026 0
    endloop
  endfacet
  facet normal -0.740945 -0.671566 0
    outer loop
      vertex 11.5003 -9.95217 0
      vertex 11.4278 -9.87218 0.799999
      vertex 11.4278 -9.87218 0
    endloop
  endfacet
  facet normal -0.740945 -0.671566 -0
    outer loop
      vertex 11.5003 -9.95217 4.5
      vertex 11.4278 -9.87218 0.799999
      vertex 11.5003 -9.95217 0
    endloop
  endfacet
  facet normal -0.740945 -0.671566 0
    outer loop
      vertex 11.4278 -9.87218 0.799999
      vertex 11.5003 -9.95217 4.5
      vertex 11.4278 -9.87218 4.5
    endloop
  endfacet
  facet normal 0.671515 -0.740991 0
    outer loop
      vertex 9.87218 -9.87218 0.799999
      vertex 9.95217 -9.79969 4.5
      vertex 9.87218 -9.87218 4.5
    endloop
  endfacet
  facet normal 0.671515 -0.740991 0
    outer loop
      vertex 9.95217 -9.79969 4.5
      vertex 9.87218 -9.87218 0.799999
      vertex 9.95217 -9.79969 0.799999
    endloop
  endfacet
  facet normal -0.903681 -0.428206 0
    outer loop
      vertex 11.6663 -10.229 0
      vertex 11.6201 -10.1315 4.5
      vertex 11.6201 -10.1315 0
    endloop
  endfacet
  facet normal -0.903681 -0.428206 0
    outer loop
      vertex 11.6201 -10.1315 4.5
      vertex 11.6663 -10.229 0
      vertex 11.6663 -10.229 4.5
    endloop
  endfacet
  facet normal 0.33616 0.941805 -0
    outer loop
      vertex 10.3307 -11.7026 0
      vertex 10.229 -11.6663 4.5
      vertex 10.3307 -11.7026 4.5
    endloop
  endfacet
  facet normal 0.33616 0.941805 0
    outer loop
      vertex 10.229 -11.6663 4.5
      vertex 10.3307 -11.7026 0
      vertex 10.229 -11.6663 0
    endloop
  endfacet
  facet normal 0.941629 0.336653 0
    outer loop
      vertex 9.63373 -11.071 4.5
      vertex 9.59737 -10.9693 0.799999
      vertex 9.59737 -10.9693 4.5
    endloop
  endfacet
  facet normal 0.941629 0.336653 0
    outer loop
      vertex 9.59737 -10.9693 0.799999
      vertex 9.63373 -11.071 4.5
      vertex 9.63373 -11.071 0.799999
    endloop
  endfacet
  facet normal -0.427903 -0.903825 0
    outer loop
      vertex 11.071 -9.63373 0.799999
      vertex 11.1685 -9.67989 4.5
      vertex 11.071 -9.63373 4.5
    endloop
  endfacet
  facet normal -0.427903 -0.903825 -0
    outer loop
      vertex 11.1685 -9.67989 4.5
      vertex 11.071 -9.63373 0.799999
      vertex 11.1685 -9.67989 0.799999
    endloop
  endfacet
  facet normal -0.903681 0.428206 0
    outer loop
      vertex 11.6201 -11.1685 0
      vertex 11.6663 -11.071 4.5
      vertex 11.6663 -11.071 0
    endloop
  endfacet
  facet normal -0.903681 0.428206 0
    outer loop
      vertex 11.6663 -11.071 4.5
      vertex 11.6201 -11.1685 0
      vertex 11.6201 -11.1685 4.5
    endloop
  endfacet
  facet normal -0.857738 0.514087 0
    outer loop
      vertex 11.5646 -11.2611 0
      vertex 11.6201 -11.1685 4.5
      vertex 11.6201 -11.1685 0
    endloop
  endfacet
  facet normal -0.857738 0.514087 0
    outer loop
      vertex 11.6201 -11.1685 4.5
      vertex 11.5646 -11.2611 0
      vertex 11.5646 -11.2611 4.5
    endloop
  endfacet
  facet normal 0.857779 0.514019 0
    outer loop
      vertex 9.73538 -11.2611 4.5
      vertex 9.67989 -11.1685 0.799999
      vertex 9.67989 -11.1685 4.5
    endloop
  endfacet
  facet normal 0.857779 0.514019 0
    outer loop
      vertex 9.67989 -11.1685 0.799999
      vertex 9.73538 -11.2611 4.5
      vertex 9.73538 -11.2611 0.799999
    endloop
  endfacet
  facet normal 0.336653 -0.941629 0
    outer loop
      vertex 10.229 -9.63373 0.799999
      vertex 10.3307 -9.59737 4.5
      vertex 10.229 -9.63373 4.5
    endloop
  endfacet
  facet normal 0.336653 -0.941629 0
    outer loop
      vertex 10.3307 -9.59737 4.5
      vertex 10.229 -9.63373 0.799999
      vertex 10.3307 -9.59737 0.799999
    endloop
  endfacet
  facet normal -0.595752 -0.803168 0
    outer loop
      vertex 11.2611 -9.73538 0.799999
      vertex 11.3478 -9.79969 4.5
      vertex 11.2611 -9.73538 4.5
    endloop
  endfacet
  facet normal -0.595752 -0.803168 -0
    outer loop
      vertex 11.3478 -9.79969 4.5
      vertex 11.2611 -9.73538 0.799999
      vertex 11.3478 -9.79969 0.799999
    endloop
  endfacet
  facet normal -0.428206 0.903681 0
    outer loop
      vertex 11.1685 -11.6201 0
      vertex 11.071 -11.6663 4.5
      vertex 11.1685 -11.6201 4.5
    endloop
  endfacet
  facet normal -0.428206 0.903681 0
    outer loop
      vertex 11.071 -11.6663 4.5
      vertex 11.1685 -11.6201 0
      vertex 11.071 -11.6663 0
    endloop
  endfacet
  facet normal 0.514019 -0.857779 0
    outer loop
      vertex 10.0389 -9.73538 0.799999
      vertex 10.1315 -9.67989 4.5
      vertex 10.0389 -9.73538 4.5
    endloop
  endfacet
  facet normal 0.514019 -0.857779 0
    outer loop
      vertex 10.1315 -9.67989 4.5
      vertex 10.0389 -9.73538 0.799999
      vertex 10.1315 -9.67989 0.799999
    endloop
  endfacet
  facet normal -0.969869 0.243625 0
    outer loop
      vertex 11.7026 -10.9693 0
      vertex 11.7289 -10.8646 4.5
      vertex 11.7289 -10.8646 0
    endloop
  endfacet
  facet normal -0.969869 0.243625 0
    outer loop
      vertex 11.7289 -10.8646 4.5
      vertex 11.7026 -10.9693 0
      vertex 11.7026 -10.9693 4.5
    endloop
  endfacet
  facet normal -0.989233 0.146347 0
    outer loop
      vertex 11.7289 -10.8646 0
      vertex 11.7447 -10.7578 4.5
      vertex 11.7447 -10.7578 0
    endloop
  endfacet
  facet normal -0.989233 0.146347 0
    outer loop
      vertex 11.7447 -10.7578 4.5
      vertex 11.7289 -10.8646 0
      vertex 11.7289 -10.8646 4.5
    endloop
  endfacet
  facet normal 0.427903 -0.903825 0
    outer loop
      vertex 10.1315 -9.67989 0.799999
      vertex 10.229 -9.63373 4.5
      vertex 10.1315 -9.67989 4.5
    endloop
  endfacet
  facet normal 0.427903 -0.903825 0
    outer loop
      vertex 10.229 -9.63373 4.5
      vertex 10.1315 -9.67989 0.799999
      vertex 10.229 -9.63373 0.799999
    endloop
  endfacet
  facet normal -0.740987 0.671519 0
    outer loop
      vertex 11.4278 -11.4278 0
      vertex 11.5003 -11.3478 4.5
      vertex 11.5003 -11.3478 0
    endloop
  endfacet
  facet normal -0.740987 0.671519 0
    outer loop
      vertex 11.5003 -11.3478 4.5
      vertex 11.4278 -11.4278 0
      vertex 11.4278 -11.4278 4.5
    endloop
  endfacet
  facet normal -0.671519 0.740987 0
    outer loop
      vertex 11.4278 -11.4278 0
      vertex 11.3478 -11.5003 4.5
      vertex 11.4278 -11.4278 4.5
    endloop
  endfacet
  facet normal -0.671519 0.740987 0
    outer loop
      vertex 11.3478 -11.5003 4.5
      vertex 11.4278 -11.4278 0
      vertex 11.3478 -11.5003 0
    endloop
  endfacet
  facet normal -0.857738 -0.514087 0
    outer loop
      vertex 11.6201 -10.1315 0
      vertex 11.5646 -10.0389 4.5
      vertex 11.5646 -10.0389 0
    endloop
  endfacet
  facet normal -0.857738 -0.514087 0
    outer loop
      vertex 11.5646 -10.0389 4.5
      vertex 11.6201 -10.1315 0
      vertex 11.6201 -10.1315 4.5
    endloop
  endfacet
  facet normal 0.514087 0.857738 -0
    outer loop
      vertex 10.1315 -11.6201 0
      vertex 10.0389 -11.5646 4.5
      vertex 10.1315 -11.6201 4.5
    endloop
  endfacet
  facet normal 0.514087 0.857738 0
    outer loop
      vertex 10.0389 -11.5646 4.5
      vertex 10.1315 -11.6201 0
      vertex 10.0389 -11.5646 0
    endloop
  endfacet
  facet normal 0.803267 -0.59562 0
    outer loop
      vertex 9.73538 -10.0389 4.5
      vertex 9.79969 -9.95217 0.799999
      vertex 9.79969 -9.95217 4.5
    endloop
  endfacet
  facet normal 0.803267 -0.59562 0
    outer loop
      vertex 9.79969 -9.95217 0.799999
      vertex 9.73538 -10.0389 4.5
      vertex 9.73538 -10.0389 0.799999
    endloop
  endfacet
  facet normal 0.98918 -0.14671 0
    outer loop
      vertex 9.5553 -10.5422 4.5
      vertex 9.57114 -10.4354 0.799999
      vertex 9.57114 -10.4354 4.5
    endloop
  endfacet
  facet normal 0.98918 -0.14671 0
    outer loop
      vertex 9.57114 -10.4354 0.799999
      vertex 9.5553 -10.5422 4.5
      vertex 9.5553 -10.5422 0.799999
    endloop
  endfacet
  facet normal 0.740991 -0.671515 0
    outer loop
      vertex 9.79969 -9.95217 4.5
      vertex 9.87218 -9.87218 0.799999
      vertex 9.87218 -9.87218 4.5
    endloop
  endfacet
  facet normal 0.740991 -0.671515 0
    outer loop
      vertex 9.87218 -9.87218 0.799999
      vertex 9.79969 -9.95217 4.5
      vertex 9.79969 -9.95217 0.799999
    endloop
  endfacet
  facet normal 0.59562 -0.803267 0
    outer loop
      vertex 9.95217 -9.79969 0.799999
      vertex 10.0389 -9.73538 4.5
      vertex 9.95217 -9.79969 4.5
    endloop
  endfacet
  facet normal 0.59562 -0.803267 0
    outer loop
      vertex 10.0389 -9.73538 4.5
      vertex 9.95217 -9.79969 0.799999
      vertex 10.0389 -9.73538 0.799999
    endloop
  endfacet
  facet normal 0.98918 0.14671 0
    outer loop
      vertex 9.57114 -10.8646 4.5
      vertex 9.5553 -10.7578 0.799999
      vertex 9.5553 -10.7578 4.5
    endloop
  endfacet
  facet normal 0.98918 0.14671 0
    outer loop
      vertex 9.5553 -10.7578 0.799999
      vertex 9.57114 -10.8646 4.5
      vertex 9.57114 -10.8646 0.799999
    endloop
  endfacet
  facet normal -0.595693 0.803212 0
    outer loop
      vertex 11.3478 -11.5003 0
      vertex 11.2611 -11.5646 4.5
      vertex 11.3478 -11.5003 4.5
    endloop
  endfacet
  facet normal -0.595693 0.803212 0
    outer loop
      vertex 11.2611 -11.5646 4.5
      vertex 11.3478 -11.5003 0
      vertex 11.2611 -11.5646 0
    endloop
  endfacet
  facet normal -0.0491058 -0.998794 0
    outer loop
      vertex 10.65 -9.55 0.799999
      vertex 10.7578 -9.5553 4.5
      vertex 10.65 -9.55 4.5
    endloop
  endfacet
  facet normal -0.0491058 -0.998794 -0
    outer loop
      vertex 10.7578 -9.5553 4.5
      vertex 10.65 -9.55 0.799999
      vertex 10.7578 -9.5553 0.799999
    endloop
  endfacet
  facet normal 0.0491058 0.998794 -0
    outer loop
      vertex 10.65 -11.75 0
      vertex 10.5422 -11.7447 4.5
      vertex 10.65 -11.75 4.5
    endloop
  endfacet
  facet normal 0.0491058 0.998794 0
    outer loop
      vertex 10.5422 -11.7447 4.5
      vertex 10.65 -11.75 0
      vertex 10.5422 -11.7447 0
    endloop
  endfacet
  facet normal -0.0491058 0.998794 0
    outer loop
      vertex 10.7578 -11.7447 0
      vertex 10.65 -11.75 4.5
      vertex 10.7578 -11.7447 4.5
    endloop
  endfacet
  facet normal -0.0491058 0.998794 0
    outer loop
      vertex 10.65 -11.75 4.5
      vertex 10.7578 -11.7447 0
      vertex 10.65 -11.75 0
    endloop
  endfacet
  facet normal -0.941805 0.33616 0
    outer loop
      vertex 11.6663 -11.071 0
      vertex 11.7026 -10.9693 4.5
      vertex 11.7026 -10.9693 0
    endloop
  endfacet
  facet normal -0.941805 0.33616 0
    outer loop
      vertex 11.7026 -10.9693 4.5
      vertex 11.6663 -11.071 0
      vertex 11.6663 -11.071 4.5
    endloop
  endfacet
  facet normal 0.146347 0.989233 -0
    outer loop
      vertex 10.5422 -11.7447 0
      vertex 10.4354 -11.7289 4.5
      vertex 10.5422 -11.7447 4.5
    endloop
  endfacet
  facet normal 0.146347 0.989233 0
    outer loop
      vertex 10.4354 -11.7289 4.5
      vertex 10.5422 -11.7447 0
      vertex 10.4354 -11.7289 0
    endloop
  endfacet
  facet normal -0.243015 -0.970022 0
    outer loop
      vertex 10.8646 -9.57114 0.799999
      vertex 10.9693 -9.59737 4.5
      vertex 10.8646 -9.57114 4.5
    endloop
  endfacet
  facet normal -0.243015 -0.970022 -0
    outer loop
      vertex 10.9693 -9.59737 4.5
      vertex 10.8646 -9.57114 0.799999
      vertex 10.9693 -9.59737 0.799999
    endloop
  endfacet
  facet normal 0.903825 -0.427903 0
    outer loop
      vertex 9.63373 -10.229 4.5
      vertex 9.67989 -10.1315 0.799999
      vertex 9.67989 -10.1315 4.5
    endloop
  endfacet
  facet normal 0.903825 -0.427903 0
    outer loop
      vertex 9.67989 -10.1315 0.799999
      vertex 9.63373 -10.229 4.5
      vertex 9.63373 -10.229 0.799999
    endloop
  endfacet
  facet normal 0.671566 0.740945 0
    outer loop
      vertex 9.95217 -11.5003 4.5
      vertex 9.87218 -11.4278 0.799999
      vertex 9.87218 -11.4278 4.5
    endloop
  endfacet
  facet normal 0.671566 0.740945 -0
    outer loop
      vertex 9.95217 -11.5003 0
      vertex 9.87218 -11.4278 0.799999
      vertex 9.95217 -11.5003 4.5
    endloop
  endfacet
  facet normal 0.671566 0.740945 0
    outer loop
      vertex 9.87218 -11.4278 0.799999
      vertex 9.95217 -11.5003 0
      vertex 9.87218 -11.4278 0
    endloop
  endfacet
  facet normal 0.998794 -0.0491058 0
    outer loop
      vertex 9.55 -10.65 4.5
      vertex 9.5553 -10.5422 0.799999
      vertex 9.5553 -10.5422 4.5
    endloop
  endfacet
  facet normal 0.998794 -0.0491058 0
    outer loop
      vertex 9.5553 -10.5422 0.799999
      vertex 9.55 -10.65 4.5
      vertex 9.55 -10.65 0.799999
    endloop
  endfacet
  facet normal 0.998794 0.0491058 0
    outer loop
      vertex 9.5553 -10.7578 4.5
      vertex 9.55 -10.65 0.799999
      vertex 9.55 -10.65 4.5
    endloop
  endfacet
  facet normal 0.998794 0.0491058 0
    outer loop
      vertex 9.55 -10.65 0.799999
      vertex 9.5553 -10.7578 4.5
      vertex 9.5553 -10.7578 0.799999
    endloop
  endfacet
  facet normal 0.941629 -0.336653 0
    outer loop
      vertex 9.59737 -10.3307 4.5
      vertex 9.63373 -10.229 0.799999
      vertex 9.63373 -10.229 4.5
    endloop
  endfacet
  facet normal 0.941629 -0.336653 0
    outer loop
      vertex 9.63373 -10.229 0.799999
      vertex 9.59737 -10.3307 4.5
      vertex 9.59737 -10.3307 0.799999
    endloop
  endfacet
  facet normal 0.803168 0.595752 0
    outer loop
      vertex 9.79969 -11.3478 4.5
      vertex 9.73538 -11.2611 0.799999
      vertex 9.73538 -11.2611 4.5
    endloop
  endfacet
  facet normal 0.803168 0.595752 0
    outer loop
      vertex 9.73538 -11.2611 0.799999
      vertex 9.79969 -11.3478 4.5
      vertex 9.79969 -11.3478 0.799999
    endloop
  endfacet
  facet normal 0.857779 -0.514019 0
    outer loop
      vertex 9.67989 -10.1315 4.5
      vertex 9.73538 -10.0389 0.799999
      vertex 9.73538 -10.0389 4.5
    endloop
  endfacet
  facet normal 0.857779 -0.514019 0
    outer loop
      vertex 9.73538 -10.0389 0.799999
      vertex 9.67989 -10.1315 4.5
      vertex 9.67989 -10.1315 0.799999
    endloop
  endfacet
  facet normal 0.336653 0.941629 -0
    outer loop
      vertex 10.3307 9.59737 0.799999
      vertex 10.229 9.63373 4.5
      vertex 10.3307 9.59737 4.5
    endloop
  endfacet
  facet normal 0.336653 0.941629 0
    outer loop
      vertex 10.229 9.63373 4.5
      vertex 10.3307 9.59737 0.799999
      vertex 10.229 9.63373 0.799999
    endloop
  endfacet
  facet normal -0.989233 -0.146347 0
    outer loop
      vertex 11.7447 10.7578 0
      vertex 11.7289 10.8646 4.5
      vertex 11.7289 10.8646 0
    endloop
  endfacet
  facet normal -0.989233 -0.146347 0
    outer loop
      vertex 11.7289 10.8646 4.5
      vertex 11.7447 10.7578 0
      vertex 11.7447 10.7578 4.5
    endloop
  endfacet
  facet normal -0.998794 -0.0491058 0
    outer loop
      vertex 11.75 10.65 0
      vertex 11.7447 10.7578 4.5
      vertex 11.7447 10.7578 0
    endloop
  endfacet
  facet normal -0.998794 -0.0491058 0
    outer loop
      vertex 11.7447 10.7578 4.5
      vertex 11.75 10.65 0
      vertex 11.75 10.65 4.5
    endloop
  endfacet
  facet normal -0.969869 -0.243625 0
    outer loop
      vertex 11.7289 10.8646 0
      vertex 11.7026 10.9693 4.5
      vertex 11.7026 10.9693 0
    endloop
  endfacet
  facet normal -0.969869 -0.243625 0
    outer loop
      vertex 11.7026 10.9693 4.5
      vertex 11.7289 10.8646 0
      vertex 11.7289 10.8646 4.5
    endloop
  endfacet
  facet normal 0.98918 -0.14671 0
    outer loop
      vertex 9.5553 10.7578 4.5
      vertex 9.57114 10.8646 0.799999
      vertex 9.57114 10.8646 4.5
    endloop
  endfacet
  facet normal 0.98918 -0.14671 0
    outer loop
      vertex 9.57114 10.8646 0.799999
      vertex 9.5553 10.7578 4.5
      vertex 9.5553 10.7578 0.799999
    endloop
  endfacet
  facet normal 0.243015 0.970022 -0
    outer loop
      vertex 10.4354 9.57114 0.799999
      vertex 10.3307 9.59737 4.5
      vertex 10.4354 9.57114 4.5
    endloop
  endfacet
  facet normal 0.243015 0.970022 0
    outer loop
      vertex 10.3307 9.59737 4.5
      vertex 10.4354 9.57114 0.799999
      vertex 10.3307 9.59737 0.799999
    endloop
  endfacet
  facet normal -0.33616 -0.941805 0
    outer loop
      vertex 10.9693 11.7026 0
      vertex 11.071 11.6663 4.5
      vertex 10.9693 11.7026 4.5
    endloop
  endfacet
  facet normal -0.33616 -0.941805 -0
    outer loop
      vertex 11.071 11.6663 4.5
      vertex 10.9693 11.7026 0
      vertex 11.071 11.6663 0
    endloop
  endfacet
  facet normal 0.514087 -0.857738 0
    outer loop
      vertex 10.0389 11.5646 0
      vertex 10.1315 11.6201 4.5
      vertex 10.0389 11.5646 4.5
    endloop
  endfacet
  facet normal 0.514087 -0.857738 0
    outer loop
      vertex 10.1315 11.6201 4.5
      vertex 10.0389 11.5646 0
      vertex 10.1315 11.6201 0
    endloop
  endfacet
  facet normal 0.903825 0.427903 0
    outer loop
      vertex 9.67989 10.1315 4.5
      vertex 9.63373 10.229 0.799999
      vertex 9.63373 10.229 4.5
    endloop
  endfacet
  facet normal 0.903825 0.427903 0
    outer loop
      vertex 9.63373 10.229 0.799999
      vertex 9.67989 10.1315 4.5
      vertex 9.67989 10.1315 0.799999
    endloop
  endfacet
  facet normal 0.243625 -0.969869 0
    outer loop
      vertex 10.3307 11.7026 0
      vertex 10.4354 11.7289 4.5
      vertex 10.3307 11.7026 4.5
    endloop
  endfacet
  facet normal 0.243625 -0.969869 0
    outer loop
      vertex 10.4354 11.7289 4.5
      vertex 10.3307 11.7026 0
      vertex 10.4354 11.7289 0
    endloop
  endfacet
  facet normal 0.857779 0.514019 0
    outer loop
      vertex 9.73538 10.0389 4.5
      vertex 9.67989 10.1315 0.799999
      vertex 9.67989 10.1315 4.5
    endloop
  endfacet
  facet normal 0.857779 0.514019 0
    outer loop
      vertex 9.67989 10.1315 0.799999
      vertex 9.73538 10.0389 4.5
      vertex 9.73538 10.0389 0.799999
    endloop
  endfacet
  facet normal -0.243015 0.970022 0
    outer loop
      vertex 10.9693 9.59737 0.799999
      vertex 10.8646 9.57114 4.5
      vertex 10.9693 9.59737 4.5
    endloop
  endfacet
  facet normal -0.243015 0.970022 0
    outer loop
      vertex 10.8646 9.57114 4.5
      vertex 10.9693 9.59737 0.799999
      vertex 10.8646 9.57114 0.799999
    endloop
  endfacet
  facet normal 0.59562 0.803267 -0
    outer loop
      vertex 10.0389 9.73538 0.799999
      vertex 9.95217 9.79969 4.5
      vertex 10.0389 9.73538 4.5
    endloop
  endfacet
  facet normal 0.59562 0.803267 0
    outer loop
      vertex 9.95217 9.79969 4.5
      vertex 10.0389 9.73538 0.799999
      vertex 9.95217 9.79969 0.799999
    endloop
  endfacet
  facet normal -0.514019 0.857779 0
    outer loop
      vertex 11.2611 9.73538 0.799999
      vertex 11.1685 9.67989 4.5
      vertex 11.2611 9.73538 4.5
    endloop
  endfacet
  facet normal -0.514019 0.857779 0
    outer loop
      vertex 11.1685 9.67989 4.5
      vertex 11.2611 9.73538 0.799999
      vertex 11.1685 9.67989 0.799999
    endloop
  endfacet
  facet normal -0.803311 0.59556 0
    outer loop
      vertex 11.5003 9.95217 0
      vertex 11.5646 10.0389 4.5
      vertex 11.5646 10.0389 0
    endloop
  endfacet
  facet normal -0.803311 0.59556 0
    outer loop
      vertex 11.5646 10.0389 4.5
      vertex 11.5003 9.95217 0
      vertex 11.5003 9.95217 4.5
    endloop
  endfacet
  facet normal -0.146347 -0.989233 0
    outer loop
      vertex 10.7578 11.7447 0
      vertex 10.8646 11.7289 4.5
      vertex 10.7578 11.7447 4.5
    endloop
  endfacet
  facet normal -0.146347 -0.989233 -0
    outer loop
      vertex 10.8646 11.7289 4.5
      vertex 10.7578 11.7447 0
      vertex 10.8646 11.7289 0
    endloop
  endfacet
  facet normal 0.59556 -0.803311 0
    outer loop
      vertex 9.95217 11.5003 0
      vertex 10.0389 11.5646 4.5
      vertex 9.95217 11.5003 4.5
    endloop
  endfacet
  facet normal 0.59556 -0.803311 0
    outer loop
      vertex 10.0389 11.5646 4.5
      vertex 9.95217 11.5003 0
      vertex 10.0389 11.5646 0
    endloop
  endfacet
  facet normal 0.803168 -0.595752 0
    outer loop
      vertex 9.73538 11.2611 4.5
      vertex 9.79969 11.3478 0.799999
      vertex 9.79969 11.3478 4.5
    endloop
  endfacet
  facet normal 0.803168 -0.595752 0
    outer loop
      vertex 9.79969 11.3478 0.799999
      vertex 9.73538 11.2611 4.5
      vertex 9.73538 11.2611 0.799999
    endloop
  endfacet
  facet normal -0.989233 0.146347 0
    outer loop
      vertex 11.7289 10.4354 0
      vertex 11.7447 10.5422 4.5
      vertex 11.7447 10.5422 0
    endloop
  endfacet
  facet normal -0.989233 0.146347 0
    outer loop
      vertex 11.7447 10.5422 4.5
      vertex 11.7289 10.4354 0
      vertex 11.7289 10.4354 4.5
    endloop
  endfacet
  facet normal 0.941629 -0.336653 0
    outer loop
      vertex 9.59737 10.9693 4.5
      vertex 9.63373 11.071 0.799999
      vertex 9.63373 11.071 4.5
    endloop
  endfacet
  facet normal 0.941629 -0.336653 0
    outer loop
      vertex 9.63373 11.071 0.799999
      vertex 9.59737 10.9693 4.5
      vertex 9.59737 10.9693 0.799999
    endloop
  endfacet
  facet normal -0.428206 -0.903681 0
    outer loop
      vertex 11.071 11.6663 0
      vertex 11.1685 11.6201 4.5
      vertex 11.071 11.6663 4.5
    endloop
  endfacet
  facet normal -0.428206 -0.903681 -0
    outer loop
      vertex 11.1685 11.6201 4.5
      vertex 11.071 11.6663 0
      vertex 11.1685 11.6201 0
    endloop
  endfacet
  facet normal 0.941629 0.336653 0
    outer loop
      vertex 9.63373 10.229 4.5
      vertex 9.59737 10.3307 0.799999
      vertex 9.59737 10.3307 4.5
    endloop
  endfacet
  facet normal 0.941629 0.336653 0
    outer loop
      vertex 9.59737 10.3307 0.799999
      vertex 9.63373 10.229 4.5
      vertex 9.63373 10.229 0.799999
    endloop
  endfacet
  facet normal -0.969869 0.243625 0
    outer loop
      vertex 11.7026 10.3307 0
      vertex 11.7289 10.4354 4.5
      vertex 11.7289 10.4354 0
    endloop
  endfacet
  facet normal -0.969869 0.243625 0
    outer loop
      vertex 11.7289 10.4354 4.5
      vertex 11.7026 10.3307 0
      vertex 11.7026 10.3307 4.5
    endloop
  endfacet
  facet normal 0.0491058 -0.998794 0
    outer loop
      vertex 10.5422 11.7447 0
      vertex 10.65 11.75 4.5
      vertex 10.5422 11.7447 4.5
    endloop
  endfacet
  facet normal 0.0491058 -0.998794 0
    outer loop
      vertex 10.65 11.75 4.5
      vertex 10.5422 11.7447 0
      vertex 10.65 11.75 0
    endloop
  endfacet
  facet normal -0.671519 -0.740987 0
    outer loop
      vertex 11.3478 11.5003 0
      vertex 11.4278 11.4278 4.5
      vertex 11.3478 11.5003 4.5
    endloop
  endfacet
  facet normal -0.671519 -0.740987 -0
    outer loop
      vertex 11.4278 11.4278 4.5
      vertex 11.3478 11.5003 0
      vertex 11.4278 11.4278 0
    endloop
  endfacet
  facet normal 0.428206 -0.903681 0
    outer loop
      vertex 10.1315 11.6201 0
      vertex 10.229 11.6663 4.5
      vertex 10.1315 11.6201 4.5
    endloop
  endfacet
  facet normal 0.428206 -0.903681 0
    outer loop
      vertex 10.229 11.6663 4.5
      vertex 10.1315 11.6201 0
      vertex 10.229 11.6663 0
    endloop
  endfacet
  facet normal 0.671566 -0.740945 0
    outer loop
      vertex 9.87218 11.4278 0.799999
      vertex 9.95217 11.5003 4.5
      vertex 9.87218 11.4278 4.5
    endloop
  endfacet
  facet normal 0.671566 -0.740945 0
    outer loop
      vertex 9.95217 11.5003 0
      vertex 9.87218 11.4278 0.799999
      vertex 9.87218 11.4278 0
    endloop
  endfacet
  facet normal 0.671566 -0.740945 0
    outer loop
      vertex 9.87218 11.4278 0.799999
      vertex 9.95217 11.5003 0
      vertex 9.95217 11.5003 4.5
    endloop
  endfacet
  facet normal -0.336653 0.941629 0
    outer loop
      vertex 11.071 9.63373 0.799999
      vertex 10.9693 9.59737 4.5
      vertex 11.071 9.63373 4.5
    endloop
  endfacet
  facet normal -0.336653 0.941629 0
    outer loop
      vertex 10.9693 9.59737 4.5
      vertex 11.071 9.63373 0.799999
      vertex 10.9693 9.59737 0.799999
    endloop
  endfacet
  facet normal 0.33616 -0.941805 0
    outer loop
      vertex 10.229 11.6663 0
      vertex 10.3307 11.7026 4.5
      vertex 10.229 11.6663 4.5
    endloop
  endfacet
  facet normal 0.33616 -0.941805 0
    outer loop
      vertex 10.3307 11.7026 4.5
      vertex 10.229 11.6663 0
      vertex 10.3307 11.7026 0
    endloop
  endfacet
  facet normal -0.803212 -0.595693 0
    outer loop
      vertex 11.5646 11.2611 0
      vertex 11.5003 11.3478 4.5
      vertex 11.5003 11.3478 0
    endloop
  endfacet
  facet normal -0.803212 -0.595693 0
    outer loop
      vertex 11.5003 11.3478 4.5
      vertex 11.5646 11.2611 0
      vertex 11.5646 11.2611 4.5
    endloop
  endfacet
  facet normal 0.857779 -0.514019 0
    outer loop
      vertex 9.67989 11.1685 4.5
      vertex 9.73538 11.2611 0.799999
      vertex 9.73538 11.2611 4.5
    endloop
  endfacet
  facet normal 0.857779 -0.514019 0
    outer loop
      vertex 9.73538 11.2611 0.799999
      vertex 9.67989 11.1685 4.5
      vertex 9.67989 11.1685 0.799999
    endloop
  endfacet
  facet normal -0.998794 0.0491058 0
    outer loop
      vertex 11.7447 10.5422 0
      vertex 11.75 10.65 4.5
      vertex 11.75 10.65 0
    endloop
  endfacet
  facet normal -0.998794 0.0491058 0
    outer loop
      vertex 11.75 10.65 4.5
      vertex 11.7447 10.5422 0
      vertex 11.7447 10.5422 4.5
    endloop
  endfacet
  facet normal -0.903681 0.428206 0
    outer loop
      vertex 11.6201 10.1315 0
      vertex 11.6663 10.229 4.5
      vertex 11.6663 10.229 0
    endloop
  endfacet
  facet normal -0.903681 0.428206 0
    outer loop
      vertex 11.6663 10.229 4.5
      vertex 11.6201 10.1315 0
      vertex 11.6201 10.1315 4.5
    endloop
  endfacet
  facet normal 0.671515 0.740991 -0
    outer loop
      vertex 9.95217 9.79969 0.799999
      vertex 9.87218 9.87218 4.5
      vertex 9.95217 9.79969 4.5
    endloop
  endfacet
  facet normal 0.671515 0.740991 0
    outer loop
      vertex 9.87218 9.87218 4.5
      vertex 9.95217 9.79969 0.799999
      vertex 9.87218 9.87218 0.799999
    endloop
  endfacet
  facet normal -0.595693 -0.803212 0
    outer loop
      vertex 11.2611 11.5646 0
      vertex 11.3478 11.5003 4.5
      vertex 11.2611 11.5646 4.5
    endloop
  endfacet
  facet normal -0.595693 -0.803212 -0
    outer loop
      vertex 11.3478 11.5003 4.5
      vertex 11.2611 11.5646 0
      vertex 11.3478 11.5003 0
    endloop
  endfacet
  facet normal 0.514019 0.857779 -0
    outer loop
      vertex 10.1315 9.67989 0.799999
      vertex 10.0389 9.73538 4.5
      vertex 10.1315 9.67989 4.5
    endloop
  endfacet
  facet normal 0.514019 0.857779 0
    outer loop
      vertex 10.0389 9.73538 4.5
      vertex 10.1315 9.67989 0.799999
      vertex 10.0389 9.73538 0.799999
    endloop
  endfacet
  facet normal -0.514087 -0.857738 0
    outer loop
      vertex 11.1685 11.6201 0
      vertex 11.2611 11.5646 4.5
      vertex 11.1685 11.6201 4.5
    endloop
  endfacet
  facet normal -0.514087 -0.857738 -0
    outer loop
      vertex 11.2611 11.5646 4.5
      vertex 11.1685 11.6201 0
      vertex 11.2611 11.5646 0
    endloop
  endfacet
  facet normal -0.14671 0.98918 0
    outer loop
      vertex 10.8646 9.57114 0.799999
      vertex 10.7578 9.5553 4.5
      vertex 10.8646 9.57114 4.5
    endloop
  endfacet
  facet normal -0.14671 0.98918 0
    outer loop
      vertex 10.7578 9.5553 4.5
      vertex 10.8646 9.57114 0.799999
      vertex 10.7578 9.5553 0.799999
    endloop
  endfacet
  facet normal -0.941805 -0.33616 0
    outer loop
      vertex 11.7026 10.9693 0
      vertex 11.6663 11.071 4.5
      vertex 11.6663 11.071 0
    endloop
  endfacet
  facet normal -0.941805 -0.33616 0
    outer loop
      vertex 11.6663 11.071 4.5
      vertex 11.7026 10.9693 0
      vertex 11.7026 10.9693 4.5
    endloop
  endfacet
  facet normal -0.857738 0.514087 0
    outer loop
      vertex 11.5646 10.0389 0
      vertex 11.6201 10.1315 4.5
      vertex 11.6201 10.1315 0
    endloop
  endfacet
  facet normal -0.857738 0.514087 0
    outer loop
      vertex 11.6201 10.1315 4.5
      vertex 11.5646 10.0389 0
      vertex 11.5646 10.0389 4.5
    endloop
  endfacet
  facet normal 0.998794 0.0491058 0
    outer loop
      vertex 9.5553 10.5422 4.5
      vertex 9.55 10.65 0.799999
      vertex 9.55 10.65 4.5
    endloop
  endfacet
  facet normal 0.998794 0.0491058 0
    outer loop
      vertex 9.55 10.65 0.799999
      vertex 9.5553 10.5422 4.5
      vertex 9.5553 10.5422 0.799999
    endloop
  endfacet
  facet normal -0.941805 0.33616 0
    outer loop
      vertex 11.6663 10.229 0
      vertex 11.7026 10.3307 4.5
      vertex 11.7026 10.3307 0
    endloop
  endfacet
  facet normal -0.941805 0.33616 0
    outer loop
      vertex 11.7026 10.3307 4.5
      vertex 11.6663 10.229 0
      vertex 11.6663 10.229 4.5
    endloop
  endfacet
  facet normal 0.146347 -0.989233 0
    outer loop
      vertex 10.4354 11.7289 0
      vertex 10.5422 11.7447 4.5
      vertex 10.4354 11.7289 4.5
    endloop
  endfacet
  facet normal 0.146347 -0.989233 0
    outer loop
      vertex 10.5422 11.7447 4.5
      vertex 10.4354 11.7289 0
      vertex 10.5422 11.7447 0
    endloop
  endfacet
  facet normal -0.740987 -0.671519 0
    outer loop
      vertex 11.5003 11.3478 0
      vertex 11.4278 11.4278 4.5
      vertex 11.4278 11.4278 0
    endloop
  endfacet
  facet normal -0.740987 -0.671519 0
    outer loop
      vertex 11.4278 11.4278 4.5
      vertex 11.5003 11.3478 0
      vertex 11.5003 11.3478 4.5
    endloop
  endfacet
  facet normal -0.0491058 -0.998794 0
    outer loop
      vertex 10.65 11.75 0
      vertex 10.7578 11.7447 4.5
      vertex 10.65 11.75 4.5
    endloop
  endfacet
  facet normal -0.0491058 -0.998794 -0
    outer loop
      vertex 10.7578 11.7447 4.5
      vertex 10.65 11.75 0
      vertex 10.7578 11.7447 0
    endloop
  endfacet
  facet normal -0.903681 -0.428206 0
    outer loop
      vertex 11.6663 11.071 0
      vertex 11.6201 11.1685 4.5
      vertex 11.6201 11.1685 0
    endloop
  endfacet
  facet normal -0.903681 -0.428206 0
    outer loop
      vertex 11.6201 11.1685 4.5
      vertex 11.6663 11.071 0
      vertex 11.6663 11.071 4.5
    endloop
  endfacet
  facet normal 0.14671 0.98918 -0
    outer loop
      vertex 10.5422 9.5553 0.799999
      vertex 10.4354 9.57114 4.5
      vertex 10.5422 9.5553 4.5
    endloop
  endfacet
  facet normal 0.14671 0.98918 0
    outer loop
      vertex 10.4354 9.57114 4.5
      vertex 10.5422 9.5553 0.799999
      vertex 10.4354 9.57114 0.799999
    endloop
  endfacet
  facet normal -0.671469 0.741033 0
    outer loop
      vertex 11.4278 9.87218 0.799999
      vertex 11.3478 9.79969 4.5
      vertex 11.4278 9.87218 4.5
    endloop
  endfacet
  facet normal -0.671469 0.741033 0
    outer loop
      vertex 11.3478 9.79969 4.5
      vertex 11.4278 9.87218 0.799999
      vertex 11.3478 9.79969 0.799999
    endloop
  endfacet
  facet normal -0.857738 -0.514087 0
    outer loop
      vertex 11.6201 11.1685 0
      vertex 11.5646 11.2611 4.5
      vertex 11.5646 11.2611 0
    endloop
  endfacet
  facet normal -0.857738 -0.514087 0
    outer loop
      vertex 11.5646 11.2611 4.5
      vertex 11.6201 11.1685 0
      vertex 11.6201 11.1685 4.5
    endloop
  endfacet
  facet normal 0.0491058 0.998794 -0
    outer loop
      vertex 10.65 9.55 0.799999
      vertex 10.5422 9.5553 4.5
      vertex 10.65 9.55 4.5
    endloop
  endfacet
  facet normal 0.0491058 0.998794 0
    outer loop
      vertex 10.5422 9.5553 4.5
      vertex 10.65 9.55 0.799999
      vertex 10.5422 9.5553 0.799999
    endloop
  endfacet
  facet normal 0.741033 -0.671469 0
    outer loop
      vertex 9.79969 11.3478 4.5
      vertex 9.87218 11.4278 0.799999
      vertex 9.87218 11.4278 4.5
    endloop
  endfacet
  facet normal 0.741033 -0.671469 0
    outer loop
      vertex 9.87218 11.4278 0.799999
      vertex 9.79969 11.3478 4.5
      vertex 9.79969 11.3478 0.799999
    endloop
  endfacet
  facet normal 0.903825 -0.427903 0
    outer loop
      vertex 9.63373 11.071 4.5
      vertex 9.67989 11.1685 0.799999
      vertex 9.67989 11.1685 4.5
    endloop
  endfacet
  facet normal 0.903825 -0.427903 0
    outer loop
      vertex 9.67989 11.1685 0.799999
      vertex 9.63373 11.071 4.5
      vertex 9.63373 11.071 0.799999
    endloop
  endfacet
  facet normal 0.970022 -0.243015 0
    outer loop
      vertex 9.57114 10.8646 4.5
      vertex 9.59737 10.9693 0.799999
      vertex 9.59737 10.9693 4.5
    endloop
  endfacet
  facet normal 0.970022 -0.243015 0
    outer loop
      vertex 9.59737 10.9693 0.799999
      vertex 9.57114 10.8646 4.5
      vertex 9.57114 10.8646 0.799999
    endloop
  endfacet
  facet normal -0.243625 -0.969869 0
    outer loop
      vertex 10.8646 11.7289 0
      vertex 10.9693 11.7026 4.5
      vertex 10.8646 11.7289 4.5
    endloop
  endfacet
  facet normal -0.243625 -0.969869 -0
    outer loop
      vertex 10.9693 11.7026 4.5
      vertex 10.8646 11.7289 0
      vertex 10.9693 11.7026 0
    endloop
  endfacet
  facet normal 0.970022 0.243015 0
    outer loop
      vertex 9.59737 10.3307 4.5
      vertex 9.57114 10.4354 0.799999
      vertex 9.57114 10.4354 4.5
    endloop
  endfacet
  facet normal 0.970022 0.243015 0
    outer loop
      vertex 9.57114 10.4354 0.799999
      vertex 9.59737 10.3307 4.5
      vertex 9.59737 10.3307 0.799999
    endloop
  endfacet
  facet normal 0.427903 0.903825 -0
    outer loop
      vertex 10.229 9.63373 0.799999
      vertex 10.1315 9.67989 4.5
      vertex 10.229 9.63373 4.5
    endloop
  endfacet
  facet normal 0.427903 0.903825 0
    outer loop
      vertex 10.1315 9.67989 4.5
      vertex 10.229 9.63373 0.799999
      vertex 10.1315 9.67989 0.799999
    endloop
  endfacet
  facet normal 0.740991 0.671515 0
    outer loop
      vertex 9.87218 9.87218 4.5
      vertex 9.79969 9.95217 0.799999
      vertex 9.79969 9.95217 4.5
    endloop
  endfacet
  facet normal 0.740991 0.671515 0
    outer loop
      vertex 9.79969 9.95217 0.799999
      vertex 9.87218 9.87218 4.5
      vertex 9.87218 9.87218 0.799999
    endloop
  endfacet
  facet normal -0.427903 0.903825 0
    outer loop
      vertex 11.1685 9.67989 0.799999
      vertex 11.071 9.63373 4.5
      vertex 11.1685 9.67989 4.5
    endloop
  endfacet
  facet normal -0.427903 0.903825 0
    outer loop
      vertex 11.071 9.63373 4.5
      vertex 11.1685 9.67989 0.799999
      vertex 11.071 9.63373 0.799999
    endloop
  endfacet
  facet normal -0.0491058 0.998794 0
    outer loop
      vertex 10.7578 9.5553 0.799999
      vertex 10.65 9.55 4.5
      vertex 10.7578 9.5553 4.5
    endloop
  endfacet
  facet normal -0.0491058 0.998794 0
    outer loop
      vertex 10.65 9.55 4.5
      vertex 10.7578 9.5553 0.799999
      vertex 10.65 9.55 0.799999
    endloop
  endfacet
  facet normal 0.98918 0.14671 0
    outer loop
      vertex 9.57114 10.4354 4.5
      vertex 9.5553 10.5422 0.799999
      vertex 9.5553 10.5422 4.5
    endloop
  endfacet
  facet normal 0.98918 0.14671 0
    outer loop
      vertex 9.5553 10.5422 0.799999
      vertex 9.57114 10.4354 4.5
      vertex 9.57114 10.4354 0.799999
    endloop
  endfacet
  facet normal -0.595752 0.803168 0
    outer loop
      vertex 11.3478 9.79969 0.799999
      vertex 11.2611 9.73538 4.5
      vertex 11.3478 9.79969 4.5
    endloop
  endfacet
  facet normal -0.595752 0.803168 0
    outer loop
      vertex 11.2611 9.73538 4.5
      vertex 11.3478 9.79969 0.799999
      vertex 11.2611 9.73538 0.799999
    endloop
  endfacet
  facet normal 0.803267 0.59562 0
    outer loop
      vertex 9.79969 9.95217 4.5
      vertex 9.73538 10.0389 0.799999
      vertex 9.73538 10.0389 4.5
    endloop
  endfacet
  facet normal 0.803267 0.59562 0
    outer loop
      vertex 9.73538 10.0389 0.799999
      vertex 9.79969 9.95217 4.5
      vertex 9.79969 9.95217 0.799999
    endloop
  endfacet
  facet normal 0.998794 -0.0491058 0
    outer loop
      vertex 9.55 10.65 4.5
      vertex 9.5553 10.7578 0.799999
      vertex 9.5553 10.7578 4.5
    endloop
  endfacet
  facet normal 0.998794 -0.0491058 0
    outer loop
      vertex 9.5553 10.7578 0.799999
      vertex 9.55 10.65 4.5
      vertex 9.55 10.65 0.799999
    endloop
  endfacet
  facet normal -0.740945 0.671566 0
    outer loop
      vertex 11.4278 9.87218 0.799999
      vertex 11.5003 9.95217 0
      vertex 11.4278 9.87218 0
    endloop
  endfacet
  facet normal -0.740945 0.671566 0
    outer loop
      vertex 11.5003 9.95217 0
      vertex 11.4278 9.87218 0.799999
      vertex 11.5003 9.95217 4.5
    endloop
  endfacet
  facet normal -0.740945 0.671566 0
    outer loop
      vertex 11.5003 9.95217 4.5
      vertex 11.4278 9.87218 0.799999
      vertex 11.4278 9.87218 4.5
    endloop
  endfacet
  facet normal 0.336829 -0.941566 0
    outer loop
      vertex -9.02034 -7.58312 0
      vertex -8.9187 -7.54676 0.799999
      vertex -9.02034 -7.58312 0.799999
    endloop
  endfacet
  facet normal 0.336829 -0.941566 0
    outer loop
      vertex -8.9187 -7.54676 0.799999
      vertex -9.02034 -7.58312 0
      vertex -8.9187 -7.54676 0
    endloop
  endfacet
  facet normal 0.146737 -0.989176 0
    outer loop
      vertex -8.81399 -7.52053 0
      vertex -8.70721 -7.50469 0.799999
      vertex -8.81399 -7.52053 0.799999
    endloop
  endfacet
  facet normal 0.146737 -0.989176 0
    outer loop
      vertex -8.70721 -7.50469 0.799999
      vertex -8.81399 -7.52053 0
      vertex -8.70721 -7.50469 0
    endloop
  endfacet
  facet normal 0.242993 -0.970028 0
    outer loop
      vertex -8.9187 -7.54676 0
      vertex -8.81399 -7.52053 0.799999
      vertex -8.9187 -7.54676 0.799999
    endloop
  endfacet
  facet normal 0.242993 -0.970028 0
    outer loop
      vertex -8.81399 -7.52053 0.799999
      vertex -8.9187 -7.54676 0
      vertex -8.81399 -7.52053 0
    endloop
  endfacet
  facet normal 0.427581 -0.903977 0
    outer loop
      vertex -9.11793 -7.62928 0
      vertex -9.02034 -7.58312 0.799999
      vertex -9.11793 -7.62928 0.799999
    endloop
  endfacet
  facet normal 0.427581 -0.903977 0
    outer loop
      vertex -9.02034 -7.58312 0.799999
      vertex -9.11793 -7.62928 0
      vertex -9.02034 -7.58312 0
    endloop
  endfacet
  facet normal 0.51406 -0.857754 0
    outer loop
      vertex -9.21052 -7.68477 0
      vertex -9.11793 -7.62928 0.799999
      vertex -9.21052 -7.68477 0.799999
    endloop
  endfacet
  facet normal 0.51406 -0.857754 0
    outer loop
      vertex -9.11793 -7.62928 0.799999
      vertex -9.21052 -7.68477 0
      vertex -9.11793 -7.62928 0
    endloop
  endfacet
  facet normal 0.595752 -0.803168 0
    outer loop
      vertex -9.29722 -7.74908 0
      vertex -9.21052 -7.68477 0.799999
      vertex -9.29722 -7.74908 0.799999
    endloop
  endfacet
  facet normal 0.595752 -0.803168 0
    outer loop
      vertex -9.21052 -7.68477 0.799999
      vertex -9.29722 -7.74908 0
      vertex -9.21052 -7.68477 0
    endloop
  endfacet
  facet normal 0.70711 -0.707103 0
    outer loop
      vertex -11.4278 -9.87218 0.799999
      vertex -9.37721 -7.82157 0
      vertex -9.37721 -7.82157 0.799999
    endloop
  endfacet
  facet normal 0.70711 -0.707103 0
    outer loop
      vertex -9.37721 -7.82157 0
      vertex -11.4278 -9.87218 0.799999
      vertex -11.4278 -9.87218 0
    endloop
  endfacet
  facet normal 0.671515 -0.740991 0
    outer loop
      vertex -9.37721 -7.82157 0
      vertex -9.29722 -7.74908 0.799999
      vertex -9.37721 -7.82157 0.799999
    endloop
  endfacet
  facet normal 0.671515 -0.740991 0
    outer loop
      vertex -9.29722 -7.74908 0.799999
      vertex -9.37721 -7.82157 0
      vertex -9.29722 -7.74908 0
    endloop
  endfacet
  facet normal -0.707103 0.70711 0
    outer loop
      vertex -9.87218 -11.4278 0
      vertex -7.82157 -9.37721 0.799999
      vertex -7.82157 -9.37721 0
    endloop
  endfacet
  facet normal -0.707103 0.70711 0
    outer loop
      vertex -7.82157 -9.37721 0.799999
      vertex -9.87218 -11.4278 0
      vertex -9.87218 -11.4278 0.799999
    endloop
  endfacet
  facet normal -0.427581 -0.903977 0
    outer loop
      vertex -8.17844 -7.58312 0
      vertex -8.08085 -7.62928 0.799999
      vertex -8.17844 -7.58312 0.799999
    endloop
  endfacet
  facet normal -0.427581 -0.903977 -0
    outer loop
      vertex -8.08085 -7.62928 0.799999
      vertex -8.17844 -7.58312 0
      vertex -8.08085 -7.62928 0
    endloop
  endfacet
  facet normal -0.970028 -0.242993 0
    outer loop
      vertex -7.52053 -8.38479 0
      vertex -7.54676 -8.28008 0.799999
      vertex -7.54676 -8.28008 0
    endloop
  endfacet
  facet normal -0.970028 -0.242993 0
    outer loop
      vertex -7.54676 -8.28008 0.799999
      vertex -7.52053 -8.38479 0
      vertex -7.52053 -8.38479 0.799999
    endloop
  endfacet
  facet normal -0.146737 -0.989176 0
    outer loop
      vertex -8.49157 -7.50469 0
      vertex -8.38479 -7.52053 0.799999
      vertex -8.49157 -7.50469 0.799999
    endloop
  endfacet
  facet normal -0.146737 -0.989176 -0
    outer loop
      vertex -8.38479 -7.52053 0.799999
      vertex -8.49157 -7.50469 0
      vertex -8.38479 -7.52053 0
    endloop
  endfacet
  facet normal -0.857754 -0.51406 0
    outer loop
      vertex -7.62928 -8.08085 0
      vertex -7.68477 -7.98826 0.799999
      vertex -7.68477 -7.98826 0
    endloop
  endfacet
  facet normal -0.857754 -0.51406 0
    outer loop
      vertex -7.68477 -7.98826 0.799999
      vertex -7.62928 -8.08085 0
      vertex -7.62928 -8.08085 0.799999
    endloop
  endfacet
  facet normal -0.803168 -0.595752 0
    outer loop
      vertex -7.68477 -7.98826 0
      vertex -7.74908 -7.90156 0.799999
      vertex -7.74908 -7.90156 0
    endloop
  endfacet
  facet normal -0.803168 -0.595752 0
    outer loop
      vertex -7.74908 -7.90156 0.799999
      vertex -7.68477 -7.98826 0
      vertex -7.68477 -7.98826 0.799999
    endloop
  endfacet
  facet normal -0.242993 -0.970028 0
    outer loop
      vertex -8.38479 -7.52053 0
      vertex -8.28008 -7.54676 0.799999
      vertex -8.38479 -7.52053 0.799999
    endloop
  endfacet
  facet normal -0.242993 -0.970028 -0
    outer loop
      vertex -8.28008 -7.54676 0.799999
      vertex -8.38479 -7.52053 0
      vertex -8.28008 -7.54676 0
    endloop
  endfacet
  facet normal -0.989176 -0.146737 0
    outer loop
      vertex -7.50469 -8.49157 0
      vertex -7.52053 -8.38479 0.799999
      vertex -7.52053 -8.38479 0
    endloop
  endfacet
  facet normal -0.989176 -0.146737 0
    outer loop
      vertex -7.52053 -8.38479 0.799999
      vertex -7.50469 -8.49157 0
      vertex -7.50469 -8.49157 0.799999
    endloop
  endfacet
  facet normal -0.941566 -0.336829 0
    outer loop
      vertex -7.54676 -8.28008 0
      vertex -7.58312 -8.17844 0.799999
      vertex -7.58312 -8.17844 0
    endloop
  endfacet
  facet normal -0.941566 -0.336829 0
    outer loop
      vertex -7.58312 -8.17844 0.799999
      vertex -7.54676 -8.28008 0
      vertex -7.54676 -8.28008 0.799999
    endloop
  endfacet
  facet normal 0.0490967 -0.998794 0
    outer loop
      vertex -8.70721 -7.50469 0
      vertex -8.59939 -7.49939 0.799999
      vertex -8.70721 -7.50469 0.799999
    endloop
  endfacet
  facet normal 0.0490967 -0.998794 0
    outer loop
      vertex -8.59939 -7.49939 0.799999
      vertex -8.70721 -7.50469 0
      vertex -8.59939 -7.49939 0
    endloop
  endfacet
  facet normal -0.336829 -0.941566 0
    outer loop
      vertex -8.28008 -7.54676 0
      vertex -8.17844 -7.58312 0.799999
      vertex -8.28008 -7.54676 0.799999
    endloop
  endfacet
  facet normal -0.336829 -0.941566 -0
    outer loop
      vertex -8.17844 -7.58312 0.799999
      vertex -8.28008 -7.54676 0
      vertex -8.17844 -7.58312 0
    endloop
  endfacet
  facet normal -0.998794 0.0490967 0
    outer loop
      vertex -7.50469 -8.70721 0
      vertex -7.49939 -8.59939 0.799999
      vertex -7.49939 -8.59939 0
    endloop
  endfacet
  facet normal -0.998794 0.0490967 0
    outer loop
      vertex -7.49939 -8.59939 0.799999
      vertex -7.50469 -8.70721 0
      vertex -7.50469 -8.70721 0.799999
    endloop
  endfacet
  facet normal 0 0 -1
    outer loop
      vertex -7.50469 -8.70721 0.799999
      vertex -7.50469 -8.49157 0.799999
      vertex -7.49939 -8.59939 0.799999
    endloop
  endfacet
  facet normal 0 0 -1
    outer loop
      vertex -7.52053 -8.81399 0.799999
      vertex -7.50469 -8.49157 0.799999
      vertex -7.50469 -8.70721 0.799999
    endloop
  endfacet
  facet normal 0 0 -1
    outer loop
      vertex -7.52053 -8.81399 0.799999
      vertex -7.52053 -8.38479 0.799999
      vertex -7.50469 -8.49157 0.799999
    endloop
  endfacet
  facet normal 0 0 -1
    outer loop
      vertex -7.54676 -8.9187 0.799999
      vertex -7.52053 -8.38479 0.799999
      vertex -7.52053 -8.81399 0.799999
    endloop
  endfacet
  facet normal 0 0 -1
    outer loop
      vertex -7.54676 -8.9187 0.799999
      vertex -7.54676 -8.28008 0.799999
      vertex -7.52053 -8.38479 0.799999
    endloop
  endfacet
  facet normal 0 0 -1
    outer loop
      vertex -7.58312 -9.02034 0.799999
      vertex -7.54676 -8.28008 0.799999
      vertex -7.54676 -8.9187 0.799999
    endloop
  endfacet
  facet normal 0 0 -1
    outer loop
      vertex -7.58312 -9.02034 0.799999
      vertex -7.58312 -8.17844 0.799999
      vertex -7.54676 -8.28008 0.799999
    endloop
  endfacet
  facet normal 0 0 -1
    outer loop
      vertex -7.62928 -9.11793 0.799999
      vertex -7.58312 -8.17844 0.799999
      vertex -7.58312 -9.02034 0.799999
    endloop
  endfacet
  facet normal 0 0 -1
    outer loop
      vertex -7.62928 -9.11793 0.799999
      vertex -7.62928 -8.08085 0.799999
      vertex -7.58312 -8.17844 0.799999
    endloop
  endfacet
  facet normal 0 0 -1
    outer loop
      vertex -7.68477 -9.21052 0.799999
      vertex -7.62928 -8.08085 0.799999
      vertex -7.62928 -9.11793 0.799999
    endloop
  endfacet
  facet normal 0 0 -1
    outer loop
      vertex -7.68477 -9.21052 0.799999
      vertex -7.68477 -7.98826 0.799999
      vertex -7.62928 -8.08085 0.799999
    endloop
  endfacet
  facet normal 0 0 -1
    outer loop
      vertex -7.74908 -9.29722 0.799999
      vertex -7.68477 -7.98826 0.799999
      vertex -7.68477 -9.21052 0.799999
    endloop
  endfacet
  facet normal 0 0 -1
    outer loop
      vertex -7.74908 -9.29722 0.799999
      vertex -7.74908 -7.90156 0.799999
      vertex -7.68477 -7.98826 0.799999
    endloop
  endfacet
  facet normal 0 0 -1
    outer loop
      vertex -7.82157 -9.37721 0.799999
      vertex -7.74908 -7.90156 0.799999
      vertex -7.74908 -9.29722 0.799999
    endloop
  endfacet
  facet normal 0 0 -1
    outer loop
      vertex -7.82157 -9.37721 0.799999
      vertex -7.82157 -7.82157 0.799999
      vertex -7.74908 -7.90156 0.799999
    endloop
  endfacet
  facet normal 0 0 -1
    outer loop
      vertex -7.82157 -9.37721 0.799999
      vertex -7.90156 -7.74908 0.799999
      vertex -7.82157 -7.82157 0.799999
    endloop
  endfacet
  facet normal 0 0 -1
    outer loop
      vertex -7.82157 -9.37721 0.799999
      vertex -7.98826 -7.68477 0.799999
      vertex -7.90156 -7.74908 0.799999
    endloop
  endfacet
  facet normal 0 0 -1
    outer loop
      vertex -7.82157 -9.37721 0.799999
      vertex -8.08085 -7.62928 0.799999
      vertex -7.98826 -7.68477 0.799999
    endloop
  endfacet
  facet normal 0 0 -1
    outer loop
      vertex -7.82157 -9.37721 0.799999
      vertex -8.17844 -7.58312 0.799999
      vertex -8.08085 -7.62928 0.799999
    endloop
  endfacet
  facet normal 0 0 -1
    outer loop
      vertex -7.82157 -9.37721 0.799999
      vertex -8.28008 -7.54676 0.799999
      vertex -8.17844 -7.58312 0.799999
    endloop
  endfacet
  facet normal 0 0 -1
    outer loop
      vertex -7.82157 -9.37721 0.799999
      vertex -8.38479 -7.52053 0.799999
      vertex -8.28008 -7.54676 0.799999
    endloop
  endfacet
  facet normal 0 0 -1
    outer loop
      vertex -7.82157 -9.37721 0.799999
      vertex -8.49157 -7.50469 0.799999
      vertex -8.38479 -7.52053 0.799999
    endloop
  endfacet
  facet normal 0 0 -1
    outer loop
      vertex -7.82157 -9.37721 0.799999
      vertex -8.59939 -7.49939 0.799999
      vertex -8.49157 -7.50469 0.799999
    endloop
  endfacet
  facet normal 0 0 -1
    outer loop
      vertex -7.82157 -9.37721 0.799999
      vertex -8.70721 -7.50469 0.799999
      vertex -8.59939 -7.49939 0.799999
    endloop
  endfacet
  facet normal 0 0 -1
    outer loop
      vertex -7.82157 -9.37721 0.799999
      vertex -8.81399 -7.52053 0.799999
      vertex -8.70721 -7.50469 0.799999
    endloop
  endfacet
  facet normal 0 0 -1
    outer loop
      vertex -7.82157 -9.37721 0.799999
      vertex -8.9187 -7.54676 0.799999
      vertex -8.81399 -7.52053 0.799999
    endloop
  endfacet
  facet normal 0 0 -1
    outer loop
      vertex -7.82157 -9.37721 0.799999
      vertex -9.02034 -7.58312 0.799999
      vertex -8.9187 -7.54676 0.799999
    endloop
  endfacet
  facet normal 0 0 -1
    outer loop
      vertex -7.82157 -9.37721 0.799999
      vertex -9.11793 -7.62928 0.799999
      vertex -9.02034 -7.58312 0.799999
    endloop
  endfacet
  facet normal 0 0 -1
    outer loop
      vertex -7.82157 -9.37721 0.799999
      vertex -9.21052 -7.68477 0.799999
      vertex -9.11793 -7.62928 0.799999
    endloop
  endfacet
  facet normal 0 0 -1
    outer loop
      vertex -7.82157 -9.37721 0.799999
      vertex -9.29722 -7.74908 0.799999
      vertex -9.21052 -7.68477 0.799999
    endloop
  endfacet
  facet normal 0 0 -1
    outer loop
      vertex -7.82157 -9.37721 0.799999
      vertex -9.37721 -7.82157 0.799999
      vertex -9.29722 -7.74908 0.799999
    endloop
  endfacet
  facet normal 0 0 -1
    outer loop
      vertex -9.5553 -10.5422 0.799999
      vertex -7.82157 -9.37721 0.799999
      vertex -9.55 -10.65 0.799999
    endloop
  endfacet
  facet normal 0 0 -1
    outer loop
      vertex -7.82157 -9.37721 0.799999
      vertex -9.5553 -10.7578 0.799999
      vertex -9.55 -10.65 0.799999
    endloop
  endfacet
  facet normal 0 0 -1
    outer loop
      vertex -7.82157 -9.37721 0.799999
      vertex -9.57114 -10.8646 0.799999
      vertex -9.5553 -10.7578 0.799999
    endloop
  endfacet
  facet normal 0 0 -1
    outer loop
      vertex -7.82157 -9.37721 0.799999
      vertex -9.59737 -10.9693 0.799999
      vertex -9.57114 -10.8646 0.799999
    endloop
  endfacet
  facet normal 0 0 -1
    outer loop
      vertex -7.82157 -9.37721 0.799999
      vertex -9.63373 -11.071 0.799999
      vertex -9.59737 -10.9693 0.799999
    endloop
  endfacet
  facet normal 0 0 -1
    outer loop
      vertex -7.82157 -9.37721 0.799999
      vertex -9.67989 -11.1685 0.799999
      vertex -9.63373 -11.071 0.799999
    endloop
  endfacet
  facet normal 0 0 -1
    outer loop
      vertex -7.82157 -9.37721 0.799999
      vertex -9.73538 -11.2611 0.799999
      vertex -9.67989 -11.1685 0.799999
    endloop
  endfacet
  facet normal 0 0 -1
    outer loop
      vertex -7.82157 -9.37721 0.799999
      vertex -9.79969 -11.3478 0.799999
      vertex -9.73538 -11.2611 0.799999
    endloop
  endfacet
  facet normal 0 -0 -1
    outer loop
      vertex -9.79969 -11.3478 0.799999
      vertex -7.82157 -9.37721 0.799999
      vertex -9.87218 -11.4278 0.799999
    endloop
  endfacet
  facet normal 0 0 -1
    outer loop
      vertex -9.57114 -10.4354 0.799999
      vertex -7.82157 -9.37721 0.799999
      vertex -9.5553 -10.5422 0.799999
    endloop
  endfacet
  facet normal 0 0 -1
    outer loop
      vertex -9.59737 -10.3307 0.799999
      vertex -7.82157 -9.37721 0.799999
      vertex -9.57114 -10.4354 0.799999
    endloop
  endfacet
  facet normal 0 0 -1
    outer loop
      vertex -9.63373 -10.229 0.799999
      vertex -7.82157 -9.37721 0.799999
      vertex -9.59737 -10.3307 0.799999
    endloop
  endfacet
  facet normal 0 0 -1
    outer loop
      vertex -9.67989 -10.1315 0.799999
      vertex -7.82157 -9.37721 0.799999
      vertex -9.63373 -10.229 0.799999
    endloop
  endfacet
  facet normal 0 0 -1
    outer loop
      vertex -9.73538 -10.0389 0.799999
      vertex -7.82157 -9.37721 0.799999
      vertex -9.67989 -10.1315 0.799999
    endloop
  endfacet
  facet normal 0 0 -1
    outer loop
      vertex -9.79969 -9.95217 0.799999
      vertex -7.82157 -9.37721 0.799999
      vertex -9.73538 -10.0389 0.799999
    endloop
  endfacet
  facet normal 0 0 -1
    outer loop
      vertex -9.87218 -9.87218 0.799999
      vertex -7.82157 -9.37721 0.799999
      vertex -9.79969 -9.95217 0.799999
    endloop
  endfacet
  facet normal -0 0 -1
    outer loop
      vertex -7.82157 -9.37721 0.799999
      vertex -9.87218 -9.87218 0.799999
      vertex -9.37721 -7.82157 0.799999
    endloop
  endfacet
  facet normal 0 0 -1
    outer loop
      vertex -9.95217 -9.79969 0.799999
      vertex -9.37721 -7.82157 0.799999
      vertex -9.87218 -9.87218 0.799999
    endloop
  endfacet
  facet normal 0 0 -1
    outer loop
      vertex -10.0389 -9.73538 0.799999
      vertex -9.37721 -7.82157 0.799999
      vertex -9.95217 -9.79969 0.799999
    endloop
  endfacet
  facet normal 0 0 -1
    outer loop
      vertex -10.1315 -9.67989 0.799999
      vertex -9.37721 -7.82157 0.799999
      vertex -10.0389 -9.73538 0.799999
    endloop
  endfacet
  facet normal 0 0 -1
    outer loop
      vertex -10.229 -9.63373 0.799999
      vertex -9.37721 -7.82157 0.799999
      vertex -10.1315 -9.67989 0.799999
    endloop
  endfacet
  facet normal 0 0 -1
    outer loop
      vertex -10.3307 -9.59737 0.799999
      vertex -9.37721 -7.82157 0.799999
      vertex -10.229 -9.63373 0.799999
    endloop
  endfacet
  facet normal 0 0 -1
    outer loop
      vertex -10.4354 -9.57114 0.799999
      vertex -9.37721 -7.82157 0.799999
      vertex -10.3307 -9.59737 0.799999
    endloop
  endfacet
  facet normal 0 0 -1
    outer loop
      vertex -10.5422 -9.5553 0.799999
      vertex -9.37721 -7.82157 0.799999
      vertex -10.4354 -9.57114 0.799999
    endloop
  endfacet
  facet normal 0 0 -1
    outer loop
      vertex -10.65 -9.55 0.799999
      vertex -9.37721 -7.82157 0.799999
      vertex -10.5422 -9.5553 0.799999
    endloop
  endfacet
  facet normal 0 0 -1
    outer loop
      vertex -10.7578 -9.5553 0.799999
      vertex -9.37721 -7.82157 0.799999
      vertex -10.65 -9.55 0.799999
    endloop
  endfacet
  facet normal 0 0 -1
    outer loop
      vertex -10.8646 -9.57114 0.799999
      vertex -9.37721 -7.82157 0.799999
      vertex -10.7578 -9.5553 0.799999
    endloop
  endfacet
  facet normal 0 0 -1
    outer loop
      vertex -10.9693 -9.59737 0.799999
      vertex -9.37721 -7.82157 0.799999
      vertex -10.8646 -9.57114 0.799999
    endloop
  endfacet
  facet normal 0 0 -1
    outer loop
      vertex -11.071 -9.63373 0.799999
      vertex -9.37721 -7.82157 0.799999
      vertex -10.9693 -9.59737 0.799999
    endloop
  endfacet
  facet normal 0 0 -1
    outer loop
      vertex -11.1685 -9.67989 0.799999
      vertex -9.37721 -7.82157 0.799999
      vertex -11.071 -9.63373 0.799999
    endloop
  endfacet
  facet normal 0 0 -1
    outer loop
      vertex -11.2611 -9.73538 0.799999
      vertex -9.37721 -7.82157 0.799999
      vertex -11.1685 -9.67989 0.799999
    endloop
  endfacet
  facet normal 0 0 -1
    outer loop
      vertex -11.3478 -9.79969 0.799999
      vertex -9.37721 -7.82157 0.799999
      vertex -11.2611 -9.73538 0.799999
    endloop
  endfacet
  facet normal 0 0 -1
    outer loop
      vertex -9.37721 -7.82157 0.799999
      vertex -11.3478 -9.79969 0.799999
      vertex -11.4278 -9.87218 0.799999
    endloop
  endfacet
  facet normal -0.970028 0.242993 0
    outer loop
      vertex -7.54676 -8.9187 0
      vertex -7.52053 -8.81399 0.799999
      vertex -7.52053 -8.81399 0
    endloop
  endfacet
  facet normal -0.970028 0.242993 0
    outer loop
      vertex -7.52053 -8.81399 0.799999
      vertex -7.54676 -8.9187 0
      vertex -7.54676 -8.9187 0.799999
    endloop
  endfacet
  facet normal -0.857754 0.51406 0
    outer loop
      vertex -7.68477 -9.21052 0
      vertex -7.62928 -9.11793 0.799999
      vertex -7.62928 -9.11793 0
    endloop
  endfacet
  facet normal -0.857754 0.51406 0
    outer loop
      vertex -7.62928 -9.11793 0.799999
      vertex -7.68477 -9.21052 0
      vertex -7.68477 -9.21052 0.799999
    endloop
  endfacet
  facet normal -0.740991 0.671515 0
    outer loop
      vertex -7.82157 -9.37721 0
      vertex -7.74908 -9.29722 0.799999
      vertex -7.74908 -9.29722 0
    endloop
  endfacet
  facet normal -0.740991 0.671515 0
    outer loop
      vertex -7.74908 -9.29722 0.799999
      vertex -7.82157 -9.37721 0
      vertex -7.82157 -9.37721 0.799999
    endloop
  endfacet
  facet normal -0.0490967 -0.998794 0
    outer loop
      vertex -8.59939 -7.49939 0
      vertex -8.49157 -7.50469 0.799999
      vertex -8.59939 -7.49939 0.799999
    endloop
  endfacet
  facet normal -0.0490967 -0.998794 -0
    outer loop
      vertex -8.49157 -7.50469 0.799999
      vertex -8.59939 -7.49939 0
      vertex -8.49157 -7.50469 0
    endloop
  endfacet
  facet normal -0.51406 -0.857754 0
    outer loop
      vertex -8.08085 -7.62928 0
      vertex -7.98826 -7.68477 0.799999
      vertex -8.08085 -7.62928 0.799999
    endloop
  endfacet
  facet normal -0.51406 -0.857754 -0
    outer loop
      vertex -7.98826 -7.68477 0.799999
      vertex -8.08085 -7.62928 0
      vertex -7.98826 -7.68477 0
    endloop
  endfacet
  facet normal -0.989176 0.146737 0
    outer loop
      vertex -7.52053 -8.81399 0
      vertex -7.50469 -8.70721 0.799999
      vertex -7.50469 -8.70721 0
    endloop
  endfacet
  facet normal -0.989176 0.146737 0
    outer loop
      vertex -7.50469 -8.70721 0.799999
      vertex -7.52053 -8.81399 0
      vertex -7.52053 -8.81399 0.799999
    endloop
  endfacet
  facet normal -0.941566 0.336829 0
    outer loop
      vertex -7.58312 -9.02034 0
      vertex -7.54676 -8.9187 0.799999
      vertex -7.54676 -8.9187 0
    endloop
  endfacet
  facet normal -0.941566 0.336829 0
    outer loop
      vertex -7.54676 -8.9187 0.799999
      vertex -7.58312 -9.02034 0
      vertex -7.58312 -9.02034 0.799999
    endloop
  endfacet
  facet normal -0.998794 -0.0490967 0
    outer loop
      vertex -7.49939 -8.59939 0
      vertex -7.50469 -8.49157 0.799999
      vertex -7.50469 -8.49157 0
    endloop
  endfacet
  facet normal -0.998794 -0.0490967 0
    outer loop
      vertex -7.50469 -8.49157 0.799999
      vertex -7.49939 -8.59939 0
      vertex -7.49939 -8.59939 0.799999
    endloop
  endfacet
  facet normal -0.903977 0.427581 0
    outer loop
      vertex -7.62928 -9.11793 0
      vertex -7.58312 -9.02034 0.799999
      vertex -7.58312 -9.02034 0
    endloop
  endfacet
  facet normal -0.903977 0.427581 0
    outer loop
      vertex -7.58312 -9.02034 0.799999
      vertex -7.62928 -9.11793 0
      vertex -7.62928 -9.11793 0.799999
    endloop
  endfacet
  facet normal -0.595752 -0.803168 0
    outer loop
      vertex -7.98826 -7.68477 0
      vertex -7.90156 -7.74908 0.799999
      vertex -7.98826 -7.68477 0.799999
    endloop
  endfacet
  facet normal -0.595752 -0.803168 -0
    outer loop
      vertex -7.90156 -7.74908 0.799999
      vertex -7.98826 -7.68477 0
      vertex -7.90156 -7.74908 0
    endloop
  endfacet
  facet normal -0.740991 -0.671515 0
    outer loop
      vertex -7.74908 -7.90156 0
      vertex -7.82157 -7.82157 0.799999
      vertex -7.82157 -7.82157 0
    endloop
  endfacet
  facet normal -0.740991 -0.671515 0
    outer loop
      vertex -7.82157 -7.82157 0.799999
      vertex -7.74908 -7.90156 0
      vertex -7.74908 -7.90156 0.799999
    endloop
  endfacet
  facet normal -0.903977 -0.427581 0
    outer loop
      vertex -7.58312 -8.17844 0
      vertex -7.62928 -8.08085 0.799999
      vertex -7.62928 -8.08085 0
    endloop
  endfacet
  facet normal -0.903977 -0.427581 0
    outer loop
      vertex -7.62928 -8.08085 0.799999
      vertex -7.58312 -8.17844 0
      vertex -7.58312 -8.17844 0.799999
    endloop
  endfacet
  facet normal -0.803168 0.595752 0
    outer loop
      vertex -7.74908 -9.29722 0
      vertex -7.68477 -9.21052 0.799999
      vertex -7.68477 -9.21052 0
    endloop
  endfacet
  facet normal -0.803168 0.595752 0
    outer loop
      vertex -7.68477 -9.21052 0.799999
      vertex -7.74908 -9.29722 0
      vertex -7.74908 -9.29722 0.799999
    endloop
  endfacet
  facet normal -0.671515 -0.740991 0
    outer loop
      vertex -7.90156 -7.74908 0
      vertex -7.82157 -7.82157 0.799999
      vertex -7.90156 -7.74908 0.799999
    endloop
  endfacet
  facet normal -0.671515 -0.740991 -0
    outer loop
      vertex -7.82157 -7.82157 0.799999
      vertex -7.90156 -7.74908 0
      vertex -7.82157 -7.82157 0
    endloop
  endfacet
  facet normal 0.336829 0.941566 -0
    outer loop
      vertex -8.9187 7.54676 0
      vertex -9.02034 7.58312 0.799999
      vertex -8.9187 7.54676 0.799999
    endloop
  endfacet
  facet normal 0.336829 0.941566 0
    outer loop
      vertex -9.02034 7.58312 0.799999
      vertex -8.9187 7.54676 0
      vertex -9.02034 7.58312 0
    endloop
  endfacet
  facet normal -0.903977 0.427581 0
    outer loop
      vertex -7.62928 8.08085 0
      vertex -7.58312 8.17844 0.799999
      vertex -7.58312 8.17844 0
    endloop
  endfacet
  facet normal -0.903977 0.427581 0
    outer loop
      vertex -7.58312 8.17844 0.799999
      vertex -7.62928 8.08085 0
      vertex -7.62928 8.08085 0.799999
    endloop
  endfacet
  facet normal -0.903977 -0.427581 0
    outer loop
      vertex -7.58312 9.02034 0
      vertex -7.62928 9.11793 0.799999
      vertex -7.62928 9.11793 0
    endloop
  endfacet
  facet normal -0.903977 -0.427581 0
    outer loop
      vertex -7.62928 9.11793 0.799999
      vertex -7.58312 9.02034 0
      vertex -7.58312 9.02034 0.799999
    endloop
  endfacet
  facet normal -0.857754 -0.51406 0
    outer loop
      vertex -7.62928 9.11793 0
      vertex -7.68477 9.21052 0.799999
      vertex -7.68477 9.21052 0
    endloop
  endfacet
  facet normal -0.857754 -0.51406 0
    outer loop
      vertex -7.68477 9.21052 0.799999
      vertex -7.62928 9.11793 0
      vertex -7.62928 9.11793 0.799999
    endloop
  endfacet
  facet normal 0.70711 0.707103 0
    outer loop
      vertex -9.37721 7.82157 0.799999
      vertex -11.4278 9.87218 0
      vertex -11.4278 9.87218 0.799999
    endloop
  endfacet
  facet normal 0.70711 0.707103 0
    outer loop
      vertex -11.4278 9.87218 0
      vertex -9.37721 7.82157 0.799999
      vertex -9.37721 7.82157 0
    endloop
  endfacet
  facet normal 0.0490967 0.998794 -0
    outer loop
      vertex -8.59939 7.49939 0
      vertex -8.70721 7.50469 0.799999
      vertex -8.59939 7.49939 0.799999
    endloop
  endfacet
  facet normal 0.0490967 0.998794 0
    outer loop
      vertex -8.70721 7.50469 0.799999
      vertex -8.59939 7.49939 0
      vertex -8.70721 7.50469 0
    endloop
  endfacet
  facet normal -0.740991 0.671515 0
    outer loop
      vertex -7.82157 7.82157 0
      vertex -7.74908 7.90156 0.799999
      vertex -7.74908 7.90156 0
    endloop
  endfacet
  facet normal -0.740991 0.671515 0
    outer loop
      vertex -7.74908 7.90156 0.799999
      vertex -7.82157 7.82157 0
      vertex -7.82157 7.82157 0.799999
    endloop
  endfacet
  facet normal -0.989176 -0.146737 0
    outer loop
      vertex -7.50469 8.70721 0
      vertex -7.52053 8.81399 0.799999
      vertex -7.52053 8.81399 0
    endloop
  endfacet
  facet normal -0.989176 -0.146737 0
    outer loop
      vertex -7.52053 8.81399 0.799999
      vertex -7.50469 8.70721 0
      vertex -7.50469 8.70721 0.799999
    endloop
  endfacet
  facet normal -0.427581 0.903977 0
    outer loop
      vertex -8.08085 7.62928 0
      vertex -8.17844 7.58312 0.799999
      vertex -8.08085 7.62928 0.799999
    endloop
  endfacet
  facet normal -0.427581 0.903977 0
    outer loop
      vertex -8.17844 7.58312 0.799999
      vertex -8.08085 7.62928 0
      vertex -8.17844 7.58312 0
    endloop
  endfacet
  facet normal -0.595752 0.803168 0
    outer loop
      vertex -7.90156 7.74908 0
      vertex -7.98826 7.68477 0.799999
      vertex -7.90156 7.74908 0.799999
    endloop
  endfacet
  facet normal -0.595752 0.803168 0
    outer loop
      vertex -7.98826 7.68477 0.799999
      vertex -7.90156 7.74908 0
      vertex -7.98826 7.68477 0
    endloop
  endfacet
  facet normal -0.803168 -0.595752 0
    outer loop
      vertex -7.68477 9.21052 0
      vertex -7.74908 9.29722 0.799999
      vertex -7.74908 9.29722 0
    endloop
  endfacet
  facet normal -0.803168 -0.595752 0
    outer loop
      vertex -7.74908 9.29722 0.799999
      vertex -7.68477 9.21052 0
      vertex -7.68477 9.21052 0.799999
    endloop
  endfacet
  facet normal -0.803168 0.595752 0
    outer loop
      vertex -7.74908 7.90156 0
      vertex -7.68477 7.98826 0.799999
      vertex -7.68477 7.98826 0
    endloop
  endfacet
  facet normal -0.803168 0.595752 0
    outer loop
      vertex -7.68477 7.98826 0.799999
      vertex -7.74908 7.90156 0
      vertex -7.74908 7.90156 0.799999
    endloop
  endfacet
  facet normal -0.707103 -0.70711 0
    outer loop
      vertex -7.82157 9.37721 0
      vertex -9.87218 11.4278 0.799999
      vertex -9.87218 11.4278 0
    endloop
  endfacet
  facet normal -0.707103 -0.70711 0
    outer loop
      vertex -9.87218 11.4278 0.799999
      vertex -7.82157 9.37721 0
      vertex -7.82157 9.37721 0.799999
    endloop
  endfacet
  facet normal -0.740991 -0.671515 0
    outer loop
      vertex -7.74908 9.29722 0
      vertex -7.82157 9.37721 0.799999
      vertex -7.82157 9.37721 0
    endloop
  endfacet
  facet normal -0.740991 -0.671515 0
    outer loop
      vertex -7.82157 9.37721 0.799999
      vertex -7.74908 9.29722 0
      vertex -7.74908 9.29722 0.799999
    endloop
  endfacet
  facet normal 0.427581 0.903977 -0
    outer loop
      vertex -9.02034 7.58312 0
      vertex -9.11793 7.62928 0.799999
      vertex -9.02034 7.58312 0.799999
    endloop
  endfacet
  facet normal 0.427581 0.903977 0
    outer loop
      vertex -9.11793 7.62928 0.799999
      vertex -9.02034 7.58312 0
      vertex -9.11793 7.62928 0
    endloop
  endfacet
  facet normal -0.941566 0.336829 0
    outer loop
      vertex -7.58312 8.17844 0
      vertex -7.54676 8.28008 0.799999
      vertex -7.54676 8.28008 0
    endloop
  endfacet
  facet normal -0.941566 0.336829 0
    outer loop
      vertex -7.54676 8.28008 0.799999
      vertex -7.58312 8.17844 0
      vertex -7.58312 8.17844 0.799999
    endloop
  endfacet
  facet normal -0.970028 -0.242993 0
    outer loop
      vertex -7.52053 8.81399 0
      vertex -7.54676 8.9187 0.799999
      vertex -7.54676 8.9187 0
    endloop
  endfacet
  facet normal -0.970028 -0.242993 0
    outer loop
      vertex -7.54676 8.9187 0.799999
      vertex -7.52053 8.81399 0
      vertex -7.52053 8.81399 0.799999
    endloop
  endfacet
  facet normal -0.146737 0.989176 0
    outer loop
      vertex -8.38479 7.52053 0
      vertex -8.49157 7.50469 0.799999
      vertex -8.38479 7.52053 0.799999
    endloop
  endfacet
  facet normal -0.146737 0.989176 0
    outer loop
      vertex -8.49157 7.50469 0.799999
      vertex -8.38479 7.52053 0
      vertex -8.49157 7.50469 0
    endloop
  endfacet
  facet normal -0.51406 0.857754 0
    outer loop
      vertex -7.98826 7.68477 0
      vertex -8.08085 7.62928 0.799999
      vertex -7.98826 7.68477 0.799999
    endloop
  endfacet
  facet normal -0.51406 0.857754 0
    outer loop
      vertex -8.08085 7.62928 0.799999
      vertex -7.98826 7.68477 0
      vertex -8.08085 7.62928 0
    endloop
  endfacet
  facet normal -0.989176 0.146737 0
    outer loop
      vertex -7.52053 8.38479 0
      vertex -7.50469 8.49157 0.799999
      vertex -7.50469 8.49157 0
    endloop
  endfacet
  facet normal -0.989176 0.146737 0
    outer loop
      vertex -7.50469 8.49157 0.799999
      vertex -7.52053 8.38479 0
      vertex -7.52053 8.38479 0.799999
    endloop
  endfacet
  facet normal -0.941566 -0.336829 0
    outer loop
      vertex -7.54676 8.9187 0
      vertex -7.58312 9.02034 0.799999
      vertex -7.58312 9.02034 0
    endloop
  endfacet
  facet normal -0.941566 -0.336829 0
    outer loop
      vertex -7.58312 9.02034 0.799999
      vertex -7.54676 8.9187 0
      vertex -7.54676 8.9187 0.799999
    endloop
  endfacet
  facet normal -0.0490967 0.998794 0
    outer loop
      vertex -8.49157 7.50469 0
      vertex -8.59939 7.49939 0.799999
      vertex -8.49157 7.50469 0.799999
    endloop
  endfacet
  facet normal -0.0490967 0.998794 0
    outer loop
      vertex -8.59939 7.49939 0.799999
      vertex -8.49157 7.50469 0
      vertex -8.59939 7.49939 0
    endloop
  endfacet
  facet normal -0.671515 0.740991 0
    outer loop
      vertex -7.82157 7.82157 0
      vertex -7.90156 7.74908 0.799999
      vertex -7.82157 7.82157 0.799999
    endloop
  endfacet
  facet normal -0.671515 0.740991 0
    outer loop
      vertex -7.90156 7.74908 0.799999
      vertex -7.82157 7.82157 0
      vertex -7.90156 7.74908 0
    endloop
  endfacet
  facet normal 0.51406 0.857754 -0
    outer loop
      vertex -9.11793 7.62928 0
      vertex -9.21052 7.68477 0.799999
      vertex -9.11793 7.62928 0.799999
    endloop
  endfacet
  facet normal 0.51406 0.857754 0
    outer loop
      vertex -9.21052 7.68477 0.799999
      vertex -9.11793 7.62928 0
      vertex -9.21052 7.68477 0
    endloop
  endfacet
  facet normal -0.998794 -0.0490967 0
    outer loop
      vertex -7.49939 8.59939 0
      vertex -7.50469 8.70721 0.799999
      vertex -7.50469 8.70721 0
    endloop
  endfacet
  facet normal -0.998794 -0.0490967 0
    outer loop
      vertex -7.50469 8.70721 0.799999
      vertex -7.49939 8.59939 0
      vertex -7.49939 8.59939 0.799999
    endloop
  endfacet
  facet normal -0.998794 0.0490967 0
    outer loop
      vertex -7.50469 8.49157 0
      vertex -7.49939 8.59939 0.799999
      vertex -7.49939 8.59939 0
    endloop
  endfacet
  facet normal -0.998794 0.0490967 0
    outer loop
      vertex -7.49939 8.59939 0.799999
      vertex -7.50469 8.49157 0
      vertex -7.50469 8.49157 0.799999
    endloop
  endfacet
  facet normal 0.671515 0.740991 -0
    outer loop
      vertex -9.29722 7.74908 0
      vertex -9.37721 7.82157 0.799999
      vertex -9.29722 7.74908 0.799999
    endloop
  endfacet
  facet normal 0.671515 0.740991 0
    outer loop
      vertex -9.37721 7.82157 0.799999
      vertex -9.29722 7.74908 0
      vertex -9.37721 7.82157 0
    endloop
  endfacet
  facet normal -0.970028 0.242993 0
    outer loop
      vertex -7.54676 8.28008 0
      vertex -7.52053 8.38479 0.799999
      vertex -7.52053 8.38479 0
    endloop
  endfacet
  facet normal -0.970028 0.242993 0
    outer loop
      vertex -7.52053 8.38479 0.799999
      vertex -7.54676 8.28008 0
      vertex -7.54676 8.28008 0.799999
    endloop
  endfacet
  facet normal 0.146737 0.989176 -0
    outer loop
      vertex -8.70721 7.50469 0
      vertex -8.81399 7.52053 0.799999
      vertex -8.70721 7.50469 0.799999
    endloop
  endfacet
  facet normal 0.146737 0.989176 0
    outer loop
      vertex -8.81399 7.52053 0.799999
      vertex -8.70721 7.50469 0
      vertex -8.81399 7.52053 0
    endloop
  endfacet
  facet normal 0.595752 0.803168 -0
    outer loop
      vertex -9.21052 7.68477 0
      vertex -9.29722 7.74908 0.799999
      vertex -9.21052 7.68477 0.799999
    endloop
  endfacet
  facet normal 0.595752 0.803168 0
    outer loop
      vertex -9.29722 7.74908 0.799999
      vertex -9.21052 7.68477 0
      vertex -9.29722 7.74908 0
    endloop
  endfacet
  facet normal -0.242993 0.970028 0
    outer loop
      vertex -8.28008 7.54676 0
      vertex -8.38479 7.52053 0.799999
      vertex -8.28008 7.54676 0.799999
    endloop
  endfacet
  facet normal -0.242993 0.970028 0
    outer loop
      vertex -8.38479 7.52053 0.799999
      vertex -8.28008 7.54676 0
      vertex -8.38479 7.52053 0
    endloop
  endfacet
  facet normal 0.242993 0.970028 -0
    outer loop
      vertex -8.81399 7.52053 0
      vertex -8.9187 7.54676 0.799999
      vertex -8.81399 7.52053 0.799999
    endloop
  endfacet
  facet normal 0.242993 0.970028 0
    outer loop
      vertex -8.9187 7.54676 0.799999
      vertex -8.81399 7.52053 0
      vertex -8.9187 7.54676 0
    endloop
  endfacet
  facet normal -0.857754 0.51406 0
    outer loop
      vertex -7.68477 7.98826 0
      vertex -7.62928 8.08085 0.799999
      vertex -7.62928 8.08085 0
    endloop
  endfacet
  facet normal -0.857754 0.51406 0
    outer loop
      vertex -7.62928 8.08085 0.799999
      vertex -7.68477 7.98826 0
      vertex -7.68477 7.98826 0.799999
    endloop
  endfacet
  facet normal -0.336829 0.941566 0
    outer loop
      vertex -8.17844 7.58312 0
      vertex -8.28008 7.54676 0.799999
      vertex -8.17844 7.58312 0.799999
    endloop
  endfacet
  facet normal -0.336829 0.941566 0
    outer loop
      vertex -8.28008 7.54676 0.799999
      vertex -8.17844 7.58312 0
      vertex -8.28008 7.54676 0
    endloop
  endfacet
  facet normal 0 0 -1
    outer loop
      vertex -7.82157 9.37721 0.799999
      vertex -9.5553 10.5422 0.799999
      vertex -9.55 10.65 0.799999
    endloop
  endfacet
  facet normal 0 0 -1
    outer loop
      vertex -7.82157 9.37721 0.799999
      vertex -9.57114 10.4354 0.799999
      vertex -9.5553 10.5422 0.799999
    endloop
  endfacet
  facet normal 0 0 -1
    outer loop
      vertex -7.82157 9.37721 0.799999
      vertex -9.59737 10.3307 0.799999
      vertex -9.57114 10.4354 0.799999
    endloop
  endfacet
  facet normal 0 0 -1
    outer loop
      vertex -7.82157 9.37721 0.799999
      vertex -9.63373 10.229 0.799999
      vertex -9.59737 10.3307 0.799999
    endloop
  endfacet
  facet normal 0 0 -1
    outer loop
      vertex -7.82157 9.37721 0.799999
      vertex -9.67989 10.1315 0.799999
      vertex -9.63373 10.229 0.799999
    endloop
  endfacet
  facet normal 0 0 -1
    outer loop
      vertex -7.82157 9.37721 0.799999
      vertex -9.73538 10.0389 0.799999
      vertex -9.67989 10.1315 0.799999
    endloop
  endfacet
  facet normal 0 0 -1
    outer loop
      vertex -7.82157 9.37721 0.799999
      vertex -9.79969 9.95217 0.799999
      vertex -9.73538 10.0389 0.799999
    endloop
  endfacet
  facet normal 0 0 -1
    outer loop
      vertex -7.82157 9.37721 0.799999
      vertex -9.87218 9.87218 0.799999
      vertex -9.79969 9.95217 0.799999
    endloop
  endfacet
  facet normal 0 0 -1
    outer loop
      vertex -9.37721 7.82157 0.799999
      vertex -9.95217 9.79969 0.799999
      vertex -9.87218 9.87218 0.799999
    endloop
  endfacet
  facet normal 0 0 -1
    outer loop
      vertex -9.37721 7.82157 0.799999
      vertex -10.0389 9.73538 0.799999
      vertex -9.95217 9.79969 0.799999
    endloop
  endfacet
  facet normal 0 0 -1
    outer loop
      vertex -9.37721 7.82157 0.799999
      vertex -10.1315 9.67989 0.799999
      vertex -10.0389 9.73538 0.799999
    endloop
  endfacet
  facet normal 0 0 -1
    outer loop
      vertex -9.37721 7.82157 0.799999
      vertex -10.229 9.63373 0.799999
      vertex -10.1315 9.67989 0.799999
    endloop
  endfacet
  facet normal 0 0 -1
    outer loop
      vertex -9.37721 7.82157 0.799999
      vertex -10.3307 9.59737 0.799999
      vertex -10.229 9.63373 0.799999
    endloop
  endfacet
  facet normal 0 0 -1
    outer loop
      vertex -9.37721 7.82157 0.799999
      vertex -10.4354 9.57114 0.799999
      vertex -10.3307 9.59737 0.799999
    endloop
  endfacet
  facet normal 0 0 -1
    outer loop
      vertex -9.37721 7.82157 0.799999
      vertex -10.5422 9.5553 0.799999
      vertex -10.4354 9.57114 0.799999
    endloop
  endfacet
  facet normal 0 0 -1
    outer loop
      vertex -9.37721 7.82157 0.799999
      vertex -10.65 9.55 0.799999
      vertex -10.5422 9.5553 0.799999
    endloop
  endfacet
  facet normal 0 0 -1
    outer loop
      vertex -9.37721 7.82157 0.799999
      vertex -10.7578 9.5553 0.799999
      vertex -10.65 9.55 0.799999
    endloop
  endfacet
  facet normal 0 0 -1
    outer loop
      vertex -9.37721 7.82157 0.799999
      vertex -10.8646 9.57114 0.799999
      vertex -10.7578 9.5553 0.799999
    endloop
  endfacet
  facet normal 0 0 -1
    outer loop
      vertex -9.37721 7.82157 0.799999
      vertex -10.9693 9.59737 0.799999
      vertex -10.8646 9.57114 0.799999
    endloop
  endfacet
  facet normal 0 0 -1
    outer loop
      vertex -9.37721 7.82157 0.799999
      vertex -11.071 9.63373 0.799999
      vertex -10.9693 9.59737 0.799999
    endloop
  endfacet
  facet normal 0 0 -1
    outer loop
      vertex -9.37721 7.82157 0.799999
      vertex -11.1685 9.67989 0.799999
      vertex -11.071 9.63373 0.799999
    endloop
  endfacet
  facet normal 0 0 -1
    outer loop
      vertex -9.37721 7.82157 0.799999
      vertex -11.2611 9.73538 0.799999
      vertex -11.1685 9.67989 0.799999
    endloop
  endfacet
  facet normal 0 0 -1
    outer loop
      vertex -9.37721 7.82157 0.799999
      vertex -11.3478 9.79969 0.799999
      vertex -11.2611 9.73538 0.799999
    endloop
  endfacet
  facet normal -0 -0 -1
    outer loop
      vertex -11.3478 9.79969 0.799999
      vertex -9.37721 7.82157 0.799999
      vertex -11.4278 9.87218 0.799999
    endloop
  endfacet
  facet normal 0 0 -1
    outer loop
      vertex -7.50469 8.49157 0.799999
      vertex -7.50469 8.70721 0.799999
      vertex -7.49939 8.59939 0.799999
    endloop
  endfacet
  facet normal 0 0 -1
    outer loop
      vertex -7.52053 8.38479 0.799999
      vertex -7.50469 8.70721 0.799999
      vertex -7.50469 8.49157 0.799999
    endloop
  endfacet
  facet normal 0 0 -1
    outer loop
      vertex -7.52053 8.38479 0.799999
      vertex -7.52053 8.81399 0.799999
      vertex -7.50469 8.70721 0.799999
    endloop
  endfacet
  facet normal 0 0 -1
    outer loop
      vertex -7.54676 8.28008 0.799999
      vertex -7.52053 8.81399 0.799999
      vertex -7.52053 8.38479 0.799999
    endloop
  endfacet
  facet normal 0 0 -1
    outer loop
      vertex -7.54676 8.28008 0.799999
      vertex -7.54676 8.9187 0.799999
      vertex -7.52053 8.81399 0.799999
    endloop
  endfacet
  facet normal 0 0 -1
    outer loop
      vertex -7.58312 8.17844 0.799999
      vertex -7.54676 8.9187 0.799999
      vertex -7.54676 8.28008 0.799999
    endloop
  endfacet
  facet normal 0 0 -1
    outer loop
      vertex -7.58312 8.17844 0.799999
      vertex -7.58312 9.02034 0.799999
      vertex -7.54676 8.9187 0.799999
    endloop
  endfacet
  facet normal 0 0 -1
    outer loop
      vertex -7.62928 8.08085 0.799999
      vertex -7.58312 9.02034 0.799999
      vertex -7.58312 8.17844 0.799999
    endloop
  endfacet
  facet normal 0 0 -1
    outer loop
      vertex -7.62928 8.08085 0.799999
      vertex -7.62928 9.11793 0.799999
      vertex -7.58312 9.02034 0.799999
    endloop
  endfacet
  facet normal 0 0 -1
    outer loop
      vertex -7.68477 7.98826 0.799999
      vertex -7.62928 9.11793 0.799999
      vertex -7.62928 8.08085 0.799999
    endloop
  endfacet
  facet normal 0 0 -1
    outer loop
      vertex -7.68477 7.98826 0.799999
      vertex -7.68477 9.21052 0.799999
      vertex -7.62928 9.11793 0.799999
    endloop
  endfacet
  facet normal 0 0 -1
    outer loop
      vertex -7.74908 7.90156 0.799999
      vertex -7.68477 9.21052 0.799999
      vertex -7.68477 7.98826 0.799999
    endloop
  endfacet
  facet normal 0 0 -1
    outer loop
      vertex -7.74908 7.90156 0.799999
      vertex -7.74908 9.29722 0.799999
      vertex -7.68477 9.21052 0.799999
    endloop
  endfacet
  facet normal 0 0 -1
    outer loop
      vertex -7.82157 7.82157 0.799999
      vertex -7.74908 9.29722 0.799999
      vertex -7.74908 7.90156 0.799999
    endloop
  endfacet
  facet normal 0 0 -1
    outer loop
      vertex -7.82157 7.82157 0.799999
      vertex -7.82157 9.37721 0.799999
      vertex -7.74908 9.29722 0.799999
    endloop
  endfacet
  facet normal 0 0 -1
    outer loop
      vertex -7.90156 7.74908 0.799999
      vertex -7.82157 9.37721 0.799999
      vertex -7.82157 7.82157 0.799999
    endloop
  endfacet
  facet normal 0 0 -1
    outer loop
      vertex -7.98826 7.68477 0.799999
      vertex -7.82157 9.37721 0.799999
      vertex -7.90156 7.74908 0.799999
    endloop
  endfacet
  facet normal 0 0 -1
    outer loop
      vertex -8.08085 7.62928 0.799999
      vertex -7.82157 9.37721 0.799999
      vertex -7.98826 7.68477 0.799999
    endloop
  endfacet
  facet normal 0 0 -1
    outer loop
      vertex -8.17844 7.58312 0.799999
      vertex -7.82157 9.37721 0.799999
      vertex -8.08085 7.62928 0.799999
    endloop
  endfacet
  facet normal 0 0 -1
    outer loop
      vertex -8.28008 7.54676 0.799999
      vertex -7.82157 9.37721 0.799999
      vertex -8.17844 7.58312 0.799999
    endloop
  endfacet
  facet normal 0 0 -1
    outer loop
      vertex -8.38479 7.52053 0.799999
      vertex -7.82157 9.37721 0.799999
      vertex -8.28008 7.54676 0.799999
    endloop
  endfacet
  facet normal 0 0 -1
    outer loop
      vertex -8.49157 7.50469 0.799999
      vertex -7.82157 9.37721 0.799999
      vertex -8.38479 7.52053 0.799999
    endloop
  endfacet
  facet normal 0 0 -1
    outer loop
      vertex -8.59939 7.49939 0.799999
      vertex -7.82157 9.37721 0.799999
      vertex -8.49157 7.50469 0.799999
    endloop
  endfacet
  facet normal 0 0 -1
    outer loop
      vertex -8.70721 7.50469 0.799999
      vertex -7.82157 9.37721 0.799999
      vertex -8.59939 7.49939 0.799999
    endloop
  endfacet
  facet normal 0 0 -1
    outer loop
      vertex -8.81399 7.52053 0.799999
      vertex -7.82157 9.37721 0.799999
      vertex -8.70721 7.50469 0.799999
    endloop
  endfacet
  facet normal 0 0 -1
    outer loop
      vertex -8.9187 7.54676 0.799999
      vertex -7.82157 9.37721 0.799999
      vertex -8.81399 7.52053 0.799999
    endloop
  endfacet
  facet normal 0 0 -1
    outer loop
      vertex -9.02034 7.58312 0.799999
      vertex -7.82157 9.37721 0.799999
      vertex -8.9187 7.54676 0.799999
    endloop
  endfacet
  facet normal 0 0 -1
    outer loop
      vertex -9.11793 7.62928 0.799999
      vertex -7.82157 9.37721 0.799999
      vertex -9.02034 7.58312 0.799999
    endloop
  endfacet
  facet normal 0 0 -1
    outer loop
      vertex -9.21052 7.68477 0.799999
      vertex -7.82157 9.37721 0.799999
      vertex -9.11793 7.62928 0.799999
    endloop
  endfacet
  facet normal 0 0 -1
    outer loop
      vertex -9.29722 7.74908 0.799999
      vertex -7.82157 9.37721 0.799999
      vertex -9.21052 7.68477 0.799999
    endloop
  endfacet
  facet normal 0 0 -1
    outer loop
      vertex -9.37721 7.82157 0.799999
      vertex -7.82157 9.37721 0.799999
      vertex -9.29722 7.74908 0.799999
    endloop
  endfacet
  facet normal 0 0 -1
    outer loop
      vertex -9.87218 9.87218 0.799999
      vertex -7.82157 9.37721 0.799999
      vertex -9.37721 7.82157 0.799999
    endloop
  endfacet
  facet normal 0 0 -1
    outer loop
      vertex -9.5553 10.7578 0.799999
      vertex -7.82157 9.37721 0.799999
      vertex -9.55 10.65 0.799999
    endloop
  endfacet
  facet normal 0 0 -1
    outer loop
      vertex -9.57114 10.8646 0.799999
      vertex -7.82157 9.37721 0.799999
      vertex -9.5553 10.7578 0.799999
    endloop
  endfacet
  facet normal 0 0 -1
    outer loop
      vertex -9.59737 10.9693 0.799999
      vertex -7.82157 9.37721 0.799999
      vertex -9.57114 10.8646 0.799999
    endloop
  endfacet
  facet normal 0 0 -1
    outer loop
      vertex -9.63373 11.071 0.799999
      vertex -7.82157 9.37721 0.799999
      vertex -9.59737 10.9693 0.799999
    endloop
  endfacet
  facet normal 0 0 -1
    outer loop
      vertex -9.67989 11.1685 0.799999
      vertex -7.82157 9.37721 0.799999
      vertex -9.63373 11.071 0.799999
    endloop
  endfacet
  facet normal 0 0 -1
    outer loop
      vertex -9.73538 11.2611 0.799999
      vertex -7.82157 9.37721 0.799999
      vertex -9.67989 11.1685 0.799999
    endloop
  endfacet
  facet normal 0 0 -1
    outer loop
      vertex -9.79969 11.3478 0.799999
      vertex -7.82157 9.37721 0.799999
      vertex -9.73538 11.2611 0.799999
    endloop
  endfacet
  facet normal 0 0 -1
    outer loop
      vertex -7.82157 9.37721 0.799999
      vertex -9.79969 11.3478 0.799999
      vertex -9.87218 11.4278 0.799999
    endloop
  endfacet
  facet normal 0.989176 0.146737 0
    outer loop
      vertex 7.52053 -8.81399 0.799999
      vertex 7.50469 -8.70721 0
      vertex 7.50469 -8.70721 0.799999
    endloop
  endfacet
  facet normal 0.989176 0.146737 0
    outer loop
      vertex 7.50469 -8.70721 0
      vertex 7.52053 -8.81399 0.799999
      vertex 7.52053 -8.81399 0
    endloop
  endfacet
  facet normal 0.970028 0.242993 0
    outer loop
      vertex 7.54676 -8.9187 0.799999
      vertex 7.52053 -8.81399 0
      vertex 7.52053 -8.81399 0.799999
    endloop
  endfacet
  facet normal 0.970028 0.242993 0
    outer loop
      vertex 7.52053 -8.81399 0
      vertex 7.54676 -8.9187 0.799999
      vertex 7.54676 -8.9187 0
    endloop
  endfacet
  facet normal -0.51406 -0.857754 0
    outer loop
      vertex 9.11793 -7.62928 0
      vertex 9.21052 -7.68477 0.799999
      vertex 9.11793 -7.62928 0.799999
    endloop
  endfacet
  facet normal -0.51406 -0.857754 -0
    outer loop
      vertex 9.21052 -7.68477 0.799999
      vertex 9.11793 -7.62928 0
      vertex 9.21052 -7.68477 0
    endloop
  endfacet
  facet normal 0.903977 0.427581 0
    outer loop
      vertex 7.62928 -9.11793 0.799999
      vertex 7.58312 -9.02034 0
      vertex 7.58312 -9.02034 0.799999
    endloop
  endfacet
  facet normal 0.903977 0.427581 0
    outer loop
      vertex 7.58312 -9.02034 0
      vertex 7.62928 -9.11793 0.799999
      vertex 7.62928 -9.11793 0
    endloop
  endfacet
  facet normal 0.857754 0.51406 0
    outer loop
      vertex 7.68477 -9.21052 0.799999
      vertex 7.62928 -9.11793 0
      vertex 7.62928 -9.11793 0.799999
    endloop
  endfacet
  facet normal 0.857754 0.51406 0
    outer loop
      vertex 7.62928 -9.11793 0
      vertex 7.68477 -9.21052 0.799999
      vertex 7.68477 -9.21052 0
    endloop
  endfacet
  facet normal 0.803168 0.595752 0
    outer loop
      vertex 7.74908 -9.29722 0.799999
      vertex 7.68477 -9.21052 0
      vertex 7.68477 -9.21052 0.799999
    endloop
  endfacet
  facet normal 0.803168 0.595752 0
    outer loop
      vertex 7.68477 -9.21052 0
      vertex 7.74908 -9.29722 0.799999
      vertex 7.74908 -9.29722 0
    endloop
  endfacet
  facet normal 0.740991 0.671515 0
    outer loop
      vertex 7.82157 -9.37721 0.799999
      vertex 7.74908 -9.29722 0
      vertex 7.74908 -9.29722 0.799999
    endloop
  endfacet
  facet normal 0.740991 0.671515 0
    outer loop
      vertex 7.74908 -9.29722 0
      vertex 7.82157 -9.37721 0.799999
      vertex 7.82157 -9.37721 0
    endloop
  endfacet
  facet normal -0.70711 -0.707103 0
    outer loop
      vertex 11.4278 -9.87218 0
      vertex 9.37721 -7.82157 0.799999
      vertex 9.37721 -7.82157 0
    endloop
  endfacet
  facet normal -0.70711 -0.707103 0
    outer loop
      vertex 9.37721 -7.82157 0.799999
      vertex 11.4278 -9.87218 0
      vertex 11.4278 -9.87218 0.799999
    endloop
  endfacet
  facet normal 0.998794 0.0490967 0
    outer loop
      vertex 7.50469 -8.70721 0.799999
      vertex 7.49939 -8.59939 0
      vertex 7.49939 -8.59939 0.799999
    endloop
  endfacet
  facet normal 0.998794 0.0490967 0
    outer loop
      vertex 7.49939 -8.59939 0
      vertex 7.50469 -8.70721 0.799999
      vertex 7.50469 -8.70721 0
    endloop
  endfacet
  facet normal 0.903977 -0.427581 0
    outer loop
      vertex 7.58312 -8.17844 0.799999
      vertex 7.62928 -8.08085 0
      vertex 7.62928 -8.08085 0.799999
    endloop
  endfacet
  facet normal 0.903977 -0.427581 0
    outer loop
      vertex 7.62928 -8.08085 0
      vertex 7.58312 -8.17844 0.799999
      vertex 7.58312 -8.17844 0
    endloop
  endfacet
  facet normal 0.707103 0.70711 0
    outer loop
      vertex 9.87218 -11.4278 0.799999
      vertex 7.82157 -9.37721 0
      vertex 7.82157 -9.37721 0.799999
    endloop
  endfacet
  facet normal 0.707103 0.70711 0
    outer loop
      vertex 7.82157 -9.37721 0
      vertex 9.87218 -11.4278 0.799999
      vertex 9.87218 -11.4278 0
    endloop
  endfacet
  facet normal 0.242993 -0.970028 0
    outer loop
      vertex 8.28008 -7.54676 0
      vertex 8.38479 -7.52053 0.799999
      vertex 8.28008 -7.54676 0.799999
    endloop
  endfacet
  facet normal 0.242993 -0.970028 0
    outer loop
      vertex 8.38479 -7.52053 0.799999
      vertex 8.28008 -7.54676 0
      vertex 8.38479 -7.52053 0
    endloop
  endfacet
  facet normal 0.989176 -0.146737 0
    outer loop
      vertex 7.50469 -8.49157 0.799999
      vertex 7.52053 -8.38479 0
      vertex 7.52053 -8.38479 0.799999
    endloop
  endfacet
  facet normal 0.989176 -0.146737 0
    outer loop
      vertex 7.52053 -8.38479 0
      vertex 7.50469 -8.49157 0.799999
      vertex 7.50469 -8.49157 0
    endloop
  endfacet
  facet normal 0.51406 -0.857754 0
    outer loop
      vertex 7.98826 -7.68477 0
      vertex 8.08085 -7.62928 0.799999
      vertex 7.98826 -7.68477 0.799999
    endloop
  endfacet
  facet normal 0.51406 -0.857754 0
    outer loop
      vertex 8.08085 -7.62928 0.799999
      vertex 7.98826 -7.68477 0
      vertex 8.08085 -7.62928 0
    endloop
  endfacet
  facet normal 0.595752 -0.803168 0
    outer loop
      vertex 7.90156 -7.74908 0
      vertex 7.98826 -7.68477 0.799999
      vertex 7.90156 -7.74908 0.799999
    endloop
  endfacet
  facet normal 0.595752 -0.803168 0
    outer loop
      vertex 7.98826 -7.68477 0.799999
      vertex 7.90156 -7.74908 0
      vertex 7.98826 -7.68477 0
    endloop
  endfacet
  facet normal 0.970028 -0.242993 0
    outer loop
      vertex 7.52053 -8.38479 0.799999
      vertex 7.54676 -8.28008 0
      vertex 7.54676 -8.28008 0.799999
    endloop
  endfacet
  facet normal 0.970028 -0.242993 0
    outer loop
      vertex 7.54676 -8.28008 0
      vertex 7.52053 -8.38479 0.799999
      vertex 7.52053 -8.38479 0
    endloop
  endfacet
  facet normal 0.146737 -0.989176 0
    outer loop
      vertex 8.38479 -7.52053 0
      vertex 8.49157 -7.50469 0.799999
      vertex 8.38479 -7.52053 0.799999
    endloop
  endfacet
  facet normal 0.146737 -0.989176 0
    outer loop
      vertex 8.49157 -7.50469 0.799999
      vertex 8.38479 -7.52053 0
      vertex 8.49157 -7.50469 0
    endloop
  endfacet
  facet normal -0.146737 -0.989176 0
    outer loop
      vertex 8.70721 -7.50469 0
      vertex 8.81399 -7.52053 0.799999
      vertex 8.70721 -7.50469 0.799999
    endloop
  endfacet
  facet normal -0.146737 -0.989176 -0
    outer loop
      vertex 8.81399 -7.52053 0.799999
      vertex 8.70721 -7.50469 0
      vertex 8.81399 -7.52053 0
    endloop
  endfacet
  facet normal 0.336829 -0.941566 0
    outer loop
      vertex 8.17844 -7.58312 0
      vertex 8.28008 -7.54676 0.799999
      vertex 8.17844 -7.58312 0.799999
    endloop
  endfacet
  facet normal 0.336829 -0.941566 0
    outer loop
      vertex 8.28008 -7.54676 0.799999
      vertex 8.17844 -7.58312 0
      vertex 8.28008 -7.54676 0
    endloop
  endfacet
  facet normal 0.941566 0.336829 0
    outer loop
      vertex 7.58312 -9.02034 0.799999
      vertex 7.54676 -8.9187 0
      vertex 7.54676 -8.9187 0.799999
    endloop
  endfacet
  facet normal 0.941566 0.336829 0
    outer loop
      vertex 7.54676 -8.9187 0
      vertex 7.58312 -9.02034 0.799999
      vertex 7.58312 -9.02034 0
    endloop
  endfacet
  facet normal 0.941566 -0.336829 0
    outer loop
      vertex 7.54676 -8.28008 0.799999
      vertex 7.58312 -8.17844 0
      vertex 7.58312 -8.17844 0.799999
    endloop
  endfacet
  facet normal 0.941566 -0.336829 0
    outer loop
      vertex 7.58312 -8.17844 0
      vertex 7.54676 -8.28008 0.799999
      vertex 7.54676 -8.28008 0
    endloop
  endfacet
  facet normal -0.242993 -0.970028 0
    outer loop
      vertex 8.81399 -7.52053 0
      vertex 8.9187 -7.54676 0.799999
      vertex 8.81399 -7.52053 0.799999
    endloop
  endfacet
  facet normal -0.242993 -0.970028 -0
    outer loop
      vertex 8.9187 -7.54676 0.799999
      vertex 8.81399 -7.52053 0
      vertex 8.9187 -7.54676 0
    endloop
  endfacet
  facet normal -0.0490967 -0.998794 0
    outer loop
      vertex 8.59939 -7.49939 0
      vertex 8.70721 -7.50469 0.799999
      vertex 8.59939 -7.49939 0.799999
    endloop
  endfacet
  facet normal -0.0490967 -0.998794 -0
    outer loop
      vertex 8.70721 -7.50469 0.799999
      vertex 8.59939 -7.49939 0
      vertex 8.70721 -7.50469 0
    endloop
  endfacet
  facet normal -0.671515 -0.740991 0
    outer loop
      vertex 9.29722 -7.74908 0
      vertex 9.37721 -7.82157 0.799999
      vertex 9.29722 -7.74908 0.799999
    endloop
  endfacet
  facet normal -0.671515 -0.740991 -0
    outer loop
      vertex 9.37721 -7.82157 0.799999
      vertex 9.29722 -7.74908 0
      vertex 9.37721 -7.82157 0
    endloop
  endfacet
  facet normal 0.998794 -0.0490967 0
    outer loop
      vertex 7.49939 -8.59939 0.799999
      vertex 7.50469 -8.49157 0
      vertex 7.50469 -8.49157 0.799999
    endloop
  endfacet
  facet normal 0.998794 -0.0490967 0
    outer loop
      vertex 7.50469 -8.49157 0
      vertex 7.49939 -8.59939 0.799999
      vertex 7.49939 -8.59939 0
    endloop
  endfacet
  facet normal -0.336829 -0.941566 0
    outer loop
      vertex 8.9187 -7.54676 0
      vertex 9.02034 -7.58312 0.799999
      vertex 8.9187 -7.54676 0.799999
    endloop
  endfacet
  facet normal -0.336829 -0.941566 -0
    outer loop
      vertex 9.02034 -7.58312 0.799999
      vertex 8.9187 -7.54676 0
      vertex 9.02034 -7.58312 0
    endloop
  endfacet
  facet normal 0.0490967 -0.998794 0
    outer loop
      vertex 8.49157 -7.50469 0
      vertex 8.59939 -7.49939 0.799999
      vertex 8.49157 -7.50469 0.799999
    endloop
  endfacet
  facet normal 0.0490967 -0.998794 0
    outer loop
      vertex 8.59939 -7.49939 0.799999
      vertex 8.49157 -7.50469 0
      vertex 8.59939 -7.49939 0
    endloop
  endfacet
  facet normal -0.427581 -0.903977 0
    outer loop
      vertex 9.02034 -7.58312 0
      vertex 9.11793 -7.62928 0.799999
      vertex 9.02034 -7.58312 0.799999
    endloop
  endfacet
  facet normal -0.427581 -0.903977 -0
    outer loop
      vertex 9.11793 -7.62928 0.799999
      vertex 9.02034 -7.58312 0
      vertex 9.11793 -7.62928 0
    endloop
  endfacet
  facet normal 0.803168 -0.595752 0
    outer loop
      vertex 7.68477 -7.98826 0.799999
      vertex 7.74908 -7.90156 0
      vertex 7.74908 -7.90156 0.799999
    endloop
  endfacet
  facet normal 0.803168 -0.595752 0
    outer loop
      vertex 7.74908 -7.90156 0
      vertex 7.68477 -7.98826 0.799999
      vertex 7.68477 -7.98826 0
    endloop
  endfacet
  facet normal 0.857754 -0.51406 0
    outer loop
      vertex 7.62928 -8.08085 0.799999
      vertex 7.68477 -7.98826 0
      vertex 7.68477 -7.98826 0.799999
    endloop
  endfacet
  facet normal 0.857754 -0.51406 0
    outer loop
      vertex 7.68477 -7.98826 0
      vertex 7.62928 -8.08085 0.799999
      vertex 7.62928 -8.08085 0
    endloop
  endfacet
  facet normal 0.671515 -0.740991 0
    outer loop
      vertex 7.82157 -7.82157 0
      vertex 7.90156 -7.74908 0.799999
      vertex 7.82157 -7.82157 0.799999
    endloop
  endfacet
  facet normal 0.671515 -0.740991 0
    outer loop
      vertex 7.90156 -7.74908 0.799999
      vertex 7.82157 -7.82157 0
      vertex 7.90156 -7.74908 0
    endloop
  endfacet
  facet normal 0.427581 -0.903977 0
    outer loop
      vertex 8.08085 -7.62928 0
      vertex 8.17844 -7.58312 0.799999
      vertex 8.08085 -7.62928 0.799999
    endloop
  endfacet
  facet normal 0.427581 -0.903977 0
    outer loop
      vertex 8.17844 -7.58312 0.799999
      vertex 8.08085 -7.62928 0
      vertex 8.17844 -7.58312 0
    endloop
  endfacet
  facet normal 0.740991 -0.671515 0
    outer loop
      vertex 7.74908 -7.90156 0.799999
      vertex 7.82157 -7.82157 0
      vertex 7.82157 -7.82157 0.799999
    endloop
  endfacet
  facet normal 0.740991 -0.671515 0
    outer loop
      vertex 7.82157 -7.82157 0
      vertex 7.74908 -7.90156 0.799999
      vertex 7.74908 -7.90156 0
    endloop
  endfacet
  facet normal -0.595752 -0.803168 0
    outer loop
      vertex 9.21052 -7.68477 0
      vertex 9.29722 -7.74908 0.799999
      vertex 9.21052 -7.68477 0.799999
    endloop
  endfacet
  facet normal -0.595752 -0.803168 -0
    outer loop
      vertex 9.29722 -7.74908 0.799999
      vertex 9.21052 -7.68477 0
      vertex 9.29722 -7.74908 0
    endloop
  endfacet
  facet normal 0 0 -1
    outer loop
      vertex 7.82157 -9.37721 0.799999
      vertex 9.55 -10.65 0.799999
      vertex 9.5553 -10.7578 0.799999
    endloop
  endfacet
  facet normal 0 0 -1
    outer loop
      vertex 9.55 -10.65 0.799999
      vertex 7.82157 -9.37721 0.799999
      vertex 9.37721 -7.82157 0.799999
    endloop
  endfacet
  facet normal -0 0 -1
    outer loop
      vertex 9.37721 -7.82157 0.799999
      vertex 7.82157 -9.37721 0.799999
      vertex 9.29722 -7.74908 0.799999
    endloop
  endfacet
  facet normal -0 0 -1
    outer loop
      vertex 9.29722 -7.74908 0.799999
      vertex 7.82157 -9.37721 0.799999
      vertex 9.21052 -7.68477 0.799999
    endloop
  endfacet
  facet normal -0 0 -1
    outer loop
      vertex 9.21052 -7.68477 0.799999
      vertex 7.82157 -9.37721 0.799999
      vertex 9.11793 -7.62928 0.799999
    endloop
  endfacet
  facet normal 0 0 -1
    outer loop
      vertex 7.82157 -9.37721 0.799999
      vertex 9.5553 -10.7578 0.799999
      vertex 9.57114 -10.8646 0.799999
    endloop
  endfacet
  facet normal -0 0 -1
    outer loop
      vertex 9.11793 -7.62928 0.799999
      vertex 7.82157 -9.37721 0.799999
      vertex 9.02034 -7.58312 0.799999
    endloop
  endfacet
  facet normal -0 0 -1
    outer loop
      vertex 9.02034 -7.58312 0.799999
      vertex 7.82157 -9.37721 0.799999
      vertex 8.9187 -7.54676 0.799999
    endloop
  endfacet
  facet normal -0 0 -1
    outer loop
      vertex 8.9187 -7.54676 0.799999
      vertex 7.82157 -9.37721 0.799999
      vertex 8.81399 -7.52053 0.799999
    endloop
  endfacet
  facet normal 0 0 -1
    outer loop
      vertex 7.82157 -9.37721 0.799999
      vertex 9.57114 -10.8646 0.799999
      vertex 9.59737 -10.9693 0.799999
    endloop
  endfacet
  facet normal -0 0 -1
    outer loop
      vertex 8.81399 -7.52053 0.799999
      vertex 7.82157 -9.37721 0.799999
      vertex 8.70721 -7.50469 0.799999
    endloop
  endfacet
  facet normal -0 0 -1
    outer loop
      vertex 8.70721 -7.50469 0.799999
      vertex 7.82157 -9.37721 0.799999
      vertex 8.59939 -7.49939 0.799999
    endloop
  endfacet
  facet normal 0 0 -1
    outer loop
      vertex 8.59939 -7.49939 0.799999
      vertex 7.82157 -9.37721 0.799999
      vertex 8.49157 -7.50469 0.799999
    endloop
  endfacet
  facet normal 0 0 -1
    outer loop
      vertex 8.49157 -7.50469 0.799999
      vertex 7.82157 -9.37721 0.799999
      vertex 8.38479 -7.52053 0.799999
    endloop
  endfacet
  facet normal 0 0 -1
    outer loop
      vertex 7.82157 -9.37721 0.799999
      vertex 9.59737 -10.9693 0.799999
      vertex 9.63373 -11.071 0.799999
    endloop
  endfacet
  facet normal 0 0 -1
    outer loop
      vertex 8.38479 -7.52053 0.799999
      vertex 7.82157 -9.37721 0.799999
      vertex 8.28008 -7.54676 0.799999
    endloop
  endfacet
  facet normal 0 0 -1
    outer loop
      vertex 8.28008 -7.54676 0.799999
      vertex 7.82157 -9.37721 0.799999
      vertex 8.17844 -7.58312 0.799999
    endloop
  endfacet
  facet normal 0 0 -1
    outer loop
      vertex 8.17844 -7.58312 0.799999
      vertex 7.82157 -9.37721 0.799999
      vertex 8.08085 -7.62928 0.799999
    endloop
  endfacet
  facet normal 0 0 -1
    outer loop
      vertex 7.82157 -9.37721 0.799999
      vertex 9.63373 -11.071 0.799999
      vertex 9.67989 -11.1685 0.799999
    endloop
  endfacet
  facet normal 0 0 -1
    outer loop
      vertex 8.08085 -7.62928 0.799999
      vertex 7.82157 -9.37721 0.799999
      vertex 7.98826 -7.68477 0.799999
    endloop
  endfacet
  facet normal 0 0 -1
    outer loop
      vertex 7.82157 -9.37721 0.799999
      vertex 9.79969 -11.3478 0.799999
      vertex 9.87218 -11.4278 0.799999
    endloop
  endfacet
  facet normal 0 0 -1
    outer loop
      vertex 7.82157 -9.37721 0.799999
      vertex 9.73538 -11.2611 0.799999
      vertex 9.79969 -11.3478 0.799999
    endloop
  endfacet
  facet normal 0 0 -1
    outer loop
      vertex 7.82157 -9.37721 0.799999
      vertex 9.67989 -11.1685 0.799999
      vertex 9.73538 -11.2611 0.799999
    endloop
  endfacet
  facet normal 0 0 -1
    outer loop
      vertex 7.98826 -7.68477 0.799999
      vertex 7.82157 -9.37721 0.799999
      vertex 7.90156 -7.74908 0.799999
    endloop
  endfacet
  facet normal 0 0 -1
    outer loop
      vertex 7.82157 -9.37721 0.799999
      vertex 7.82157 -7.82157 0.799999
      vertex 7.90156 -7.74908 0.799999
    endloop
  endfacet
  facet normal 0 0 -1
    outer loop
      vertex 7.74908 -9.29722 0.799999
      vertex 7.82157 -7.82157 0.799999
      vertex 7.82157 -9.37721 0.799999
    endloop
  endfacet
  facet normal 0 0 -1
    outer loop
      vertex 7.74908 -9.29722 0.799999
      vertex 7.74908 -7.90156 0.799999
      vertex 7.82157 -7.82157 0.799999
    endloop
  endfacet
  facet normal 0 0 -1
    outer loop
      vertex 7.68477 -9.21052 0.799999
      vertex 7.74908 -7.90156 0.799999
      vertex 7.74908 -9.29722 0.799999
    endloop
  endfacet
  facet normal 0 0 -1
    outer loop
      vertex 7.68477 -9.21052 0.799999
      vertex 7.68477 -7.98826 0.799999
      vertex 7.74908 -7.90156 0.799999
    endloop
  endfacet
  facet normal 0 0 -1
    outer loop
      vertex 7.62928 -9.11793 0.799999
      vertex 7.68477 -7.98826 0.799999
      vertex 7.68477 -9.21052 0.799999
    endloop
  endfacet
  facet normal 0 0 -1
    outer loop
      vertex 7.62928 -9.11793 0.799999
      vertex 7.62928 -8.08085 0.799999
      vertex 7.68477 -7.98826 0.799999
    endloop
  endfacet
  facet normal 0 0 -1
    outer loop
      vertex 7.58312 -9.02034 0.799999
      vertex 7.62928 -8.08085 0.799999
      vertex 7.62928 -9.11793 0.799999
    endloop
  endfacet
  facet normal 0 0 -1
    outer loop
      vertex 7.58312 -9.02034 0.799999
      vertex 7.58312 -8.17844 0.799999
      vertex 7.62928 -8.08085 0.799999
    endloop
  endfacet
  facet normal 0 0 -1
    outer loop
      vertex 7.54676 -8.9187 0.799999
      vertex 7.58312 -8.17844 0.799999
      vertex 7.58312 -9.02034 0.799999
    endloop
  endfacet
  facet normal 0 0 -1
    outer loop
      vertex 7.54676 -8.9187 0.799999
      vertex 7.54676 -8.28008 0.799999
      vertex 7.58312 -8.17844 0.799999
    endloop
  endfacet
  facet normal 0 0 -1
    outer loop
      vertex 7.52053 -8.81399 0.799999
      vertex 7.54676 -8.28008 0.799999
      vertex 7.54676 -8.9187 0.799999
    endloop
  endfacet
  facet normal 0 0 -1
    outer loop
      vertex 7.52053 -8.81399 0.799999
      vertex 7.52053 -8.38479 0.799999
      vertex 7.54676 -8.28008 0.799999
    endloop
  endfacet
  facet normal 0 0 -1
    outer loop
      vertex 7.50469 -8.70721 0.799999
      vertex 7.52053 -8.38479 0.799999
      vertex 7.52053 -8.81399 0.799999
    endloop
  endfacet
  facet normal 0 0 -1
    outer loop
      vertex 7.50469 -8.70721 0.799999
      vertex 7.50469 -8.49157 0.799999
      vertex 7.52053 -8.38479 0.799999
    endloop
  endfacet
  facet normal 0 -0 -1
    outer loop
      vertex 7.50469 -8.49157 0.799999
      vertex 7.50469 -8.70721 0.799999
      vertex 7.49939 -8.59939 0.799999
    endloop
  endfacet
  facet normal 0 0 -1
    outer loop
      vertex 11.3478 -9.79969 0.799999
      vertex 9.37721 -7.82157 0.799999
      vertex 11.4278 -9.87218 0.799999
    endloop
  endfacet
  facet normal 0 0 -1
    outer loop
      vertex 11.2611 -9.73538 0.799999
      vertex 9.37721 -7.82157 0.799999
      vertex 11.3478 -9.79969 0.799999
    endloop
  endfacet
  facet normal 0 0 -1
    outer loop
      vertex 11.1685 -9.67989 0.799999
      vertex 9.37721 -7.82157 0.799999
      vertex 11.2611 -9.73538 0.799999
    endloop
  endfacet
  facet normal 0 0 -1
    outer loop
      vertex 11.071 -9.63373 0.799999
      vertex 9.37721 -7.82157 0.799999
      vertex 11.1685 -9.67989 0.799999
    endloop
  endfacet
  facet normal 0 0 -1
    outer loop
      vertex 10.9693 -9.59737 0.799999
      vertex 9.37721 -7.82157 0.799999
      vertex 11.071 -9.63373 0.799999
    endloop
  endfacet
  facet normal 0 0 -1
    outer loop
      vertex 10.8646 -9.57114 0.799999
      vertex 9.37721 -7.82157 0.799999
      vertex 10.9693 -9.59737 0.799999
    endloop
  endfacet
  facet normal 0 0 -1
    outer loop
      vertex 10.7578 -9.5553 0.799999
      vertex 9.37721 -7.82157 0.799999
      vertex 10.8646 -9.57114 0.799999
    endloop
  endfacet
  facet normal 0 0 -1
    outer loop
      vertex 10.65 -9.55 0.799999
      vertex 9.37721 -7.82157 0.799999
      vertex 10.7578 -9.5553 0.799999
    endloop
  endfacet
  facet normal 0 0 -1
    outer loop
      vertex 10.5422 -9.5553 0.799999
      vertex 9.37721 -7.82157 0.799999
      vertex 10.65 -9.55 0.799999
    endloop
  endfacet
  facet normal 0 0 -1
    outer loop
      vertex 10.4354 -9.57114 0.799999
      vertex 9.37721 -7.82157 0.799999
      vertex 10.5422 -9.5553 0.799999
    endloop
  endfacet
  facet normal 0 0 -1
    outer loop
      vertex 10.3307 -9.59737 0.799999
      vertex 9.37721 -7.82157 0.799999
      vertex 10.4354 -9.57114 0.799999
    endloop
  endfacet
  facet normal 0 0 -1
    outer loop
      vertex 10.229 -9.63373 0.799999
      vertex 9.37721 -7.82157 0.799999
      vertex 10.3307 -9.59737 0.799999
    endloop
  endfacet
  facet normal 0 0 -1
    outer loop
      vertex 10.1315 -9.67989 0.799999
      vertex 9.37721 -7.82157 0.799999
      vertex 10.229 -9.63373 0.799999
    endloop
  endfacet
  facet normal 0 0 -1
    outer loop
      vertex 10.0389 -9.73538 0.799999
      vertex 9.37721 -7.82157 0.799999
      vertex 10.1315 -9.67989 0.799999
    endloop
  endfacet
  facet normal 0 0 -1
    outer loop
      vertex 9.95217 -9.79969 0.799999
      vertex 9.37721 -7.82157 0.799999
      vertex 10.0389 -9.73538 0.799999
    endloop
  endfacet
  facet normal 0 0 -1
    outer loop
      vertex 9.87218 -9.87218 0.799999
      vertex 9.37721 -7.82157 0.799999
      vertex 9.95217 -9.79969 0.799999
    endloop
  endfacet
  facet normal 0 0 -1
    outer loop
      vertex 9.79969 -9.95217 0.799999
      vertex 9.37721 -7.82157 0.799999
      vertex 9.87218 -9.87218 0.799999
    endloop
  endfacet
  facet normal 0 0 -1
    outer loop
      vertex 9.73538 -10.0389 0.799999
      vertex 9.37721 -7.82157 0.799999
      vertex 9.79969 -9.95217 0.799999
    endloop
  endfacet
  facet normal 0 0 -1
    outer loop
      vertex 9.67989 -10.1315 0.799999
      vertex 9.37721 -7.82157 0.799999
      vertex 9.73538 -10.0389 0.799999
    endloop
  endfacet
  facet normal 0 0 -1
    outer loop
      vertex 9.63373 -10.229 0.799999
      vertex 9.37721 -7.82157 0.799999
      vertex 9.67989 -10.1315 0.799999
    endloop
  endfacet
  facet normal 0 0 -1
    outer loop
      vertex 9.59737 -10.3307 0.799999
      vertex 9.37721 -7.82157 0.799999
      vertex 9.63373 -10.229 0.799999
    endloop
  endfacet
  facet normal 0 0 -1
    outer loop
      vertex 9.57114 -10.4354 0.799999
      vertex 9.37721 -7.82157 0.799999
      vertex 9.59737 -10.3307 0.799999
    endloop
  endfacet
  facet normal 0 0 -1
    outer loop
      vertex 9.5553 -10.5422 0.799999
      vertex 9.37721 -7.82157 0.799999
      vertex 9.57114 -10.4354 0.799999
    endloop
  endfacet
  facet normal 0 0 -1
    outer loop
      vertex 9.37721 -7.82157 0.799999
      vertex 9.5553 -10.5422 0.799999
      vertex 9.55 -10.65 0.799999
    endloop
  endfacet
  facet normal -0 0 -1
    outer loop
      vertex 9.57114 10.4354 0.799999
      vertex 7.82157 9.37721 0.799999
      vertex 9.5553 10.5422 0.799999
    endloop
  endfacet
  facet normal -0 0 -1
    outer loop
      vertex 9.59737 10.3307 0.799999
      vertex 7.82157 9.37721 0.799999
      vertex 9.57114 10.4354 0.799999
    endloop
  endfacet
  facet normal -0 0 -1
    outer loop
      vertex 9.63373 10.229 0.799999
      vertex 7.82157 9.37721 0.799999
      vertex 9.59737 10.3307 0.799999
    endloop
  endfacet
  facet normal -0 0 -1
    outer loop
      vertex 9.67989 10.1315 0.799999
      vertex 7.82157 9.37721 0.799999
      vertex 9.63373 10.229 0.799999
    endloop
  endfacet
  facet normal -0 0 -1
    outer loop
      vertex 9.73538 10.0389 0.799999
      vertex 7.82157 9.37721 0.799999
      vertex 9.67989 10.1315 0.799999
    endloop
  endfacet
  facet normal -0 0 -1
    outer loop
      vertex 9.79969 9.95217 0.799999
      vertex 7.82157 9.37721 0.799999
      vertex 9.73538 10.0389 0.799999
    endloop
  endfacet
  facet normal -0 0 -1
    outer loop
      vertex 9.87218 9.87218 0.799999
      vertex 7.82157 9.37721 0.799999
      vertex 9.79969 9.95217 0.799999
    endloop
  endfacet
  facet normal 0 0 -1
    outer loop
      vertex 7.82157 9.37721 0.799999
      vertex 9.87218 9.87218 0.799999
      vertex 9.37721 7.82157 0.799999
    endloop
  endfacet
  facet normal -0 0 -1
    outer loop
      vertex 9.95217 9.79969 0.799999
      vertex 9.37721 7.82157 0.799999
      vertex 9.87218 9.87218 0.799999
    endloop
  endfacet
  facet normal -0 0 -1
    outer loop
      vertex 10.0389 9.73538 0.799999
      vertex 9.37721 7.82157 0.799999
      vertex 9.95217 9.79969 0.799999
    endloop
  endfacet
  facet normal -0 0 -1
    outer loop
      vertex 10.1315 9.67989 0.799999
      vertex 9.37721 7.82157 0.799999
      vertex 10.0389 9.73538 0.799999
    endloop
  endfacet
  facet normal -0 0 -1
    outer loop
      vertex 10.229 9.63373 0.799999
      vertex 9.37721 7.82157 0.799999
      vertex 10.1315 9.67989 0.799999
    endloop
  endfacet
  facet normal -0 0 -1
    outer loop
      vertex 10.3307 9.59737 0.799999
      vertex 9.37721 7.82157 0.799999
      vertex 10.229 9.63373 0.799999
    endloop
  endfacet
  facet normal -0 0 -1
    outer loop
      vertex 10.4354 9.57114 0.799999
      vertex 9.37721 7.82157 0.799999
      vertex 10.3307 9.59737 0.799999
    endloop
  endfacet
  facet normal -0 0 -1
    outer loop
      vertex 10.5422 9.5553 0.799999
      vertex 9.37721 7.82157 0.799999
      vertex 10.4354 9.57114 0.799999
    endloop
  endfacet
  facet normal -0 0 -1
    outer loop
      vertex 10.65 9.55 0.799999
      vertex 9.37721 7.82157 0.799999
      vertex 10.5422 9.5553 0.799999
    endloop
  endfacet
  facet normal 0 0 -1
    outer loop
      vertex 10.7578 9.5553 0.799999
      vertex 9.37721 7.82157 0.799999
      vertex 10.65 9.55 0.799999
    endloop
  endfacet
  facet normal 0 0 -1
    outer loop
      vertex 10.8646 9.57114 0.799999
      vertex 9.37721 7.82157 0.799999
      vertex 10.7578 9.5553 0.799999
    endloop
  endfacet
  facet normal 0 0 -1
    outer loop
      vertex 10.9693 9.59737 0.799999
      vertex 9.37721 7.82157 0.799999
      vertex 10.8646 9.57114 0.799999
    endloop
  endfacet
  facet normal 0 0 -1
    outer loop
      vertex 11.071 9.63373 0.799999
      vertex 9.37721 7.82157 0.799999
      vertex 10.9693 9.59737 0.799999
    endloop
  endfacet
  facet normal 0 0 -1
    outer loop
      vertex 11.1685 9.67989 0.799999
      vertex 9.37721 7.82157 0.799999
      vertex 11.071 9.63373 0.799999
    endloop
  endfacet
  facet normal 0 0 -1
    outer loop
      vertex 11.2611 9.73538 0.799999
      vertex 9.37721 7.82157 0.799999
      vertex 11.1685 9.67989 0.799999
    endloop
  endfacet
  facet normal 0 0 -1
    outer loop
      vertex 11.3478 9.79969 0.799999
      vertex 9.37721 7.82157 0.799999
      vertex 11.2611 9.73538 0.799999
    endloop
  endfacet
  facet normal 0 0 -1
    outer loop
      vertex 9.37721 7.82157 0.799999
      vertex 11.3478 9.79969 0.799999
      vertex 11.4278 9.87218 0.799999
    endloop
  endfacet
  facet normal -0 0 -1
    outer loop
      vertex 9.5553 10.5422 0.799999
      vertex 7.82157 9.37721 0.799999
      vertex 9.55 10.65 0.799999
    endloop
  endfacet
  facet normal 0 0 -1
    outer loop
      vertex 7.82157 9.37721 0.799999
      vertex 9.37721 7.82157 0.799999
      vertex 9.29722 7.74908 0.799999
    endloop
  endfacet
  facet normal 0 0 -1
    outer loop
      vertex 7.82157 9.37721 0.799999
      vertex 9.29722 7.74908 0.799999
      vertex 9.21052 7.68477 0.799999
    endloop
  endfacet
  facet normal 0 0 -1
    outer loop
      vertex 7.82157 9.37721 0.799999
      vertex 9.21052 7.68477 0.799999
      vertex 9.11793 7.62928 0.799999
    endloop
  endfacet
  facet normal 0 0 -1
    outer loop
      vertex 7.82157 9.37721 0.799999
      vertex 9.11793 7.62928 0.799999
      vertex 9.02034 7.58312 0.799999
    endloop
  endfacet
  facet normal -0 0 -1
    outer loop
      vertex 9.55 10.65 0.799999
      vertex 7.82157 9.37721 0.799999
      vertex 9.5553 10.7578 0.799999
    endloop
  endfacet
  facet normal 0 0 -1
    outer loop
      vertex 7.82157 9.37721 0.799999
      vertex 9.02034 7.58312 0.799999
      vertex 8.9187 7.54676 0.799999
    endloop
  endfacet
  facet normal 0 0 -1
    outer loop
      vertex 7.82157 9.37721 0.799999
      vertex 8.9187 7.54676 0.799999
      vertex 8.81399 7.52053 0.799999
    endloop
  endfacet
  facet normal 0 0 -1
    outer loop
      vertex 7.82157 9.37721 0.799999
      vertex 8.81399 7.52053 0.799999
      vertex 8.70721 7.50469 0.799999
    endloop
  endfacet
  facet normal -0 0 -1
    outer loop
      vertex 9.5553 10.7578 0.799999
      vertex 7.82157 9.37721 0.799999
      vertex 9.57114 10.8646 0.799999
    endloop
  endfacet
  facet normal 0 0 -1
    outer loop
      vertex 7.82157 9.37721 0.799999
      vertex 8.70721 7.50469 0.799999
      vertex 8.59939 7.49939 0.799999
    endloop
  endfacet
  facet normal 0 0 -1
    outer loop
      vertex 7.82157 9.37721 0.799999
      vertex 8.59939 7.49939 0.799999
      vertex 8.49157 7.50469 0.799999
    endloop
  endfacet
  facet normal 0 0 -1
    outer loop
      vertex 7.82157 9.37721 0.799999
      vertex 8.49157 7.50469 0.799999
      vertex 8.38479 7.52053 0.799999
    endloop
  endfacet
  facet normal 0 0 -1
    outer loop
      vertex 7.82157 9.37721 0.799999
      vertex 8.38479 7.52053 0.799999
      vertex 8.28008 7.54676 0.799999
    endloop
  endfacet
  facet normal -0 0 -1
    outer loop
      vertex 9.57114 10.8646 0.799999
      vertex 7.82157 9.37721 0.799999
      vertex 9.59737 10.9693 0.799999
    endloop
  endfacet
  facet normal 0 0 -1
    outer loop
      vertex 7.82157 9.37721 0.799999
      vertex 8.28008 7.54676 0.799999
      vertex 8.17844 7.58312 0.799999
    endloop
  endfacet
  facet normal 0 0 -1
    outer loop
      vertex 7.82157 9.37721 0.799999
      vertex 8.17844 7.58312 0.799999
      vertex 8.08085 7.62928 0.799999
    endloop
  endfacet
  facet normal 0 0 -1
    outer loop
      vertex 7.82157 9.37721 0.799999
      vertex 8.08085 7.62928 0.799999
      vertex 7.98826 7.68477 0.799999
    endloop
  endfacet
  facet normal -0 0 -1
    outer loop
      vertex 9.59737 10.9693 0.799999
      vertex 7.82157 9.37721 0.799999
      vertex 9.63373 11.071 0.799999
    endloop
  endfacet
  facet normal 0 0 -1
    outer loop
      vertex 7.82157 9.37721 0.799999
      vertex 7.98826 7.68477 0.799999
      vertex 7.90156 7.74908 0.799999
    endloop
  endfacet
  facet normal 0 0 -1
    outer loop
      vertex 7.82157 9.37721 0.799999
      vertex 7.90156 7.74908 0.799999
      vertex 7.82157 7.82157 0.799999
    endloop
  endfacet
  facet normal -0 0 -1
    outer loop
      vertex 9.79969 11.3478 0.799999
      vertex 7.82157 9.37721 0.799999
      vertex 9.87218 11.4278 0.799999
    endloop
  endfacet
  facet normal -0 0 -1
    outer loop
      vertex 9.73538 11.2611 0.799999
      vertex 7.82157 9.37721 0.799999
      vertex 9.79969 11.3478 0.799999
    endloop
  endfacet
  facet normal -0 0 -1
    outer loop
      vertex 9.67989 11.1685 0.799999
      vertex 7.82157 9.37721 0.799999
      vertex 9.73538 11.2611 0.799999
    endloop
  endfacet
  facet normal -0 0 -1
    outer loop
      vertex 9.63373 11.071 0.799999
      vertex 7.82157 9.37721 0.799999
      vertex 9.67989 11.1685 0.799999
    endloop
  endfacet
  facet normal 0 0 -1
    outer loop
      vertex 7.74908 7.90156 0.799999
      vertex 7.82157 9.37721 0.799999
      vertex 7.82157 7.82157 0.799999
    endloop
  endfacet
  facet normal 0 0 -1
    outer loop
      vertex 7.74908 7.90156 0.799999
      vertex 7.74908 9.29722 0.799999
      vertex 7.82157 9.37721 0.799999
    endloop
  endfacet
  facet normal 0 0 -1
    outer loop
      vertex 7.68477 7.98826 0.799999
      vertex 7.74908 9.29722 0.799999
      vertex 7.74908 7.90156 0.799999
    endloop
  endfacet
  facet normal 0 0 -1
    outer loop
      vertex 7.68477 7.98826 0.799999
      vertex 7.68477 9.21052 0.799999
      vertex 7.74908 9.29722 0.799999
    endloop
  endfacet
  facet normal 0 0 -1
    outer loop
      vertex 7.62928 8.08085 0.799999
      vertex 7.68477 9.21052 0.799999
      vertex 7.68477 7.98826 0.799999
    endloop
  endfacet
  facet normal 0 0 -1
    outer loop
      vertex 7.62928 8.08085 0.799999
      vertex 7.62928 9.11793 0.799999
      vertex 7.68477 9.21052 0.799999
    endloop
  endfacet
  facet normal 0 0 -1
    outer loop
      vertex 7.58312 8.17844 0.799999
      vertex 7.62928 9.11793 0.799999
      vertex 7.62928 8.08085 0.799999
    endloop
  endfacet
  facet normal 0 0 -1
    outer loop
      vertex 7.58312 8.17844 0.799999
      vertex 7.58312 9.02034 0.799999
      vertex 7.62928 9.11793 0.799999
    endloop
  endfacet
  facet normal 0 0 -1
    outer loop
      vertex 7.54676 8.28008 0.799999
      vertex 7.58312 9.02034 0.799999
      vertex 7.58312 8.17844 0.799999
    endloop
  endfacet
  facet normal 0 0 -1
    outer loop
      vertex 7.54676 8.28008 0.799999
      vertex 7.54676 8.9187 0.799999
      vertex 7.58312 9.02034 0.799999
    endloop
  endfacet
  facet normal 0 0 -1
    outer loop
      vertex 7.52053 8.38479 0.799999
      vertex 7.54676 8.9187 0.799999
      vertex 7.54676 8.28008 0.799999
    endloop
  endfacet
  facet normal 0 0 -1
    outer loop
      vertex 7.52053 8.38479 0.799999
      vertex 7.52053 8.81399 0.799999
      vertex 7.54676 8.9187 0.799999
    endloop
  endfacet
  facet normal 0 0 -1
    outer loop
      vertex 7.50469 8.49157 0.799999
      vertex 7.52053 8.81399 0.799999
      vertex 7.52053 8.38479 0.799999
    endloop
  endfacet
  facet normal 0 0 -1
    outer loop
      vertex 7.50469 8.49157 0.799999
      vertex 7.50469 8.70721 0.799999
      vertex 7.52053 8.81399 0.799999
    endloop
  endfacet
  facet normal 0 -0 -1
    outer loop
      vertex 7.50469 8.70721 0.799999
      vertex 7.50469 8.49157 0.799999
      vertex 7.49939 8.59939 0.799999
    endloop
  endfacet
  facet normal 0.242993 0.970028 -0
    outer loop
      vertex 8.38479 7.52053 0
      vertex 8.28008 7.54676 0.799999
      vertex 8.38479 7.52053 0.799999
    endloop
  endfacet
  facet normal 0.242993 0.970028 0
    outer loop
      vertex 8.28008 7.54676 0.799999
      vertex 8.38479 7.52053 0
      vertex 8.28008 7.54676 0
    endloop
  endfacet
  facet normal -0.146737 0.989176 0
    outer loop
      vertex 8.81399 7.52053 0
      vertex 8.70721 7.50469 0.799999
      vertex 8.81399 7.52053 0.799999
    endloop
  endfacet
  facet normal -0.146737 0.989176 0
    outer loop
      vertex 8.70721 7.50469 0.799999
      vertex 8.81399 7.52053 0
      vertex 8.70721 7.50469 0
    endloop
  endfacet
  facet normal -0.242993 0.970028 0
    outer loop
      vertex 8.9187 7.54676 0
      vertex 8.81399 7.52053 0.799999
      vertex 8.9187 7.54676 0.799999
    endloop
  endfacet
  facet normal -0.242993 0.970028 0
    outer loop
      vertex 8.81399 7.52053 0.799999
      vertex 8.9187 7.54676 0
      vertex 8.81399 7.52053 0
    endloop
  endfacet
  facet normal 0.857754 -0.51406 0
    outer loop
      vertex 7.62928 9.11793 0.799999
      vertex 7.68477 9.21052 0
      vertex 7.68477 9.21052 0.799999
    endloop
  endfacet
  facet normal 0.857754 -0.51406 0
    outer loop
      vertex 7.68477 9.21052 0
      vertex 7.62928 9.11793 0.799999
      vertex 7.62928 9.11793 0
    endloop
  endfacet
  facet normal -0.427581 0.903977 0
    outer loop
      vertex 9.11793 7.62928 0
      vertex 9.02034 7.58312 0.799999
      vertex 9.11793 7.62928 0.799999
    endloop
  endfacet
  facet normal -0.427581 0.903977 0
    outer loop
      vertex 9.02034 7.58312 0.799999
      vertex 9.11793 7.62928 0
      vertex 9.02034 7.58312 0
    endloop
  endfacet
  facet normal -0.51406 0.857754 0
    outer loop
      vertex 9.21052 7.68477 0
      vertex 9.11793 7.62928 0.799999
      vertex 9.21052 7.68477 0.799999
    endloop
  endfacet
  facet normal -0.51406 0.857754 0
    outer loop
      vertex 9.11793 7.62928 0.799999
      vertex 9.21052 7.68477 0
      vertex 9.11793 7.62928 0
    endloop
  endfacet
  facet normal -0.595752 0.803168 0
    outer loop
      vertex 9.29722 7.74908 0
      vertex 9.21052 7.68477 0.799999
      vertex 9.29722 7.74908 0.799999
    endloop
  endfacet
  facet normal -0.595752 0.803168 0
    outer loop
      vertex 9.21052 7.68477 0.799999
      vertex 9.29722 7.74908 0
      vertex 9.21052 7.68477 0
    endloop
  endfacet
  facet normal -0.671515 0.740991 0
    outer loop
      vertex 9.37721 7.82157 0
      vertex 9.29722 7.74908 0.799999
      vertex 9.37721 7.82157 0.799999
    endloop
  endfacet
  facet normal -0.671515 0.740991 0
    outer loop
      vertex 9.29722 7.74908 0.799999
      vertex 9.37721 7.82157 0
      vertex 9.29722 7.74908 0
    endloop
  endfacet
  facet normal 0.707103 -0.70711 0
    outer loop
      vertex 7.82157 9.37721 0.799999
      vertex 9.87218 11.4278 0
      vertex 9.87218 11.4278 0.799999
    endloop
  endfacet
  facet normal 0.707103 -0.70711 0
    outer loop
      vertex 9.87218 11.4278 0
      vertex 7.82157 9.37721 0.799999
      vertex 7.82157 9.37721 0
    endloop
  endfacet
  facet normal -0.0490967 0.998794 0
    outer loop
      vertex 8.70721 7.50469 0
      vertex 8.59939 7.49939 0.799999
      vertex 8.70721 7.50469 0.799999
    endloop
  endfacet
  facet normal -0.0490967 0.998794 0
    outer loop
      vertex 8.59939 7.49939 0.799999
      vertex 8.70721 7.50469 0
      vertex 8.59939 7.49939 0
    endloop
  endfacet
  facet normal 0.146737 0.989176 -0
    outer loop
      vertex 8.49157 7.50469 0
      vertex 8.38479 7.52053 0.799999
      vertex 8.49157 7.50469 0.799999
    endloop
  endfacet
  facet normal 0.146737 0.989176 0
    outer loop
      vertex 8.38479 7.52053 0.799999
      vertex 8.49157 7.50469 0
      vertex 8.38479 7.52053 0
    endloop
  endfacet
  facet normal 0.903977 0.427581 0
    outer loop
      vertex 7.62928 8.08085 0.799999
      vertex 7.58312 8.17844 0
      vertex 7.58312 8.17844 0.799999
    endloop
  endfacet
  facet normal 0.903977 0.427581 0
    outer loop
      vertex 7.58312 8.17844 0
      vertex 7.62928 8.08085 0.799999
      vertex 7.62928 8.08085 0
    endloop
  endfacet
  facet normal 0.427581 0.903977 -0
    outer loop
      vertex 8.17844 7.58312 0
      vertex 8.08085 7.62928 0.799999
      vertex 8.17844 7.58312 0.799999
    endloop
  endfacet
  facet normal 0.427581 0.903977 0
    outer loop
      vertex 8.08085 7.62928 0.799999
      vertex 8.17844 7.58312 0
      vertex 8.08085 7.62928 0
    endloop
  endfacet
  facet normal -0.70711 0.707103 0
    outer loop
      vertex 9.37721 7.82157 0
      vertex 11.4278 9.87218 0.799999
      vertex 11.4278 9.87218 0
    endloop
  endfacet
  facet normal -0.70711 0.707103 0
    outer loop
      vertex 11.4278 9.87218 0.799999
      vertex 9.37721 7.82157 0
      vertex 9.37721 7.82157 0.799999
    endloop
  endfacet
  facet normal 0.970028 0.242993 0
    outer loop
      vertex 7.54676 8.28008 0.799999
      vertex 7.52053 8.38479 0
      vertex 7.52053 8.38479 0.799999
    endloop
  endfacet
  facet normal 0.970028 0.242993 0
    outer loop
      vertex 7.52053 8.38479 0
      vertex 7.54676 8.28008 0.799999
      vertex 7.54676 8.28008 0
    endloop
  endfacet
  facet normal 0.857754 0.51406 0
    outer loop
      vertex 7.68477 7.98826 0.799999
      vertex 7.62928 8.08085 0
      vertex 7.62928 8.08085 0.799999
    endloop
  endfacet
  facet normal 0.857754 0.51406 0
    outer loop
      vertex 7.62928 8.08085 0
      vertex 7.68477 7.98826 0.799999
      vertex 7.68477 7.98826 0
    endloop
  endfacet
  facet normal 0.595752 0.803168 -0
    outer loop
      vertex 7.98826 7.68477 0
      vertex 7.90156 7.74908 0.799999
      vertex 7.98826 7.68477 0.799999
    endloop
  endfacet
  facet normal 0.595752 0.803168 0
    outer loop
      vertex 7.90156 7.74908 0.799999
      vertex 7.98826 7.68477 0
      vertex 7.90156 7.74908 0
    endloop
  endfacet
  facet normal 0.989176 -0.146737 0
    outer loop
      vertex 7.50469 8.70721 0.799999
      vertex 7.52053 8.81399 0
      vertex 7.52053 8.81399 0.799999
    endloop
  endfacet
  facet normal 0.989176 -0.146737 0
    outer loop
      vertex 7.52053 8.81399 0
      vertex 7.50469 8.70721 0.799999
      vertex 7.50469 8.70721 0
    endloop
  endfacet
  facet normal 0.941566 0.336829 0
    outer loop
      vertex 7.58312 8.17844 0.799999
      vertex 7.54676 8.28008 0
      vertex 7.54676 8.28008 0.799999
    endloop
  endfacet
  facet normal 0.941566 0.336829 0
    outer loop
      vertex 7.54676 8.28008 0
      vertex 7.58312 8.17844 0.799999
      vertex 7.58312 8.17844 0
    endloop
  endfacet
  facet normal 0.989176 0.146737 0
    outer loop
      vertex 7.52053 8.38479 0.799999
      vertex 7.50469 8.49157 0
      vertex 7.50469 8.49157 0.799999
    endloop
  endfacet
  facet normal 0.989176 0.146737 0
    outer loop
      vertex 7.50469 8.49157 0
      vertex 7.52053 8.38479 0.799999
      vertex 7.52053 8.38479 0
    endloop
  endfacet
  facet normal -0.336829 0.941566 0
    outer loop
      vertex 9.02034 7.58312 0
      vertex 8.9187 7.54676 0.799999
      vertex 9.02034 7.58312 0.799999
    endloop
  endfacet
  facet normal -0.336829 0.941566 0
    outer loop
      vertex 8.9187 7.54676 0.799999
      vertex 9.02034 7.58312 0
      vertex 8.9187 7.54676 0
    endloop
  endfacet
  facet normal 0.336829 0.941566 -0
    outer loop
      vertex 8.28008 7.54676 0
      vertex 8.17844 7.58312 0.799999
      vertex 8.28008 7.54676 0.799999
    endloop
  endfacet
  facet normal 0.336829 0.941566 0
    outer loop
      vertex 8.17844 7.58312 0.799999
      vertex 8.28008 7.54676 0
      vertex 8.17844 7.58312 0
    endloop
  endfacet
  facet normal 0.970028 -0.242993 0
    outer loop
      vertex 7.52053 8.81399 0.799999
      vertex 7.54676 8.9187 0
      vertex 7.54676 8.9187 0.799999
    endloop
  endfacet
  facet normal 0.970028 -0.242993 0
    outer loop
      vertex 7.54676 8.9187 0
      vertex 7.52053 8.81399 0.799999
      vertex 7.52053 8.81399 0
    endloop
  endfacet
  facet normal 0.998794 -0.0490967 0
    outer loop
      vertex 7.49939 8.59939 0.799999
      vertex 7.50469 8.70721 0
      vertex 7.50469 8.70721 0.799999
    endloop
  endfacet
  facet normal 0.998794 -0.0490967 0
    outer loop
      vertex 7.50469 8.70721 0
      vertex 7.49939 8.59939 0.799999
      vertex 7.49939 8.59939 0
    endloop
  endfacet
  facet normal 0.740991 -0.671515 0
    outer loop
      vertex 7.74908 9.29722 0.799999
      vertex 7.82157 9.37721 0
      vertex 7.82157 9.37721 0.799999
    endloop
  endfacet
  facet normal 0.740991 -0.671515 0
    outer loop
      vertex 7.82157 9.37721 0
      vertex 7.74908 9.29722 0.799999
      vertex 7.74908 9.29722 0
    endloop
  endfacet
  facet normal 0.0490967 0.998794 -0
    outer loop
      vertex 8.59939 7.49939 0
      vertex 8.49157 7.50469 0.799999
      vertex 8.59939 7.49939 0.799999
    endloop
  endfacet
  facet normal 0.0490967 0.998794 0
    outer loop
      vertex 8.49157 7.50469 0.799999
      vertex 8.59939 7.49939 0
      vertex 8.49157 7.50469 0
    endloop
  endfacet
  facet normal 0.941566 -0.336829 0
    outer loop
      vertex 7.54676 8.9187 0.799999
      vertex 7.58312 9.02034 0
      vertex 7.58312 9.02034 0.799999
    endloop
  endfacet
  facet normal 0.941566 -0.336829 0
    outer loop
      vertex 7.58312 9.02034 0
      vertex 7.54676 8.9187 0.799999
      vertex 7.54676 8.9187 0
    endloop
  endfacet
  facet normal 0.998794 0.0490967 0
    outer loop
      vertex 7.50469 8.49157 0.799999
      vertex 7.49939 8.59939 0
      vertex 7.49939 8.59939 0.799999
    endloop
  endfacet
  facet normal 0.998794 0.0490967 0
    outer loop
      vertex 7.49939 8.59939 0
      vertex 7.50469 8.49157 0.799999
      vertex 7.50469 8.49157 0
    endloop
  endfacet
  facet normal 0.903977 -0.427581 0
    outer loop
      vertex 7.58312 9.02034 0.799999
      vertex 7.62928 9.11793 0
      vertex 7.62928 9.11793 0.799999
    endloop
  endfacet
  facet normal 0.903977 -0.427581 0
    outer loop
      vertex 7.62928 9.11793 0
      vertex 7.58312 9.02034 0.799999
      vertex 7.58312 9.02034 0
    endloop
  endfacet
  facet normal 0.51406 0.857754 -0
    outer loop
      vertex 8.08085 7.62928 0
      vertex 7.98826 7.68477 0.799999
      vertex 8.08085 7.62928 0.799999
    endloop
  endfacet
  facet normal 0.51406 0.857754 0
    outer loop
      vertex 7.98826 7.68477 0.799999
      vertex 8.08085 7.62928 0
      vertex 7.98826 7.68477 0
    endloop
  endfacet
  facet normal 0.671515 0.740991 -0
    outer loop
      vertex 7.90156 7.74908 0
      vertex 7.82157 7.82157 0.799999
      vertex 7.90156 7.74908 0.799999
    endloop
  endfacet
  facet normal 0.671515 0.740991 0
    outer loop
      vertex 7.82157 7.82157 0.799999
      vertex 7.90156 7.74908 0
      vertex 7.82157 7.82157 0
    endloop
  endfacet
  facet normal 0.803168 -0.595752 0
    outer loop
      vertex 7.68477 9.21052 0.799999
      vertex 7.74908 9.29722 0
      vertex 7.74908 9.29722 0.799999
    endloop
  endfacet
  facet normal 0.803168 -0.595752 0
    outer loop
      vertex 7.74908 9.29722 0
      vertex 7.68477 9.21052 0.799999
      vertex 7.68477 9.21052 0
    endloop
  endfacet
  facet normal 0.740991 0.671515 0
    outer loop
      vertex 7.82157 7.82157 0.799999
      vertex 7.74908 7.90156 0
      vertex 7.74908 7.90156 0.799999
    endloop
  endfacet
  facet normal 0.740991 0.671515 0
    outer loop
      vertex 7.74908 7.90156 0
      vertex 7.82157 7.82157 0.799999
      vertex 7.82157 7.82157 0
    endloop
  endfacet
  facet normal 0.803168 0.595752 0
    outer loop
      vertex 7.74908 7.90156 0.799999
      vertex 7.68477 7.98826 0
      vertex 7.68477 7.98826 0.799999
    endloop
  endfacet
  facet normal 0.803168 0.595752 0
    outer loop
      vertex 7.68477 7.98826 0
      vertex 7.74908 7.90156 0.799999
      vertex 7.74908 7.90156 0
    endloop
  endfacet
  facet normal -1 0 0
    outer loop
      vertex 5.25 3.5 0
      vertex 5.25 12.5 1.2
      vertex 5.25 12.5 0
    endloop
  endfacet
  facet normal -1 -0 0
    outer loop
      vertex 5.25 12.5 1.2
      vertex 5.25 3.5 0
      vertex 5.25 3.5 1.2
    endloop
  endfacet
  facet normal 1 -0 0
    outer loop
      vertex -5.25 3.5 1.2
      vertex -5.25 12.5 0
      vertex -5.25 12.5 1.2
    endloop
  endfacet
  facet normal 1 0 0
    outer loop
      vertex -5.25 12.5 0
      vertex -5.25 3.5 1.2
      vertex -5.25 3.5 0
    endloop
  endfacet
  facet normal 0 1 -0
    outer loop
      vertex 5.25 3.5 0
      vertex -5.25 3.5 1.2
      vertex 5.25 3.5 1.2
    endloop
  endfacet
  facet normal 0 1 0
    outer loop
      vertex -5.25 3.5 1.2
      vertex 5.25 3.5 0
      vertex -5.25 3.5 0
    endloop
  endfacet
endsolid OpenSCAD_Model
