solid OpenSCAD_Model
  facet normal 0.860927 0.508729 0
    outer loop
      vertex 16.5 -43 39
      vertex 10 -32 0
      vertex 10 -32 39
    endloop
  endfacet
  facet normal 0.860927 0.508729 0
    outer loop
      vertex 10 -32 0
      vertex 16.5 -43 39
      vertex 16.5 -43 0
    endloop
  endfacet
  facet normal -0.860927 0.508729 0
    outer loop
      vertex -16.5 -43 0
      vertex -10 -32 39
      vertex -10 -32 0
    endloop
  endfacet
  facet normal -0.860927 0.508729 0
    outer loop
      vertex -10 -32 39
      vertex -16.5 -43 0
      vertex -16.5 -43 39
    endloop
  endfacet
  facet normal -0 0 1
    outer loop
      vertex -10 -32 39
      vertex 16.5 -43 39
      vertex 10 -32 39
    endloop
  endfacet
  facet normal 0 0 1
    outer loop
      vertex 16.5 -43 39
      vertex -10 -32 39
      vertex -16.5 -43 39
    endloop
  endfacet
  facet normal 0 1 0
    outer loop
      vertex 10 -32 39
      vertex 5 -32 8
      vertex -10 -32 39
    endloop
  endfacet
  facet normal 0 1 -0
    outer loop
      vertex 10 -32 0
      vertex 5 -32 8
      vertex 10 -32 39
    endloop
  endfacet
  facet normal 0 1 0
    outer loop
      vertex 5 -32 8
      vertex 10 -32 0
      vertex 5 -32 0
    endloop
  endfacet
  facet normal 0 1 -0
    outer loop
      vertex -5 -32 8
      vertex -10 -32 39
      vertex 5 -32 8
    endloop
  endfacet
  facet normal 0 1 0
    outer loop
      vertex -10 -32 0
      vertex -5 -32 8
      vertex -5 -32 0
    endloop
  endfacet
  facet normal 0 1 0
    outer loop
      vertex -5 -32 8
      vertex -10 -32 0
      vertex -10 -32 39
    endloop
  endfacet
  facet normal 0 0 -1
    outer loop
      vertex 16.5 -43 0
      vertex 5 -32 0
      vertex 10 -32 0
    endloop
  endfacet
  facet normal 0 0 -1
    outer loop
      vertex -5 -6.2414 0
      vertex 5 -6.2414 0
      vertex 5 -32 0
    endloop
  endfacet
  facet normal 0 -0 -1
    outer loop
      vertex 2.20083 -0.467801 0
      vertex 5 -6.2414 0
      vertex 2.16284 -0.620184 0
    endloop
  endfacet
  facet normal 0 -0 -1
    outer loop
      vertex 2.24452 -0.156952 0
      vertex 5 -6.2414 0
      vertex 2.2281 -0.313139 0
    endloop
  endfacet
  facet normal 0 0 -1
    outer loop
      vertex 5 -6.2414 0
      vertex 2.25 0 0
      vertex 4.92529 6.30409 0
    endloop
  endfacet
  facet normal 0 0 -1
    outer loop
      vertex 2.24452 0.156952 0
      vertex 4.92529 6.30409 0
      vertex 2.25 0 0
    endloop
  endfacet
  facet normal 0 0 -1
    outer loop
      vertex 2.20083 0.467801 0
      vertex 4.92529 6.30409 0
      vertex 2.2281 0.313139 0
    endloop
  endfacet
  facet normal 0 0 -1
    outer loop
      vertex 2.11431 0.769545 0
      vertex 4.92529 6.30409 0
      vertex 2.16284 0.620184 0
    endloop
  endfacet
  facet normal 0 0 -1
    outer loop
      vertex 2.16284 0.620184 0
      vertex 4.92529 6.30409 0
      vertex 2.20083 0.467801 0
    endloop
  endfacet
  facet normal 0 0 -1
    outer loop
      vertex 2.2281 0.313139 0
      vertex 4.92529 6.30409 0
      vertex 2.24452 0.156952 0
    endloop
  endfacet
  facet normal 0 -0 -1
    outer loop
      vertex 2.25 0 0
      vertex 5 -6.2414 0
      vertex 2.24452 -0.156952 0
    endloop
  endfacet
  facet normal 0 -0 -1
    outer loop
      vertex 2.2281 -0.313139 0
      vertex 5 -6.2414 0
      vertex 2.20083 -0.467801 0
    endloop
  endfacet
  facet normal 0 0 -1
    outer loop
      vertex 5 -6.2414 0
      vertex 2.11431 -0.769545 0
      vertex 2.16284 -0.620184 0
    endloop
  endfacet
  facet normal 0 0 -1
    outer loop
      vertex 5 -6.2414 0
      vertex 2.05548 -0.915157 0
      vertex 2.11431 -0.769545 0
    endloop
  endfacet
  facet normal 0 0 -1
    outer loop
      vertex 5 -6.2414 0
      vertex 1.98663 -1.05631 0
      vertex 2.05548 -0.915157 0
    endloop
  endfacet
  facet normal 0 0 -1
    outer loop
      vertex 5 -6.2414 0
      vertex 1.90811 -1.19232 0
      vertex 1.98663 -1.05631 0
    endloop
  endfacet
  facet normal 0 0 -1
    outer loop
      vertex 5 -6.2414 0
      vertex 1.82029 -1.32252 0
      vertex 1.90811 -1.19232 0
    endloop
  endfacet
  facet normal 0 0 -1
    outer loop
      vertex 5 -6.2414 0
      vertex 1.7236 -1.44627 0
      vertex 1.82029 -1.32252 0
    endloop
  endfacet
  facet normal 0 0 -1
    outer loop
      vertex 5 -6.2414 0
      vertex 1.61851 -1.56298 0
      vertex 1.7236 -1.44627 0
    endloop
  endfacet
  facet normal 0 0 -1
    outer loop
      vertex 5 -6.2414 0
      vertex 1.50554 -1.67208 0
      vertex 1.61851 -1.56298 0
    endloop
  endfacet
  facet normal 0 0 -1
    outer loop
      vertex 5 -6.2414 0
      vertex 1.38524 -1.77302 0
      vertex 1.50554 -1.67208 0
    endloop
  endfacet
  facet normal 0 0 -1
    outer loop
      vertex 5 -6.2414 0
      vertex 1.25818 -1.86533 0
      vertex 1.38524 -1.77302 0
    endloop
  endfacet
  facet normal 0 0 -1
    outer loop
      vertex 5 -6.2414 0
      vertex 1.125 -1.94856 0
      vertex 1.25818 -1.86533 0
    endloop
  endfacet
  facet normal 0 0 -1
    outer loop
      vertex 5 -6.2414 0
      vertex 0.986335 -2.02229 0
      vertex 1.125 -1.94856 0
    endloop
  endfacet
  facet normal 0 0 -1
    outer loop
      vertex 5 -6.2414 0
      vertex 0.842864 -2.08616 0
      vertex 0.986335 -2.02229 0
    endloop
  endfacet
  facet normal 0 -0 -1
    outer loop
      vertex 0.0785236 -2.24863 0
      vertex 5 -6.2414 0
      vertex -5 -6.2414 0
    endloop
  endfacet
  facet normal 0 0 -1
    outer loop
      vertex 5 -6.2414 0
      vertex 0.695288 -2.13988 0
      vertex 0.842864 -2.08616 0
    endloop
  endfacet
  facet normal 0 0 -1
    outer loop
      vertex 5 -6.2414 0
      vertex 0.544324 -2.18316 0
      vertex 0.695288 -2.13988 0
    endloop
  endfacet
  facet normal 0 0 -1
    outer loop
      vertex 5 -6.2414 0
      vertex 0.390708 -2.21582 0
      vertex 0.544324 -2.18316 0
    endloop
  endfacet
  facet normal 0 0 -1
    outer loop
      vertex 5 -6.2414 0
      vertex 0.235188 -2.23767 0
      vertex 0.390708 -2.21582 0
    endloop
  endfacet
  facet normal 0 0 -1
    outer loop
      vertex 5 -6.2414 0
      vertex 0.0785236 -2.24863 0
      vertex 0.235188 -2.23767 0
    endloop
  endfacet
  facet normal -0 0 -1
    outer loop
      vertex 0.0785236 -2.24863 0
      vertex -5 -6.2414 0
      vertex -0.0785236 -2.24863 0
    endloop
  endfacet
  facet normal -0 0 -1
    outer loop
      vertex -0.0785236 -2.24863 0
      vertex -5 -6.2414 0
      vertex -0.235188 -2.23767 0
    endloop
  endfacet
  facet normal -0 0 -1
    outer loop
      vertex -0.235188 -2.23767 0
      vertex -5 -6.2414 0
      vertex -0.390708 -2.21582 0
    endloop
  endfacet
  facet normal -0 0 -1
    outer loop
      vertex -0.390708 -2.21582 0
      vertex -5 -6.2414 0
      vertex -0.544324 -2.18316 0
    endloop
  endfacet
  facet normal -0 0 -1
    outer loop
      vertex -0.544324 -2.18316 0
      vertex -5 -6.2414 0
      vertex -0.695288 -2.13988 0
    endloop
  endfacet
  facet normal -0 0 -1
    outer loop
      vertex -0.695288 -2.13988 0
      vertex -5 -6.2414 0
      vertex -0.842864 -2.08616 0
    endloop
  endfacet
  facet normal -0 0 -1
    outer loop
      vertex -0.842864 -2.08616 0
      vertex -5 -6.2414 0
      vertex -0.986335 -2.02229 0
    endloop
  endfacet
  facet normal -0 0 -1
    outer loop
      vertex -0.986335 -2.02229 0
      vertex -5 -6.2414 0
      vertex -1.125 -1.94856 0
    endloop
  endfacet
  facet normal -0 0 -1
    outer loop
      vertex -1.125 -1.94856 0
      vertex -5 -6.2414 0
      vertex -1.25818 -1.86533 0
    endloop
  endfacet
  facet normal -0 0 -1
    outer loop
      vertex -1.25818 -1.86533 0
      vertex -5 -6.2414 0
      vertex -1.38524 -1.77302 0
    endloop
  endfacet
  facet normal -0 0 -1
    outer loop
      vertex -1.38524 -1.77302 0
      vertex -5 -6.2414 0
      vertex -1.50554 -1.67208 0
    endloop
  endfacet
  facet normal 0 0 -1
    outer loop
      vertex -5.35304 -5.94516 0
      vertex -1.50554 -1.67208 0
      vertex -5 -6.2414 0
    endloop
  endfacet
  facet normal -0 0 -1
    outer loop
      vertex -1.50554 -1.67208 0
      vertex -5.35304 -5.94516 0
      vertex -1.61851 -1.56298 0
    endloop
  endfacet
  facet normal 0 0 -1
    outer loop
      vertex -5.75472 -5.55727 0
      vertex -1.61851 -1.56298 0
      vertex -5.35304 -5.94516 0
    endloop
  endfacet
  facet normal -0 0 -1
    outer loop
      vertex -1.61851 -1.56298 0
      vertex -5.75472 -5.55727 0
      vertex -1.7236 -1.44627 0
    endloop
  endfacet
  facet normal 0 0 -1
    outer loop
      vertex -6.12836 -5.1423 0
      vertex -1.7236 -1.44627 0
      vertex -5.75472 -5.55727 0
    endloop
  endfacet
  facet normal -0 0 -1
    outer loop
      vertex -1.7236 -1.44627 0
      vertex -6.12836 -5.1423 0
      vertex -1.82029 -1.32252 0
    endloop
  endfacet
  facet normal 0 0 -1
    outer loop
      vertex -6.47214 -4.70228 0
      vertex -1.82029 -1.32252 0
      vertex -6.12836 -5.1423 0
    endloop
  endfacet
  facet normal -0 0 -1
    outer loop
      vertex -1.82029 -1.32252 0
      vertex -6.47214 -4.70228 0
      vertex -1.90811 -1.19232 0
    endloop
  endfacet
  facet normal 0 0 -1
    outer loop
      vertex -0.842864 2.08616 0
      vertex -2.99685 7.41747 0
      vertex -2.47214 7.60845 0
    endloop
  endfacet
  facet normal 0 0 -1
    outer loop
      vertex -8 0 0
      vertex -2.25 0 0
      vertex -2.24452 -0.156952 0
    endloop
  endfacet
  facet normal 0 0 -1
    outer loop
      vertex -2.24452 0.156952 0
      vertex -3.50697 7.19035 0
      vertex -2.99685 7.41747 0
    endloop
  endfacet
  facet normal 0 0 -1
    outer loop
      vertex -7.98051 -0.558051 0
      vertex -2.24452 -0.156952 0
      vertex -2.2281 -0.313139 0
    endloop
  endfacet
  facet normal 0 0 -1
    outer loop
      vertex -2.24452 0.156952 0
      vertex -4 6.9282 0
      vertex -3.50697 7.19035 0
    endloop
  endfacet
  facet normal 0 0 -1
    outer loop
      vertex -7.92214 -1.11338 0
      vertex -2.2281 -0.313139 0
      vertex -2.20083 -0.467801 0
    endloop
  endfacet
  facet normal 0 0 -1
    outer loop
      vertex -6.78438 -4.23935 0
      vertex -1.90811 -1.19232 0
      vertex -6.47214 -4.70228 0
    endloop
  endfacet
  facet normal -0 0 -1
    outer loop
      vertex -1.90811 -1.19232 0
      vertex -6.78438 -4.23935 0
      vertex -1.98663 -1.05631 0
    endloop
  endfacet
  facet normal 0 0 -1
    outer loop
      vertex -2.24452 0.156952 0
      vertex -4.47354 6.6323 0
      vertex -4 6.9282 0
    endloop
  endfacet
  facet normal 0 0 -1
    outer loop
      vertex -5 -6.2414 0
      vertex 5 -32 0
      vertex -5 -32 0
    endloop
  endfacet
  facet normal 0 0 -1
    outer loop
      vertex 16.5 -43 0
      vertex -5 -32 0
      vertex 5 -32 0
    endloop
  endfacet
  facet normal 0 0 -1
    outer loop
      vertex -16.5 -43 0
      vertex -5 -32 0
      vertex 16.5 -43 0
    endloop
  endfacet
  facet normal -0 0 -1
    outer loop
      vertex -5 -32 0
      vertex -16.5 -43 0
      vertex -10 -32 0
    endloop
  endfacet
  facet normal 0 0 -1
    outer loop
      vertex 7.98051 -0.558051 0
      vertex 7.98051 0.558051 0
      vertex 8 0 0
    endloop
  endfacet
  facet normal 0 0 -1
    outer loop
      vertex 7.92214 -1.11338 0
      vertex 7.98051 0.558051 0
      vertex 7.98051 -0.558051 0
    endloop
  endfacet
  facet normal 0 0 -1
    outer loop
      vertex 7.92214 -1.11338 0
      vertex 7.92214 1.11338 0
      vertex 7.98051 0.558051 0
    endloop
  endfacet
  facet normal 0 0 -1
    outer loop
      vertex 7.82518 -1.66329 0
      vertex 7.92214 1.11338 0
      vertex 7.92214 -1.11338 0
    endloop
  endfacet
  facet normal 0 0 -1
    outer loop
      vertex 7.82518 -1.66329 0
      vertex 7.82518 1.66329 0
      vertex 7.92214 1.11338 0
    endloop
  endfacet
  facet normal 0 0 -1
    outer loop
      vertex 7.69009 -2.2051 0
      vertex 7.82518 1.66329 0
      vertex 7.82518 -1.66329 0
    endloop
  endfacet
  facet normal 0 0 -1
    outer loop
      vertex 7.69009 -2.2051 0
      vertex 7.69009 2.2051 0
      vertex 7.82518 1.66329 0
    endloop
  endfacet
  facet normal 0 0 -1
    outer loop
      vertex 7.51754 -2.73616 0
      vertex 7.69009 2.2051 0
      vertex 7.69009 -2.2051 0
    endloop
  endfacet
  facet normal 0 0 -1
    outer loop
      vertex 7.51754 -2.73616 0
      vertex 7.51754 2.73616 0
      vertex 7.69009 2.2051 0
    endloop
  endfacet
  facet normal 0 0 -1
    outer loop
      vertex 7.30836 -3.25389 0
      vertex 7.51754 2.73616 0
      vertex 7.51754 -2.73616 0
    endloop
  endfacet
  facet normal 0 0 -1
    outer loop
      vertex 7.30836 -3.25389 0
      vertex 7.30836 3.25389 0
      vertex 7.51754 2.73616 0
    endloop
  endfacet
  facet normal 0 0 -1
    outer loop
      vertex 7.06358 -3.75577 0
      vertex 7.30836 3.25389 0
      vertex 7.30836 -3.25389 0
    endloop
  endfacet
  facet normal 0 0 -1
    outer loop
      vertex 7.06358 -3.75577 0
      vertex 7.06358 3.75577 0
      vertex 7.30836 3.25389 0
    endloop
  endfacet
  facet normal 0 0 -1
    outer loop
      vertex 6.78438 -4.23935 0
      vertex 7.06358 3.75577 0
      vertex 7.06358 -3.75577 0
    endloop
  endfacet
  facet normal 0 0 -1
    outer loop
      vertex 6.78438 -4.23935 0
      vertex 6.78438 4.23935 0
      vertex 7.06358 3.75577 0
    endloop
  endfacet
  facet normal 0 0 -1
    outer loop
      vertex 6.47214 -4.70228 0
      vertex 6.78438 4.23935 0
      vertex 6.78438 -4.23935 0
    endloop
  endfacet
  facet normal 0 0 -1
    outer loop
      vertex 6.47214 -4.70228 0
      vertex 6.47214 4.70228 0
      vertex 6.78438 4.23935 0
    endloop
  endfacet
  facet normal 0 0 -1
    outer loop
      vertex 6.12836 -5.1423 0
      vertex 6.47214 4.70228 0
      vertex 6.47214 -4.70228 0
    endloop
  endfacet
  facet normal 0 0 -1
    outer loop
      vertex 6.12836 -5.1423 0
      vertex 6.12836 5.1423 0
      vertex 6.47214 4.70228 0
    endloop
  endfacet
  facet normal 0 0 -1
    outer loop
      vertex 5.75472 -5.55727 0
      vertex 6.12836 5.1423 0
      vertex 6.12836 -5.1423 0
    endloop
  endfacet
  facet normal 0 0 -1
    outer loop
      vertex 5.75472 -5.55727 0
      vertex 5.75472 5.55727 0
      vertex 6.12836 5.1423 0
    endloop
  endfacet
  facet normal 0 0 -1
    outer loop
      vertex 5.35304 -5.94516 0
      vertex 5.75472 5.55727 0
      vertex 5.75472 -5.55727 0
    endloop
  endfacet
  facet normal 0 0 -1
    outer loop
      vertex 5.35304 -5.94516 0
      vertex 5.35304 5.94516 0
      vertex 5.75472 5.55727 0
    endloop
  endfacet
  facet normal 0 0 -1
    outer loop
      vertex 5 -6.2414 0
      vertex 5.35304 5.94516 0
      vertex 5.35304 -5.94516 0
    endloop
  endfacet
  facet normal -0 0 -1
    outer loop
      vertex 5.35304 5.94516 0
      vertex 5 -6.2414 0
      vertex 4.92529 6.30409 0
    endloop
  endfacet
  facet normal 0 0 -1
    outer loop
      vertex 2.05548 0.915157 0
      vertex 4.92529 6.30409 0
      vertex 2.11431 0.769545 0
    endloop
  endfacet
  facet normal 0 0 -1
    outer loop
      vertex 1.98663 1.05631 0
      vertex 4.92529 6.30409 0
      vertex 2.05548 0.915157 0
    endloop
  endfacet
  facet normal 0 0 -1
    outer loop
      vertex 1.90811 1.19232 0
      vertex 4.92529 6.30409 0
      vertex 1.98663 1.05631 0
    endloop
  endfacet
  facet normal 0 0 -1
    outer loop
      vertex 1.82029 1.32252 0
      vertex 4.92529 6.30409 0
      vertex 1.90811 1.19232 0
    endloop
  endfacet
  facet normal 0 0 -1
    outer loop
      vertex 1.7236 1.44627 0
      vertex 4.92529 6.30409 0
      vertex 1.82029 1.32252 0
    endloop
  endfacet
  facet normal 0 0 -1
    outer loop
      vertex 1.61851 1.56298 0
      vertex 4.92529 6.30409 0
      vertex 1.7236 1.44627 0
    endloop
  endfacet
  facet normal 0 0 -1
    outer loop
      vertex 1.50554 1.67208 0
      vertex 4.92529 6.30409 0
      vertex 1.61851 1.56298 0
    endloop
  endfacet
  facet normal 0 0 -1
    outer loop
      vertex 1.38524 1.77302 0
      vertex 4.92529 6.30409 0
      vertex 1.50554 1.67208 0
    endloop
  endfacet
  facet normal -0 0 -1
    outer loop
      vertex 4.92529 6.30409 0
      vertex 1.38524 1.77302 0
      vertex 4.47354 6.6323 0
    endloop
  endfacet
  facet normal 0 0 -1
    outer loop
      vertex 1.25818 1.86533 0
      vertex 4.47354 6.6323 0
      vertex 1.38524 1.77302 0
    endloop
  endfacet
  facet normal -0 0 -1
    outer loop
      vertex 4.47354 6.6323 0
      vertex 1.25818 1.86533 0
      vertex 4 6.9282 0
    endloop
  endfacet
  facet normal 0 0 -1
    outer loop
      vertex 1.125 1.94856 0
      vertex 4 6.9282 0
      vertex 1.25818 1.86533 0
    endloop
  endfacet
  facet normal -0 0 -1
    outer loop
      vertex 4 6.9282 0
      vertex 1.125 1.94856 0
      vertex 3.50697 7.19035 0
    endloop
  endfacet
  facet normal 0 0 -1
    outer loop
      vertex 0.986335 2.02229 0
      vertex 3.50697 7.19035 0
      vertex 1.125 1.94856 0
    endloop
  endfacet
  facet normal -0 0 -1
    outer loop
      vertex 3.50697 7.19035 0
      vertex 0.986335 2.02229 0
      vertex 2.99685 7.41747 0
    endloop
  endfacet
  facet normal 0 0 -1
    outer loop
      vertex 0.842864 2.08616 0
      vertex 2.99685 7.41747 0
      vertex 0.986335 2.02229 0
    endloop
  endfacet
  facet normal -0 0 -1
    outer loop
      vertex 2.99685 7.41747 0
      vertex 0.842864 2.08616 0
      vertex 2.47214 7.60845 0
    endloop
  endfacet
  facet normal 0 0 -1
    outer loop
      vertex 0.695288 2.13988 0
      vertex 2.47214 7.60845 0
      vertex 0.842864 2.08616 0
    endloop
  endfacet
  facet normal -0 0 -1
    outer loop
      vertex 2.47214 7.60845 0
      vertex 0.695288 2.13988 0
      vertex 1.93537 7.76237 0
    endloop
  endfacet
  facet normal 0 0 -1
    outer loop
      vertex 0.544324 2.18316 0
      vertex 1.93537 7.76237 0
      vertex 0.695288 2.13988 0
    endloop
  endfacet
  facet normal -0 0 -1
    outer loop
      vertex 1.93537 7.76237 0
      vertex 0.544324 2.18316 0
      vertex 1.38918 7.87846 0
    endloop
  endfacet
  facet normal 0 0 -1
    outer loop
      vertex 0.390708 2.21582 0
      vertex 1.38918 7.87846 0
      vertex 0.544324 2.18316 0
    endloop
  endfacet
  facet normal -0 0 -1
    outer loop
      vertex 1.38918 7.87846 0
      vertex 0.390708 2.21582 0
      vertex 0.836227 7.95617 0
    endloop
  endfacet
  facet normal 0 0 -1
    outer loop
      vertex 0.235188 2.23767 0
      vertex 0.836227 7.95617 0
      vertex 0.390708 2.21582 0
    endloop
  endfacet
  facet normal -0 0 -1
    outer loop
      vertex 0.836227 7.95617 0
      vertex 0.235188 2.23767 0
      vertex 0.279196 7.99513 0
    endloop
  endfacet
  facet normal 0 0 -1
    outer loop
      vertex 0.0785236 2.24863 0
      vertex 0.279196 7.99513 0
      vertex 0.235188 2.23767 0
    endloop
  endfacet
  facet normal 0 0 -1
    outer loop
      vertex -0.0785236 2.24863 0
      vertex 0.279196 7.99513 0
      vertex 0.0785236 2.24863 0
    endloop
  endfacet
  facet normal 0 0 -1
    outer loop
      vertex -0.279196 7.99513 0
      vertex -0.0785236 2.24863 0
      vertex -0.235188 2.23767 0
    endloop
  endfacet
  facet normal 0 0 -1
    outer loop
      vertex -0.0785236 2.24863 0
      vertex -0.279196 7.99513 0
      vertex 0.279196 7.99513 0
    endloop
  endfacet
  facet normal 0 0 -1
    outer loop
      vertex -0.836227 7.95617 0
      vertex -0.235188 2.23767 0
      vertex -0.390708 2.21582 0
    endloop
  endfacet
  facet normal 0 0 -1
    outer loop
      vertex -1.38918 7.87846 0
      vertex -0.390708 2.21582 0
      vertex -0.544324 2.18316 0
    endloop
  endfacet
  facet normal 0 0 -1
    outer loop
      vertex -1.93537 7.76237 0
      vertex -0.544324 2.18316 0
      vertex -0.695288 2.13988 0
    endloop
  endfacet
  facet normal 0 0 -1
    outer loop
      vertex -0.235188 2.23767 0
      vertex -0.836227 7.95617 0
      vertex -0.279196 7.99513 0
    endloop
  endfacet
  facet normal 0 0 -1
    outer loop
      vertex -2.47214 7.60845 0
      vertex -0.695288 2.13988 0
      vertex -0.842864 2.08616 0
    endloop
  endfacet
  facet normal 0 0 -1
    outer loop
      vertex -2.99685 7.41747 0
      vertex -0.842864 2.08616 0
      vertex -0.986335 2.02229 0
    endloop
  endfacet
  facet normal 0 0 -1
    outer loop
      vertex -2.99685 7.41747 0
      vertex -0.986335 2.02229 0
      vertex -1.125 1.94856 0
    endloop
  endfacet
  facet normal 0 0 -1
    outer loop
      vertex -2.99685 7.41747 0
      vertex -1.125 1.94856 0
      vertex -1.25818 1.86533 0
    endloop
  endfacet
  facet normal 0 0 -1
    outer loop
      vertex -2.99685 7.41747 0
      vertex -1.25818 1.86533 0
      vertex -1.38524 1.77302 0
    endloop
  endfacet
  facet normal 0 0 -1
    outer loop
      vertex -0.390708 2.21582 0
      vertex -1.38918 7.87846 0
      vertex -0.836227 7.95617 0
    endloop
  endfacet
  facet normal 0 0 -1
    outer loop
      vertex -2.99685 7.41747 0
      vertex -1.38524 1.77302 0
      vertex -1.50554 1.67208 0
    endloop
  endfacet
  facet normal 0 0 -1
    outer loop
      vertex -2.99685 7.41747 0
      vertex -1.50554 1.67208 0
      vertex -1.61851 1.56298 0
    endloop
  endfacet
  facet normal 0 0 -1
    outer loop
      vertex -2.99685 7.41747 0
      vertex -1.61851 1.56298 0
      vertex -1.7236 1.44627 0
    endloop
  endfacet
  facet normal 0 0 -1
    outer loop
      vertex -2.99685 7.41747 0
      vertex -1.7236 1.44627 0
      vertex -1.82029 1.32252 0
    endloop
  endfacet
  facet normal 0 0 -1
    outer loop
      vertex -2.99685 7.41747 0
      vertex -1.82029 1.32252 0
      vertex -1.90811 1.19232 0
    endloop
  endfacet
  facet normal 0 0 -1
    outer loop
      vertex -0.544324 2.18316 0
      vertex -1.93537 7.76237 0
      vertex -1.38918 7.87846 0
    endloop
  endfacet
  facet normal 0 0 -1
    outer loop
      vertex -2.99685 7.41747 0
      vertex -1.90811 1.19232 0
      vertex -1.98663 1.05631 0
    endloop
  endfacet
  facet normal 0 0 -1
    outer loop
      vertex -2.99685 7.41747 0
      vertex -1.98663 1.05631 0
      vertex -2.05548 0.915157 0
    endloop
  endfacet
  facet normal 0 0 -1
    outer loop
      vertex -2.99685 7.41747 0
      vertex -2.05548 0.915157 0
      vertex -2.11431 0.769545 0
    endloop
  endfacet
  facet normal 0 0 -1
    outer loop
      vertex -2.99685 7.41747 0
      vertex -2.11431 0.769545 0
      vertex -2.16284 0.620184 0
    endloop
  endfacet
  facet normal 0 0 -1
    outer loop
      vertex -2.99685 7.41747 0
      vertex -2.16284 0.620184 0
      vertex -2.20083 0.467801 0
    endloop
  endfacet
  facet normal 0 0 -1
    outer loop
      vertex -2.99685 7.41747 0
      vertex -2.20083 0.467801 0
      vertex -2.2281 0.313139 0
    endloop
  endfacet
  facet normal 0 0 -1
    outer loop
      vertex -2.99685 7.41747 0
      vertex -2.2281 0.313139 0
      vertex -2.24452 0.156952 0
    endloop
  endfacet
  facet normal 0 0 -1
    outer loop
      vertex -0.695288 2.13988 0
      vertex -2.47214 7.60845 0
      vertex -1.93537 7.76237 0
    endloop
  endfacet
  facet normal 0 0 -1
    outer loop
      vertex -7.98051 0.558051 0
      vertex -2.24452 0.156952 0
      vertex -2.25 0 0
    endloop
  endfacet
  facet normal 0 0 -1
    outer loop
      vertex -2.24452 0.156952 0
      vertex -4.92529 6.30409 0
      vertex -4.47354 6.6323 0
    endloop
  endfacet
  facet normal 0 0 -1
    outer loop
      vertex -7.06358 -3.75577 0
      vertex -1.98663 -1.05631 0
      vertex -6.78438 -4.23935 0
    endloop
  endfacet
  facet normal 0 0 -1
    outer loop
      vertex -2.24452 0.156952 0
      vertex -5.35304 5.94516 0
      vertex -4.92529 6.30409 0
    endloop
  endfacet
  facet normal -0 0 -1
    outer loop
      vertex -1.98663 -1.05631 0
      vertex -7.06358 -3.75577 0
      vertex -2.05548 -0.915157 0
    endloop
  endfacet
  facet normal 0 0 -1
    outer loop
      vertex -2.24452 0.156952 0
      vertex -5.75472 5.55727 0
      vertex -5.35304 5.94516 0
    endloop
  endfacet
  facet normal 0 0 -1
    outer loop
      vertex -7.30836 -3.25389 0
      vertex -2.05548 -0.915157 0
      vertex -7.06358 -3.75577 0
    endloop
  endfacet
  facet normal 0 0 -1
    outer loop
      vertex -2.24452 0.156952 0
      vertex -6.12836 5.1423 0
      vertex -5.75472 5.55727 0
    endloop
  endfacet
  facet normal -0 0 -1
    outer loop
      vertex -2.05548 -0.915157 0
      vertex -7.30836 -3.25389 0
      vertex -2.11431 -0.769545 0
    endloop
  endfacet
  facet normal 0 0 -1
    outer loop
      vertex -2.24452 0.156952 0
      vertex -6.47214 4.70228 0
      vertex -6.12836 5.1423 0
    endloop
  endfacet
  facet normal 0 0 -1
    outer loop
      vertex -7.51754 -2.73616 0
      vertex -2.11431 -0.769545 0
      vertex -7.30836 -3.25389 0
    endloop
  endfacet
  facet normal 0 0 -1
    outer loop
      vertex -2.24452 0.156952 0
      vertex -6.78438 4.23935 0
      vertex -6.47214 4.70228 0
    endloop
  endfacet
  facet normal -0 0 -1
    outer loop
      vertex -2.11431 -0.769545 0
      vertex -7.51754 -2.73616 0
      vertex -2.16284 -0.620184 0
    endloop
  endfacet
  facet normal 0 0 -1
    outer loop
      vertex -2.24452 0.156952 0
      vertex -7.06358 3.75577 0
      vertex -6.78438 4.23935 0
    endloop
  endfacet
  facet normal 0 0 -1
    outer loop
      vertex -7.69009 -2.2051 0
      vertex -2.16284 -0.620184 0
      vertex -7.51754 -2.73616 0
    endloop
  endfacet
  facet normal 0 0 -1
    outer loop
      vertex -2.24452 0.156952 0
      vertex -7.30836 3.25389 0
      vertex -7.06358 3.75577 0
    endloop
  endfacet
  facet normal -0 0 -1
    outer loop
      vertex -2.16284 -0.620184 0
      vertex -7.69009 -2.2051 0
      vertex -2.20083 -0.467801 0
    endloop
  endfacet
  facet normal 0 0 -1
    outer loop
      vertex -2.24452 0.156952 0
      vertex -7.51754 2.73616 0
      vertex -7.30836 3.25389 0
    endloop
  endfacet
  facet normal 0 0 -1
    outer loop
      vertex -7.82518 -1.66329 0
      vertex -2.20083 -0.467801 0
      vertex -7.69009 -2.2051 0
    endloop
  endfacet
  facet normal 0 0 -1
    outer loop
      vertex -2.24452 0.156952 0
      vertex -7.69009 2.2051 0
      vertex -7.51754 2.73616 0
    endloop
  endfacet
  facet normal 0 0 -1
    outer loop
      vertex -7.92214 -1.11338 0
      vertex -2.20083 -0.467801 0
      vertex -7.82518 -1.66329 0
    endloop
  endfacet
  facet normal 0 0 -1
    outer loop
      vertex -2.24452 0.156952 0
      vertex -7.82518 1.66329 0
      vertex -7.69009 2.2051 0
    endloop
  endfacet
  facet normal 0 0 -1
    outer loop
      vertex -2.2281 -0.313139 0
      vertex -7.92214 -1.11338 0
      vertex -7.98051 -0.558051 0
    endloop
  endfacet
  facet normal 0 0 -1
    outer loop
      vertex -2.24452 0.156952 0
      vertex -7.92214 1.11338 0
      vertex -7.82518 1.66329 0
    endloop
  endfacet
  facet normal -0 0 -1
    outer loop
      vertex -2.24452 -0.156952 0
      vertex -7.98051 -0.558051 0
      vertex -8 0 0
    endloop
  endfacet
  facet normal 0 0 -1
    outer loop
      vertex -2.24452 0.156952 0
      vertex -7.98051 0.558051 0
      vertex -7.92214 1.11338 0
    endloop
  endfacet
  facet normal 0 0 -1
    outer loop
      vertex -2.25 0 0
      vertex -8 0 0
      vertex -7.98051 0.558051 0
    endloop
  endfacet
  facet normal 0 -1 0
    outer loop
      vertex -16.5 -43 0
      vertex 16.5 -43 39
      vertex -16.5 -43 39
    endloop
  endfacet
  facet normal 0 -1 -0
    outer loop
      vertex 16.5 -43 39
      vertex -16.5 -43 0
      vertex 16.5 -43 0
    endloop
  endfacet
  facet normal 1 0 0
    outer loop
      vertex 5 -6.37487 4.10245
      vertex 5 -6.2414 0
      vertex 5 -6.2414 4
    endloop
  endfacet
  facet normal 1 0 0
    outer loop
      vertex 5 -6.39971 4.12152
      vertex 5 -6.2414 0
      vertex 5 -6.37487 4.10245
    endloop
  endfacet
  facet normal 1 0 0
    outer loop
      vertex 5 -7.20591 4.77508
      vertex 5 -6.2414 0
      vertex 5 -6.39971 4.12152
    endloop
  endfacet
  facet normal 1 0 0
    outer loop
      vertex 5 -7.41281 4.9428
      vertex 5 -6.2414 0
      vertex 5 -7.20591 4.77508
    endloop
  endfacet
  facet normal 1 0 0
    outer loop
      vertex 5 -7.7383 5.2194
      vertex 5 -6.2414 0
      vertex 5 -7.41281 4.9428
    endloop
  endfacet
  facet normal 1 0 0
    outer loop
      vertex 5 -8.66025 6.00286
      vertex 5 -6.2414 0
      vertex 5 -7.7383 5.2194
    endloop
  endfacet
  facet normal 1 0 0
    outer loop
      vertex 5 -9.47277 6.72173
      vertex 5 -6.2414 0
      vertex 5 -8.66025 6.00286
    endloop
  endfacet
  facet normal 1 0 0
    outer loop
      vertex 5 -10.2515 7.41073
      vertex 5 -6.2414 0
      vertex 5 -9.47277 6.72173
    endloop
  endfacet
  facet normal 1 0 0
    outer loop
      vertex 5 -32 0
      vertex 5 -10.2515 7.41073
      vertex 5 -10.8952 8
    endloop
  endfacet
  facet normal 1 0 0
    outer loop
      vertex 5 -32 0
      vertex 5 -10.8952 8
      vertex 5 -32 8
    endloop
  endfacet
  facet normal 1 0 0
    outer loop
      vertex 5 -10.2515 7.41073
      vertex 5 -32 0
      vertex 5 -6.2414 0
    endloop
  endfacet
  facet normal -0 0 1
    outer loop
      vertex 4.71218 -11.0234 8
      vertex 5 -32 8
      vertex 5 -10.8952 8
    endloop
  endfacet
  facet normal -0 0 1
    outer loop
      vertex 4.49314 -11.1209 8
      vertex 5 -32 8
      vertex 4.71218 -11.0234 8
    endloop
  endfacet
  facet normal -0 0 1
    outer loop
      vertex 4.26784 -11.2029 8
      vertex 5 -32 8
      vertex 4.49314 -11.1209 8
    endloop
  endfacet
  facet normal -0 0 1
    outer loop
      vertex 3.70644 -11.4073 8
      vertex 5 -32 8
      vertex 4.26784 -11.2029 8
    endloop
  endfacet
  facet normal -0 0 1
    outer loop
      vertex 3.13216 -11.5719 8
      vertex 5 -32 8
      vertex 3.70644 -11.4073 8
    endloop
  endfacet
  facet normal -0 0 1
    outer loop
      vertex 2.90168 -11.638 8
      vertex 5 -32 8
      vertex 3.13216 -11.5719 8
    endloop
  endfacet
  facet normal -0 0 1
    outer loop
      vertex 2.66716 -11.6879 8
      vertex 5 -32 8
      vertex 2.90168 -11.638 8
    endloop
  endfacet
  facet normal -0 0 1
    outer loop
      vertex 2.08279 -11.8121 8
      vertex 5 -32 8
      vertex 2.66716 -11.6879 8
    endloop
  endfacet
  facet normal -0 0 1
    outer loop
      vertex 1.84535 -11.8454 8
      vertex 5 -32 8
      vertex 2.08279 -11.8121 8
    endloop
  endfacet
  facet normal -0 0 1
    outer loop
      vertex 1.25374 -11.9286 8
      vertex 5 -32 8
      vertex 1.84535 -11.8454 8
    endloop
  endfacet
  facet normal -0 0 1
    outer loop
      vertex 0.657776 -11.9703 8
      vertex 5 -32 8
      vertex 1.25374 -11.9286 8
    endloop
  endfacet
  facet normal -0 0 1
    outer loop
      vertex 0.418594 -11.987 8
      vertex 5 -32 8
      vertex 0.657776 -11.9703 8
    endloop
  endfacet
  facet normal -0 0 1
    outer loop
      vertex -0.418594 -11.987 8
      vertex 5 -32 8
      vertex 0.418594 -11.987 8
    endloop
  endfacet
  facet normal 0 0 1
    outer loop
      vertex -5 -32 8
      vertex -0.418594 -11.987 8
      vertex -0.657776 -11.9703 8
    endloop
  endfacet
  facet normal 0 0 1
    outer loop
      vertex -5 -32 8
      vertex -0.657776 -11.9703 8
      vertex -1.25374 -11.9286 8
    endloop
  endfacet
  facet normal 0 0 1
    outer loop
      vertex -5 -32 8
      vertex -1.25374 -11.9286 8
      vertex -1.84535 -11.8454 8
    endloop
  endfacet
  facet normal 0 0 1
    outer loop
      vertex -5 -32 8
      vertex -1.84535 -11.8454 8
      vertex -2.08279 -11.8121 8
    endloop
  endfacet
  facet normal 0 0 1
    outer loop
      vertex -5 -32 8
      vertex -2.08279 -11.8121 8
      vertex -2.66716 -11.6879 8
    endloop
  endfacet
  facet normal 0 0 1
    outer loop
      vertex -5 -32 8
      vertex -2.66716 -11.6879 8
      vertex -2.90168 -11.638 8
    endloop
  endfacet
  facet normal 0 0 1
    outer loop
      vertex -5 -32 8
      vertex -2.90168 -11.638 8
      vertex -3.13216 -11.5719 8
    endloop
  endfacet
  facet normal 0 0 1
    outer loop
      vertex -5 -32 8
      vertex -3.13216 -11.5719 8
      vertex -3.70644 -11.4073 8
    endloop
  endfacet
  facet normal 0 0 1
    outer loop
      vertex -5 -32 8
      vertex -3.70644 -11.4073 8
      vertex -4.26784 -11.2029 8
    endloop
  endfacet
  facet normal 0 0 1
    outer loop
      vertex -5 -32 8
      vertex -4.26784 -11.2029 8
      vertex -4.49314 -11.1209 8
    endloop
  endfacet
  facet normal 0 0 1
    outer loop
      vertex -5 -32 8
      vertex -4.49314 -11.1209 8
      vertex -4.71218 -11.0234 8
    endloop
  endfacet
  facet normal 0 0 1
    outer loop
      vertex -5 -32 8
      vertex -4.71218 -11.0234 8
      vertex -5 -10.8952 8
    endloop
  endfacet
  facet normal 0 0 1
    outer loop
      vertex -0.418594 -11.987 8
      vertex -5 -32 8
      vertex 5 -32 8
    endloop
  endfacet
  facet normal -1 0 0
    outer loop
      vertex -5 -6.2414 0
      vertex -5 -6.37487 4.10245
      vertex -5 -6.2414 4
    endloop
  endfacet
  facet normal -1 0 0
    outer loop
      vertex -5 -6.2414 0
      vertex -5 -6.39971 4.12152
      vertex -5 -6.37487 4.10245
    endloop
  endfacet
  facet normal -1 0 0
    outer loop
      vertex -5 -6.2414 0
      vertex -5 -7.20591 4.77508
      vertex -5 -6.39971 4.12152
    endloop
  endfacet
  facet normal -1 0 0
    outer loop
      vertex -5 -6.2414 0
      vertex -5 -7.41281 4.9428
      vertex -5 -7.20591 4.77508
    endloop
  endfacet
  facet normal -1 0 0
    outer loop
      vertex -5 -6.2414 0
      vertex -5 -7.7383 5.2194
      vertex -5 -7.41281 4.9428
    endloop
  endfacet
  facet normal -1 0 0
    outer loop
      vertex -5 -6.2414 0
      vertex -5 -8.66025 6.00286
      vertex -5 -7.7383 5.2194
    endloop
  endfacet
  facet normal -1 0 0
    outer loop
      vertex -5 -6.2414 0
      vertex -5 -9.47277 6.72173
      vertex -5 -8.66025 6.00286
    endloop
  endfacet
  facet normal -1 0 0
    outer loop
      vertex -5 -6.2414 0
      vertex -5 -10.2515 7.41073
      vertex -5 -9.47277 6.72173
    endloop
  endfacet
  facet normal -1 0 0
    outer loop
      vertex -5 -32 0
      vertex -5 -10.2515 7.41073
      vertex -5 -6.2414 0
    endloop
  endfacet
  facet normal -1 -0 0
    outer loop
      vertex -5 -10.2515 7.41073
      vertex -5 -32 0
      vertex -5 -10.8952 8
    endloop
  endfacet
  facet normal -1 -0 0
    outer loop
      vertex -5 -10.8952 8
      vertex -5 -32 0
      vertex -5 -32 8
    endloop
  endfacet
  facet normal 0.275643 0.96126 -0
    outer loop
      vertex 2.47214 7.60845 0
      vertex 1.93537 7.76237 4
      vertex 2.47214 7.60845 4
    endloop
  endfacet
  facet normal 0.275643 0.96126 0
    outer loop
      vertex 1.93537 7.76237 4
      vertex 2.47214 7.60845 0
      vertex 1.93537 7.76237 0
    endloop
  endfacet
  facet normal 0.994521 0.104533 0
    outer loop
      vertex 7.98051 0.558051 4
      vertex 7.92214 1.11338 0
      vertex 7.92214 1.11338 4
    endloop
  endfacet
  facet normal 0.994521 0.104533 0
    outer loop
      vertex 7.92214 1.11338 0
      vertex 7.98051 0.558051 4
      vertex 7.98051 0.558051 0
    endloop
  endfacet
  facet normal 0.999391 0.0349038 0
    outer loop
      vertex 8 0 4
      vertex 7.98051 0.558051 0
      vertex 7.98051 0.558051 4
    endloop
  endfacet
  facet normal 0.999391 0.0349038 0
    outer loop
      vertex 7.98051 0.558051 0
      vertex 8 0 4
      vertex 8 0 0
    endloop
  endfacet
  facet normal 0.642793 0.76604 -0
    outer loop
      vertex 5.35304 5.94516 0
      vertex 4.92529 6.30409 4
      vertex 5.35304 5.94516 4
    endloop
  endfacet
  facet normal 0.642793 0.76604 0
    outer loop
      vertex 4.92529 6.30409 4
      vertex 5.35304 5.94516 0
      vertex 4.92529 6.30409 0
    endloop
  endfacet
  facet normal -0.207901 0.97815 0
    outer loop
      vertex -1.38918 7.87846 0
      vertex -1.93537 7.76237 4
      vertex -1.38918 7.87846 4
    endloop
  endfacet
  facet normal -0.207901 0.97815 0
    outer loop
      vertex -1.93537 7.76237 4
      vertex -1.38918 7.87846 0
      vertex -1.93537 7.76237 0
    endloop
  endfacet
  facet normal 0.927182 -0.374612 0
    outer loop
      vertex 7.30836 -3.25389 4
      vertex 7.51754 -2.73616 0
      vertex 7.51754 -2.73616 4
    endloop
  endfacet
  facet normal 0.927182 -0.374612 0
    outer loop
      vertex 7.51754 -2.73616 0
      vertex 7.30836 -3.25389 4
      vertex 7.30836 -3.25389 0
    endloop
  endfacet
  facet normal -0.275643 0.96126 0
    outer loop
      vertex -1.93537 7.76237 0
      vertex -2.47214 7.60845 4
      vertex -1.93537 7.76237 4
    endloop
  endfacet
  facet normal -0.275643 0.96126 0
    outer loop
      vertex -2.47214 7.60845 4
      vertex -1.93537 7.76237 0
      vertex -2.47214 7.60845 0
    endloop
  endfacet
  facet normal 0.406737 0.913545 -0
    outer loop
      vertex 3.50697 7.19035 0
      vertex 2.99685 7.41747 4
      vertex 3.50697 7.19035 4
    endloop
  endfacet
  facet normal 0.406737 0.913545 0
    outer loop
      vertex 2.99685 7.41747 4
      vertex 3.50697 7.19035 0
      vertex 2.99685 7.41747 0
    endloop
  endfacet
  facet normal -0.951057 -0.309014 0
    outer loop
      vertex -7.51754 -2.73616 0
      vertex -7.69009 -2.2051 4
      vertex -7.69009 -2.2051 0
    endloop
  endfacet
  facet normal -0.951057 -0.309014 0
    outer loop
      vertex -7.69009 -2.2051 4
      vertex -7.51754 -2.73616 0
      vertex -7.51754 -2.73616 4
    endloop
  endfacet
  facet normal -0.406737 0.913545 0
    outer loop
      vertex -2.99685 7.41747 0
      vertex -3.50697 7.19035 4
      vertex -2.99685 7.41747 4
    endloop
  endfacet
  facet normal -0.406737 0.913545 0
    outer loop
      vertex -3.50697 7.19035 4
      vertex -2.99685 7.41747 0
      vertex -3.50697 7.19035 0
    endloop
  endfacet
  facet normal -0.927182 0.374612 0
    outer loop
      vertex -7.51754 2.73616 0
      vertex -7.30836 3.25389 4
      vertex -7.30836 3.25389 0
    endloop
  endfacet
  facet normal -0.927182 0.374612 0
    outer loop
      vertex -7.30836 3.25389 4
      vertex -7.51754 2.73616 0
      vertex -7.51754 2.73616 4
    endloop
  endfacet
  facet normal 0.139169 0.990269 -0
    outer loop
      vertex 1.38918 7.87846 0
      vertex 0.836227 7.95617 4
      vertex 1.38918 7.87846 4
    endloop
  endfacet
  facet normal 0.139169 0.990269 0
    outer loop
      vertex 0.836227 7.95617 4
      vertex 1.38918 7.87846 0
      vertex 0.836227 7.95617 0
    endloop
  endfacet
  facet normal -0.0697718 0.997563 0
    outer loop
      vertex -0.279196 7.99513 0
      vertex -0.836227 7.95617 4
      vertex -0.279196 7.99513 4
    endloop
  endfacet
  facet normal -0.0697718 0.997563 0
    outer loop
      vertex -0.836227 7.95617 4
      vertex -0.279196 7.99513 0
      vertex -0.836227 7.95617 0
    endloop
  endfacet
  facet normal 0.342022 0.939692 -0
    outer loop
      vertex 2.99685 7.41747 0
      vertex 2.47214 7.60845 4
      vertex 2.99685 7.41747 4
    endloop
  endfacet
  facet normal 0.342022 0.939692 0
    outer loop
      vertex 2.47214 7.60845 4
      vertex 2.99685 7.41747 0
      vertex 2.47214 7.60845 0
    endloop
  endfacet
  facet normal 0.829046 -0.55918 0
    outer loop
      vertex 6.47214 -4.70228 4
      vertex 6.78438 -4.23935 0
      vertex 6.78438 -4.23935 4
    endloop
  endfacet
  facet normal 0.829046 -0.55918 0
    outer loop
      vertex 6.78438 -4.23935 0
      vertex 6.47214 -4.70228 4
      vertex 6.47214 -4.70228 0
    endloop
  endfacet
  facet normal 0.469473 0.882947 -0
    outer loop
      vertex 4 6.9282 0
      vertex 3.50697 7.19035 4
      vertex 4 6.9282 4
    endloop
  endfacet
  facet normal 0.469473 0.882947 0
    outer loop
      vertex 3.50697 7.19035 4
      vertex 4 6.9282 0
      vertex 3.50697 7.19035 0
    endloop
  endfacet
  facet normal 0.984809 -0.173641 0
    outer loop
      vertex 7.82518 -1.66329 4
      vertex 7.92214 -1.11338 0
      vertex 7.92214 -1.11338 4
    endloop
  endfacet
  facet normal 0.984809 -0.173641 0
    outer loop
      vertex 7.92214 -1.11338 0
      vertex 7.82518 -1.66329 4
      vertex 7.82518 -1.66329 0
    endloop
  endfacet
  facet normal 0.0697718 0.997563 -0
    outer loop
      vertex 0.836227 7.95617 0
      vertex 0.279196 7.99513 4
      vertex 0.836227 7.95617 4
    endloop
  endfacet
  facet normal 0.0697718 0.997563 0
    outer loop
      vertex 0.279196 7.99513 4
      vertex 0.836227 7.95617 0
      vertex 0.279196 7.99513 0
    endloop
  endfacet
  facet normal 0.788012 -0.61566 0
    outer loop
      vertex 6.12836 -5.1423 4
      vertex 6.47214 -4.70228 0
      vertex 6.47214 -4.70228 4
    endloop
  endfacet
  facet normal 0.788012 -0.61566 0
    outer loop
      vertex 6.47214 -4.70228 0
      vertex 6.12836 -5.1423 4
      vertex 6.12836 -5.1423 0
    endloop
  endfacet
  facet normal -0.469473 0.882947 0
    outer loop
      vertex -3.50697 7.19035 0
      vertex -4 6.9282 4
      vertex -3.50697 7.19035 4
    endloop
  endfacet
  facet normal -0.469473 0.882947 0
    outer loop
      vertex -4 6.9282 4
      vertex -3.50697 7.19035 0
      vertex -4 6.9282 0
    endloop
  endfacet
  facet normal -0.587779 0.809022 0
    outer loop
      vertex -4.47354 6.6323 0
      vertex -4.92529 6.30409 4
      vertex -4.47354 6.6323 4
    endloop
  endfacet
  facet normal -0.587779 0.809022 0
    outer loop
      vertex -4.92529 6.30409 4
      vertex -4.47354 6.6323 0
      vertex -4.92529 6.30409 0
    endloop
  endfacet
  facet normal -0.829046 0.55918 0
    outer loop
      vertex -6.78438 4.23935 0
      vertex -6.47214 4.70228 4
      vertex -6.47214 4.70228 0
    endloop
  endfacet
  facet normal -0.829046 0.55918 0
    outer loop
      vertex -6.47214 4.70228 4
      vertex -6.78438 4.23935 0
      vertex -6.78438 4.23935 4
    endloop
  endfacet
  facet normal 0.743145 -0.66913 0
    outer loop
      vertex 5.75472 -5.55727 4
      vertex 6.12836 -5.1423 0
      vertex 6.12836 -5.1423 4
    endloop
  endfacet
  facet normal 0.743145 -0.66913 0
    outer loop
      vertex 6.12836 -5.1423 0
      vertex 5.75472 -5.55727 4
      vertex 5.75472 -5.55727 0
    endloop
  endfacet
  facet normal 0.587779 0.809022 -0
    outer loop
      vertex 4.92529 6.30409 0
      vertex 4.47354 6.6323 4
      vertex 4.92529 6.30409 4
    endloop
  endfacet
  facet normal 0.587779 0.809022 0
    outer loop
      vertex 4.47354 6.6323 4
      vertex 4.92529 6.30409 0
      vertex 4.47354 6.6323 0
    endloop
  endfacet
  facet normal 0.529918 0.848049 -0
    outer loop
      vertex 4.47354 6.6323 0
      vertex 4 6.9282 4
      vertex 4.47354 6.6323 4
    endloop
  endfacet
  facet normal 0.529918 0.848049 0
    outer loop
      vertex 4 6.9282 4
      vertex 4.47354 6.6323 0
      vertex 4 6.9282 0
    endloop
  endfacet
  facet normal 0.951057 -0.309014 0
    outer loop
      vertex 7.51754 -2.73616 4
      vertex 7.69009 -2.2051 0
      vertex 7.69009 -2.2051 4
    endloop
  endfacet
  facet normal 0.951057 -0.309014 0
    outer loop
      vertex 7.69009 -2.2051 0
      vertex 7.51754 -2.73616 4
      vertex 7.51754 -2.73616 0
    endloop
  endfacet
  facet normal 0.866022 -0.500007 0
    outer loop
      vertex 6.78438 -4.23935 4
      vertex 7.06358 -3.75577 0
      vertex 7.06358 -3.75577 4
    endloop
  endfacet
  facet normal 0.866022 -0.500007 0
    outer loop
      vertex 7.06358 -3.75577 0
      vertex 6.78438 -4.23935 4
      vertex 6.78438 -4.23935 0
    endloop
  endfacet
  facet normal 0.970295 0.241925 0
    outer loop
      vertex 7.82518 1.66329 4
      vertex 7.69009 2.2051 0
      vertex 7.69009 2.2051 4
    endloop
  endfacet
  facet normal 0.970295 0.241925 0
    outer loop
      vertex 7.69009 2.2051 0
      vertex 7.82518 1.66329 4
      vertex 7.82518 1.66329 0
    endloop
  endfacet
  facet normal 0.788012 0.61566 0
    outer loop
      vertex 6.47214 4.70228 4
      vertex 6.12836 5.1423 0
      vertex 6.12836 5.1423 4
    endloop
  endfacet
  facet normal 0.788012 0.61566 0
    outer loop
      vertex 6.12836 5.1423 0
      vertex 6.47214 4.70228 4
      vertex 6.47214 4.70228 0
    endloop
  endfacet
  facet normal 0.694651 0.719347 -0
    outer loop
      vertex 5.75472 5.55727 0
      vertex 5.35304 5.94516 4
      vertex 5.75472 5.55727 4
    endloop
  endfacet
  facet normal 0.694651 0.719347 0
    outer loop
      vertex 5.35304 5.94516 4
      vertex 5.75472 5.55727 0
      vertex 5.35304 5.94516 0
    endloop
  endfacet
  facet normal -0.743145 0.66913 0
    outer loop
      vertex -6.12836 5.1423 0
      vertex -5.75472 5.55727 4
      vertex -5.75472 5.55727 0
    endloop
  endfacet
  facet normal -0.743145 0.66913 0
    outer loop
      vertex -5.75472 5.55727 4
      vertex -6.12836 5.1423 0
      vertex -6.12836 5.1423 4
    endloop
  endfacet
  facet normal 0.994521 -0.104533 0
    outer loop
      vertex 7.92214 -1.11338 4
      vertex 7.98051 -0.558051 0
      vertex 7.98051 -0.558051 4
    endloop
  endfacet
  facet normal 0.994521 -0.104533 0
    outer loop
      vertex 7.98051 -0.558051 0
      vertex 7.92214 -1.11338 4
      vertex 7.92214 -1.11338 0
    endloop
  endfacet
  facet normal 0.970295 -0.241925 0
    outer loop
      vertex 7.69009 -2.2051 4
      vertex 7.82518 -1.66329 0
      vertex 7.82518 -1.66329 4
    endloop
  endfacet
  facet normal 0.970295 -0.241925 0
    outer loop
      vertex 7.82518 -1.66329 0
      vertex 7.69009 -2.2051 4
      vertex 7.69009 -2.2051 0
    endloop
  endfacet
  facet normal 0.829046 0.55918 0
    outer loop
      vertex 6.78438 4.23935 4
      vertex 6.47214 4.70228 0
      vertex 6.47214 4.70228 4
    endloop
  endfacet
  facet normal 0.829046 0.55918 0
    outer loop
      vertex 6.47214 4.70228 0
      vertex 6.78438 4.23935 4
      vertex 6.78438 4.23935 0
    endloop
  endfacet
  facet normal -0.788012 -0.61566 0
    outer loop
      vertex -6.12836 -5.1423 0
      vertex -6.47214 -4.70228 4
      vertex -6.47214 -4.70228 0
    endloop
  endfacet
  facet normal -0.788012 -0.61566 0
    outer loop
      vertex -6.47214 -4.70228 4
      vertex -6.12836 -5.1423 0
      vertex -6.12836 -5.1423 4
    endloop
  endfacet
  facet normal 0.951057 0.309014 0
    outer loop
      vertex 7.69009 2.2051 4
      vertex 7.51754 2.73616 0
      vertex 7.51754 2.73616 4
    endloop
  endfacet
  facet normal 0.951057 0.309014 0
    outer loop
      vertex 7.51754 2.73616 0
      vertex 7.69009 2.2051 4
      vertex 7.69009 2.2051 0
    endloop
  endfacet
  facet normal 0.866022 0.500007 0
    outer loop
      vertex 7.06358 3.75577 4
      vertex 6.78438 4.23935 0
      vertex 6.78438 4.23935 4
    endloop
  endfacet
  facet normal 0.866022 0.500007 0
    outer loop
      vertex 6.78438 4.23935 0
      vertex 7.06358 3.75577 4
      vertex 7.06358 3.75577 0
    endloop
  endfacet
  facet normal -0.866022 0.500007 0
    outer loop
      vertex -7.06358 3.75577 0
      vertex -6.78438 4.23935 4
      vertex -6.78438 4.23935 0
    endloop
  endfacet
  facet normal -0.866022 0.500007 0
    outer loop
      vertex -6.78438 4.23935 4
      vertex -7.06358 3.75577 0
      vertex -7.06358 3.75577 4
    endloop
  endfacet
  facet normal 0.898796 0.438366 0
    outer loop
      vertex 7.30836 3.25389 4
      vertex 7.06358 3.75577 0
      vertex 7.06358 3.75577 4
    endloop
  endfacet
  facet normal 0.898796 0.438366 0
    outer loop
      vertex 7.06358 3.75577 0
      vertex 7.30836 3.25389 4
      vertex 7.30836 3.25389 0
    endloop
  endfacet
  facet normal -0.139169 0.990269 0
    outer loop
      vertex -0.836227 7.95617 0
      vertex -1.38918 7.87846 4
      vertex -0.836227 7.95617 4
    endloop
  endfacet
  facet normal -0.139169 0.990269 0
    outer loop
      vertex -1.38918 7.87846 4
      vertex -0.836227 7.95617 0
      vertex -1.38918 7.87846 0
    endloop
  endfacet
  facet normal -0.694651 0.719347 0
    outer loop
      vertex -5.35304 5.94516 0
      vertex -5.75472 5.55727 4
      vertex -5.35304 5.94516 4
    endloop
  endfacet
  facet normal -0.694651 0.719347 0
    outer loop
      vertex -5.75472 5.55727 4
      vertex -5.35304 5.94516 0
      vertex -5.75472 5.55727 0
    endloop
  endfacet
  facet normal -0.342022 0.939692 0
    outer loop
      vertex -2.47214 7.60845 0
      vertex -2.99685 7.41747 4
      vertex -2.47214 7.60845 4
    endloop
  endfacet
  facet normal -0.342022 0.939692 0
    outer loop
      vertex -2.99685 7.41747 4
      vertex -2.47214 7.60845 0
      vertex -2.99685 7.41747 0
    endloop
  endfacet
  facet normal 0.999391 -0.0349038 0
    outer loop
      vertex 7.98051 -0.558051 4
      vertex 8 0 0
      vertex 8 0 4
    endloop
  endfacet
  facet normal 0.999391 -0.0349038 0
    outer loop
      vertex 8 0 0
      vertex 7.98051 -0.558051 4
      vertex 7.98051 -0.558051 0
    endloop
  endfacet
  facet normal -0.951057 0.309014 0
    outer loop
      vertex -7.69009 2.2051 0
      vertex -7.51754 2.73616 4
      vertex -7.51754 2.73616 0
    endloop
  endfacet
  facet normal -0.951057 0.309014 0
    outer loop
      vertex -7.51754 2.73616 4
      vertex -7.69009 2.2051 0
      vertex -7.69009 2.2051 4
    endloop
  endfacet
  facet normal -0.694651 -0.719347 0
    outer loop
      vertex -5.75472 -5.55727 0
      vertex -5.35304 -5.94516 4
      vertex -5.75472 -5.55727 4
    endloop
  endfacet
  facet normal -0.694651 -0.719347 -0
    outer loop
      vertex -5.35304 -5.94516 4
      vertex -5.75472 -5.55727 0
      vertex -5.35304 -5.94516 0
    endloop
  endfacet
  facet normal -0.999391 -0.0349038 0
    outer loop
      vertex -7.98051 -0.558051 0
      vertex -8 0 4
      vertex -8 0 0
    endloop
  endfacet
  facet normal -0.999391 -0.0349038 0
    outer loop
      vertex -8 0 4
      vertex -7.98051 -0.558051 0
      vertex -7.98051 -0.558051 4
    endloop
  endfacet
  facet normal 0.694651 -0.719347 0
    outer loop
      vertex 5.35304 -5.94516 0
      vertex 5.75472 -5.55727 4
      vertex 5.35304 -5.94516 4
    endloop
  endfacet
  facet normal 0.694651 -0.719347 0
    outer loop
      vertex 5.75472 -5.55727 4
      vertex 5.35304 -5.94516 0
      vertex 5.75472 -5.55727 0
    endloop
  endfacet
  facet normal -0.984809 0.173641 0
    outer loop
      vertex -7.92214 1.11338 0
      vertex -7.82518 1.66329 4
      vertex -7.82518 1.66329 0
    endloop
  endfacet
  facet normal -0.984809 0.173641 0
    outer loop
      vertex -7.82518 1.66329 4
      vertex -7.92214 1.11338 0
      vertex -7.92214 1.11338 4
    endloop
  endfacet
  facet normal 0.898796 -0.438366 0
    outer loop
      vertex 7.06358 -3.75577 4
      vertex 7.30836 -3.25389 0
      vertex 7.30836 -3.25389 4
    endloop
  endfacet
  facet normal 0.898796 -0.438366 0
    outer loop
      vertex 7.30836 -3.25389 0
      vertex 7.06358 -3.75577 4
      vertex 7.06358 -3.75577 0
    endloop
  endfacet
  facet normal 0.927182 0.374612 0
    outer loop
      vertex 7.51754 2.73616 4
      vertex 7.30836 3.25389 0
      vertex 7.30836 3.25389 4
    endloop
  endfacet
  facet normal 0.927182 0.374612 0
    outer loop
      vertex 7.30836 3.25389 0
      vertex 7.51754 2.73616 4
      vertex 7.51754 2.73616 0
    endloop
  endfacet
  facet normal -0.984809 -0.173641 0
    outer loop
      vertex -7.82518 -1.66329 0
      vertex -7.92214 -1.11338 4
      vertex -7.92214 -1.11338 0
    endloop
  endfacet
  facet normal -0.984809 -0.173641 0
    outer loop
      vertex -7.92214 -1.11338 4
      vertex -7.82518 -1.66329 0
      vertex -7.82518 -1.66329 4
    endloop
  endfacet
  facet normal -0.994521 -0.104533 0
    outer loop
      vertex -7.92214 -1.11338 0
      vertex -7.98051 -0.558051 4
      vertex -7.98051 -0.558051 0
    endloop
  endfacet
  facet normal -0.994521 -0.104533 0
    outer loop
      vertex -7.98051 -0.558051 4
      vertex -7.92214 -1.11338 0
      vertex -7.92214 -1.11338 4
    endloop
  endfacet
  facet normal -0.529918 0.848049 0
    outer loop
      vertex -4 6.9282 0
      vertex -4.47354 6.6323 4
      vertex -4 6.9282 4
    endloop
  endfacet
  facet normal -0.529918 0.848049 0
    outer loop
      vertex -4.47354 6.6323 4
      vertex -4 6.9282 0
      vertex -4.47354 6.6323 0
    endloop
  endfacet
  facet normal 0 1 -0
    outer loop
      vertex 0.279196 7.99513 0
      vertex -0.279196 7.99513 4
      vertex 0.279196 7.99513 4
    endloop
  endfacet
  facet normal 0 1 0
    outer loop
      vertex -0.279196 7.99513 4
      vertex 0.279196 7.99513 0
      vertex -0.279196 7.99513 0
    endloop
  endfacet
  facet normal -0.927182 -0.374612 0
    outer loop
      vertex -7.30836 -3.25389 0
      vertex -7.51754 -2.73616 4
      vertex -7.51754 -2.73616 0
    endloop
  endfacet
  facet normal -0.927182 -0.374612 0
    outer loop
      vertex -7.51754 -2.73616 4
      vertex -7.30836 -3.25389 0
      vertex -7.30836 -3.25389 4
    endloop
  endfacet
  facet normal -0.898796 0.438366 0
    outer loop
      vertex -7.30836 3.25389 0
      vertex -7.06358 3.75577 4
      vertex -7.06358 3.75577 0
    endloop
  endfacet
  facet normal -0.898796 0.438366 0
    outer loop
      vertex -7.06358 3.75577 4
      vertex -7.30836 3.25389 0
      vertex -7.30836 3.25389 4
    endloop
  endfacet
  facet normal -0.642793 0.76604 0
    outer loop
      vertex -4.92529 6.30409 0
      vertex -5.35304 5.94516 4
      vertex -4.92529 6.30409 4
    endloop
  endfacet
  facet normal -0.642793 0.76604 0
    outer loop
      vertex -5.35304 5.94516 4
      vertex -4.92529 6.30409 0
      vertex -5.35304 5.94516 0
    endloop
  endfacet
  facet normal 0.984809 0.173641 0
    outer loop
      vertex 7.92214 1.11338 4
      vertex 7.82518 1.66329 0
      vertex 7.82518 1.66329 4
    endloop
  endfacet
  facet normal 0.984809 0.173641 0
    outer loop
      vertex 7.82518 1.66329 0
      vertex 7.92214 1.11338 4
      vertex 7.92214 1.11338 0
    endloop
  endfacet
  facet normal -0.898796 -0.438366 0
    outer loop
      vertex -7.06358 -3.75577 0
      vertex -7.30836 -3.25389 4
      vertex -7.30836 -3.25389 0
    endloop
  endfacet
  facet normal -0.898796 -0.438366 0
    outer loop
      vertex -7.30836 -3.25389 4
      vertex -7.06358 -3.75577 0
      vertex -7.06358 -3.75577 4
    endloop
  endfacet
  facet normal 0.642793 -0.76604 0
    outer loop
      vertex 5 -6.2414 0
      vertex 5.35304 -5.94516 4
      vertex 5 -6.2414 4
    endloop
  endfacet
  facet normal 0.642793 -0.76604 0
    outer loop
      vertex 5.35304 -5.94516 4
      vertex 5 -6.2414 0
      vertex 5.35304 -5.94516 0
    endloop
  endfacet
  facet normal -0.994521 0.104533 0
    outer loop
      vertex -7.98051 0.558051 0
      vertex -7.92214 1.11338 4
      vertex -7.92214 1.11338 0
    endloop
  endfacet
  facet normal -0.994521 0.104533 0
    outer loop
      vertex -7.92214 1.11338 4
      vertex -7.98051 0.558051 0
      vertex -7.98051 0.558051 4
    endloop
  endfacet
  facet normal -0.999391 0.0349038 0
    outer loop
      vertex -8 0 0
      vertex -7.98051 0.558051 4
      vertex -7.98051 0.558051 0
    endloop
  endfacet
  facet normal -0.999391 0.0349038 0
    outer loop
      vertex -7.98051 0.558051 4
      vertex -8 0 0
      vertex -8 0 4
    endloop
  endfacet
  facet normal -0.642793 -0.76604 0
    outer loop
      vertex -5.35304 -5.94516 0
      vertex -5 -6.2414 4
      vertex -5.35304 -5.94516 4
    endloop
  endfacet
  facet normal -0.642793 -0.76604 -0
    outer loop
      vertex -5 -6.2414 4
      vertex -5.35304 -5.94516 0
      vertex -5 -6.2414 0
    endloop
  endfacet
  facet normal 0.207901 0.97815 -0
    outer loop
      vertex 1.93537 7.76237 0
      vertex 1.38918 7.87846 4
      vertex 1.93537 7.76237 4
    endloop
  endfacet
  facet normal 0.207901 0.97815 0
    outer loop
      vertex 1.38918 7.87846 4
      vertex 1.93537 7.76237 0
      vertex 1.38918 7.87846 0
    endloop
  endfacet
  facet normal -0.829046 -0.55918 0
    outer loop
      vertex -6.47214 -4.70228 0
      vertex -6.78438 -4.23935 4
      vertex -6.78438 -4.23935 0
    endloop
  endfacet
  facet normal -0.829046 -0.55918 0
    outer loop
      vertex -6.78438 -4.23935 4
      vertex -6.47214 -4.70228 0
      vertex -6.47214 -4.70228 4
    endloop
  endfacet
  facet normal -0.788012 0.61566 0
    outer loop
      vertex -6.47214 4.70228 0
      vertex -6.12836 5.1423 4
      vertex -6.12836 5.1423 0
    endloop
  endfacet
  facet normal -0.788012 0.61566 0
    outer loop
      vertex -6.12836 5.1423 4
      vertex -6.47214 4.70228 0
      vertex -6.47214 4.70228 4
    endloop
  endfacet
  facet normal -0.970295 0.241925 0
    outer loop
      vertex -7.82518 1.66329 0
      vertex -7.69009 2.2051 4
      vertex -7.69009 2.2051 0
    endloop
  endfacet
  facet normal -0.970295 0.241925 0
    outer loop
      vertex -7.69009 2.2051 4
      vertex -7.82518 1.66329 0
      vertex -7.82518 1.66329 4
    endloop
  endfacet
  facet normal -0.743145 -0.66913 0
    outer loop
      vertex -5.75472 -5.55727 0
      vertex -6.12836 -5.1423 4
      vertex -6.12836 -5.1423 0
    endloop
  endfacet
  facet normal -0.743145 -0.66913 0
    outer loop
      vertex -6.12836 -5.1423 4
      vertex -5.75472 -5.55727 0
      vertex -5.75472 -5.55727 4
    endloop
  endfacet
  facet normal 0.743145 0.66913 0
    outer loop
      vertex 6.12836 5.1423 4
      vertex 5.75472 5.55727 0
      vertex 5.75472 5.55727 4
    endloop
  endfacet
  facet normal 0.743145 0.66913 0
    outer loop
      vertex 5.75472 5.55727 0
      vertex 6.12836 5.1423 4
      vertex 6.12836 5.1423 0
    endloop
  endfacet
  facet normal -0.866022 -0.500007 0
    outer loop
      vertex -6.78438 -4.23935 0
      vertex -7.06358 -3.75577 4
      vertex -7.06358 -3.75577 0
    endloop
  endfacet
  facet normal -0.866022 -0.500007 0
    outer loop
      vertex -7.06358 -3.75577 4
      vertex -6.78438 -4.23935 0
      vertex -6.78438 -4.23935 4
    endloop
  endfacet
  facet normal -0.970295 -0.241925 0
    outer loop
      vertex -7.69009 -2.2051 0
      vertex -7.82518 -1.66329 4
      vertex -7.82518 -1.66329 0
    endloop
  endfacet
  facet normal -0.970295 -0.241925 0
    outer loop
      vertex -7.82518 -1.66329 4
      vertex -7.69009 -2.2051 0
      vertex -7.69009 -2.2051 4
    endloop
  endfacet
  facet normal 0.684396 -0.180104 -0.706516
    outer loop
      vertex 14.4091 -4.13257 11
      vertex 7.69009 -2.2051 4
      vertex 14.4093 -4.13181 11
    endloop
  endfacet
  facet normal 0.673183 -0.218728 -0.706387
    outer loop
      vertex 7.69009 -2.2051 4
      vertex 14.4091 -4.13257 11
      vertex 7.51754 -2.73616 4
    endloop
  endfacet
  facet normal -0.491732 0.509132 -0.706388
    outer loop
      vertex -5.35304 5.94516 4
      vertex -10.7823 10.4135 11
      vertex -10.0303 11.1398 11
    endloop
  endfacet
  facet normal -0.586821 -0.395803 -0.706387
    outer loop
      vertex -12.7118 -7.94416 11
      vertex -6.78438 -4.23935 4
      vertex -6.47214 -4.70228 4
    endloop
  endfacet
  facet normal -0.565166 -0.428156 -0.705173
    outer loop
      vertex -6.78438 -4.23935 4
      vertex -12.7118 -7.94416 11
      vertex -12.7123 -7.9435 11
    endloop
  endfacet
  facet normal 0.707396 0.0247116 -0.706385
    outer loop
      vertex 14.99 0 11
      vertex 8 0 4
      vertex 14.9535 1.04485 11
    endloop
  endfacet
  facet normal 0.708472 0 -0.705739
    outer loop
      vertex 14.9535 1.04485 11
      vertex 7.98051 0.558051 4
      vertex 14.9535 1.04565 11
    endloop
  endfacet
  facet normal 0.707396 0.0247059 -0.706385
    outer loop
      vertex 7.98051 0.558051 4
      vertex 14.9535 1.04485 11
      vertex 8 0 4
    endloop
  endfacet
  facet normal 0.613008 -0.35389 -0.706387
    outer loop
      vertex 12.7127 -7.94281 11
      vertex 7.06358 -3.75577 4
      vertex 13.2354 -7.03739 11
    endloop
  endfacet
  facet normal -0.656282 0.265159 -0.706389
    outer loop
      vertex -13.6944 6.09625 11
      vertex -7.30836 3.25389 4
      vertex -7.51754 2.73616 4
    endloop
  endfacet
  facet normal -0.655955 0.265928 -0.706403
    outer loop
      vertex -7.30836 3.25389 4
      vertex -13.6944 6.09625 11
      vertex -13.6941 6.09699 11
    endloop
  endfacet
  facet normal 0.242101 -0.665129 -0.706392
    outer loop
      vertex 4.63217 -14.2564 11
      vertex 4.26784 -11.2029 8
      vertex 5.61461 -13.8988 11
    endloop
  endfacet
  facet normal 0.242162 -0.665115 -0.706385
    outer loop
      vertex 4.26784 -11.2029 8
      vertex 4.63217 -14.2564 11
      vertex 3.70644 -11.4073 8
    endloop
  endfacet
  facet normal 0.0884913 -0.703506 -0.705159
    outer loop
      vertex 0.418594 -11.987 8
      vertex 0.523938 -14.9808 11
      vertex 0.523143 -14.9809 11
    endloop
  endfacet
  facet normal 0.0493016 -0.706111 -0.706383
    outer loop
      vertex 0.523938 -14.9808 11
      vertex 0.418594 -11.987 8
      vertex 0.657776 -11.9703 8
    endloop
  endfacet
  facet normal -0.147185 0.692354 -0.706387
    outer loop
      vertex -1.38918 7.87846 4
      vertex -3.62563 14.5449 11
      vertex -2.60299 14.7623 11
    endloop
  endfacet
  facet normal 0.500396 0.500396 -0.706546
    outer loop
      vertex 5.75472 5.55727 4
      vertex 10.7823 10.4135 11
      vertex 10.7829 10.4129 11
    endloop
  endfacet
  facet normal 0.491693 0.509174 -0.706385
    outer loop
      vertex 10.7823 10.4135 11
      vertex 5.75472 5.55727 4
      vertex 5.35304 5.94516 4
    endloop
  endfacet
  facet normal -0.177898 -0.684906 -0.706581
    outer loop
      vertex -3.62718 -14.5445 11
      vertex -2.90168 -11.638 8
      vertex -3.62641 -14.5447 11
    endloop
  endfacet
  facet normal -0.195134 -0.6804 -0.706384
    outer loop
      vertex -2.90168 -11.638 8
      vertex -3.62718 -14.5445 11
      vertex -3.13216 -11.5719 8
    endloop
  endfacet
  facet normal 0.175756 -0.685449 -0.70659
    outer loop
      vertex 3.62563 -14.5449 11
      vertex 2.90168 -11.638 8
      vertex 3.62641 -14.5447 11
    endloop
  endfacet
  facet normal 0.14731 -0.692326 -0.706389
    outer loop
      vertex 2.90168 -11.638 8
      vertex 3.62563 -14.5449 11
      vertex 2.66716 -11.6879 8
    endloop
  endfacet
  facet normal 0.525993 -0.473658 -0.706385
    outer loop
      vertex 10.7834 -10.4123 11
      vertex 6.12836 -5.1423 4
      vertex 11.483 -9.6354 11
    endloop
  endfacet
  facet normal -0.703949 -0.0739987 -0.706385
    outer loop
      vertex -14.8441 -2.08621 11
      vertex -14.9534 -1.04644 11
      vertex -7.92214 -1.11338 4
    endloop
  endfacet
  facet normal 0.673178 -0.218746 -0.706386
    outer loop
      vertex 14.086 -5.12689 11
      vertex 7.51754 -2.73616 4
      vertex 14.4091 -4.13257 11
    endloop
  endfacet
  facet normal 0.0985065 -0.700933 -0.706392
    outer loop
      vertex 1.56688 -14.9079 11
      vertex 1.84535 -11.8454 8
      vertex 2.6022 -14.7624 11
    endloop
  endfacet
  facet normal 0.0985742 -0.700931 -0.706384
    outer loop
      vertex 1.84535 -11.8454 8
      vertex 1.56688 -14.9079 11
      vertex 1.25374 -11.9286 8
    endloop
  endfacet
  facet normal -0.708472 0 -0.705739
    outer loop
      vertex -7.98051 0.558051 4
      vertex -14.9535 1.04485 11
      vertex -14.9535 1.04565 11
    endloop
  endfacet
  facet normal -0.707396 0.0247059 -0.706385
    outer loop
      vertex -14.9535 1.04485 11
      vertex -7.98051 0.558051 4
      vertex -8 0 4
    endloop
  endfacet
  facet normal -0.195108 0.680407 -0.706385
    outer loop
      vertex -3.62718 14.5445 11
      vertex -1.93537 7.76237 4
      vertex -2.47214 7.60845 4
    endloop
  endfacet
  facet normal -0.177897 0.684904 -0.706583
    outer loop
      vertex -1.93537 7.76237 4
      vertex -3.62718 14.5445 11
      vertex -3.62641 14.5447 11
    endloop
  endfacet
  facet normal -0.049356 -0.70611 -0.70638
    outer loop
      vertex -1.56688 -14.9079 11
      vertex -0.657776 -11.9703 8
      vertex -0.523938 -14.9808 11
    endloop
  endfacet
  facet normal -0.0494063 -0.706101 -0.706386
    outer loop
      vertex -0.657776 -11.9703 8
      vertex -1.56688 -14.9079 11
      vertex -1.25374 -11.9286 8
    endloop
  endfacet
  facet normal 0.656296 0.265129 -0.706387
    outer loop
      vertex 14.086 5.12689 11
      vertex 7.51754 2.73616 4
      vertex 13.6944 6.09625 11
    endloop
  endfacet
  facet normal 0.268974 -0.654502 -0.706598
    outer loop
      vertex 4.49314 -11.1209 8
      vertex 5.61609 -13.8982 11
      vertex 5.61536 -13.8985 11
    endloop
  endfacet
  facet normal 0.28784 -0.646652 -0.706392
    outer loop
      vertex 5.61609 -13.8982 11
      vertex 4.49314 -11.1209 8
      vertex 4.71218 -11.0234 8
    endloop
  endfacet
  facet normal -0.287898 0.646631 -0.706388
    outer loop
      vertex -5.61609 13.8982 11
      vertex -2.99685 7.41747 4
      vertex -3.50697 7.19035 4
    endloop
  endfacet
  facet normal -0.268974 0.654504 -0.706596
    outer loop
      vertex -2.99685 7.41747 4
      vertex -5.61609 13.8982 11
      vertex -5.61536 13.8985 11
    endloop
  endfacet
  facet normal 0.703949 -0.0739987 -0.706385
    outer loop
      vertex 14.8441 -2.08621 11
      vertex 7.92214 -1.11338 4
      vertex 14.9534 -1.04644 11
    endloop
  endfacet
  facet normal 0.195108 0.680407 -0.706385
    outer loop
      vertex 1.93537 7.76237 4
      vertex 3.62718 14.5445 11
      vertex 2.47214 7.60845 4
    endloop
  endfacet
  facet normal 0.177897 0.684904 -0.706583
    outer loop
      vertex 3.62718 14.5445 11
      vertex 1.93537 7.76237 4
      vertex 3.62641 14.5447 11
    endloop
  endfacet
  facet normal -0.454958 -0.542246 -0.706387
    outer loop
      vertex -10.0297 -11.1403 11
      vertex -5 -6.39971 4.12152
      vertex -9.22877 -11.8123 11
    endloop
  endfacet
  facet normal -0.454902 -0.542299 -0.706382
    outer loop
      vertex -5 -6.39971 4.12152
      vertex -10.0297 -11.1403 11
      vertex -5 -6.37487 4.10245
    endloop
  endfacet
  facet normal 0.673178 0.218746 -0.706386
    outer loop
      vertex 14.4091 4.13257 11
      vertex 7.51754 2.73616 4
      vertex 14.086 5.12689 11
    endloop
  endfacet
  facet normal 0.177898 -0.684906 -0.706581
    outer loop
      vertex 2.90168 -11.638 8
      vertex 3.62718 -14.5445 11
      vertex 3.62641 -14.5447 11
    endloop
  endfacet
  facet normal 0.195134 -0.6804 -0.706384
    outer loop
      vertex 3.62718 -14.5445 11
      vertex 2.90168 -11.638 8
      vertex 3.13216 -11.5719 8
    endloop
  endfacet
  facet normal 0.2628 -0.657001 -0.706602
    outer loop
      vertex 5.61461 -13.8988 11
      vertex 4.49314 -11.1209 8
      vertex 5.61536 -13.8985 11
    endloop
  endfacet
  facet normal 0.242083 -0.665137 -0.706391
    outer loop
      vertex 4.49314 -11.1209 8
      vertex 5.61461 -13.8988 11
      vertex 4.26784 -11.2029 8
    endloop
  endfacet
  facet normal -0.288002 -0.64659 -0.706382
    outer loop
      vertex -5.61609 -13.8982 11
      vertex -5 -10.8952 8
      vertex -4.71218 -11.0234 8
    endloop
  endfacet
  facet normal -0.287933 -0.646613 -0.70639
    outer loop
      vertex -6.57119 -13.4729 11
      vertex -5 -10.8952 8
      vertex -5.61609 -13.8982 11
    endloop
  endfacet
  facet normal -0.287854 -0.646654 -0.706384
    outer loop
      vertex -5 -10.8952 8
      vertex -6.57119 -13.4729 11
      vertex -5 -10.2515 7.41073
    endloop
  endfacet
  facet normal -0.613008 0.35389 -0.706387
    outer loop
      vertex -7.06358 3.75577 4
      vertex -13.2354 7.03739 11
      vertex -12.7127 7.94281 11
    endloop
  endfacet
  facet normal 0.707396 -0.0247059 -0.706385
    outer loop
      vertex 14.9535 -1.04485 11
      vertex 7.98051 -0.558051 4
      vertex 8 0 4
    endloop
  endfacet
  facet normal 0.708472 0 -0.705739
    outer loop
      vertex 7.98051 -0.558051 4
      vertex 14.9535 -1.04485 11
      vertex 14.9535 -1.04565 11
    endloop
  endfacet
  facet normal 0.697079 -0.122883 -0.706385
    outer loop
      vertex 14.6626 -3.11581 11
      vertex 7.92214 -1.11338 4
      vertex 14.8441 -2.08621 11
    endloop
  endfacet
  facet normal -0.491732 -0.509132 -0.706388
    outer loop
      vertex -10.0303 -11.1398 11
      vertex -10.7823 -10.4135 11
      vertex -5.35304 -5.94516 4
    endloop
  endfacet
  facet normal 0.0889145 -0.702425 -0.706182
    outer loop
      vertex 2.6022 -14.7624 11
      vertex 2.08279 -11.8121 8
      vertex 2.60299 -14.7623 11
    endloop
  endfacet
  facet normal 0.0983085 -0.700972 -0.70638
    outer loop
      vertex 2.08279 -11.8121 8
      vertex 2.6022 -14.7624 11
      vertex 1.84535 -11.8454 8
    endloop
  endfacet
  facet normal 0.554368 -0.439974 -0.70647
    outer loop
      vertex 6.12836 -5.1423 4
      vertex 11.4835 -9.63477 11
      vertex 11.483 -9.6354 11
    endloop
  endfacet
  facet normal 0.557776 -0.435781 -0.706386
    outer loop
      vertex 11.4835 -9.63477 11
      vertex 6.12836 -5.1423 4
      vertex 6.47214 -4.70228 4
    endloop
  endfacet
  facet normal 0.586824 0.395797 -0.706387
    outer loop
      vertex 12.7118 7.94416 11
      vertex 6.47214 4.70228 4
      vertex 12.1272 8.81091 11
    endloop
  endfacet
  facet normal 0.686226 -0.173728 -0.706337
    outer loop
      vertex 7.82518 -1.66329 4
      vertex 14.6626 -3.11581 11
      vertex 14.6624 -3.1166 11
    endloop
  endfacet
  facet normal 0.697073 -0.122908 -0.706387
    outer loop
      vertex 14.6626 -3.11581 11
      vertex 7.82518 -1.66329 4
      vertex 7.92214 -1.11338 4
    endloop
  endfacet
  facet normal 0.68679 -0.171285 -0.706386
    outer loop
      vertex 14.4093 -4.13181 11
      vertex 7.69009 -2.2051 4
      vertex 14.6623 -3.11737 11
    endloop
  endfacet
  facet normal 0.375091 0.600272 -0.706386
    outer loop
      vertex 4 6.9282 4
      vertex 7.49568 12.9813 11
      vertex 4.47354 6.6323 4
    endloop
  endfacet
  facet normal 0.362749 0.607604 -0.706563
    outer loop
      vertex 7.49568 12.9813 11
      vertex 4 6.9282 4
      vertex 7.49501 12.9817 11
    endloop
  endfacet
  facet normal -0.278909 -0.650787 -0.706178
    outer loop
      vertex -6.57189 -13.4726 11
      vertex -5 -10.2515 7.41073
      vertex -6.57119 -13.4729 11
    endloop
  endfacet
  facet normal -0.332246 -0.624998 -0.706393
    outer loop
      vertex -5 -10.2515 7.41073
      vertex -6.57189 -13.4726 11
      vertex -5 -9.47277 6.72173
    endloop
  endfacet
  facet normal 0.655955 -0.265928 -0.706403
    outer loop
      vertex 7.30836 -3.25389 4
      vertex 13.6944 -6.09625 11
      vertex 13.6941 -6.09699 11
    endloop
  endfacet
  facet normal 0.656282 -0.265159 -0.706389
    outer loop
      vertex 13.6944 -6.09625 11
      vertex 7.30836 -3.25389 4
      vertex 7.51754 -2.73616 4
    endloop
  endfacet
  facet normal -0.375091 0.600272 -0.706386
    outer loop
      vertex -7.49568 12.9813 11
      vertex -4 6.9282 4
      vertex -4.47354 6.6323 4
    endloop
  endfacet
  facet normal -0.362749 0.607604 -0.706563
    outer loop
      vertex -4 6.9282 4
      vertex -7.49568 12.9813 11
      vertex -7.49501 12.9817 11
    endloop
  endfacet
  facet normal -0.673178 -0.218746 -0.706386
    outer loop
      vertex -14.086 -5.12689 11
      vertex -14.4091 -4.13257 11
      vertex -7.51754 -2.73616 4
    endloop
  endfacet
  facet normal 0.544331 -0.453609 -0.70565
    outer loop
      vertex 5.75472 -5.55727 4
      vertex 10.7834 -10.4123 11
      vertex 10.7829 -10.4129 11
    endloop
  endfacet
  facet normal 0.526021 -0.47363 -0.706383
    outer loop
      vertex 10.7834 -10.4123 11
      vertex 5.75472 -5.55727 4
      vertex 6.12836 -5.1423 4
    endloop
  endfacet
  facet normal 0.617868 -0.348095 -0.705031
    outer loop
      vertex 13.6937 -6.0977 11
      vertex 7.30836 -3.25389 4
      vertex 13.6941 -6.09699 11
    endloop
  endfacet
  facet normal 0.636192 -0.310288 -0.706386
    outer loop
      vertex 7.30836 -3.25389 4
      vertex 13.6937 -6.0977 11
      vertex 7.06358 -3.75577 4
    endloop
  endfacet
  facet normal 0.195055 -0.680418 -0.706389
    outer loop
      vertex 3.13216 -11.5719 8
      vertex 4.63217 -14.2564 11
      vertex 3.62718 -14.5445 11
    endloop
  endfacet
  facet normal 0.195025 -0.68043 -0.706385
    outer loop
      vertex 4.63217 -14.2564 11
      vertex 3.13216 -11.5719 8
      vertex 3.70644 -11.4073 8
    endloop
  endfacet
  facet normal 0.612349 -0.354985 -0.70641
    outer loop
      vertex 6.78438 -4.23935 4
      vertex 12.7127 -7.94281 11
      vertex 12.7123 -7.9435 11
    endloop
  endfacet
  facet normal 0.612991 -0.353917 -0.706389
    outer loop
      vertex 12.7127 -7.94281 11
      vertex 6.78438 -4.23935 4
      vertex 7.06358 -3.75577 4
    endloop
  endfacet
  facet normal -0.673183 -0.218728 -0.706387
    outer loop
      vertex -14.4091 -4.13257 11
      vertex -7.69009 -2.2051 4
      vertex -7.51754 -2.73616 4
    endloop
  endfacet
  facet normal -0.684396 -0.180104 -0.706516
    outer loop
      vertex -7.69009 -2.2051 4
      vertex -14.4091 -4.13257 11
      vertex -14.4093 -4.13181 11
    endloop
  endfacet
  facet normal 0.656296 -0.265129 -0.706387
    outer loop
      vertex 13.6944 -6.09625 11
      vertex 7.51754 -2.73616 4
      vertex 14.086 -5.12689 11
    endloop
  endfacet
  facet normal -0.544331 -0.453609 -0.70565
    outer loop
      vertex -10.7834 -10.4123 11
      vertex -5.75472 -5.55727 4
      vertex -10.7829 -10.4129 11
    endloop
  endfacet
  facet normal -0.526021 -0.47363 -0.706383
    outer loop
      vertex -5.75472 -5.55727 4
      vertex -10.7834 -10.4123 11
      vertex -6.12836 -5.1423 4
    endloop
  endfacet
  facet normal 0.707396 -0.0247116 -0.706385
    outer loop
      vertex 14.9535 -1.04485 11
      vertex 8 0 4
      vertex 14.99 0 11
    endloop
  endfacet
  facet normal -0.703949 -0.0739913 -0.706386
    outer loop
      vertex -14.9534 -1.04644 11
      vertex -7.98051 -0.558051 4
      vertex -7.92214 -1.11338 4
    endloop
  endfacet
  facet normal -0.702561 -0.0889318 -0.706045
    outer loop
      vertex -7.98051 -0.558051 4
      vertex -14.9534 -1.04644 11
      vertex -14.9535 -1.04565 11
    endloop
  endfacet
  facet normal -0.454958 0.542246 -0.706387
    outer loop
      vertex -4.92529 6.30409 4
      vertex -10.0297 11.1403 11
      vertex -9.22877 11.8123 11
    endloop
  endfacet
  facet normal 0.491732 -0.509132 -0.706388
    outer loop
      vertex 10.0303 -11.1398 11
      vertex 5.35304 -5.94516 4
      vertex 10.7823 -10.4135 11
    endloop
  endfacet
  facet normal 0.147187 -0.692359 -0.706381
    outer loop
      vertex 2.60299 -14.7623 11
      vertex 2.66716 -11.6879 8
      vertex 3.62563 -14.5449 11
    endloop
  endfacet
  facet normal 0.147152 -0.692362 -0.706385
    outer loop
      vertex 2.66716 -11.6879 8
      vertex 2.60299 -14.7623 11
      vertex 2.08279 -11.8121 8
    endloop
  endfacet
  facet normal 0.70285 -0.0912793 -0.705457
    outer loop
      vertex 14.6623 -3.11737 11
      vertex 7.82518 -1.66329 4
      vertex 14.6624 -3.1166 11
    endloop
  endfacet
  facet normal 0.686798 -0.17124 -0.706389
    outer loop
      vertex 7.82518 -1.66329 4
      vertex 14.6623 -3.11737 11
      vertex 7.69009 -2.2051 4
    endloop
  endfacet
  facet normal 0.288002 -0.64659 -0.706382
    outer loop
      vertex 5.61609 -13.8982 11
      vertex 4.71218 -11.0234 8
      vertex 5 -10.8952 8
    endloop
  endfacet
  facet normal 0.287933 -0.646613 -0.70639
    outer loop
      vertex 5 -10.8952 8
      vertex 6.57119 -13.4729 11
      vertex 5.61609 -13.8982 11
    endloop
  endfacet
  facet normal 0.287854 -0.646654 -0.706384
    outer loop
      vertex 6.57119 -13.4729 11
      vertex 5 -10.8952 8
      vertex 5 -10.2515 7.41073
    endloop
  endfacet
  facet normal -0.33234 -0.624954 -0.706387
    outer loop
      vertex -7.49501 -12.9817 11
      vertex -5 -9.47277 6.72173
      vertex -6.57189 -13.4726 11
    endloop
  endfacet
  facet normal -0.332318 -0.624968 -0.706385
    outer loop
      vertex -5 -9.47277 6.72173
      vertex -7.49501 -12.9817 11
      vertex -5 -8.66025 6.00286
    endloop
  endfacet
  facet normal -0.0493555 0.706104 -0.706386
    outer loop
      vertex -0.836227 7.95617 4
      vertex -1.56688 14.9079 11
      vertex -0.523938 14.9808 11
    endloop
  endfacet
  facet normal -0.242162 -0.665115 -0.706385
    outer loop
      vertex -4.63217 -14.2564 11
      vertex -4.26784 -11.2029 8
      vertex -3.70644 -11.4073 8
    endloop
  endfacet
  facet normal -0.242101 -0.665129 -0.706392
    outer loop
      vertex -4.26784 -11.2029 8
      vertex -4.63217 -14.2564 11
      vertex -5.61461 -13.8988 11
    endloop
  endfacet
  facet normal -0.0985072 0.700938 -0.706387
    outer loop
      vertex -0.836227 7.95617 4
      vertex -2.6022 14.7624 11
      vertex -1.56688 14.9079 11
    endloop
  endfacet
  facet normal -0.0983085 -0.700972 -0.70638
    outer loop
      vertex -2.6022 -14.7624 11
      vertex -2.08279 -11.8121 8
      vertex -1.84535 -11.8454 8
    endloop
  endfacet
  facet normal -0.0889145 -0.702425 -0.706182
    outer loop
      vertex -2.08279 -11.8121 8
      vertex -2.6022 -14.7624 11
      vertex -2.60299 -14.7623 11
    endloop
  endfacet
  facet normal -0.242092 0.665138 -0.706388
    outer loop
      vertex -2.99685 7.41747 4
      vertex -5.61461 13.8988 11
      vertex -2.47214 7.60845 4
    endloop
  endfacet
  facet normal -0.262801 0.657002 -0.7066
    outer loop
      vertex -5.61461 13.8988 11
      vertex -2.99685 7.41747 4
      vertex -5.61536 13.8985 11
    endloop
  endfacet
  facet normal -0.707396 -0.0247116 -0.706385
    outer loop
      vertex -14.9535 -1.04485 11
      vertex -14.99 0 11
      vertex -8 0 4
    endloop
  endfacet
  facet normal 0.565166 -0.428156 -0.705173
    outer loop
      vertex 12.7118 -7.94416 11
      vertex 6.78438 -4.23935 4
      vertex 12.7123 -7.9435 11
    endloop
  endfacet
  facet normal 0.586821 -0.395803 -0.706387
    outer loop
      vertex 6.78438 -4.23935 4
      vertex 12.7118 -7.94416 11
      vertex 6.47214 -4.70228 4
    endloop
  endfacet
  facet normal 0.557765 -0.435794 -0.706387
    outer loop
      vertex 11.4835 -9.63477 11
      vertex 6.47214 -4.70228 4
      vertex 12.1272 -8.81091 11
    endloop
  endfacet
  facet normal 0 -0.707826 -0.706387
    outer loop
      vertex -0.418594 -11.987 8
      vertex 0.523143 -14.9809 11
      vertex -0.523143 -14.9809 11
    endloop
  endfacet
  facet normal 0 -0.707826 -0.706387
    outer loop
      vertex 0.523143 -14.9809 11
      vertex -0.418594 -11.987 8
      vertex 0.418594 -11.987 8
    endloop
  endfacet
  facet normal -0.636195 -0.310281 -0.706386
    outer loop
      vertex -13.2354 -7.03739 11
      vertex -13.6937 -6.0977 11
      vertex -7.06358 -3.75577 4
    endloop
  endfacet
  facet normal -0.0884913 -0.703506 -0.705159
    outer loop
      vertex -0.523938 -14.9808 11
      vertex -0.418594 -11.987 8
      vertex -0.523143 -14.9809 11
    endloop
  endfacet
  facet normal -0.0493016 -0.706111 -0.706383
    outer loop
      vertex -0.418594 -11.987 8
      vertex -0.523938 -14.9808 11
      vertex -0.657776 -11.9703 8
    endloop
  endfacet
  facet normal -0.703949 0.0739987 -0.706385
    outer loop
      vertex -7.92214 1.11338 4
      vertex -14.9534 1.04644 11
      vertex -14.8441 2.08621 11
    endloop
  endfacet
  facet normal -0.557765 0.435794 -0.706387
    outer loop
      vertex -6.47214 4.70228 4
      vertex -12.1272 8.81091 11
      vertex -11.4835 9.63477 11
    endloop
  endfacet
  facet normal 0.454958 -0.542246 -0.706387
    outer loop
      vertex 5 -6.39971 4.12152
      vertex 10.0297 -11.1403 11
      vertex 9.22877 -11.8123 11
    endloop
  endfacet
  facet normal 0.454902 -0.542299 -0.706382
    outer loop
      vertex 10.0297 -11.1403 11
      vertex 5 -6.39971 4.12152
      vertex 5 -6.37487 4.10245
    endloop
  endfacet
  facet normal 0.33234 -0.624954 -0.706387
    outer loop
      vertex 5 -9.47277 6.72173
      vertex 7.49501 -12.9817 11
      vertex 6.57189 -13.4726 11
    endloop
  endfacet
  facet normal 0.332318 -0.624968 -0.706385
    outer loop
      vertex 7.49501 -12.9817 11
      vertex 5 -9.47277 6.72173
      vertex 5 -8.66025 6.00286
    endloop
  endfacet
  facet normal -0.242083 -0.665137 -0.706391
    outer loop
      vertex -5.61461 -13.8988 11
      vertex -4.49314 -11.1209 8
      vertex -4.26784 -11.2029 8
    endloop
  endfacet
  facet normal -0.2628 -0.657001 -0.706602
    outer loop
      vertex -4.49314 -11.1209 8
      vertex -5.61461 -13.8988 11
      vertex -5.61536 -13.8985 11
    endloop
  endfacet
  facet normal -0.491693 0.509174 -0.706385
    outer loop
      vertex -5.75472 5.55727 4
      vertex -10.7823 10.4135 11
      vertex -5.35304 5.94516 4
    endloop
  endfacet
  facet normal -0.500396 0.500396 -0.706546
    outer loop
      vertex -10.7823 10.4135 11
      vertex -5.75472 5.55727 4
      vertex -10.7829 10.4129 11
    endloop
  endfacet
  facet normal 0.586824 -0.395797 -0.706387
    outer loop
      vertex 12.1272 -8.81091 11
      vertex 6.47214 -4.70228 4
      vertex 12.7118 -7.94416 11
    endloop
  endfacet
  facet normal 0.454958 0.542246 -0.706387
    outer loop
      vertex 10.0297 11.1403 11
      vertex 4.92529 6.30409 4
      vertex 9.22877 11.8123 11
    endloop
  endfacet
  facet normal -0.586824 0.395797 -0.706387
    outer loop
      vertex -6.47214 4.70228 4
      vertex -12.7118 7.94416 11
      vertex -12.1272 8.81091 11
    endloop
  endfacet
  facet normal 0.636195 -0.310281 -0.706386
    outer loop
      vertex 13.2354 -7.03739 11
      vertex 7.06358 -3.75577 4
      vertex 13.6937 -6.0977 11
    endloop
  endfacet
  facet normal 0.0889143 0.702423 -0.706184
    outer loop
      vertex 1.38918 7.87846 4
      vertex 2.6022 14.7624 11
      vertex 2.60299 14.7623 11
    endloop
  endfacet
  facet normal 0.0985073 0.700938 -0.706387
    outer loop
      vertex 2.6022 14.7624 11
      vertex 1.38918 7.87846 4
      vertex 0.836227 7.95617 4
    endloop
  endfacet
  facet normal -0.656296 0.265129 -0.706387
    outer loop
      vertex -7.51754 2.73616 4
      vertex -14.086 5.12689 11
      vertex -13.6944 6.09625 11
    endloop
  endfacet
  facet normal 0.702561 -0.0889318 -0.706045
    outer loop
      vertex 14.9534 -1.04644 11
      vertex 7.98051 -0.558051 4
      vertex 14.9535 -1.04565 11
    endloop
  endfacet
  facet normal 0.703949 -0.0739913 -0.706386
    outer loop
      vertex 7.98051 -0.558051 4
      vertex 14.9534 -1.04644 11
      vertex 7.92214 -1.11338 4
    endloop
  endfacet
  facet normal 0.435031 -0.55684 -0.707586
    outer loop
      vertex 5 -7.20591 4.77508
      vertex 9.22877 -11.8123 11
      vertex 9.22813 -11.8128 11
    endloop
  endfacet
  facet normal 0.416049 -0.572644 -0.706386
    outer loop
      vertex 9.22877 -11.8123 11
      vertex 5 -7.20591 4.77508
      vertex 5 -6.39971 4.12152
    endloop
  endfacet
  facet normal -0.656296 -0.265129 -0.706387
    outer loop
      vertex -13.6944 -6.09625 11
      vertex -14.086 -5.12689 11
      vertex -7.51754 -2.73616 4
    endloop
  endfacet
  facet normal -0.491693 -0.509174 -0.706385
    outer loop
      vertex -10.7823 -10.4135 11
      vertex -5.75472 -5.55727 4
      vertex -5.35304 -5.94516 4
    endloop
  endfacet
  facet normal -0.500396 -0.500396 -0.706546
    outer loop
      vertex -5.75472 -5.55727 4
      vertex -10.7823 -10.4135 11
      vertex -10.7829 -10.4129 11
    endloop
  endfacet
  facet normal 0.278909 -0.650787 -0.706178
    outer loop
      vertex 5 -10.2515 7.41073
      vertex 6.57189 -13.4726 11
      vertex 6.57119 -13.4729 11
    endloop
  endfacet
  facet normal 0.332246 -0.624998 -0.706393
    outer loop
      vertex 6.57189 -13.4726 11
      vertex 5 -10.2515 7.41073
      vertex 5 -9.47277 6.72173
    endloop
  endfacet
  facet normal -0.586824 -0.395797 -0.706387
    outer loop
      vertex -12.1272 -8.81091 11
      vertex -12.7118 -7.94416 11
      vertex -6.47214 -4.70228 4
    endloop
  endfacet
  facet normal 0.0494063 -0.706101 -0.706386
    outer loop
      vertex 1.56688 -14.9079 11
      vertex 0.657776 -11.9703 8
      vertex 1.25374 -11.9286 8
    endloop
  endfacet
  facet normal 0.049356 -0.70611 -0.70638
    outer loop
      vertex 0.657776 -11.9703 8
      vertex 1.56688 -14.9079 11
      vertex 0.523938 -14.9808 11
    endloop
  endfacet
  facet normal -0.686798 0.17124 -0.706389
    outer loop
      vertex -7.82518 1.66329 4
      vertex -14.6623 3.11737 11
      vertex -7.69009 2.2051 4
    endloop
  endfacet
  facet normal -0.70285 0.0912793 -0.705457
    outer loop
      vertex -14.6623 3.11737 11
      vertex -7.82518 1.66329 4
      vertex -14.6624 3.1166 11
    endloop
  endfacet
  facet normal -0.68679 -0.171285 -0.706386
    outer loop
      vertex -14.4093 -4.13181 11
      vertex -14.6623 -3.11737 11
      vertex -7.69009 -2.2051 4
    endloop
  endfacet
  facet normal -0.375077 0.600279 -0.706387
    outer loop
      vertex -4.47354 6.6323 4
      vertex -8.38231 12.4273 11
      vertex -7.49568 12.9813 11
    endloop
  endfacet
  facet normal 0.453166 0.543799 -0.706345
    outer loop
      vertex 5.35304 5.94516 4
      vertex 10.0297 11.1403 11
      vertex 10.0303 11.1398 11
    endloop
  endfacet
  facet normal 0.454984 0.542221 -0.706389
    outer loop
      vertex 10.0297 11.1403 11
      vertex 5.35304 5.94516 4
      vertex 4.92529 6.30409 4
    endloop
  endfacet
  facet normal -0.68679 0.171285 -0.706386
    outer loop
      vertex -7.69009 2.2051 4
      vertex -14.6623 3.11737 11
      vertex -14.4093 4.13181 11
    endloop
  endfacet
  facet normal -0.195055 0.680419 -0.706388
    outer loop
      vertex -2.47214 7.60845 4
      vertex -4.63217 14.2564 11
      vertex -3.62718 14.5445 11
    endloop
  endfacet
  facet normal -0.454984 0.542221 -0.706389
    outer loop
      vertex -5.35304 5.94516 4
      vertex -10.0297 11.1403 11
      vertex -4.92529 6.30409 4
    endloop
  endfacet
  facet normal -0.453166 0.543799 -0.706345
    outer loop
      vertex -10.0297 11.1403 11
      vertex -5.35304 5.94516 4
      vertex -10.0303 11.1398 11
    endloop
  endfacet
  facet normal 0.416039 -0.572651 -0.706387
    outer loop
      vertex 5 -7.41281 4.9428
      vertex 9.22813 -11.8128 11
      vertex 8.38231 -12.4273 11
    endloop
  endfacet
  facet normal 0.416073 -0.572623 -0.70639
    outer loop
      vertex 9.22813 -11.8128 11
      vertex 5 -7.41281 4.9428
      vertex 5 -7.20591 4.77508
    endloop
  endfacet
  facet normal -0.287934 0.646617 -0.706385
    outer loop
      vertex -3.50697 7.19035 4
      vertex -6.57119 13.4729 11
      vertex -5.61609 13.8982 11
    endloop
  endfacet
  facet normal -0.454982 -0.542219 -0.706393
    outer loop
      vertex -5 -6.37487 4.10245
      vertex -5.35304 -5.94516 4
      vertex -5 -6.2414 4
    endloop
  endfacet
  facet normal -0.453227 -0.543873 -0.706249
    outer loop
      vertex -10.0303 -11.1398 11
      vertex -5 -6.37487 4.10245
      vertex -10.0297 -11.1403 11
    endloop
  endfacet
  facet normal -0.454985 -0.54222 -0.706389
    outer loop
      vertex -5 -6.37487 4.10245
      vertex -10.0303 -11.1398 11
      vertex -5.35304 -5.94516 4
    endloop
  endfacet
  facet normal 0.416039 0.572651 -0.706387
    outer loop
      vertex 9.22813 11.8128 11
      vertex 4.47354 6.6323 4
      vertex 8.38231 12.4273 11
    endloop
  endfacet
  facet normal 0.242103 0.665133 -0.706388
    outer loop
      vertex 5.61461 13.8988 11
      vertex 2.47214 7.60845 4
      vertex 4.63217 14.2564 11
    endloop
  endfacet
  facet normal -0.525993 0.473658 -0.706385
    outer loop
      vertex -6.12836 5.1423 4
      vertex -11.483 9.6354 11
      vertex -10.7834 10.4123 11
    endloop
  endfacet
  facet normal 0.435637 0.557615 -0.706602
    outer loop
      vertex 4.92529 6.30409 4
      vertex 9.22813 11.8128 11
      vertex 9.22877 11.8123 11
    endloop
  endfacet
  facet normal 0.416045 0.572646 -0.706388
    outer loop
      vertex 9.22813 11.8128 11
      vertex 4.92529 6.30409 4
      vertex 4.47354 6.6323 4
    endloop
  endfacet
  facet normal -0.195055 -0.680418 -0.706389
    outer loop
      vertex -4.63217 -14.2564 11
      vertex -3.13216 -11.5719 8
      vertex -3.62718 -14.5445 11
    endloop
  endfacet
  facet normal -0.195025 -0.68043 -0.706385
    outer loop
      vertex -3.13216 -11.5719 8
      vertex -4.63217 -14.2564 11
      vertex -3.70644 -11.4073 8
    endloop
  endfacet
  facet normal 0.195055 0.680419 -0.706388
    outer loop
      vertex 4.63217 14.2564 11
      vertex 2.47214 7.60845 4
      vertex 3.62718 14.5445 11
    endloop
  endfacet
  facet normal -0.707396 -0.0247059 -0.706385
    outer loop
      vertex -7.98051 -0.558051 4
      vertex -14.9535 -1.04485 11
      vertex -8 0 4
    endloop
  endfacet
  facet normal -0.708472 -0 -0.705739
    outer loop
      vertex -14.9535 -1.04485 11
      vertex -7.98051 -0.558051 4
      vertex -14.9535 -1.04565 11
    endloop
  endfacet
  facet normal -0.557765 -0.435794 -0.706387
    outer loop
      vertex -11.4835 -9.63477 11
      vertex -12.1272 -8.81091 11
      vertex -6.47214 -4.70228 4
    endloop
  endfacet
  facet normal 0.262801 0.657002 -0.7066
    outer loop
      vertex 2.99685 7.41747 4
      vertex 5.61461 13.8988 11
      vertex 5.61536 13.8985 11
    endloop
  endfacet
  facet normal 0.242092 0.665138 -0.706388
    outer loop
      vertex 5.61461 13.8988 11
      vertex 2.99685 7.41747 4
      vertex 2.47214 7.60845 4
    endloop
  endfacet
  facet normal 0.500396 -0.500396 -0.706546
    outer loop
      vertex 10.7823 -10.4135 11
      vertex 5.75472 -5.55727 4
      vertex 10.7829 -10.4129 11
    endloop
  endfacet
  facet normal 0.491693 -0.509174 -0.706385
    outer loop
      vertex 5.75472 -5.55727 4
      vertex 10.7823 -10.4135 11
      vertex 5.35304 -5.94516 4
    endloop
  endfacet
  facet normal -0.586821 0.395803 -0.706387
    outer loop
      vertex -6.78438 4.23935 4
      vertex -12.7118 7.94416 11
      vertex -6.47214 4.70228 4
    endloop
  endfacet
  facet normal -0.565166 0.428156 -0.705173
    outer loop
      vertex -12.7118 7.94416 11
      vertex -6.78438 4.23935 4
      vertex -12.7123 7.9435 11
    endloop
  endfacet
  facet normal -0.707396 0.0247116 -0.706385
    outer loop
      vertex -8 0 4
      vertex -14.99 0 11
      vertex -14.9535 1.04485 11
    endloop
  endfacet
  facet normal 0.453227 -0.543873 -0.706249
    outer loop
      vertex 5 -6.37487 4.10245
      vertex 10.0303 -11.1398 11
      vertex 10.0297 -11.1403 11
    endloop
  endfacet
  facet normal 0.454985 -0.54222 -0.706389
    outer loop
      vertex 10.0303 -11.1398 11
      vertex 5 -6.37487 4.10245
      vertex 5.35304 -5.94516 4
    endloop
  endfacet
  facet normal 0.454982 -0.542219 -0.706393
    outer loop
      vertex 5.35304 -5.94516 4
      vertex 5 -6.37487 4.10245
      vertex 5 -6.2414 4
    endloop
  endfacet
  facet normal 0.697079 0.122883 -0.706385
    outer loop
      vertex 14.8441 2.08621 11
      vertex 7.92214 1.11338 4
      vertex 14.6626 3.11581 11
    endloop
  endfacet
  facet normal -0.686226 -0.173728 -0.706337
    outer loop
      vertex -14.6626 -3.11581 11
      vertex -7.82518 -1.66329 4
      vertex -14.6624 -3.1166 11
    endloop
  endfacet
  facet normal -0.697073 -0.122908 -0.706387
    outer loop
      vertex -7.82518 -1.66329 4
      vertex -14.6626 -3.11581 11
      vertex -7.92214 -1.11338 4
    endloop
  endfacet
  facet normal 0.375077 -0.600279 -0.706386
    outer loop
      vertex 5 -7.7383 5.2194
      vertex 8.38231 -12.4273 11
      vertex 7.49568 -12.9813 11
    endloop
  endfacet
  facet normal 0.37507 -0.600284 -0.706386
    outer loop
      vertex 8.38231 -12.4273 11
      vertex 5 -7.7383 5.2194
      vertex 5 -7.41281 4.9428
    endloop
  endfacet
  facet normal -0.612991 0.353917 -0.706389
    outer loop
      vertex -12.7127 7.94281 11
      vertex -6.78438 4.23935 4
      vertex -7.06358 3.75577 4
    endloop
  endfacet
  facet normal -0.612349 0.354985 -0.70641
    outer loop
      vertex -6.78438 4.23935 4
      vertex -12.7127 7.94281 11
      vertex -12.7123 7.9435 11
    endloop
  endfacet
  facet normal 0.703949 0.0739987 -0.706385
    outer loop
      vertex 14.9534 1.04644 11
      vertex 7.92214 1.11338 4
      vertex 14.8441 2.08621 11
    endloop
  endfacet
  facet normal -0.416039 -0.572651 -0.706387
    outer loop
      vertex -9.22813 -11.8128 11
      vertex -5 -7.41281 4.9428
      vertex -8.38231 -12.4273 11
    endloop
  endfacet
  facet normal -0.416073 -0.572623 -0.70639
    outer loop
      vertex -5 -7.41281 4.9428
      vertex -9.22813 -11.8128 11
      vertex -5 -7.20591 4.77508
    endloop
  endfacet
  facet normal 0.68679 0.171285 -0.706386
    outer loop
      vertex 14.6623 3.11737 11
      vertex 7.69009 2.2051 4
      vertex 14.4093 4.13181 11
    endloop
  endfacet
  facet normal 0.613008 0.35389 -0.706387
    outer loop
      vertex 13.2354 7.03739 11
      vertex 7.06358 3.75577 4
      vertex 12.7127 7.94281 11
    endloop
  endfacet
  facet normal -0.416039 0.572651 -0.706387
    outer loop
      vertex -4.47354 6.6323 4
      vertex -9.22813 11.8128 11
      vertex -8.38231 12.4273 11
    endloop
  endfacet
  facet normal 0.287898 0.646631 -0.706388
    outer loop
      vertex 2.99685 7.41747 4
      vertex 5.61609 13.8982 11
      vertex 3.50697 7.19035 4
    endloop
  endfacet
  facet normal 0.268974 0.654504 -0.706596
    outer loop
      vertex 5.61609 13.8982 11
      vertex 2.99685 7.41747 4
      vertex 5.61536 13.8985 11
    endloop
  endfacet
  facet normal -0.526021 0.47363 -0.706383
    outer loop
      vertex -10.7834 10.4123 11
      vertex -5.75472 5.55727 4
      vertex -6.12836 5.1423 4
    endloop
  endfacet
  facet normal -0.544331 0.453609 -0.70565
    outer loop
      vertex -5.75472 5.55727 4
      vertex -10.7834 10.4123 11
      vertex -10.7829 10.4129 11
    endloop
  endfacet
  facet normal -0.697079 -0.122883 -0.706385
    outer loop
      vertex -14.6626 -3.11581 11
      vertex -14.8441 -2.08621 11
      vertex -7.92214 -1.11338 4
    endloop
  endfacet
  facet normal -0.686798 -0.17124 -0.706389
    outer loop
      vertex -14.6623 -3.11737 11
      vertex -7.82518 -1.66329 4
      vertex -7.69009 -2.2051 4
    endloop
  endfacet
  facet normal -0.70285 -0.0912793 -0.705457
    outer loop
      vertex -7.82518 -1.66329 4
      vertex -14.6623 -3.11737 11
      vertex -14.6624 -3.1166 11
    endloop
  endfacet
  facet normal 0.375077 0.600279 -0.706387
    outer loop
      vertex 8.38231 12.4273 11
      vertex 4.47354 6.6323 4
      vertex 7.49568 12.9813 11
    endloop
  endfacet
  facet normal -0.332341 0.624955 -0.706386
    outer loop
      vertex -4 6.9282 4
      vertex -7.49501 12.9817 11
      vertex -6.57189 13.4726 11
    endloop
  endfacet
  facet normal -0.435031 -0.55684 -0.707586
    outer loop
      vertex -9.22877 -11.8123 11
      vertex -5 -7.20591 4.77508
      vertex -9.22813 -11.8128 11
    endloop
  endfacet
  facet normal -0.416049 -0.572644 -0.706386
    outer loop
      vertex -5 -7.20591 4.77508
      vertex -9.22877 -11.8123 11
      vertex -5 -6.39971 4.12152
    endloop
  endfacet
  facet normal -0.147158 0.692361 -0.706385
    outer loop
      vertex -1.93537 7.76237 4
      vertex -3.62563 14.5449 11
      vertex -1.38918 7.87846 4
    endloop
  endfacet
  facet normal -0.175756 0.685447 -0.706592
    outer loop
      vertex -3.62563 14.5449 11
      vertex -1.93537 7.76237 4
      vertex -3.62641 14.5447 11
    endloop
  endfacet
  facet normal -0.0985073 0.700938 -0.706387
    outer loop
      vertex -1.38918 7.87846 4
      vertex -2.6022 14.7624 11
      vertex -0.836227 7.95617 4
    endloop
  endfacet
  facet normal -0.0889143 0.702423 -0.706184
    outer loop
      vertex -2.6022 14.7624 11
      vertex -1.38918 7.87846 4
      vertex -2.60299 14.7623 11
    endloop
  endfacet
  facet normal -0.636195 0.310281 -0.706386
    outer loop
      vertex -7.06358 3.75577 4
      vertex -13.6937 6.0977 11
      vertex -13.2354 7.03739 11
    endloop
  endfacet
  facet normal 0.0493865 0.706103 -0.706385
    outer loop
      vertex 0.279196 7.99513 4
      vertex 0.523938 14.9808 11
      vertex 0.836227 7.95617 4
    endloop
  endfacet
  facet normal 0.0884912 0.703505 -0.705159
    outer loop
      vertex 0.523938 14.9808 11
      vertex 0.279196 7.99513 4
      vertex 0.523143 14.9809 11
    endloop
  endfacet
  facet normal -0.375077 -0.600279 -0.706386
    outer loop
      vertex -8.38231 -12.4273 11
      vertex -5 -7.7383 5.2194
      vertex -7.49568 -12.9813 11
    endloop
  endfacet
  facet normal -0.37507 -0.600284 -0.706386
    outer loop
      vertex -5 -7.7383 5.2194
      vertex -8.38231 -12.4273 11
      vertex -5 -7.41281 4.9428
    endloop
  endfacet
  facet normal -0.697073 0.122908 -0.706387
    outer loop
      vertex -14.6626 3.11581 11
      vertex -7.82518 1.66329 4
      vertex -7.92214 1.11338 4
    endloop
  endfacet
  facet normal -0.686226 0.173728 -0.706337
    outer loop
      vertex -7.82518 1.66329 4
      vertex -14.6626 3.11581 11
      vertex -14.6624 3.1166 11
    endloop
  endfacet
  facet normal -0.703949 0.0739913 -0.706386
    outer loop
      vertex -7.98051 0.558051 4
      vertex -14.9534 1.04644 11
      vertex -7.92214 1.11338 4
    endloop
  endfacet
  facet normal -0.702561 0.0889318 -0.706045
    outer loop
      vertex -14.9534 1.04644 11
      vertex -7.98051 0.558051 4
      vertex -14.9535 1.04565 11
    endloop
  endfacet
  facet normal 0.636195 0.310281 -0.706386
    outer loop
      vertex 13.6937 6.0977 11
      vertex 7.06358 3.75577 4
      vertex 13.2354 7.03739 11
    endloop
  endfacet
  facet normal -0.147152 -0.692362 -0.706385
    outer loop
      vertex -2.60299 -14.7623 11
      vertex -2.66716 -11.6879 8
      vertex -2.08279 -11.8121 8
    endloop
  endfacet
  facet normal -0.147187 -0.692359 -0.706381
    outer loop
      vertex -2.66716 -11.6879 8
      vertex -2.60299 -14.7623 11
      vertex -3.62563 -14.5449 11
    endloop
  endfacet
  facet normal -0.697079 0.122883 -0.706385
    outer loop
      vertex -7.92214 1.11338 4
      vertex -14.8441 2.08621 11
      vertex -14.6626 3.11581 11
    endloop
  endfacet
  facet normal 0 0.707826 -0.706387
    outer loop
      vertex 0.279196 7.99513 4
      vertex -0.523143 14.9809 11
      vertex 0.523143 14.9809 11
    endloop
  endfacet
  facet normal 0 0.707826 -0.706387
    outer loop
      vertex -0.523143 14.9809 11
      vertex 0.279196 7.99513 4
      vertex -0.279196 7.99513 4
    endloop
  endfacet
  facet normal -0.268974 -0.654502 -0.706598
    outer loop
      vertex -5.61609 -13.8982 11
      vertex -4.49314 -11.1209 8
      vertex -5.61536 -13.8985 11
    endloop
  endfacet
  facet normal -0.28784 -0.646652 -0.706392
    outer loop
      vertex -4.49314 -11.1209 8
      vertex -5.61609 -13.8982 11
      vertex -4.71218 -11.0234 8
    endloop
  endfacet
  facet normal -0.332305 0.624972 -0.706388
    outer loop
      vertex -6.57189 13.4726 11
      vertex -3.50697 7.19035 4
      vertex -4 6.9282 4
    endloop
  endfacet
  facet normal -0.278909 0.650787 -0.706177
    outer loop
      vertex -3.50697 7.19035 4
      vertex -6.57189 13.4726 11
      vertex -6.57119 13.4729 11
    endloop
  endfacet
  facet normal -0.0884912 0.703505 -0.705159
    outer loop
      vertex -0.279196 7.99513 4
      vertex -0.523938 14.9808 11
      vertex -0.523143 14.9809 11
    endloop
  endfacet
  facet normal -0.0493865 0.706103 -0.706385
    outer loop
      vertex -0.523938 14.9808 11
      vertex -0.279196 7.99513 4
      vertex -0.836227 7.95617 4
    endloop
  endfacet
  facet normal 0.362749 -0.607604 -0.706563
    outer loop
      vertex 5 -8.66025 6.00286
      vertex 7.49568 -12.9813 11
      vertex 7.49501 -12.9817 11
    endloop
  endfacet
  facet normal 0.375082 -0.600277 -0.706386
    outer loop
      vertex 7.49568 -12.9813 11
      vertex 5 -8.66025 6.00286
      vertex 5 -7.7383 5.2194
    endloop
  endfacet
  facet normal -0.655955 -0.265928 -0.706403
    outer loop
      vertex -13.6944 -6.09625 11
      vertex -7.30836 -3.25389 4
      vertex -13.6941 -6.09699 11
    endloop
  endfacet
  facet normal -0.656282 -0.265159 -0.706389
    outer loop
      vertex -7.30836 -3.25389 4
      vertex -13.6944 -6.09625 11
      vertex -7.51754 -2.73616 4
    endloop
  endfacet
  facet normal -0.242103 0.665133 -0.706388
    outer loop
      vertex -2.47214 7.60845 4
      vertex -5.61461 13.8988 11
      vertex -4.63217 14.2564 11
    endloop
  endfacet
  facet normal 0.0985072 0.700938 -0.706387
    outer loop
      vertex 2.6022 14.7624 11
      vertex 0.836227 7.95617 4
      vertex 1.56688 14.9079 11
    endloop
  endfacet
  facet normal 0.557776 0.435781 -0.706386
    outer loop
      vertex 6.12836 5.1423 4
      vertex 11.4835 9.63477 11
      vertex 6.47214 4.70228 4
    endloop
  endfacet
  facet normal 0.554368 0.439974 -0.70647
    outer loop
      vertex 11.4835 9.63477 11
      vertex 6.12836 5.1423 4
      vertex 11.483 9.6354 11
    endloop
  endfacet
  facet normal 0.684396 0.180104 -0.706516
    outer loop
      vertex 7.69009 2.2051 4
      vertex 14.4091 4.13257 11
      vertex 14.4093 4.13181 11
    endloop
  endfacet
  facet normal 0.673183 0.218728 -0.706387
    outer loop
      vertex 14.4091 4.13257 11
      vertex 7.69009 2.2051 4
      vertex 7.51754 2.73616 4
    endloop
  endfacet
  facet normal 0.617868 0.348095 -0.705031
    outer loop
      vertex 7.30836 3.25389 4
      vertex 13.6937 6.0977 11
      vertex 13.6941 6.09699 11
    endloop
  endfacet
  facet normal 0.636192 0.310288 -0.706386
    outer loop
      vertex 13.6937 6.0977 11
      vertex 7.30836 3.25389 4
      vertex 7.06358 3.75577 4
    endloop
  endfacet
  facet normal 0.557765 0.435794 -0.706387
    outer loop
      vertex 12.1272 8.81091 11
      vertex 6.47214 4.70228 4
      vertex 11.4835 9.63477 11
    endloop
  endfacet
  facet normal 0.702561 0.0889318 -0.706045
    outer loop
      vertex 7.98051 0.558051 4
      vertex 14.9534 1.04644 11
      vertex 14.9535 1.04565 11
    endloop
  endfacet
  facet normal 0.703949 0.0739913 -0.706386
    outer loop
      vertex 14.9534 1.04644 11
      vertex 7.98051 0.558051 4
      vertex 7.92214 1.11338 4
    endloop
  endfacet
  facet normal 0.526021 0.47363 -0.706383
    outer loop
      vertex 5.75472 5.55727 4
      vertex 10.7834 10.4123 11
      vertex 6.12836 5.1423 4
    endloop
  endfacet
  facet normal 0.544331 0.453609 -0.70565
    outer loop
      vertex 10.7834 10.4123 11
      vertex 5.75472 5.55727 4
      vertex 10.7829 10.4129 11
    endloop
  endfacet
  facet normal -0.612349 -0.354985 -0.70641
    outer loop
      vertex -12.7127 -7.94281 11
      vertex -6.78438 -4.23935 4
      vertex -12.7123 -7.9435 11
    endloop
  endfacet
  facet normal -0.612991 -0.353917 -0.706389
    outer loop
      vertex -6.78438 -4.23935 4
      vertex -12.7127 -7.94281 11
      vertex -7.06358 -3.75577 4
    endloop
  endfacet
  facet normal 0.287934 0.646617 -0.706385
    outer loop
      vertex 6.57119 13.4729 11
      vertex 3.50697 7.19035 4
      vertex 5.61609 13.8982 11
    endloop
  endfacet
  facet normal -0.525993 -0.473658 -0.706385
    outer loop
      vertex -10.7834 -10.4123 11
      vertex -11.483 -9.6354 11
      vertex -6.12836 -5.1423 4
    endloop
  endfacet
  facet normal -0.554368 -0.439974 -0.70647
    outer loop
      vertex -11.4835 -9.63477 11
      vertex -6.12836 -5.1423 4
      vertex -11.483 -9.6354 11
    endloop
  endfacet
  facet normal -0.557776 -0.435781 -0.706386
    outer loop
      vertex -6.12836 -5.1423 4
      vertex -11.4835 -9.63477 11
      vertex -6.47214 -4.70228 4
    endloop
  endfacet
  facet normal -0.362749 -0.607604 -0.706563
    outer loop
      vertex -7.49568 -12.9813 11
      vertex -5 -8.66025 6.00286
      vertex -7.49501 -12.9817 11
    endloop
  endfacet
  facet normal -0.375082 -0.600277 -0.706386
    outer loop
      vertex -5 -8.66025 6.00286
      vertex -7.49568 -12.9813 11
      vertex -5 -7.7383 5.2194
    endloop
  endfacet
  facet normal 0.0493555 0.706104 -0.706386
    outer loop
      vertex 0.836227 7.95617 4
      vertex 0.523938 14.9808 11
      vertex 1.56688 14.9079 11
    endloop
  endfacet
  facet normal 0.612991 0.353917 -0.706389
    outer loop
      vertex 6.78438 4.23935 4
      vertex 12.7127 7.94281 11
      vertex 7.06358 3.75577 4
    endloop
  endfacet
  facet normal 0.612349 0.354985 -0.70641
    outer loop
      vertex 12.7127 7.94281 11
      vertex 6.78438 4.23935 4
      vertex 12.7123 7.9435 11
    endloop
  endfacet
  facet normal 0.147185 0.692354 -0.706387
    outer loop
      vertex 3.62563 14.5449 11
      vertex 1.38918 7.87846 4
      vertex 2.60299 14.7623 11
    endloop
  endfacet
  facet normal -0.0985742 -0.700931 -0.706384
    outer loop
      vertex -1.56688 -14.9079 11
      vertex -1.84535 -11.8454 8
      vertex -1.25374 -11.9286 8
    endloop
  endfacet
  facet normal -0.0985065 -0.700933 -0.706392
    outer loop
      vertex -1.84535 -11.8454 8
      vertex -1.56688 -14.9079 11
      vertex -2.6022 -14.7624 11
    endloop
  endfacet
  facet normal 0.70285 0.0912793 -0.705457
    outer loop
      vertex 7.82518 1.66329 4
      vertex 14.6623 3.11737 11
      vertex 14.6624 3.1166 11
    endloop
  endfacet
  facet normal 0.686798 0.17124 -0.706389
    outer loop
      vertex 14.6623 3.11737 11
      vertex 7.82518 1.66329 4
      vertex 7.69009 2.2051 4
    endloop
  endfacet
  facet normal -0.557776 0.435781 -0.706386
    outer loop
      vertex -11.4835 9.63477 11
      vertex -6.12836 5.1423 4
      vertex -6.47214 4.70228 4
    endloop
  endfacet
  facet normal -0.554368 0.439974 -0.70647
    outer loop
      vertex -6.12836 5.1423 4
      vertex -11.4835 9.63477 11
      vertex -11.483 9.6354 11
    endloop
  endfacet
  facet normal -0.636192 0.310288 -0.706386
    outer loop
      vertex -7.30836 3.25389 4
      vertex -13.6937 6.0977 11
      vertex -7.06358 3.75577 4
    endloop
  endfacet
  facet normal -0.617868 0.348095 -0.705031
    outer loop
      vertex -13.6937 6.0977 11
      vertex -7.30836 3.25389 4
      vertex -13.6941 6.09699 11
    endloop
  endfacet
  facet normal -0.673178 0.218746 -0.706386
    outer loop
      vertex -7.51754 2.73616 4
      vertex -14.4091 4.13257 11
      vertex -14.086 5.12689 11
    endloop
  endfacet
  facet normal -0.14731 -0.692326 -0.706389
    outer loop
      vertex -3.62563 -14.5449 11
      vertex -2.90168 -11.638 8
      vertex -2.66716 -11.6879 8
    endloop
  endfacet
  facet normal -0.175756 -0.685449 -0.70659
    outer loop
      vertex -2.90168 -11.638 8
      vertex -3.62563 -14.5449 11
      vertex -3.62641 -14.5447 11
    endloop
  endfacet
  facet normal 0.656282 0.265159 -0.706389
    outer loop
      vertex 7.30836 3.25389 4
      vertex 13.6944 6.09625 11
      vertex 7.51754 2.73616 4
    endloop
  endfacet
  facet normal 0.655955 0.265928 -0.706403
    outer loop
      vertex 13.6944 6.09625 11
      vertex 7.30836 3.25389 4
      vertex 13.6941 6.09699 11
    endloop
  endfacet
  facet normal 0.565166 0.428156 -0.705173
    outer loop
      vertex 6.78438 4.23935 4
      vertex 12.7118 7.94416 11
      vertex 12.7123 7.9435 11
    endloop
  endfacet
  facet normal 0.586821 0.395803 -0.706387
    outer loop
      vertex 12.7118 7.94416 11
      vertex 6.78438 4.23935 4
      vertex 6.47214 4.70228 4
    endloop
  endfacet
  facet normal 0.491732 0.509132 -0.706388
    outer loop
      vertex 10.7823 10.4135 11
      vertex 5.35304 5.94516 4
      vertex 10.0303 11.1398 11
    endloop
  endfacet
  facet normal 0.525993 0.473658 -0.706385
    outer loop
      vertex 11.483 9.6354 11
      vertex 6.12836 5.1423 4
      vertex 10.7834 10.4123 11
    endloop
  endfacet
  facet normal 0.175756 0.685447 -0.706592
    outer loop
      vertex 1.93537 7.76237 4
      vertex 3.62563 14.5449 11
      vertex 3.62641 14.5447 11
    endloop
  endfacet
  facet normal 0.147158 0.692361 -0.706385
    outer loop
      vertex 3.62563 14.5449 11
      vertex 1.93537 7.76237 4
      vertex 1.38918 7.87846 4
    endloop
  endfacet
  facet normal 0.332305 0.624972 -0.706388
    outer loop
      vertex 3.50697 7.19035 4
      vertex 6.57189 13.4726 11
      vertex 4 6.9282 4
    endloop
  endfacet
  facet normal 0.278909 0.650787 -0.706177
    outer loop
      vertex 6.57189 13.4726 11
      vertex 3.50697 7.19035 4
      vertex 6.57119 13.4729 11
    endloop
  endfacet
  facet normal -0.613008 -0.35389 -0.706387
    outer loop
      vertex -12.7127 -7.94281 11
      vertex -13.2354 -7.03739 11
      vertex -7.06358 -3.75577 4
    endloop
  endfacet
  facet normal -0.673183 0.218728 -0.706387
    outer loop
      vertex -7.69009 2.2051 4
      vertex -14.4091 4.13257 11
      vertex -7.51754 2.73616 4
    endloop
  endfacet
  facet normal -0.684396 0.180104 -0.706516
    outer loop
      vertex -14.4091 4.13257 11
      vertex -7.69009 2.2051 4
      vertex -14.4093 4.13181 11
    endloop
  endfacet
  facet normal 0.697073 0.122908 -0.706387
    outer loop
      vertex 7.82518 1.66329 4
      vertex 14.6626 3.11581 11
      vertex 7.92214 1.11338 4
    endloop
  endfacet
  facet normal 0.686226 0.173728 -0.706337
    outer loop
      vertex 14.6626 3.11581 11
      vertex 7.82518 1.66329 4
      vertex 14.6624 3.1166 11
    endloop
  endfacet
  facet normal -0.636192 -0.310288 -0.706386
    outer loop
      vertex -13.6937 -6.0977 11
      vertex -7.30836 -3.25389 4
      vertex -7.06358 -3.75577 4
    endloop
  endfacet
  facet normal -0.617868 -0.348095 -0.705031
    outer loop
      vertex -7.30836 -3.25389 4
      vertex -13.6937 -6.0977 11
      vertex -13.6941 -6.09699 11
    endloop
  endfacet
  facet normal 0.332341 0.624955 -0.706386
    outer loop
      vertex 7.49501 12.9817 11
      vertex 4 6.9282 4
      vertex 6.57189 13.4726 11
    endloop
  endfacet
  facet normal -0.416045 0.572646 -0.706388
    outer loop
      vertex -4.92529 6.30409 4
      vertex -9.22813 11.8128 11
      vertex -4.47354 6.6323 4
    endloop
  endfacet
  facet normal -0.435637 0.557615 -0.706602
    outer loop
      vertex -9.22813 11.8128 11
      vertex -4.92529 6.30409 4
      vertex -9.22877 11.8123 11
    endloop
  endfacet
  facet normal 0.994516 0.104585 0
    outer loop
      vertex 14.9635 1.04635 18.5
      vertex 14.854 2.0876 11
      vertex 14.854 2.0876 18.5
    endloop
  endfacet
  facet normal 0.994516 0.104585 0
    outer loop
      vertex 14.854 2.0876 11
      vertex 14.9635 1.04635 18.5
      vertex 14.9635 1.04635 11
    endloop
  endfacet
  facet normal 0.999392 0.034862 0
    outer loop
      vertex 15 0 18.5
      vertex 14.9635 1.04635 11
      vertex 14.9635 1.04635 18.5
    endloop
  endfacet
  facet normal 0.999392 0.034862 0
    outer loop
      vertex 14.9635 1.04635 11
      vertex 15 0 18.5
      vertex 15 0 11
    endloop
  endfacet
  facet normal 0.984809 0.173641 0
    outer loop
      vertex 14.854 2.0876 18.5
      vertex 14.6722 3.11868 11
      vertex 14.6722 3.11868 18.5
    endloop
  endfacet
  facet normal 0.984809 0.173641 0
    outer loop
      vertex 14.6722 3.11868 11
      vertex 14.854 2.0876 18.5
      vertex 14.854 2.0876 11
    endloop
  endfacet
  facet normal 0.970293 0.241933 0
    outer loop
      vertex 14.6722 3.11868 18.5
      vertex 14.4189 4.13456 11
      vertex 14.4189 4.13456 18.5
    endloop
  endfacet
  facet normal 0.970293 0.241933 0
    outer loop
      vertex 14.4189 4.13456 11
      vertex 14.6722 3.11868 18.5
      vertex 14.6722 3.11868 11
    endloop
  endfacet
  facet normal 0.207929 -0.978144 0
    outer loop
      vertex 2.60472 -14.7721 11
      vertex 3.62883 -14.5544 18.5
      vertex 2.60472 -14.7721 18.5
    endloop
  endfacet
  facet normal 0.207929 -0.978144 0
    outer loop
      vertex 3.62883 -14.5544 18.5
      vertex 2.60472 -14.7721 11
      vertex 3.62883 -14.5544 11
    endloop
  endfacet
  facet normal 0.207929 0.978144 -0
    outer loop
      vertex 3.62883 14.5544 11
      vertex 2.60472 14.7721 18.5
      vertex 3.62883 14.5544 18.5
    endloop
  endfacet
  facet normal 0.207929 0.978144 0
    outer loop
      vertex 2.60472 14.7721 18.5
      vertex 3.62883 14.5544 11
      vertex 2.60472 14.7721 11
    endloop
  endfacet
  facet normal -0.927187 -0.3746 0
    outer loop
      vertex -13.7032 -6.10105 11
      vertex -14.0954 -5.1303 18.5
      vertex -14.0954 -5.1303 11
    endloop
  endfacet
  facet normal -0.927187 -0.3746 0
    outer loop
      vertex -14.0954 -5.1303 18.5
      vertex -13.7032 -6.10105 11
      vertex -13.7032 -6.10105 18.5
    endloop
  endfacet
  facet normal 0.999392 -0.034862 0
    outer loop
      vertex 14.9635 -1.04635 18.5
      vertex 15 0 11
      vertex 15 0 18.5
    endloop
  endfacet
  facet normal 0.999392 -0.034862 0
    outer loop
      vertex 15 0 11
      vertex 14.9635 -1.04635 18.5
      vertex 14.9635 -1.04635 11
    endloop
  endfacet
  facet normal 0.406778 0.913527 -0
    outer loop
      vertex 6.57557 13.4819 11
      vertex 5.6191 13.9078 18.5
      vertex 6.57557 13.4819 18.5
    endloop
  endfacet
  facet normal 0.406778 0.913527 0
    outer loop
      vertex 5.6191 13.9078 18.5
      vertex 6.57557 13.4819 11
      vertex 5.6191 13.9078 11
    endloop
  endfacet
  facet normal 0.829067 0.559149 0
    outer loop
      vertex 12.7207 7.94879 18.5
      vertex 12.1353 8.81678 11
      vertex 12.1353 8.81678 18.5
    endloop
  endfacet
  facet normal 0.829067 0.559149 0
    outer loop
      vertex 12.1353 8.81678 11
      vertex 12.7207 7.94879 18.5
      vertex 12.7207 7.94879 11
    endloop
  endfacet
  facet normal 0.069819 0.99756 -0
    outer loop
      vertex 1.56793 14.9178 11
      vertex 0.523492 14.9909 18.5
      vertex 1.56793 14.9178 18.5
    endloop
  endfacet
  facet normal 0.069819 0.99756 0
    outer loop
      vertex 0.523492 14.9909 18.5
      vertex 1.56793 14.9178 11
      vertex 0.523492 14.9909 11
    endloop
  endfacet
  facet normal 0.694678 -0.719321 0
    outer loop
      vertex 10.037 -11.1472 11
      vertex 10.7901 -10.4199 18.5
      vertex 10.037 -11.1472 18.5
    endloop
  endfacet
  facet normal 0.694678 -0.719321 0
    outer loop
      vertex 10.7901 -10.4199 18.5
      vertex 10.037 -11.1472 11
      vertex 10.7901 -10.4199 11
    endloop
  endfacet
  facet normal -0.866023 -0.500004 0
    outer loop
      vertex -12.7207 -7.94879 11
      vertex -13.2442 -7.04207 18.5
      vertex -13.2442 -7.04207 11
    endloop
  endfacet
  facet normal -0.866023 -0.500004 0
    outer loop
      vertex -13.2442 -7.04207 18.5
      vertex -12.7207 -7.94879 11
      vertex -12.7207 -7.94879 18.5
    endloop
  endfacet
  facet normal -0.207929 -0.978144 0
    outer loop
      vertex -3.62883 -14.5544 11
      vertex -2.60472 -14.7721 18.5
      vertex -3.62883 -14.5544 18.5
    endloop
  endfacet
  facet normal -0.207929 -0.978144 -0
    outer loop
      vertex -2.60472 -14.7721 18.5
      vertex -3.62883 -14.5544 11
      vertex -2.60472 -14.7721 11
    endloop
  endfacet
  facet normal -0.994516 -0.104585 0
    outer loop
      vertex -14.854 -2.0876 11
      vertex -14.9635 -1.04635 18.5
      vertex -14.9635 -1.04635 11
    endloop
  endfacet
  facet normal -0.994516 -0.104585 0
    outer loop
      vertex -14.9635 -1.04635 18.5
      vertex -14.854 -2.0876 11
      vertex -14.854 -2.0876 18.5
    endloop
  endfacet
  facet normal -0.207929 0.978144 0
    outer loop
      vertex -2.60472 14.7721 11
      vertex -3.62883 14.5544 18.5
      vertex -2.60472 14.7721 18.5
    endloop
  endfacet
  facet normal -0.207929 0.978144 0
    outer loop
      vertex -3.62883 14.5544 18.5
      vertex -2.60472 14.7721 11
      vertex -3.62883 14.5544 11
    endloop
  endfacet
  facet normal 0.970293 -0.241933 0
    outer loop
      vertex 14.4189 -4.13456 18.5
      vertex 14.6722 -3.11868 11
      vertex 14.6722 -3.11868 18.5
    endloop
  endfacet
  facet normal 0.970293 -0.241933 0
    outer loop
      vertex 14.6722 -3.11868 11
      vertex 14.4189 -4.13456 18.5
      vertex 14.4189 -4.13456 11
    endloop
  endfacet
  facet normal -0.275649 -0.961258 0
    outer loop
      vertex -4.63525 -14.2658 11
      vertex -3.62883 -14.5544 18.5
      vertex -4.63525 -14.2658 18.5
    endloop
  endfacet
  facet normal -0.275649 -0.961258 -0
    outer loop
      vertex -3.62883 -14.5544 18.5
      vertex -4.63525 -14.2658 11
      vertex -3.62883 -14.5544 11
    endloop
  endfacet
  facet normal -0.642774 0.766056 0
    outer loop
      vertex -9.23492 11.8202 11
      vertex -10.037 11.1472 18.5
      vertex -9.23492 11.8202 18.5
    endloop
  endfacet
  facet normal -0.642774 0.766056 0
    outer loop
      vertex -10.037 11.1472 18.5
      vertex -9.23492 11.8202 11
      vertex -10.037 11.1472 11
    endloop
  endfacet
  facet normal 0.642774 0.766056 -0
    outer loop
      vertex 10.037 11.1472 11
      vertex 9.23492 11.8202 18.5
      vertex 10.037 11.1472 18.5
    endloop
  endfacet
  facet normal 0.642774 0.766056 0
    outer loop
      vertex 9.23492 11.8202 18.5
      vertex 10.037 11.1472 11
      vertex 9.23492 11.8202 11
    endloop
  endfacet
  facet normal -0.829067 -0.559149 0
    outer loop
      vertex -12.1353 -8.81678 11
      vertex -12.7207 -7.94879 18.5
      vertex -12.7207 -7.94879 11
    endloop
  endfacet
  facet normal -0.829067 -0.559149 0
    outer loop
      vertex -12.7207 -7.94879 18.5
      vertex -12.1353 -8.81678 11
      vertex -12.1353 -8.81678 18.5
    endloop
  endfacet
  facet normal 0.927187 0.3746 0
    outer loop
      vertex 14.0954 5.1303 18.5
      vertex 13.7032 6.10105 11
      vertex 13.7032 6.10105 18.5
    endloop
  endfacet
  facet normal 0.927187 0.3746 0
    outer loop
      vertex 13.7032 6.10105 11
      vertex 14.0954 5.1303 18.5
      vertex 14.0954 5.1303 11
    endloop
  endfacet
  facet normal 0.898781 -0.438397 0
    outer loop
      vertex 13.2442 -7.04207 18.5
      vertex 13.7032 -6.10105 11
      vertex 13.7032 -6.10105 18.5
    endloop
  endfacet
  facet normal 0.898781 -0.438397 0
    outer loop
      vertex 13.7032 -6.10105 11
      vertex 13.2442 -7.04207 18.5
      vertex 13.2442 -7.04207 11
    endloop
  endfacet
  facet normal 0.951066 0.308986 0
    outer loop
      vertex 14.4189 4.13456 18.5
      vertex 14.0954 5.1303 11
      vertex 14.0954 5.1303 18.5
    endloop
  endfacet
  facet normal 0.951066 0.308986 0
    outer loop
      vertex 14.0954 5.1303 11
      vertex 14.4189 4.13456 18.5
      vertex 14.4189 4.13456 11
    endloop
  endfacet
  facet normal 0.469451 0.882959 -0
    outer loop
      vertex 7.5 12.9904 11
      vertex 6.57557 13.4819 18.5
      vertex 7.5 12.9904 18.5
    endloop
  endfacet
  facet normal 0.469451 0.882959 0
    outer loop
      vertex 6.57557 13.4819 18.5
      vertex 7.5 12.9904 11
      vertex 6.57557 13.4819 11
    endloop
  endfacet
  facet normal -0.788003 0.615671 0
    outer loop
      vertex -12.1353 8.81678 11
      vertex -11.4907 9.64181 18.5
      vertex -11.4907 9.64181 11
    endloop
  endfacet
  facet normal -0.788003 0.615671 0
    outer loop
      vertex -11.4907 9.64181 18.5
      vertex -12.1353 8.81678 11
      vertex -12.1353 8.81678 18.5
    endloop
  endfacet
  facet normal 0.529909 0.848055 -0
    outer loop
      vertex 8.38789 12.4356 11
      vertex 7.5 12.9904 18.5
      vertex 8.38789 12.4356 18.5
    endloop
  endfacet
  facet normal 0.529909 0.848055 0
    outer loop
      vertex 7.5 12.9904 18.5
      vertex 8.38789 12.4356 11
      vertex 7.5 12.9904 11
    endloop
  endfacet
  facet normal -0.984809 -0.173641 0
    outer loop
      vertex -14.6722 -3.11868 11
      vertex -14.854 -2.0876 18.5
      vertex -14.854 -2.0876 11
    endloop
  endfacet
  facet normal -0.984809 -0.173641 0
    outer loop
      vertex -14.854 -2.0876 18.5
      vertex -14.6722 -3.11868 11
      vertex -14.6722 -3.11868 18.5
    endloop
  endfacet
  facet normal -0.587783 -0.809019 0
    outer loop
      vertex -9.23492 -11.8202 11
      vertex -8.38789 -12.4356 18.5
      vertex -9.23492 -11.8202 18.5
    endloop
  endfacet
  facet normal -0.587783 -0.809019 -0
    outer loop
      vertex -8.38789 -12.4356 18.5
      vertex -9.23492 -11.8202 11
      vertex -8.38789 -12.4356 11
    endloop
  endfacet
  facet normal 0.898781 0.438397 0
    outer loop
      vertex 13.7032 6.10105 18.5
      vertex 13.2442 7.04207 11
      vertex 13.2442 7.04207 18.5
    endloop
  endfacet
  facet normal 0.898781 0.438397 0
    outer loop
      vertex 13.2442 7.04207 11
      vertex 13.7032 6.10105 18.5
      vertex 13.7032 6.10105 11
    endloop
  endfacet
  facet normal -0.788003 -0.615671 0
    outer loop
      vertex -11.4907 -9.64181 11
      vertex -12.1353 -8.81678 18.5
      vertex -12.1353 -8.81678 11
    endloop
  endfacet
  facet normal -0.788003 -0.615671 0
    outer loop
      vertex -12.1353 -8.81678 18.5
      vertex -11.4907 -9.64181 11
      vertex -11.4907 -9.64181 18.5
    endloop
  endfacet
  facet normal 0.642774 -0.766056 0
    outer loop
      vertex 9.23492 -11.8202 11
      vertex 10.037 -11.1472 18.5
      vertex 9.23492 -11.8202 18.5
    endloop
  endfacet
  facet normal 0.642774 -0.766056 0
    outer loop
      vertex 10.037 -11.1472 18.5
      vertex 9.23492 -11.8202 11
      vertex 10.037 -11.1472 11
    endloop
  endfacet
  facet normal 0.529909 -0.848055 0
    outer loop
      vertex 7.5 -12.9904 11
      vertex 8.38789 -12.4356 18.5
      vertex 7.5 -12.9904 18.5
    endloop
  endfacet
  facet normal 0.529909 -0.848055 0
    outer loop
      vertex 8.38789 -12.4356 18.5
      vertex 7.5 -12.9904 11
      vertex 8.38789 -12.4356 11
    endloop
  endfacet
  facet normal 0.275649 -0.961258 0
    outer loop
      vertex 3.62883 -14.5544 11
      vertex 4.63525 -14.2658 18.5
      vertex 3.62883 -14.5544 18.5
    endloop
  endfacet
  facet normal 0.275649 -0.961258 0
    outer loop
      vertex 4.63525 -14.2658 18.5
      vertex 3.62883 -14.5544 11
      vertex 4.63525 -14.2658 11
    endloop
  endfacet
  facet normal 0.406778 -0.913527 0
    outer loop
      vertex 5.6191 -13.9078 11
      vertex 6.57557 -13.4819 18.5
      vertex 5.6191 -13.9078 18.5
    endloop
  endfacet
  facet normal 0.406778 -0.913527 0
    outer loop
      vertex 6.57557 -13.4819 18.5
      vertex 5.6191 -13.9078 11
      vertex 6.57557 -13.4819 11
    endloop
  endfacet
  facet normal 0.829067 -0.559149 0
    outer loop
      vertex 12.1353 -8.81678 18.5
      vertex 12.7207 -7.94879 11
      vertex 12.7207 -7.94879 18.5
    endloop
  endfacet
  facet normal 0.829067 -0.559149 0
    outer loop
      vertex 12.7207 -7.94879 11
      vertex 12.1353 -8.81678 18.5
      vertex 12.1353 -8.81678 11
    endloop
  endfacet
  facet normal 0.069819 -0.99756 0
    outer loop
      vertex 0.523492 -14.9909 11
      vertex 1.56793 -14.9178 18.5
      vertex 0.523492 -14.9909 18.5
    endloop
  endfacet
  facet normal 0.069819 -0.99756 0
    outer loop
      vertex 1.56793 -14.9178 18.5
      vertex 0.523492 -14.9909 11
      vertex 1.56793 -14.9178 11
    endloop
  endfacet
  facet normal -0.139162 0.99027 0
    outer loop
      vertex -1.56793 14.9178 11
      vertex -2.60472 14.7721 18.5
      vertex -1.56793 14.9178 18.5
    endloop
  endfacet
  facet normal -0.139162 0.99027 0
    outer loop
      vertex -2.60472 14.7721 18.5
      vertex -1.56793 14.9178 11
      vertex -2.60472 14.7721 11
    endloop
  endfacet
  facet normal 0 -1 0
    outer loop
      vertex -0.523492 -14.9909 11
      vertex 0.523492 -14.9909 18.5
      vertex -0.523492 -14.9909 18.5
    endloop
  endfacet
  facet normal 0 -1 -0
    outer loop
      vertex 0.523492 -14.9909 18.5
      vertex -0.523492 -14.9909 11
      vertex 0.523492 -14.9909 11
    endloop
  endfacet
  facet normal 0.341942 -0.939721 0
    outer loop
      vertex 4.63525 -14.2658 11
      vertex 5.6191 -13.9078 18.5
      vertex 4.63525 -14.2658 18.5
    endloop
  endfacet
  facet normal 0.341942 -0.939721 0
    outer loop
      vertex 5.6191 -13.9078 18.5
      vertex 4.63525 -14.2658 11
      vertex 5.6191 -13.9078 11
    endloop
  endfacet
  facet normal 0 0 1
    outer loop
      vertex 10.25 0 18.5
      vertex 15 0 18.5
      vertex 14.9635 1.04635 18.5
    endloop
  endfacet
  facet normal 0 0 1
    outer loop
      vertex 10.225 0.715003 18.5
      vertex 14.9635 1.04635 18.5
      vertex 14.854 2.0876 18.5
    endloop
  endfacet
  facet normal 0 0 1
    outer loop
      vertex 15 0 18.5
      vertex 10.25 0 18.5
      vertex 14.9635 -1.04635 18.5
    endloop
  endfacet
  facet normal 0 0 1
    outer loop
      vertex 10.1502 1.42652 18.5
      vertex 14.854 2.0876 18.5
      vertex 14.6722 3.11868 18.5
    endloop
  endfacet
  facet normal -0 0 1
    outer loop
      vertex 10.225 -0.715003 18.5
      vertex 14.9635 -1.04635 18.5
      vertex 10.25 0 18.5
    endloop
  endfacet
  facet normal 0 0 1
    outer loop
      vertex 10.026 2.13109 18.5
      vertex 14.6722 3.11868 18.5
      vertex 14.4189 4.13456 18.5
    endloop
  endfacet
  facet normal 0 0 1
    outer loop
      vertex 14.9635 -1.04635 18.5
      vertex 10.225 -0.715003 18.5
      vertex 14.854 -2.0876 18.5
    endloop
  endfacet
  facet normal 0 0 1
    outer loop
      vertex 9.85293 2.82528 18.5
      vertex 14.4189 4.13456 18.5
      vertex 14.0954 5.1303 18.5
    endloop
  endfacet
  facet normal -0 0 1
    outer loop
      vertex 10.1502 -1.42652 18.5
      vertex 14.854 -2.0876 18.5
      vertex 10.225 -0.715003 18.5
    endloop
  endfacet
  facet normal 0 0 1
    outer loop
      vertex 9.63185 3.50571 18.5
      vertex 14.0954 5.1303 18.5
      vertex 13.7032 6.10105 18.5
    endloop
  endfacet
  facet normal 0 0 1
    outer loop
      vertex 14.854 -2.0876 18.5
      vertex 10.1502 -1.42652 18.5
      vertex 14.6722 -3.11868 18.5
    endloop
  endfacet
  facet normal 0 0 1
    outer loop
      vertex 9.36384 4.16905 18.5
      vertex 13.7032 6.10105 18.5
      vertex 13.2442 7.04207 18.5
    endloop
  endfacet
  facet normal -0 0 1
    outer loop
      vertex 10.026 -2.13109 18.5
      vertex 14.6722 -3.11868 18.5
      vertex 10.1502 -1.42652 18.5
    endloop
  endfacet
  facet normal 0 0 1
    outer loop
      vertex 9.05021 4.81208 18.5
      vertex 13.2442 7.04207 18.5
      vertex 12.7207 7.94879 18.5
    endloop
  endfacet
  facet normal 0 0 1
    outer loop
      vertex 14.6722 -3.11868 18.5
      vertex 10.026 -2.13109 18.5
      vertex 14.4189 -4.13456 18.5
    endloop
  endfacet
  facet normal 0 0 1
    outer loop
      vertex 8.69249 5.43167 18.5
      vertex 12.7207 7.94879 18.5
      vertex 12.1353 8.81678 18.5
    endloop
  endfacet
  facet normal -0 0 1
    outer loop
      vertex 9.85293 -2.82528 18.5
      vertex 14.4189 -4.13456 18.5
      vertex 10.026 -2.13109 18.5
    endloop
  endfacet
  facet normal 0 0 1
    outer loop
      vertex 8.29242 6.0248 18.5
      vertex 12.1353 8.81678 18.5
      vertex 11.4907 9.64181 18.5
    endloop
  endfacet
  facet normal 0 0 1
    outer loop
      vertex 14.4189 -4.13456 18.5
      vertex 9.85293 -2.82528 18.5
      vertex 14.0954 -5.1303 18.5
    endloop
  endfacet
  facet normal 0 0 1
    outer loop
      vertex 7.85196 6.58857 18.5
      vertex 11.4907 9.64181 18.5
      vertex 10.7901 10.4199 18.5
    endloop
  endfacet
  facet normal -0 0 1
    outer loop
      vertex 9.63185 -3.50571 18.5
      vertex 14.0954 -5.1303 18.5
      vertex 9.85293 -2.82528 18.5
    endloop
  endfacet
  facet normal 0 0 1
    outer loop
      vertex 14.0954 -5.1303 18.5
      vertex 9.63185 -3.50571 18.5
      vertex 13.7032 -6.10105 18.5
    endloop
  endfacet
  facet normal 0 0 1
    outer loop
      vertex 14.9635 1.04635 18.5
      vertex 10.225 0.715003 18.5
      vertex 10.25 0 18.5
    endloop
  endfacet
  facet normal 0 0 1
    outer loop
      vertex 14.854 2.0876 18.5
      vertex 10.1502 1.42652 18.5
      vertex 10.225 0.715003 18.5
    endloop
  endfacet
  facet normal 0 0 1
    outer loop
      vertex 7.37323 7.12025 18.5
      vertex 10.7901 10.4199 18.5
      vertex 10.037 11.1472 18.5
    endloop
  endfacet
  facet normal 0 0 1
    outer loop
      vertex 14.6722 3.11868 18.5
      vertex 10.026 2.13109 18.5
      vertex 10.1502 1.42652 18.5
    endloop
  endfacet
  facet normal 0 0 1
    outer loop
      vertex 14.4189 4.13456 18.5
      vertex 9.85293 2.82528 18.5
      vertex 10.026 2.13109 18.5
    endloop
  endfacet
  facet normal 0 0 1
    outer loop
      vertex 14.0954 5.1303 18.5
      vertex 9.63185 3.50571 18.5
      vertex 9.85293 2.82528 18.5
    endloop
  endfacet
  facet normal 0 0 1
    outer loop
      vertex 13.7032 6.10105 18.5
      vertex 9.36384 4.16905 18.5
      vertex 9.63185 3.50571 18.5
    endloop
  endfacet
  facet normal 0 0 1
    outer loop
      vertex 6.85859 7.61723 18.5
      vertex 10.037 11.1472 18.5
      vertex 9.23492 11.8202 18.5
    endloop
  endfacet
  facet normal 0 0 1
    outer loop
      vertex 13.2442 7.04207 18.5
      vertex 9.05021 4.81208 18.5
      vertex 9.36384 4.16905 18.5
    endloop
  endfacet
  facet normal 0 0 1
    outer loop
      vertex 12.7207 7.94879 18.5
      vertex 8.69249 5.43167 18.5
      vertex 9.05021 4.81208 18.5
    endloop
  endfacet
  facet normal 0 0 1
    outer loop
      vertex 6.31053 8.07711 18.5
      vertex 9.23492 11.8202 18.5
      vertex 8.38789 12.4356 18.5
    endloop
  endfacet
  facet normal 0 0 1
    outer loop
      vertex 12.1353 8.81678 18.5
      vertex 8.29242 6.0248 18.5
      vertex 8.69249 5.43167 18.5
    endloop
  endfacet
  facet normal 0 0 1
    outer loop
      vertex 11.4907 9.64181 18.5
      vertex 7.85196 6.58857 18.5
      vertex 8.29242 6.0248 18.5
    endloop
  endfacet
  facet normal 0 0 1
    outer loop
      vertex 5.73173 8.49763 18.5
      vertex 8.38789 12.4356 18.5
      vertex 7.5 12.9904 18.5
    endloop
  endfacet
  facet normal 0 0 1
    outer loop
      vertex 10.7901 10.4199 18.5
      vertex 7.37323 7.12025 18.5
      vertex 7.85196 6.58857 18.5
    endloop
  endfacet
  facet normal 0 0 1
    outer loop
      vertex 10.037 11.1472 18.5
      vertex 6.85859 7.61723 18.5
      vertex 7.37323 7.12025 18.5
    endloop
  endfacet
  facet normal 0 0 1
    outer loop
      vertex 5.125 8.87676 18.5
      vertex 7.5 12.9904 18.5
      vertex 6.57557 13.4819 18.5
    endloop
  endfacet
  facet normal 0 0 1
    outer loop
      vertex 9.23492 11.8202 18.5
      vertex 6.31053 8.07711 18.5
      vertex 6.85859 7.61723 18.5
    endloop
  endfacet
  facet normal 0 0 1
    outer loop
      vertex 8.38789 12.4356 18.5
      vertex 5.73173 8.49763 18.5
      vertex 6.31053 8.07711 18.5
    endloop
  endfacet
  facet normal 0 0 1
    outer loop
      vertex 4.4933 9.21264 18.5
      vertex 6.57557 13.4819 18.5
      vertex 5.6191 13.9078 18.5
    endloop
  endfacet
  facet normal 0 0 1
    outer loop
      vertex 7.5 12.9904 18.5
      vertex 5.125 8.87676 18.5
      vertex 5.73173 8.49763 18.5
    endloop
  endfacet
  facet normal 0 0 1
    outer loop
      vertex 3.83972 9.50363 18.5
      vertex 5.6191 13.9078 18.5
      vertex 4.63525 14.2658 18.5
    endloop
  endfacet
  facet normal 0 0 1
    outer loop
      vertex 6.57557 13.4819 18.5
      vertex 4.4933 9.21264 18.5
      vertex 5.125 8.87676 18.5
    endloop
  endfacet
  facet normal 0 0 1
    outer loop
      vertex 5.6191 13.9078 18.5
      vertex 3.83972 9.50363 18.5
      vertex 4.4933 9.21264 18.5
    endloop
  endfacet
  facet normal 0 0 1
    outer loop
      vertex 3.16742 9.74833 18.5
      vertex 4.63525 14.2658 18.5
      vertex 3.62883 14.5544 18.5
    endloop
  endfacet
  facet normal 0 0 1
    outer loop
      vertex 4.63525 14.2658 18.5
      vertex 3.16742 9.74833 18.5
      vertex 3.83972 9.50363 18.5
    endloop
  endfacet
  facet normal 0 0 1
    outer loop
      vertex 2.4797 9.94553 18.5
      vertex 3.62883 14.5544 18.5
      vertex 2.60472 14.7721 18.5
    endloop
  endfacet
  facet normal 0 0 1
    outer loop
      vertex 3.62883 14.5544 18.5
      vertex 2.4797 9.94553 18.5
      vertex 3.16742 9.74833 18.5
    endloop
  endfacet
  facet normal 0 0 1
    outer loop
      vertex 2.60472 14.7721 18.5
      vertex 1.77989 10.0943 18.5
      vertex 2.4797 9.94553 18.5
    endloop
  endfacet
  facet normal 0 0 1
    outer loop
      vertex 1.56793 14.9178 18.5
      vertex 1.77989 10.0943 18.5
      vertex 2.60472 14.7721 18.5
    endloop
  endfacet
  facet normal 0 0 1
    outer loop
      vertex 1.56793 14.9178 18.5
      vertex 1.07142 10.1938 18.5
      vertex 1.77989 10.0943 18.5
    endloop
  endfacet
  facet normal 0 0 1
    outer loop
      vertex 0.523492 14.9909 18.5
      vertex 1.07142 10.1938 18.5
      vertex 1.56793 14.9178 18.5
    endloop
  endfacet
  facet normal 0 0 1
    outer loop
      vertex 0.523492 14.9909 18.5
      vertex 0.357719 10.2438 18.5
      vertex 1.07142 10.1938 18.5
    endloop
  endfacet
  facet normal 0 0 1
    outer loop
      vertex 0.523492 14.9909 18.5
      vertex -0.357719 10.2438 18.5
      vertex 0.357719 10.2438 18.5
    endloop
  endfacet
  facet normal -0 0 1
    outer loop
      vertex -0.523492 14.9909 18.5
      vertex -0.357719 10.2438 18.5
      vertex 0.523492 14.9909 18.5
    endloop
  endfacet
  facet normal 0 0 1
    outer loop
      vertex -0.523492 14.9909 18.5
      vertex -1.07142 10.1938 18.5
      vertex -0.357719 10.2438 18.5
    endloop
  endfacet
  facet normal -0 0 1
    outer loop
      vertex -1.56793 14.9178 18.5
      vertex -1.07142 10.1938 18.5
      vertex -0.523492 14.9909 18.5
    endloop
  endfacet
  facet normal 0 0 1
    outer loop
      vertex -1.56793 14.9178 18.5
      vertex -1.77989 10.0943 18.5
      vertex -1.07142 10.1938 18.5
    endloop
  endfacet
  facet normal -0 0 1
    outer loop
      vertex -2.60472 14.7721 18.5
      vertex -1.77989 10.0943 18.5
      vertex -1.56793 14.9178 18.5
    endloop
  endfacet
  facet normal 0 0 1
    outer loop
      vertex -1.77989 10.0943 18.5
      vertex -2.60472 14.7721 18.5
      vertex -2.4797 9.94553 18.5
    endloop
  endfacet
  facet normal -0 0 1
    outer loop
      vertex -3.62883 14.5544 18.5
      vertex -2.4797 9.94553 18.5
      vertex -2.60472 14.7721 18.5
    endloop
  endfacet
  facet normal 0 0 1
    outer loop
      vertex -2.4797 9.94553 18.5
      vertex -3.62883 14.5544 18.5
      vertex -3.16742 9.74833 18.5
    endloop
  endfacet
  facet normal -0 0 1
    outer loop
      vertex -4.63525 14.2658 18.5
      vertex -3.16742 9.74833 18.5
      vertex -3.62883 14.5544 18.5
    endloop
  endfacet
  facet normal 0 0 1
    outer loop
      vertex -3.16742 9.74833 18.5
      vertex -4.63525 14.2658 18.5
      vertex -3.83972 9.50363 18.5
    endloop
  endfacet
  facet normal -0 0 1
    outer loop
      vertex -5.6191 13.9078 18.5
      vertex -3.83972 9.50363 18.5
      vertex -4.63525 14.2658 18.5
    endloop
  endfacet
  facet normal 0 0 1
    outer loop
      vertex -3.83972 9.50363 18.5
      vertex -5.6191 13.9078 18.5
      vertex -4.4933 9.21264 18.5
    endloop
  endfacet
  facet normal -0 0 1
    outer loop
      vertex -6.57557 13.4819 18.5
      vertex -4.4933 9.21264 18.5
      vertex -5.6191 13.9078 18.5
    endloop
  endfacet
  facet normal 0 0 1
    outer loop
      vertex -4.4933 9.21264 18.5
      vertex -6.57557 13.4819 18.5
      vertex -5.125 8.87676 18.5
    endloop
  endfacet
  facet normal -0 0 1
    outer loop
      vertex -7.5 12.9904 18.5
      vertex -5.125 8.87676 18.5
      vertex -6.57557 13.4819 18.5
    endloop
  endfacet
  facet normal 0 0 1
    outer loop
      vertex -5.125 8.87676 18.5
      vertex -7.5 12.9904 18.5
      vertex -5.73173 8.49763 18.5
    endloop
  endfacet
  facet normal -0 0 1
    outer loop
      vertex -8.38789 12.4356 18.5
      vertex -5.73173 8.49763 18.5
      vertex -7.5 12.9904 18.5
    endloop
  endfacet
  facet normal 0 0 1
    outer loop
      vertex -5.73173 8.49763 18.5
      vertex -8.38789 12.4356 18.5
      vertex -6.31053 8.07711 18.5
    endloop
  endfacet
  facet normal -0 0 1
    outer loop
      vertex -9.23492 11.8202 18.5
      vertex -6.31053 8.07711 18.5
      vertex -8.38789 12.4356 18.5
    endloop
  endfacet
  facet normal 0 0 1
    outer loop
      vertex -6.31053 8.07711 18.5
      vertex -9.23492 11.8202 18.5
      vertex -6.85859 7.61723 18.5
    endloop
  endfacet
  facet normal -0 0 1
    outer loop
      vertex -10.037 11.1472 18.5
      vertex -6.85859 7.61723 18.5
      vertex -9.23492 11.8202 18.5
    endloop
  endfacet
  facet normal 0 0 1
    outer loop
      vertex -6.85859 7.61723 18.5
      vertex -10.037 11.1472 18.5
      vertex -7.37323 7.12025 18.5
    endloop
  endfacet
  facet normal -0 0 1
    outer loop
      vertex -10.7901 10.4199 18.5
      vertex -7.37323 7.12025 18.5
      vertex -10.037 11.1472 18.5
    endloop
  endfacet
  facet normal 0 0 1
    outer loop
      vertex -7.37323 7.12025 18.5
      vertex -10.7901 10.4199 18.5
      vertex -7.85196 6.58857 18.5
    endloop
  endfacet
  facet normal -0 0 1
    outer loop
      vertex -11.4907 9.64181 18.5
      vertex -7.85196 6.58857 18.5
      vertex -10.7901 10.4199 18.5
    endloop
  endfacet
  facet normal 0 0 1
    outer loop
      vertex -7.85196 6.58857 18.5
      vertex -11.4907 9.64181 18.5
      vertex -8.29242 6.0248 18.5
    endloop
  endfacet
  facet normal -0 0 1
    outer loop
      vertex -12.1353 8.81678 18.5
      vertex -8.29242 6.0248 18.5
      vertex -11.4907 9.64181 18.5
    endloop
  endfacet
  facet normal 0 0 1
    outer loop
      vertex -8.29242 6.0248 18.5
      vertex -12.1353 8.81678 18.5
      vertex -8.69249 5.43167 18.5
    endloop
  endfacet
  facet normal -0 0 1
    outer loop
      vertex -12.7207 7.94879 18.5
      vertex -8.69249 5.43167 18.5
      vertex -12.1353 8.81678 18.5
    endloop
  endfacet
  facet normal 0 0 1
    outer loop
      vertex -8.69249 5.43167 18.5
      vertex -12.7207 7.94879 18.5
      vertex -9.05021 4.81208 18.5
    endloop
  endfacet
  facet normal -0 0 1
    outer loop
      vertex -13.2442 7.04207 18.5
      vertex -9.05021 4.81208 18.5
      vertex -12.7207 7.94879 18.5
    endloop
  endfacet
  facet normal 0 0 1
    outer loop
      vertex -9.05021 4.81208 18.5
      vertex -13.2442 7.04207 18.5
      vertex -9.36384 4.16905 18.5
    endloop
  endfacet
  facet normal -0 0 1
    outer loop
      vertex -13.7032 6.10105 18.5
      vertex -9.36384 4.16905 18.5
      vertex -13.2442 7.04207 18.5
    endloop
  endfacet
  facet normal 0 0 1
    outer loop
      vertex -9.36384 4.16905 18.5
      vertex -13.7032 6.10105 18.5
      vertex -9.63185 3.50571 18.5
    endloop
  endfacet
  facet normal -0 0 1
    outer loop
      vertex 9.36384 -4.16905 18.5
      vertex 13.7032 -6.10105 18.5
      vertex 9.63185 -3.50571 18.5
    endloop
  endfacet
  facet normal 0 0 1
    outer loop
      vertex 13.7032 -6.10105 18.5
      vertex 9.36384 -4.16905 18.5
      vertex 13.2442 -7.04207 18.5
    endloop
  endfacet
  facet normal -0 0 1
    outer loop
      vertex 9.05021 -4.81208 18.5
      vertex 13.2442 -7.04207 18.5
      vertex 9.36384 -4.16905 18.5
    endloop
  endfacet
  facet normal 0 0 1
    outer loop
      vertex 13.2442 -7.04207 18.5
      vertex 9.05021 -4.81208 18.5
      vertex 12.7207 -7.94879 18.5
    endloop
  endfacet
  facet normal -0 0 1
    outer loop
      vertex 8.69249 -5.43167 18.5
      vertex 12.7207 -7.94879 18.5
      vertex 9.05021 -4.81208 18.5
    endloop
  endfacet
  facet normal 0 0 1
    outer loop
      vertex 12.7207 -7.94879 18.5
      vertex 8.69249 -5.43167 18.5
      vertex 12.1353 -8.81678 18.5
    endloop
  endfacet
  facet normal -0 0 1
    outer loop
      vertex 8.29242 -6.0248 18.5
      vertex 12.1353 -8.81678 18.5
      vertex 8.69249 -5.43167 18.5
    endloop
  endfacet
  facet normal 0 0 1
    outer loop
      vertex 12.1353 -8.81678 18.5
      vertex 8.29242 -6.0248 18.5
      vertex 11.4907 -9.64181 18.5
    endloop
  endfacet
  facet normal -0 0 1
    outer loop
      vertex 7.85196 -6.58857 18.5
      vertex 11.4907 -9.64181 18.5
      vertex 8.29242 -6.0248 18.5
    endloop
  endfacet
  facet normal 0 0 1
    outer loop
      vertex 11.4907 -9.64181 18.5
      vertex 7.85196 -6.58857 18.5
      vertex 10.7901 -10.4199 18.5
    endloop
  endfacet
  facet normal -0 0 1
    outer loop
      vertex 7.37323 -7.12025 18.5
      vertex 10.7901 -10.4199 18.5
      vertex 7.85196 -6.58857 18.5
    endloop
  endfacet
  facet normal 0 0 1
    outer loop
      vertex 10.7901 -10.4199 18.5
      vertex 7.37323 -7.12025 18.5
      vertex 10.037 -11.1472 18.5
    endloop
  endfacet
  facet normal -0 0 1
    outer loop
      vertex 6.85859 -7.61723 18.5
      vertex 10.037 -11.1472 18.5
      vertex 7.37323 -7.12025 18.5
    endloop
  endfacet
  facet normal 0 0 1
    outer loop
      vertex 10.037 -11.1472 18.5
      vertex 6.85859 -7.61723 18.5
      vertex 9.23492 -11.8202 18.5
    endloop
  endfacet
  facet normal -0 0 1
    outer loop
      vertex 6.31053 -8.07711 18.5
      vertex 9.23492 -11.8202 18.5
      vertex 6.85859 -7.61723 18.5
    endloop
  endfacet
  facet normal 0 0 1
    outer loop
      vertex 9.23492 -11.8202 18.5
      vertex 6.31053 -8.07711 18.5
      vertex 8.38789 -12.4356 18.5
    endloop
  endfacet
  facet normal -0 0 1
    outer loop
      vertex 5.73173 -8.49763 18.5
      vertex 8.38789 -12.4356 18.5
      vertex 6.31053 -8.07711 18.5
    endloop
  endfacet
  facet normal 0 0 1
    outer loop
      vertex 8.38789 -12.4356 18.5
      vertex 5.73173 -8.49763 18.5
      vertex 7.5 -12.9904 18.5
    endloop
  endfacet
  facet normal -0 0 1
    outer loop
      vertex 5.125 -8.87676 18.5
      vertex 7.5 -12.9904 18.5
      vertex 5.73173 -8.49763 18.5
    endloop
  endfacet
  facet normal 0 0 1
    outer loop
      vertex 7.5 -12.9904 18.5
      vertex 5.125 -8.87676 18.5
      vertex 6.57557 -13.4819 18.5
    endloop
  endfacet
  facet normal -0 0 1
    outer loop
      vertex 4.4933 -9.21264 18.5
      vertex 6.57557 -13.4819 18.5
      vertex 5.125 -8.87676 18.5
    endloop
  endfacet
  facet normal 0 0 1
    outer loop
      vertex 6.57557 -13.4819 18.5
      vertex 4.4933 -9.21264 18.5
      vertex 5.6191 -13.9078 18.5
    endloop
  endfacet
  facet normal -0 0 1
    outer loop
      vertex 3.83972 -9.50363 18.5
      vertex 5.6191 -13.9078 18.5
      vertex 4.4933 -9.21264 18.5
    endloop
  endfacet
  facet normal 0 0 1
    outer loop
      vertex 5.6191 -13.9078 18.5
      vertex 3.83972 -9.50363 18.5
      vertex 4.63525 -14.2658 18.5
    endloop
  endfacet
  facet normal -0 0 1
    outer loop
      vertex 3.16742 -9.74833 18.5
      vertex 4.63525 -14.2658 18.5
      vertex 3.83972 -9.50363 18.5
    endloop
  endfacet
  facet normal 0 0 1
    outer loop
      vertex 4.63525 -14.2658 18.5
      vertex 3.16742 -9.74833 18.5
      vertex 3.62883 -14.5544 18.5
    endloop
  endfacet
  facet normal -0 0 1
    outer loop
      vertex 2.4797 -9.94553 18.5
      vertex 3.62883 -14.5544 18.5
      vertex 3.16742 -9.74833 18.5
    endloop
  endfacet
  facet normal 0 0 1
    outer loop
      vertex 3.62883 -14.5544 18.5
      vertex 2.4797 -9.94553 18.5
      vertex 2.60472 -14.7721 18.5
    endloop
  endfacet
  facet normal -0 0 1
    outer loop
      vertex 1.77989 -10.0943 18.5
      vertex 2.60472 -14.7721 18.5
      vertex 2.4797 -9.94553 18.5
    endloop
  endfacet
  facet normal 0 0 1
    outer loop
      vertex 1.77989 -10.0943 18.5
      vertex 1.56793 -14.9178 18.5
      vertex 2.60472 -14.7721 18.5
    endloop
  endfacet
  facet normal -0 0 1
    outer loop
      vertex 1.07142 -10.1938 18.5
      vertex 1.56793 -14.9178 18.5
      vertex 1.77989 -10.0943 18.5
    endloop
  endfacet
  facet normal 0 0 1
    outer loop
      vertex 1.07142 -10.1938 18.5
      vertex 0.523492 -14.9909 18.5
      vertex 1.56793 -14.9178 18.5
    endloop
  endfacet
  facet normal -0 0 1
    outer loop
      vertex 0.357719 -10.2438 18.5
      vertex 0.523492 -14.9909 18.5
      vertex 1.07142 -10.1938 18.5
    endloop
  endfacet
  facet normal -0 0 1
    outer loop
      vertex -0.357719 -10.2438 18.5
      vertex 0.523492 -14.9909 18.5
      vertex 0.357719 -10.2438 18.5
    endloop
  endfacet
  facet normal 0 0 1
    outer loop
      vertex -0.357719 -10.2438 18.5
      vertex -0.523492 -14.9909 18.5
      vertex 0.523492 -14.9909 18.5
    endloop
  endfacet
  facet normal 0 0 1
    outer loop
      vertex -1.07142 -10.1938 18.5
      vertex -0.523492 -14.9909 18.5
      vertex -0.357719 -10.2438 18.5
    endloop
  endfacet
  facet normal 0 0 1
    outer loop
      vertex -1.07142 -10.1938 18.5
      vertex -1.56793 -14.9178 18.5
      vertex -0.523492 -14.9909 18.5
    endloop
  endfacet
  facet normal 0 0 1
    outer loop
      vertex -1.77989 -10.0943 18.5
      vertex -1.56793 -14.9178 18.5
      vertex -1.07142 -10.1938 18.5
    endloop
  endfacet
  facet normal 0 0 1
    outer loop
      vertex -2.60472 -14.7721 18.5
      vertex -1.77989 -10.0943 18.5
      vertex -2.4797 -9.94553 18.5
    endloop
  endfacet
  facet normal 0 0 1
    outer loop
      vertex -1.77989 -10.0943 18.5
      vertex -2.60472 -14.7721 18.5
      vertex -1.56793 -14.9178 18.5
    endloop
  endfacet
  facet normal 0 0 1
    outer loop
      vertex -3.62883 -14.5544 18.5
      vertex -2.4797 -9.94553 18.5
      vertex -3.16742 -9.74833 18.5
    endloop
  endfacet
  facet normal 0 0 1
    outer loop
      vertex -2.4797 -9.94553 18.5
      vertex -3.62883 -14.5544 18.5
      vertex -2.60472 -14.7721 18.5
    endloop
  endfacet
  facet normal 0 0 1
    outer loop
      vertex -4.63525 -14.2658 18.5
      vertex -3.16742 -9.74833 18.5
      vertex -3.83972 -9.50363 18.5
    endloop
  endfacet
  facet normal 0 0 1
    outer loop
      vertex -5.6191 -13.9078 18.5
      vertex -3.83972 -9.50363 18.5
      vertex -4.4933 -9.21264 18.5
    endloop
  endfacet
  facet normal 0 0 1
    outer loop
      vertex -3.16742 -9.74833 18.5
      vertex -4.63525 -14.2658 18.5
      vertex -3.62883 -14.5544 18.5
    endloop
  endfacet
  facet normal 0 0 1
    outer loop
      vertex -6.57557 -13.4819 18.5
      vertex -4.4933 -9.21264 18.5
      vertex -5.125 -8.87676 18.5
    endloop
  endfacet
  facet normal 0 0 1
    outer loop
      vertex -3.83972 -9.50363 18.5
      vertex -5.6191 -13.9078 18.5
      vertex -4.63525 -14.2658 18.5
    endloop
  endfacet
  facet normal 0 0 1
    outer loop
      vertex -7.5 -12.9904 18.5
      vertex -5.125 -8.87676 18.5
      vertex -5.73173 -8.49763 18.5
    endloop
  endfacet
  facet normal 0 0 1
    outer loop
      vertex -8.38789 -12.4356 18.5
      vertex -5.73173 -8.49763 18.5
      vertex -6.31053 -8.07711 18.5
    endloop
  endfacet
  facet normal 0 0 1
    outer loop
      vertex -4.4933 -9.21264 18.5
      vertex -6.57557 -13.4819 18.5
      vertex -5.6191 -13.9078 18.5
    endloop
  endfacet
  facet normal 0 0 1
    outer loop
      vertex -9.23492 -11.8202 18.5
      vertex -6.31053 -8.07711 18.5
      vertex -6.85859 -7.61723 18.5
    endloop
  endfacet
  facet normal 0 0 1
    outer loop
      vertex -10.037 -11.1472 18.5
      vertex -6.85859 -7.61723 18.5
      vertex -7.37323 -7.12025 18.5
    endloop
  endfacet
  facet normal 0 0 1
    outer loop
      vertex -5.125 -8.87676 18.5
      vertex -7.5 -12.9904 18.5
      vertex -6.57557 -13.4819 18.5
    endloop
  endfacet
  facet normal 0 0 1
    outer loop
      vertex -10.7901 -10.4199 18.5
      vertex -7.37323 -7.12025 18.5
      vertex -7.85196 -6.58857 18.5
    endloop
  endfacet
  facet normal 0 0 1
    outer loop
      vertex -11.4907 -9.64181 18.5
      vertex -7.85196 -6.58857 18.5
      vertex -8.29242 -6.0248 18.5
    endloop
  endfacet
  facet normal 0 0 1
    outer loop
      vertex -5.73173 -8.49763 18.5
      vertex -8.38789 -12.4356 18.5
      vertex -7.5 -12.9904 18.5
    endloop
  endfacet
  facet normal 0 0 1
    outer loop
      vertex -12.1353 -8.81678 18.5
      vertex -8.29242 -6.0248 18.5
      vertex -8.69249 -5.43167 18.5
    endloop
  endfacet
  facet normal 0 0 1
    outer loop
      vertex -12.7207 -7.94879 18.5
      vertex -8.69249 -5.43167 18.5
      vertex -9.05021 -4.81208 18.5
    endloop
  endfacet
  facet normal 0 0 1
    outer loop
      vertex -6.31053 -8.07711 18.5
      vertex -9.23492 -11.8202 18.5
      vertex -8.38789 -12.4356 18.5
    endloop
  endfacet
  facet normal 0 0 1
    outer loop
      vertex -13.2442 -7.04207 18.5
      vertex -9.05021 -4.81208 18.5
      vertex -9.36384 -4.16905 18.5
    endloop
  endfacet
  facet normal 0 0 1
    outer loop
      vertex -13.7032 -6.10105 18.5
      vertex -9.36384 -4.16905 18.5
      vertex -9.63185 -3.50571 18.5
    endloop
  endfacet
  facet normal 0 0 1
    outer loop
      vertex -14.0954 -5.1303 18.5
      vertex -9.63185 -3.50571 18.5
      vertex -9.85293 -2.82528 18.5
    endloop
  endfacet
  facet normal 0 0 1
    outer loop
      vertex -14.4189 -4.13456 18.5
      vertex -9.85293 -2.82528 18.5
      vertex -10.026 -2.13109 18.5
    endloop
  endfacet
  facet normal 0 0 1
    outer loop
      vertex -6.85859 -7.61723 18.5
      vertex -10.037 -11.1472 18.5
      vertex -9.23492 -11.8202 18.5
    endloop
  endfacet
  facet normal 0 0 1
    outer loop
      vertex -14.6722 -3.11868 18.5
      vertex -10.026 -2.13109 18.5
      vertex -10.1502 -1.42652 18.5
    endloop
  endfacet
  facet normal 0 0 1
    outer loop
      vertex -14.854 -2.0876 18.5
      vertex -10.1502 -1.42652 18.5
      vertex -10.225 -0.715003 18.5
    endloop
  endfacet
  facet normal 0 0 1
    outer loop
      vertex -14.9635 -1.04635 18.5
      vertex -10.225 -0.715003 18.5
      vertex -10.25 0 18.5
    endloop
  endfacet
  facet normal -0 0 1
    outer loop
      vertex -14.0954 5.1303 18.5
      vertex -9.63185 3.50571 18.5
      vertex -13.7032 6.10105 18.5
    endloop
  endfacet
  facet normal 0 0 1
    outer loop
      vertex -7.37323 -7.12025 18.5
      vertex -10.7901 -10.4199 18.5
      vertex -10.037 -11.1472 18.5
    endloop
  endfacet
  facet normal 0 0 1
    outer loop
      vertex -9.63185 3.50571 18.5
      vertex -14.0954 5.1303 18.5
      vertex -9.85293 2.82528 18.5
    endloop
  endfacet
  facet normal 0 0 1
    outer loop
      vertex -7.85196 -6.58857 18.5
      vertex -11.4907 -9.64181 18.5
      vertex -10.7901 -10.4199 18.5
    endloop
  endfacet
  facet normal -0 0 1
    outer loop
      vertex -14.4189 4.13456 18.5
      vertex -9.85293 2.82528 18.5
      vertex -14.0954 5.1303 18.5
    endloop
  endfacet
  facet normal 0 0 1
    outer loop
      vertex -8.29242 -6.0248 18.5
      vertex -12.1353 -8.81678 18.5
      vertex -11.4907 -9.64181 18.5
    endloop
  endfacet
  facet normal 0 0 1
    outer loop
      vertex -9.85293 2.82528 18.5
      vertex -14.4189 4.13456 18.5
      vertex -10.026 2.13109 18.5
    endloop
  endfacet
  facet normal 0 0 1
    outer loop
      vertex -8.69249 -5.43167 18.5
      vertex -12.7207 -7.94879 18.5
      vertex -12.1353 -8.81678 18.5
    endloop
  endfacet
  facet normal -0 0 1
    outer loop
      vertex -14.6722 3.11868 18.5
      vertex -10.026 2.13109 18.5
      vertex -14.4189 4.13456 18.5
    endloop
  endfacet
  facet normal 0 0 1
    outer loop
      vertex -9.05021 -4.81208 18.5
      vertex -13.2442 -7.04207 18.5
      vertex -12.7207 -7.94879 18.5
    endloop
  endfacet
  facet normal 0 0 1
    outer loop
      vertex -10.026 2.13109 18.5
      vertex -14.6722 3.11868 18.5
      vertex -10.1502 1.42652 18.5
    endloop
  endfacet
  facet normal 0 0 1
    outer loop
      vertex -9.36384 -4.16905 18.5
      vertex -13.7032 -6.10105 18.5
      vertex -13.2442 -7.04207 18.5
    endloop
  endfacet
  facet normal -0 0 1
    outer loop
      vertex -14.854 2.0876 18.5
      vertex -10.1502 1.42652 18.5
      vertex -14.6722 3.11868 18.5
    endloop
  endfacet
  facet normal 0 0 1
    outer loop
      vertex -9.63185 -3.50571 18.5
      vertex -14.0954 -5.1303 18.5
      vertex -13.7032 -6.10105 18.5
    endloop
  endfacet
  facet normal 0 0 1
    outer loop
      vertex -10.1502 1.42652 18.5
      vertex -14.854 2.0876 18.5
      vertex -10.225 0.715003 18.5
    endloop
  endfacet
  facet normal 0 0 1
    outer loop
      vertex -9.85293 -2.82528 18.5
      vertex -14.4189 -4.13456 18.5
      vertex -14.0954 -5.1303 18.5
    endloop
  endfacet
  facet normal -0 0 1
    outer loop
      vertex -14.9635 1.04635 18.5
      vertex -10.225 0.715003 18.5
      vertex -14.854 2.0876 18.5
    endloop
  endfacet
  facet normal 0 0 1
    outer loop
      vertex -10.026 -2.13109 18.5
      vertex -14.6722 -3.11868 18.5
      vertex -14.4189 -4.13456 18.5
    endloop
  endfacet
  facet normal 0 0 1
    outer loop
      vertex -10.225 0.715003 18.5
      vertex -14.9635 1.04635 18.5
      vertex -10.25 0 18.5
    endloop
  endfacet
  facet normal 0 0 1
    outer loop
      vertex -10.1502 -1.42652 18.5
      vertex -14.854 -2.0876 18.5
      vertex -14.6722 -3.11868 18.5
    endloop
  endfacet
  facet normal 0 0 1
    outer loop
      vertex -15 0 18.5
      vertex -10.25 0 18.5
      vertex -14.9635 1.04635 18.5
    endloop
  endfacet
  facet normal 0 0 1
    outer loop
      vertex -10.225 -0.715003 18.5
      vertex -14.9635 -1.04635 18.5
      vertex -14.854 -2.0876 18.5
    endloop
  endfacet
  facet normal 0 0 1
    outer loop
      vertex -10.25 0 18.5
      vertex -15 0 18.5
      vertex -14.9635 -1.04635 18.5
    endloop
  endfacet
  facet normal -0.275649 0.961258 0
    outer loop
      vertex -3.62883 14.5544 11
      vertex -4.63525 14.2658 18.5
      vertex -3.62883 14.5544 18.5
    endloop
  endfacet
  facet normal -0.275649 0.961258 0
    outer loop
      vertex -4.63525 14.2658 18.5
      vertex -3.62883 14.5544 11
      vertex -4.63525 14.2658 11
    endloop
  endfacet
  facet normal -0.341942 0.939721 0
    outer loop
      vertex -4.63525 14.2658 11
      vertex -5.6191 13.9078 18.5
      vertex -4.63525 14.2658 18.5
    endloop
  endfacet
  facet normal -0.341942 0.939721 0
    outer loop
      vertex -5.6191 13.9078 18.5
      vertex -4.63525 14.2658 11
      vertex -5.6191 13.9078 11
    endloop
  endfacet
  facet normal -0.743143 0.669133 0
    outer loop
      vertex -11.4907 9.64181 11
      vertex -10.7901 10.4199 18.5
      vertex -10.7901 10.4199 11
    endloop
  endfacet
  facet normal -0.743143 0.669133 0
    outer loop
      vertex -10.7901 10.4199 18.5
      vertex -11.4907 9.64181 11
      vertex -11.4907 9.64181 18.5
    endloop
  endfacet
  facet normal 0.139162 0.99027 -0
    outer loop
      vertex 2.60472 14.7721 11
      vertex 1.56793 14.9178 18.5
      vertex 2.60472 14.7721 18.5
    endloop
  endfacet
  facet normal 0.139162 0.99027 0
    outer loop
      vertex 1.56793 14.9178 18.5
      vertex 2.60472 14.7721 11
      vertex 1.56793 14.9178 11
    endloop
  endfacet
  facet normal -0.069819 -0.99756 0
    outer loop
      vertex -1.56793 -14.9178 11
      vertex -0.523492 -14.9909 18.5
      vertex -1.56793 -14.9178 18.5
    endloop
  endfacet
  facet normal -0.069819 -0.99756 -0
    outer loop
      vertex -0.523492 -14.9909 18.5
      vertex -1.56793 -14.9178 11
      vertex -0.523492 -14.9909 11
    endloop
  endfacet
  facet normal 0.994516 -0.104585 0
    outer loop
      vertex 14.854 -2.0876 18.5
      vertex 14.9635 -1.04635 11
      vertex 14.9635 -1.04635 18.5
    endloop
  endfacet
  facet normal 0.994516 -0.104585 0
    outer loop
      vertex 14.9635 -1.04635 11
      vertex 14.854 -2.0876 18.5
      vertex 14.854 -2.0876 11
    endloop
  endfacet
  facet normal -0.139162 -0.99027 0
    outer loop
      vertex -2.60472 -14.7721 11
      vertex -1.56793 -14.9178 18.5
      vertex -2.60472 -14.7721 18.5
    endloop
  endfacet
  facet normal -0.139162 -0.99027 -0
    outer loop
      vertex -1.56793 -14.9178 18.5
      vertex -2.60472 -14.7721 11
      vertex -1.56793 -14.9178 11
    endloop
  endfacet
  facet normal -0.866023 0.500004 0
    outer loop
      vertex -13.2442 7.04207 11
      vertex -12.7207 7.94879 18.5
      vertex -12.7207 7.94879 11
    endloop
  endfacet
  facet normal -0.866023 0.500004 0
    outer loop
      vertex -12.7207 7.94879 18.5
      vertex -13.2442 7.04207 11
      vertex -13.2442 7.04207 18.5
    endloop
  endfacet
  facet normal 0.275649 0.961258 -0
    outer loop
      vertex 4.63525 14.2658 11
      vertex 3.62883 14.5544 18.5
      vertex 4.63525 14.2658 18.5
    endloop
  endfacet
  facet normal 0.275649 0.961258 0
    outer loop
      vertex 3.62883 14.5544 18.5
      vertex 4.63525 14.2658 11
      vertex 3.62883 14.5544 11
    endloop
  endfacet
  facet normal 0.984809 -0.173641 0
    outer loop
      vertex 14.6722 -3.11868 18.5
      vertex 14.854 -2.0876 11
      vertex 14.854 -2.0876 18.5
    endloop
  endfacet
  facet normal 0.984809 -0.173641 0
    outer loop
      vertex 14.854 -2.0876 11
      vertex 14.6722 -3.11868 18.5
      vertex 14.6722 -3.11868 11
    endloop
  endfacet
  facet normal -0.587783 0.809019 0
    outer loop
      vertex -8.38789 12.4356 11
      vertex -9.23492 11.8202 18.5
      vertex -8.38789 12.4356 18.5
    endloop
  endfacet
  facet normal -0.587783 0.809019 0
    outer loop
      vertex -9.23492 11.8202 18.5
      vertex -8.38789 12.4356 11
      vertex -9.23492 11.8202 11
    endloop
  endfacet
  facet normal -0.069819 0.99756 0
    outer loop
      vertex -0.523492 14.9909 11
      vertex -1.56793 14.9178 18.5
      vertex -0.523492 14.9909 18.5
    endloop
  endfacet
  facet normal -0.069819 0.99756 0
    outer loop
      vertex -1.56793 14.9178 18.5
      vertex -0.523492 14.9909 11
      vertex -1.56793 14.9178 11
    endloop
  endfacet
  facet normal 0.587783 -0.809019 0
    outer loop
      vertex 8.38789 -12.4356 11
      vertex 9.23492 -11.8202 18.5
      vertex 8.38789 -12.4356 18.5
    endloop
  endfacet
  facet normal 0.587783 -0.809019 0
    outer loop
      vertex 9.23492 -11.8202 18.5
      vertex 8.38789 -12.4356 11
      vertex 9.23492 -11.8202 11
    endloop
  endfacet
  facet normal -0.970293 -0.241933 0
    outer loop
      vertex -14.4189 -4.13456 11
      vertex -14.6722 -3.11868 18.5
      vertex -14.6722 -3.11868 11
    endloop
  endfacet
  facet normal -0.970293 -0.241933 0
    outer loop
      vertex -14.6722 -3.11868 18.5
      vertex -14.4189 -4.13456 11
      vertex -14.4189 -4.13456 18.5
    endloop
  endfacet
  facet normal -0.970293 0.241933 0
    outer loop
      vertex -14.6722 3.11868 11
      vertex -14.4189 4.13456 18.5
      vertex -14.4189 4.13456 11
    endloop
  endfacet
  facet normal -0.970293 0.241933 0
    outer loop
      vertex -14.4189 4.13456 18.5
      vertex -14.6722 3.11868 11
      vertex -14.6722 3.11868 18.5
    endloop
  endfacet
  facet normal -0.829067 0.559149 0
    outer loop
      vertex -12.7207 7.94879 11
      vertex -12.1353 8.81678 18.5
      vertex -12.1353 8.81678 11
    endloop
  endfacet
  facet normal -0.829067 0.559149 0
    outer loop
      vertex -12.1353 8.81678 18.5
      vertex -12.7207 7.94879 11
      vertex -12.7207 7.94879 18.5
    endloop
  endfacet
  facet normal 0.587783 0.809019 -0
    outer loop
      vertex 9.23492 11.8202 11
      vertex 8.38789 12.4356 18.5
      vertex 9.23492 11.8202 18.5
    endloop
  endfacet
  facet normal 0.587783 0.809019 0
    outer loop
      vertex 8.38789 12.4356 18.5
      vertex 9.23492 11.8202 11
      vertex 8.38789 12.4356 11
    endloop
  endfacet
  facet normal -0.694678 0.719321 0
    outer loop
      vertex -10.037 11.1472 11
      vertex -10.7901 10.4199 18.5
      vertex -10.037 11.1472 18.5
    endloop
  endfacet
  facet normal -0.694678 0.719321 0
    outer loop
      vertex -10.7901 10.4199 18.5
      vertex -10.037 11.1472 11
      vertex -10.7901 10.4199 11
    endloop
  endfacet
  facet normal 0 1 -0
    outer loop
      vertex 0.523492 14.9909 11
      vertex -0.523492 14.9909 18.5
      vertex 0.523492 14.9909 18.5
    endloop
  endfacet
  facet normal 0 1 0
    outer loop
      vertex -0.523492 14.9909 18.5
      vertex 0.523492 14.9909 11
      vertex -0.523492 14.9909 11
    endloop
  endfacet
  facet normal -0.951066 -0.308986 0
    outer loop
      vertex -14.0954 -5.1303 11
      vertex -14.4189 -4.13456 18.5
      vertex -14.4189 -4.13456 11
    endloop
  endfacet
  facet normal -0.951066 -0.308986 0
    outer loop
      vertex -14.4189 -4.13456 18.5
      vertex -14.0954 -5.1303 11
      vertex -14.0954 -5.1303 18.5
    endloop
  endfacet
  facet normal -0.406778 -0.913527 0
    outer loop
      vertex -6.57557 -13.4819 11
      vertex -5.6191 -13.9078 18.5
      vertex -6.57557 -13.4819 18.5
    endloop
  endfacet
  facet normal -0.406778 -0.913527 -0
    outer loop
      vertex -5.6191 -13.9078 18.5
      vertex -6.57557 -13.4819 11
      vertex -5.6191 -13.9078 11
    endloop
  endfacet
  facet normal 0.866023 0.500004 0
    outer loop
      vertex 13.2442 7.04207 18.5
      vertex 12.7207 7.94879 11
      vertex 12.7207 7.94879 18.5
    endloop
  endfacet
  facet normal 0.866023 0.500004 0
    outer loop
      vertex 12.7207 7.94879 11
      vertex 13.2442 7.04207 18.5
      vertex 13.2442 7.04207 11
    endloop
  endfacet
  facet normal -0.529909 0.848055 0
    outer loop
      vertex -7.5 12.9904 11
      vertex -8.38789 12.4356 18.5
      vertex -7.5 12.9904 18.5
    endloop
  endfacet
  facet normal -0.529909 0.848055 0
    outer loop
      vertex -8.38789 12.4356 18.5
      vertex -7.5 12.9904 11
      vertex -8.38789 12.4356 11
    endloop
  endfacet
  facet normal 0.788003 -0.615671 0
    outer loop
      vertex 11.4907 -9.64181 18.5
      vertex 12.1353 -8.81678 11
      vertex 12.1353 -8.81678 18.5
    endloop
  endfacet
  facet normal 0.788003 -0.615671 0
    outer loop
      vertex 12.1353 -8.81678 11
      vertex 11.4907 -9.64181 18.5
      vertex 11.4907 -9.64181 11
    endloop
  endfacet
  facet normal -0.898781 -0.438397 0
    outer loop
      vertex -13.2442 -7.04207 11
      vertex -13.7032 -6.10105 18.5
      vertex -13.7032 -6.10105 11
    endloop
  endfacet
  facet normal -0.898781 -0.438397 0
    outer loop
      vertex -13.7032 -6.10105 18.5
      vertex -13.2442 -7.04207 11
      vertex -13.2442 -7.04207 18.5
    endloop
  endfacet
  facet normal -0.898781 0.438397 0
    outer loop
      vertex -13.7032 6.10105 11
      vertex -13.2442 7.04207 18.5
      vertex -13.2442 7.04207 11
    endloop
  endfacet
  facet normal -0.898781 0.438397 0
    outer loop
      vertex -13.2442 7.04207 18.5
      vertex -13.7032 6.10105 11
      vertex -13.7032 6.10105 18.5
    endloop
  endfacet
  facet normal 0.469451 -0.882959 0
    outer loop
      vertex 6.57557 -13.4819 11
      vertex 7.5 -12.9904 18.5
      vertex 6.57557 -13.4819 18.5
    endloop
  endfacet
  facet normal 0.469451 -0.882959 0
    outer loop
      vertex 7.5 -12.9904 18.5
      vertex 6.57557 -13.4819 11
      vertex 7.5 -12.9904 11
    endloop
  endfacet
  facet normal 0.694678 0.719321 -0
    outer loop
      vertex 10.7901 10.4199 11
      vertex 10.037 11.1472 18.5
      vertex 10.7901 10.4199 18.5
    endloop
  endfacet
  facet normal 0.694678 0.719321 0
    outer loop
      vertex 10.037 11.1472 18.5
      vertex 10.7901 10.4199 11
      vertex 10.037 11.1472 11
    endloop
  endfacet
  facet normal 0.951066 -0.308986 0
    outer loop
      vertex 14.0954 -5.1303 18.5
      vertex 14.4189 -4.13456 11
      vertex 14.4189 -4.13456 18.5
    endloop
  endfacet
  facet normal 0.951066 -0.308986 0
    outer loop
      vertex 14.4189 -4.13456 11
      vertex 14.0954 -5.1303 18.5
      vertex 14.0954 -5.1303 11
    endloop
  endfacet
  facet normal -0.694678 -0.719321 0
    outer loop
      vertex -10.7901 -10.4199 11
      vertex -10.037 -11.1472 18.5
      vertex -10.7901 -10.4199 18.5
    endloop
  endfacet
  facet normal -0.694678 -0.719321 -0
    outer loop
      vertex -10.037 -11.1472 18.5
      vertex -10.7901 -10.4199 11
      vertex -10.037 -11.1472 11
    endloop
  endfacet
  facet normal -0.743143 -0.669133 0
    outer loop
      vertex -10.7901 -10.4199 11
      vertex -11.4907 -9.64181 18.5
      vertex -11.4907 -9.64181 11
    endloop
  endfacet
  facet normal -0.743143 -0.669133 0
    outer loop
      vertex -11.4907 -9.64181 18.5
      vertex -10.7901 -10.4199 11
      vertex -10.7901 -10.4199 18.5
    endloop
  endfacet
  facet normal -0.406778 0.913527 0
    outer loop
      vertex -5.6191 13.9078 11
      vertex -6.57557 13.4819 18.5
      vertex -5.6191 13.9078 18.5
    endloop
  endfacet
  facet normal -0.406778 0.913527 0
    outer loop
      vertex -6.57557 13.4819 18.5
      vertex -5.6191 13.9078 11
      vertex -6.57557 13.4819 11
    endloop
  endfacet
  facet normal 0.927187 -0.3746 0
    outer loop
      vertex 13.7032 -6.10105 18.5
      vertex 14.0954 -5.1303 11
      vertex 14.0954 -5.1303 18.5
    endloop
  endfacet
  facet normal 0.927187 -0.3746 0
    outer loop
      vertex 14.0954 -5.1303 11
      vertex 13.7032 -6.10105 18.5
      vertex 13.7032 -6.10105 11
    endloop
  endfacet
  facet normal 0.743143 0.669133 0
    outer loop
      vertex 11.4907 9.64181 18.5
      vertex 10.7901 10.4199 11
      vertex 10.7901 10.4199 18.5
    endloop
  endfacet
  facet normal 0.743143 0.669133 0
    outer loop
      vertex 10.7901 10.4199 11
      vertex 11.4907 9.64181 18.5
      vertex 11.4907 9.64181 11
    endloop
  endfacet
  facet normal -0.984809 0.173641 0
    outer loop
      vertex -14.854 2.0876 11
      vertex -14.6722 3.11868 18.5
      vertex -14.6722 3.11868 11
    endloop
  endfacet
  facet normal -0.984809 0.173641 0
    outer loop
      vertex -14.6722 3.11868 18.5
      vertex -14.854 2.0876 11
      vertex -14.854 2.0876 18.5
    endloop
  endfacet
  facet normal 0.866023 -0.500004 0
    outer loop
      vertex 12.7207 -7.94879 18.5
      vertex 13.2442 -7.04207 11
      vertex 13.2442 -7.04207 18.5
    endloop
  endfacet
  facet normal 0.866023 -0.500004 0
    outer loop
      vertex 13.2442 -7.04207 11
      vertex 12.7207 -7.94879 18.5
      vertex 12.7207 -7.94879 11
    endloop
  endfacet
  facet normal -0.999392 -0.034862 0
    outer loop
      vertex -14.9635 -1.04635 11
      vertex -15 0 18.5
      vertex -15 0 11
    endloop
  endfacet
  facet normal -0.999392 -0.034862 0
    outer loop
      vertex -15 0 18.5
      vertex -14.9635 -1.04635 11
      vertex -14.9635 -1.04635 18.5
    endloop
  endfacet
  facet normal 0.743143 -0.669133 0
    outer loop
      vertex 10.7901 -10.4199 18.5
      vertex 11.4907 -9.64181 11
      vertex 11.4907 -9.64181 18.5
    endloop
  endfacet
  facet normal 0.743143 -0.669133 0
    outer loop
      vertex 11.4907 -9.64181 11
      vertex 10.7901 -10.4199 18.5
      vertex 10.7901 -10.4199 11
    endloop
  endfacet
  facet normal -0.927187 0.3746 0
    outer loop
      vertex -14.0954 5.1303 11
      vertex -13.7032 6.10105 18.5
      vertex -13.7032 6.10105 11
    endloop
  endfacet
  facet normal -0.927187 0.3746 0
    outer loop
      vertex -13.7032 6.10105 18.5
      vertex -14.0954 5.1303 11
      vertex -14.0954 5.1303 18.5
    endloop
  endfacet
  facet normal -0.951066 0.308986 0
    outer loop
      vertex -14.4189 4.13456 11
      vertex -14.0954 5.1303 18.5
      vertex -14.0954 5.1303 11
    endloop
  endfacet
  facet normal -0.951066 0.308986 0
    outer loop
      vertex -14.0954 5.1303 18.5
      vertex -14.4189 4.13456 11
      vertex -14.4189 4.13456 18.5
    endloop
  endfacet
  facet normal 0.788003 0.615671 0
    outer loop
      vertex 12.1353 8.81678 18.5
      vertex 11.4907 9.64181 11
      vertex 11.4907 9.64181 18.5
    endloop
  endfacet
  facet normal 0.788003 0.615671 0
    outer loop
      vertex 11.4907 9.64181 11
      vertex 12.1353 8.81678 18.5
      vertex 12.1353 8.81678 11
    endloop
  endfacet
  facet normal 0.139162 -0.99027 0
    outer loop
      vertex 1.56793 -14.9178 11
      vertex 2.60472 -14.7721 18.5
      vertex 1.56793 -14.9178 18.5
    endloop
  endfacet
  facet normal 0.139162 -0.99027 0
    outer loop
      vertex 2.60472 -14.7721 18.5
      vertex 1.56793 -14.9178 11
      vertex 2.60472 -14.7721 11
    endloop
  endfacet
  facet normal -0.994516 0.104585 0
    outer loop
      vertex -14.9635 1.04635 11
      vertex -14.854 2.0876 18.5
      vertex -14.854 2.0876 11
    endloop
  endfacet
  facet normal -0.994516 0.104585 0
    outer loop
      vertex -14.854 2.0876 18.5
      vertex -14.9635 1.04635 11
      vertex -14.9635 1.04635 18.5
    endloop
  endfacet
  facet normal -0.999392 0.034862 0
    outer loop
      vertex -15 0 11
      vertex -14.9635 1.04635 18.5
      vertex -14.9635 1.04635 11
    endloop
  endfacet
  facet normal -0.999392 0.034862 0
    outer loop
      vertex -14.9635 1.04635 18.5
      vertex -15 0 11
      vertex -15 0 18.5
    endloop
  endfacet
  facet normal -0.341942 -0.939721 0
    outer loop
      vertex -5.6191 -13.9078 11
      vertex -4.63525 -14.2658 18.5
      vertex -5.6191 -13.9078 18.5
    endloop
  endfacet
  facet normal -0.341942 -0.939721 -0
    outer loop
      vertex -4.63525 -14.2658 18.5
      vertex -5.6191 -13.9078 11
      vertex -4.63525 -14.2658 11
    endloop
  endfacet
  facet normal 0.341942 0.939721 -0
    outer loop
      vertex 5.6191 13.9078 11
      vertex 4.63525 14.2658 18.5
      vertex 5.6191 13.9078 18.5
    endloop
  endfacet
  facet normal 0.341942 0.939721 0
    outer loop
      vertex 4.63525 14.2658 18.5
      vertex 5.6191 13.9078 11
      vertex 4.63525 14.2658 11
    endloop
  endfacet
  facet normal -0.469451 -0.882959 0
    outer loop
      vertex -7.5 -12.9904 11
      vertex -6.57557 -13.4819 18.5
      vertex -7.5 -12.9904 18.5
    endloop
  endfacet
  facet normal -0.469451 -0.882959 -0
    outer loop
      vertex -6.57557 -13.4819 18.5
      vertex -7.5 -12.9904 11
      vertex -6.57557 -13.4819 11
    endloop
  endfacet
  facet normal -0.642774 -0.766056 0
    outer loop
      vertex -10.037 -11.1472 11
      vertex -9.23492 -11.8202 18.5
      vertex -10.037 -11.1472 18.5
    endloop
  endfacet
  facet normal -0.642774 -0.766056 -0
    outer loop
      vertex -9.23492 -11.8202 18.5
      vertex -10.037 -11.1472 11
      vertex -9.23492 -11.8202 11
    endloop
  endfacet
  facet normal 0 0 -1
    outer loop
      vertex 14.9535 -1.04485 11
      vertex 15 0 11
      vertex 14.9635 -1.04635 11
    endloop
  endfacet
  facet normal -0 0 -1
    outer loop
      vertex 15 0 11
      vertex 14.9535 -1.04485 11
      vertex 14.99 0 11
    endloop
  endfacet
  facet normal 0 0 -1
    outer loop
      vertex 14.9635 -1.04635 11
      vertex 14.9535 -1.04565 11
      vertex 14.9535 -1.04485 11
    endloop
  endfacet
  facet normal -0 0 -1
    outer loop
      vertex 14.9635 -1.04635 11
      vertex 14.9534 -1.04644 11
      vertex 14.9535 -1.04565 11
    endloop
  endfacet
  facet normal 0 0 -1
    outer loop
      vertex 14.854 -2.0876 11
      vertex 14.9534 -1.04644 11
      vertex 14.9635 -1.04635 11
    endloop
  endfacet
  facet normal 0 0 -1
    outer loop
      vertex 14.854 -2.0876 11
      vertex 14.8441 -2.08621 11
      vertex 14.9534 -1.04644 11
    endloop
  endfacet
  facet normal 0 0 -1
    outer loop
      vertex 14.6626 -3.11581 11
      vertex 14.854 -2.0876 11
      vertex 14.6722 -3.11868 11
    endloop
  endfacet
  facet normal -0 0 -1
    outer loop
      vertex 14.854 -2.0876 11
      vertex 14.6626 -3.11581 11
      vertex 14.8441 -2.08621 11
    endloop
  endfacet
  facet normal 0 0 -1
    outer loop
      vertex 14.6722 -3.11868 11
      vertex 14.6624 -3.1166 11
      vertex 14.6626 -3.11581 11
    endloop
  endfacet
  facet normal 0 0 -1
    outer loop
      vertex 14.6722 -3.11868 11
      vertex 14.6623 -3.11737 11
      vertex 14.6624 -3.1166 11
    endloop
  endfacet
  facet normal 0 0 -1
    outer loop
      vertex 14.4189 -4.13456 11
      vertex 14.6623 -3.11737 11
      vertex 14.6722 -3.11868 11
    endloop
  endfacet
  facet normal 0 0 -1
    outer loop
      vertex 14.4189 -4.13456 11
      vertex 14.4093 -4.13181 11
      vertex 14.6623 -3.11737 11
    endloop
  endfacet
  facet normal 0 0 -1
    outer loop
      vertex 14.4189 -4.13456 11
      vertex 14.4091 -4.13257 11
      vertex 14.4093 -4.13181 11
    endloop
  endfacet
  facet normal 0 0 -1
    outer loop
      vertex 14.0954 -5.1303 11
      vertex 14.4091 -4.13257 11
      vertex 14.4189 -4.13456 11
    endloop
  endfacet
  facet normal 0 0 -1
    outer loop
      vertex 14.0954 -5.1303 11
      vertex 14.086 -5.12689 11
      vertex 14.4091 -4.13257 11
    endloop
  endfacet
  facet normal 0 0 -1
    outer loop
      vertex 13.6944 -6.09625 11
      vertex 14.0954 -5.1303 11
      vertex 13.7032 -6.10105 11
    endloop
  endfacet
  facet normal -0 0 -1
    outer loop
      vertex 14.0954 -5.1303 11
      vertex 13.6944 -6.09625 11
      vertex 14.086 -5.12689 11
    endloop
  endfacet
  facet normal 0 0 -1
    outer loop
      vertex 13.7032 -6.10105 11
      vertex 13.6941 -6.09699 11
      vertex 13.6944 -6.09625 11
    endloop
  endfacet
  facet normal 0 0 -1
    outer loop
      vertex 13.7032 -6.10105 11
      vertex 13.6937 -6.0977 11
      vertex 13.6941 -6.09699 11
    endloop
  endfacet
  facet normal 0 0 -1
    outer loop
      vertex 13.2442 -7.04207 11
      vertex 13.6937 -6.0977 11
      vertex 13.7032 -6.10105 11
    endloop
  endfacet
  facet normal 0 0 -1
    outer loop
      vertex 13.2442 -7.04207 11
      vertex 13.2354 -7.03739 11
      vertex 13.6937 -6.0977 11
    endloop
  endfacet
  facet normal 0 0 -1
    outer loop
      vertex 12.7127 -7.94281 11
      vertex 13.2442 -7.04207 11
      vertex 12.7207 -7.94879 11
    endloop
  endfacet
  facet normal -0 0 -1
    outer loop
      vertex 13.2442 -7.04207 11
      vertex 12.7127 -7.94281 11
      vertex 13.2354 -7.03739 11
    endloop
  endfacet
  facet normal 0 0 -1
    outer loop
      vertex 12.7207 -7.94879 11
      vertex 12.7123 -7.9435 11
      vertex 12.7127 -7.94281 11
    endloop
  endfacet
  facet normal 0 0 -1
    outer loop
      vertex 12.7207 -7.94879 11
      vertex 12.7118 -7.94416 11
      vertex 12.7123 -7.9435 11
    endloop
  endfacet
  facet normal 0 0 -1
    outer loop
      vertex 12.1353 -8.81678 11
      vertex 12.7118 -7.94416 11
      vertex 12.7207 -7.94879 11
    endloop
  endfacet
  facet normal 0 0 -1
    outer loop
      vertex 12.1353 -8.81678 11
      vertex 12.1272 -8.81091 11
      vertex 12.7118 -7.94416 11
    endloop
  endfacet
  facet normal 0 0 -1
    outer loop
      vertex 11.4835 -9.63477 11
      vertex 12.1353 -8.81678 11
      vertex 11.4907 -9.64181 11
    endloop
  endfacet
  facet normal -0 0 -1
    outer loop
      vertex 12.1353 -8.81678 11
      vertex 11.4835 -9.63477 11
      vertex 12.1272 -8.81091 11
    endloop
  endfacet
  facet normal 0 0 -1
    outer loop
      vertex 11.4907 -9.64181 11
      vertex 11.483 -9.6354 11
      vertex 11.4835 -9.63477 11
    endloop
  endfacet
  facet normal 0 0 -1
    outer loop
      vertex 10.7834 -10.4123 11
      vertex 11.4907 -9.64181 11
      vertex 10.7901 -10.4199 11
    endloop
  endfacet
  facet normal -0 0 -1
    outer loop
      vertex 11.4907 -9.64181 11
      vertex 10.7834 -10.4123 11
      vertex 11.483 -9.6354 11
    endloop
  endfacet
  facet normal 0 0 -1
    outer loop
      vertex 10.7901 -10.4199 11
      vertex 10.7829 -10.4129 11
      vertex 10.7834 -10.4123 11
    endloop
  endfacet
  facet normal 0 0 -1
    outer loop
      vertex 10.7901 -10.4199 11
      vertex 10.7823 -10.4135 11
      vertex 10.7829 -10.4129 11
    endloop
  endfacet
  facet normal 0 0 -1
    outer loop
      vertex 10.037 -11.1472 11
      vertex 10.7823 -10.4135 11
      vertex 10.7901 -10.4199 11
    endloop
  endfacet
  facet normal 0 0 -1
    outer loop
      vertex 10.037 -11.1472 11
      vertex 10.0303 -11.1398 11
      vertex 10.7823 -10.4135 11
    endloop
  endfacet
  facet normal 0 0 -1
    outer loop
      vertex 10.037 -11.1472 11
      vertex 10.0297 -11.1403 11
      vertex 10.0303 -11.1398 11
    endloop
  endfacet
  facet normal 0 0 -1
    outer loop
      vertex 9.23492 -11.8202 11
      vertex 10.0297 -11.1403 11
      vertex 10.037 -11.1472 11
    endloop
  endfacet
  facet normal 0 0 -1
    outer loop
      vertex 9.23492 -11.8202 11
      vertex 9.22877 -11.8123 11
      vertex 10.0297 -11.1403 11
    endloop
  endfacet
  facet normal 0 0 -1
    outer loop
      vertex 9.23492 -11.8202 11
      vertex 9.22813 -11.8128 11
      vertex 9.22877 -11.8123 11
    endloop
  endfacet
  facet normal 0 0 -1
    outer loop
      vertex 8.38789 -12.4356 11
      vertex 9.22813 -11.8128 11
      vertex 9.23492 -11.8202 11
    endloop
  endfacet
  facet normal 0 0 -1
    outer loop
      vertex 8.38789 -12.4356 11
      vertex 8.38231 -12.4273 11
      vertex 9.22813 -11.8128 11
    endloop
  endfacet
  facet normal 0 0 -1
    outer loop
      vertex 7.49568 -12.9813 11
      vertex 8.38789 -12.4356 11
      vertex 7.5 -12.9904 11
    endloop
  endfacet
  facet normal -0 0 -1
    outer loop
      vertex 8.38789 -12.4356 11
      vertex 7.49568 -12.9813 11
      vertex 8.38231 -12.4273 11
    endloop
  endfacet
  facet normal 0 0 -1
    outer loop
      vertex 7.5 -12.9904 11
      vertex 7.49501 -12.9817 11
      vertex 7.49568 -12.9813 11
    endloop
  endfacet
  facet normal 0 0 -1
    outer loop
      vertex 6.57189 -13.4726 11
      vertex 7.5 -12.9904 11
      vertex 6.57557 -13.4819 11
    endloop
  endfacet
  facet normal -0 0 -1
    outer loop
      vertex 7.5 -12.9904 11
      vertex 6.57189 -13.4726 11
      vertex 7.49501 -12.9817 11
    endloop
  endfacet
  facet normal 0 0 -1
    outer loop
      vertex 6.57557 -13.4819 11
      vertex 6.57119 -13.4729 11
      vertex 6.57189 -13.4726 11
    endloop
  endfacet
  facet normal 0 0 -1
    outer loop
      vertex 5.61609 -13.8982 11
      vertex 6.57557 -13.4819 11
      vertex 5.6191 -13.9078 11
    endloop
  endfacet
  facet normal -0 0 -1
    outer loop
      vertex 6.57557 -13.4819 11
      vertex 5.61609 -13.8982 11
      vertex 6.57119 -13.4729 11
    endloop
  endfacet
  facet normal 0 0 -1
    outer loop
      vertex 5.6191 -13.9078 11
      vertex 5.61536 -13.8985 11
      vertex 5.61609 -13.8982 11
    endloop
  endfacet
  facet normal 0 0 -1
    outer loop
      vertex 5.6191 -13.9078 11
      vertex 5.61461 -13.8988 11
      vertex 5.61536 -13.8985 11
    endloop
  endfacet
  facet normal 0 0 -1
    outer loop
      vertex 4.63525 -14.2658 11
      vertex 5.61461 -13.8988 11
      vertex 5.6191 -13.9078 11
    endloop
  endfacet
  facet normal 0 0 -1
    outer loop
      vertex 4.63525 -14.2658 11
      vertex 4.63217 -14.2564 11
      vertex 5.61461 -13.8988 11
    endloop
  endfacet
  facet normal 0 0 -1
    outer loop
      vertex 3.62718 -14.5445 11
      vertex 4.63525 -14.2658 11
      vertex 3.62883 -14.5544 11
    endloop
  endfacet
  facet normal -0 0 -1
    outer loop
      vertex 4.63525 -14.2658 11
      vertex 3.62718 -14.5445 11
      vertex 4.63217 -14.2564 11
    endloop
  endfacet
  facet normal 0 0 -1
    outer loop
      vertex 3.62883 -14.5544 11
      vertex 3.62641 -14.5447 11
      vertex 3.62718 -14.5445 11
    endloop
  endfacet
  facet normal 0 0 -1
    outer loop
      vertex 3.62883 -14.5544 11
      vertex 3.62563 -14.5449 11
      vertex 3.62641 -14.5447 11
    endloop
  endfacet
  facet normal 0 0 -1
    outer loop
      vertex 2.60472 -14.7721 11
      vertex 3.62563 -14.5449 11
      vertex 3.62883 -14.5544 11
    endloop
  endfacet
  facet normal 0 0 -1
    outer loop
      vertex 2.60472 -14.7721 11
      vertex 2.60299 -14.7623 11
      vertex 3.62563 -14.5449 11
    endloop
  endfacet
  facet normal 0 0 -1
    outer loop
      vertex 2.60472 -14.7721 11
      vertex 2.6022 -14.7624 11
      vertex 2.60299 -14.7623 11
    endloop
  endfacet
  facet normal 0 0 -1
    outer loop
      vertex 1.56793 -14.9178 11
      vertex 2.6022 -14.7624 11
      vertex 2.60472 -14.7721 11
    endloop
  endfacet
  facet normal 0 0 -1
    outer loop
      vertex 1.56793 -14.9178 11
      vertex 1.56688 -14.9079 11
      vertex 2.6022 -14.7624 11
    endloop
  endfacet
  facet normal -0 0 -1
    outer loop
      vertex 1.56793 -14.9178 11
      vertex 0.523938 -14.9808 11
      vertex 1.56688 -14.9079 11
    endloop
  endfacet
  facet normal 0 0 -1
    outer loop
      vertex 0.523492 -14.9909 11
      vertex 0.523938 -14.9808 11
      vertex 1.56793 -14.9178 11
    endloop
  endfacet
  facet normal 0 0 -1
    outer loop
      vertex 0.523492 -14.9909 11
      vertex 0.523143 -14.9809 11
      vertex 0.523938 -14.9808 11
    endloop
  endfacet
  facet normal 0 0 -1
    outer loop
      vertex 0.523492 -14.9909 11
      vertex -0.523143 -14.9809 11
      vertex 0.523143 -14.9809 11
    endloop
  endfacet
  facet normal 0 0 -1
    outer loop
      vertex -0.523492 -14.9909 11
      vertex -0.523143 -14.9809 11
      vertex 0.523492 -14.9909 11
    endloop
  endfacet
  facet normal 0 0 -1
    outer loop
      vertex -0.523492 -14.9909 11
      vertex -0.523938 -14.9808 11
      vertex -0.523143 -14.9809 11
    endloop
  endfacet
  facet normal 0 0 -1
    outer loop
      vertex -1.56793 -14.9178 11
      vertex -0.523938 -14.9808 11
      vertex -0.523492 -14.9909 11
    endloop
  endfacet
  facet normal 0 0 -1
    outer loop
      vertex -0.523938 -14.9808 11
      vertex -1.56793 -14.9178 11
      vertex -1.56688 -14.9079 11
    endloop
  endfacet
  facet normal 0 0 -1
    outer loop
      vertex -1.56793 -14.9178 11
      vertex -2.6022 -14.7624 11
      vertex -1.56688 -14.9079 11
    endloop
  endfacet
  facet normal 0 0 -1
    outer loop
      vertex -2.60472 -14.7721 11
      vertex -2.6022 -14.7624 11
      vertex -1.56793 -14.9178 11
    endloop
  endfacet
  facet normal -0 0 -1
    outer loop
      vertex -2.6022 -14.7624 11
      vertex -2.60472 -14.7721 11
      vertex -2.60299 -14.7623 11
    endloop
  endfacet
  facet normal 0 0 -1
    outer loop
      vertex -2.60472 -14.7721 11
      vertex -3.62563 -14.5449 11
      vertex -2.60299 -14.7623 11
    endloop
  endfacet
  facet normal 0 0 -1
    outer loop
      vertex -3.62883 -14.5544 11
      vertex -3.62563 -14.5449 11
      vertex -2.60472 -14.7721 11
    endloop
  endfacet
  facet normal -0 0 -1
    outer loop
      vertex -3.62563 -14.5449 11
      vertex -3.62883 -14.5544 11
      vertex -3.62641 -14.5447 11
    endloop
  endfacet
  facet normal 0 0 -1
    outer loop
      vertex -3.62883 -14.5544 11
      vertex -3.62718 -14.5445 11
      vertex -3.62641 -14.5447 11
    endloop
  endfacet
  facet normal 0 0 -1
    outer loop
      vertex -4.63525 -14.2658 11
      vertex -3.62718 -14.5445 11
      vertex -3.62883 -14.5544 11
    endloop
  endfacet
  facet normal 0 0 -1
    outer loop
      vertex -3.62718 -14.5445 11
      vertex -4.63525 -14.2658 11
      vertex -4.63217 -14.2564 11
    endloop
  endfacet
  facet normal 0 0 -1
    outer loop
      vertex -4.63525 -14.2658 11
      vertex -5.61461 -13.8988 11
      vertex -4.63217 -14.2564 11
    endloop
  endfacet
  facet normal 0 0 -1
    outer loop
      vertex -5.6191 -13.9078 11
      vertex -5.61461 -13.8988 11
      vertex -4.63525 -14.2658 11
    endloop
  endfacet
  facet normal -0 0 -1
    outer loop
      vertex -5.61461 -13.8988 11
      vertex -5.6191 -13.9078 11
      vertex -5.61536 -13.8985 11
    endloop
  endfacet
  facet normal 0 0 -1
    outer loop
      vertex -5.6191 -13.9078 11
      vertex -5.61609 -13.8982 11
      vertex -5.61536 -13.8985 11
    endloop
  endfacet
  facet normal 0 0 -1
    outer loop
      vertex -6.57557 -13.4819 11
      vertex -5.61609 -13.8982 11
      vertex -5.6191 -13.9078 11
    endloop
  endfacet
  facet normal 0 0 -1
    outer loop
      vertex -5.61609 -13.8982 11
      vertex -6.57557 -13.4819 11
      vertex -6.57119 -13.4729 11
    endloop
  endfacet
  facet normal 0 0 -1
    outer loop
      vertex -6.57557 -13.4819 11
      vertex -6.57189 -13.4726 11
      vertex -6.57119 -13.4729 11
    endloop
  endfacet
  facet normal 0 0 -1
    outer loop
      vertex -7.5 -12.9904 11
      vertex -6.57189 -13.4726 11
      vertex -6.57557 -13.4819 11
    endloop
  endfacet
  facet normal 0 0 -1
    outer loop
      vertex -6.57189 -13.4726 11
      vertex -7.5 -12.9904 11
      vertex -7.49501 -12.9817 11
    endloop
  endfacet
  facet normal 0 0 -1
    outer loop
      vertex -7.5 -12.9904 11
      vertex -7.49568 -12.9813 11
      vertex -7.49501 -12.9817 11
    endloop
  endfacet
  facet normal 0 0 -1
    outer loop
      vertex -8.38789 -12.4356 11
      vertex -7.49568 -12.9813 11
      vertex -7.5 -12.9904 11
    endloop
  endfacet
  facet normal 0 0 -1
    outer loop
      vertex -7.49568 -12.9813 11
      vertex -8.38789 -12.4356 11
      vertex -8.38231 -12.4273 11
    endloop
  endfacet
  facet normal 0 0 -1
    outer loop
      vertex -8.38789 -12.4356 11
      vertex -9.22813 -11.8128 11
      vertex -8.38231 -12.4273 11
    endloop
  endfacet
  facet normal 0 0 -1
    outer loop
      vertex -9.23492 -11.8202 11
      vertex -9.22813 -11.8128 11
      vertex -8.38789 -12.4356 11
    endloop
  endfacet
  facet normal -0 0 -1
    outer loop
      vertex -9.22813 -11.8128 11
      vertex -9.23492 -11.8202 11
      vertex -9.22877 -11.8123 11
    endloop
  endfacet
  facet normal 0 0 -1
    outer loop
      vertex -9.23492 -11.8202 11
      vertex -10.0297 -11.1403 11
      vertex -9.22877 -11.8123 11
    endloop
  endfacet
  facet normal 0 0 -1
    outer loop
      vertex -10.037 -11.1472 11
      vertex -10.0297 -11.1403 11
      vertex -9.23492 -11.8202 11
    endloop
  endfacet
  facet normal -0 0 -1
    outer loop
      vertex -10.0297 -11.1403 11
      vertex -10.037 -11.1472 11
      vertex -10.0303 -11.1398 11
    endloop
  endfacet
  facet normal 0 0 -1
    outer loop
      vertex -10.037 -11.1472 11
      vertex -10.7823 -10.4135 11
      vertex -10.0303 -11.1398 11
    endloop
  endfacet
  facet normal 0 0 -1
    outer loop
      vertex -10.7901 -10.4199 11
      vertex -10.7823 -10.4135 11
      vertex -10.037 -11.1472 11
    endloop
  endfacet
  facet normal -0 0 -1
    outer loop
      vertex -10.7823 -10.4135 11
      vertex -10.7901 -10.4199 11
      vertex -10.7829 -10.4129 11
    endloop
  endfacet
  facet normal 0 0 -1
    outer loop
      vertex -10.7901 -10.4199 11
      vertex -10.7834 -10.4123 11
      vertex -10.7829 -10.4129 11
    endloop
  endfacet
  facet normal 0 0 -1
    outer loop
      vertex -11.4907 -9.64181 11
      vertex -10.7834 -10.4123 11
      vertex -10.7901 -10.4199 11
    endloop
  endfacet
  facet normal 0 0 -1
    outer loop
      vertex -10.7834 -10.4123 11
      vertex -11.4907 -9.64181 11
      vertex -11.483 -9.6354 11
    endloop
  endfacet
  facet normal 0 0 -1
    outer loop
      vertex -11.4907 -9.64181 11
      vertex -11.4835 -9.63477 11
      vertex -11.483 -9.6354 11
    endloop
  endfacet
  facet normal 0 0 -1
    outer loop
      vertex -12.1353 -8.81678 11
      vertex -11.4835 -9.63477 11
      vertex -11.4907 -9.64181 11
    endloop
  endfacet
  facet normal 0 0 -1
    outer loop
      vertex -11.4835 -9.63477 11
      vertex -12.1353 -8.81678 11
      vertex -12.1272 -8.81091 11
    endloop
  endfacet
  facet normal 0 0 -1
    outer loop
      vertex -12.1353 -8.81678 11
      vertex -12.7118 -7.94416 11
      vertex -12.1272 -8.81091 11
    endloop
  endfacet
  facet normal 0 0 -1
    outer loop
      vertex -12.7207 -7.94879 11
      vertex -12.7118 -7.94416 11
      vertex -12.1353 -8.81678 11
    endloop
  endfacet
  facet normal -0 0 -1
    outer loop
      vertex -12.7118 -7.94416 11
      vertex -12.7207 -7.94879 11
      vertex -12.7123 -7.9435 11
    endloop
  endfacet
  facet normal 0 0 -1
    outer loop
      vertex -12.7207 -7.94879 11
      vertex -12.7127 -7.94281 11
      vertex -12.7123 -7.9435 11
    endloop
  endfacet
  facet normal 0 0 -1
    outer loop
      vertex -13.2442 -7.04207 11
      vertex -12.7127 -7.94281 11
      vertex -12.7207 -7.94879 11
    endloop
  endfacet
  facet normal 0 0 -1
    outer loop
      vertex -12.7127 -7.94281 11
      vertex -13.2442 -7.04207 11
      vertex -13.2354 -7.03739 11
    endloop
  endfacet
  facet normal 0 0 -1
    outer loop
      vertex -13.2442 -7.04207 11
      vertex -13.6937 -6.0977 11
      vertex -13.2354 -7.03739 11
    endloop
  endfacet
  facet normal 0 0 -1
    outer loop
      vertex -13.7032 -6.10105 11
      vertex -13.6937 -6.0977 11
      vertex -13.2442 -7.04207 11
    endloop
  endfacet
  facet normal -0 0 -1
    outer loop
      vertex -13.6937 -6.0977 11
      vertex -13.7032 -6.10105 11
      vertex -13.6941 -6.09699 11
    endloop
  endfacet
  facet normal 0 0 -1
    outer loop
      vertex -13.7032 -6.10105 11
      vertex -13.6944 -6.09625 11
      vertex -13.6941 -6.09699 11
    endloop
  endfacet
  facet normal 0 0 -1
    outer loop
      vertex -14.0954 -5.1303 11
      vertex -13.6944 -6.09625 11
      vertex -13.7032 -6.10105 11
    endloop
  endfacet
  facet normal 0 0 -1
    outer loop
      vertex -13.6944 -6.09625 11
      vertex -14.0954 -5.1303 11
      vertex -14.086 -5.12689 11
    endloop
  endfacet
  facet normal 0 0 -1
    outer loop
      vertex -14.0954 -5.1303 11
      vertex -14.4091 -4.13257 11
      vertex -14.086 -5.12689 11
    endloop
  endfacet
  facet normal 0 0 -1
    outer loop
      vertex -14.4189 -4.13456 11
      vertex -14.4091 -4.13257 11
      vertex -14.0954 -5.1303 11
    endloop
  endfacet
  facet normal -0 0 -1
    outer loop
      vertex -14.4091 -4.13257 11
      vertex -14.4189 -4.13456 11
      vertex -14.4093 -4.13181 11
    endloop
  endfacet
  facet normal 0 0 -1
    outer loop
      vertex -14.4189 -4.13456 11
      vertex -14.6623 -3.11737 11
      vertex -14.4093 -4.13181 11
    endloop
  endfacet
  facet normal 0 0 -1
    outer loop
      vertex -14.6722 -3.11868 11
      vertex -14.6623 -3.11737 11
      vertex -14.4189 -4.13456 11
    endloop
  endfacet
  facet normal -0 0 -1
    outer loop
      vertex -14.6623 -3.11737 11
      vertex -14.6722 -3.11868 11
      vertex -14.6624 -3.1166 11
    endloop
  endfacet
  facet normal 0 0 -1
    outer loop
      vertex -14.6722 -3.11868 11
      vertex -14.6626 -3.11581 11
      vertex -14.6624 -3.1166 11
    endloop
  endfacet
  facet normal 0 0 -1
    outer loop
      vertex -14.854 -2.0876 11
      vertex -14.6626 -3.11581 11
      vertex -14.6722 -3.11868 11
    endloop
  endfacet
  facet normal 0 0 -1
    outer loop
      vertex -14.6626 -3.11581 11
      vertex -14.854 -2.0876 11
      vertex -14.8441 -2.08621 11
    endloop
  endfacet
  facet normal 0 0 -1
    outer loop
      vertex -14.854 -2.0876 11
      vertex -14.9534 -1.04644 11
      vertex -14.8441 -2.08621 11
    endloop
  endfacet
  facet normal 0 0 -1
    outer loop
      vertex -14.9635 -1.04635 11
      vertex -14.9534 -1.04644 11
      vertex -14.854 -2.0876 11
    endloop
  endfacet
  facet normal 0 0 -1
    outer loop
      vertex -14.9534 -1.04644 11
      vertex -14.9635 -1.04635 11
      vertex -14.9535 -1.04565 11
    endloop
  endfacet
  facet normal 0 0 -1
    outer loop
      vertex -14.9635 -1.04635 11
      vertex -14.9535 -1.04485 11
      vertex -14.9535 -1.04565 11
    endloop
  endfacet
  facet normal 0 0 -1
    outer loop
      vertex -15 0 11
      vertex -14.9535 -1.04485 11
      vertex -14.9635 -1.04635 11
    endloop
  endfacet
  facet normal 0 0 -1
    outer loop
      vertex -14.9535 -1.04485 11
      vertex -15 0 11
      vertex -14.99 0 11
    endloop
  endfacet
  facet normal 0 0 -1
    outer loop
      vertex 14.9535 1.04485 11
      vertex 15 0 11
      vertex 14.99 0 11
    endloop
  endfacet
  facet normal 0 0 -1
    outer loop
      vertex 15 0 11
      vertex 14.9535 1.04485 11
      vertex 14.9635 1.04635 11
    endloop
  endfacet
  facet normal 0 0 -1
    outer loop
      vertex 14.9535 1.04565 11
      vertex 14.9635 1.04635 11
      vertex 14.9535 1.04485 11
    endloop
  endfacet
  facet normal 0 0 -1
    outer loop
      vertex 14.9534 1.04644 11
      vertex 14.9635 1.04635 11
      vertex 14.9535 1.04565 11
    endloop
  endfacet
  facet normal 0 0 -1
    outer loop
      vertex 14.9534 1.04644 11
      vertex 14.854 2.0876 11
      vertex 14.9635 1.04635 11
    endloop
  endfacet
  facet normal 0 0 -1
    outer loop
      vertex 14.8441 2.08621 11
      vertex 14.854 2.0876 11
      vertex 14.9534 1.04644 11
    endloop
  endfacet
  facet normal 0 0 -1
    outer loop
      vertex 14.6626 3.11581 11
      vertex 14.854 2.0876 11
      vertex 14.8441 2.08621 11
    endloop
  endfacet
  facet normal 0 0 -1
    outer loop
      vertex 14.854 2.0876 11
      vertex 14.6626 3.11581 11
      vertex 14.6722 3.11868 11
    endloop
  endfacet
  facet normal 0 0 -1
    outer loop
      vertex 14.6624 3.1166 11
      vertex 14.6722 3.11868 11
      vertex 14.6626 3.11581 11
    endloop
  endfacet
  facet normal 0 0 -1
    outer loop
      vertex 14.6623 3.11737 11
      vertex 14.6722 3.11868 11
      vertex 14.6624 3.1166 11
    endloop
  endfacet
  facet normal 0 0 -1
    outer loop
      vertex 14.6623 3.11737 11
      vertex 14.4189 4.13456 11
      vertex 14.6722 3.11868 11
    endloop
  endfacet
  facet normal 0 0 -1
    outer loop
      vertex 14.4093 4.13181 11
      vertex 14.4189 4.13456 11
      vertex 14.6623 3.11737 11
    endloop
  endfacet
  facet normal 0 0 -1
    outer loop
      vertex 14.4091 4.13257 11
      vertex 14.4189 4.13456 11
      vertex 14.4093 4.13181 11
    endloop
  endfacet
  facet normal 0 0 -1
    outer loop
      vertex 14.4091 4.13257 11
      vertex 14.0954 5.1303 11
      vertex 14.4189 4.13456 11
    endloop
  endfacet
  facet normal 0 0 -1
    outer loop
      vertex 14.086 5.12689 11
      vertex 14.0954 5.1303 11
      vertex 14.4091 4.13257 11
    endloop
  endfacet
  facet normal 0 0 -1
    outer loop
      vertex 13.6944 6.09625 11
      vertex 14.0954 5.1303 11
      vertex 14.086 5.12689 11
    endloop
  endfacet
  facet normal 0 0 -1
    outer loop
      vertex 14.0954 5.1303 11
      vertex 13.6944 6.09625 11
      vertex 13.7032 6.10105 11
    endloop
  endfacet
  facet normal 0 0 -1
    outer loop
      vertex 13.6941 6.09699 11
      vertex 13.7032 6.10105 11
      vertex 13.6944 6.09625 11
    endloop
  endfacet
  facet normal 0 0 -1
    outer loop
      vertex 13.6937 6.0977 11
      vertex 13.7032 6.10105 11
      vertex 13.6941 6.09699 11
    endloop
  endfacet
  facet normal 0 0 -1
    outer loop
      vertex 13.6937 6.0977 11
      vertex 13.2442 7.04207 11
      vertex 13.7032 6.10105 11
    endloop
  endfacet
  facet normal 0 0 -1
    outer loop
      vertex 13.2354 7.03739 11
      vertex 13.2442 7.04207 11
      vertex 13.6937 6.0977 11
    endloop
  endfacet
  facet normal 0 0 -1
    outer loop
      vertex 12.7127 7.94281 11
      vertex 13.2442 7.04207 11
      vertex 13.2354 7.03739 11
    endloop
  endfacet
  facet normal 0 0 -1
    outer loop
      vertex 13.2442 7.04207 11
      vertex 12.7127 7.94281 11
      vertex 12.7207 7.94879 11
    endloop
  endfacet
  facet normal 0 0 -1
    outer loop
      vertex 12.7123 7.9435 11
      vertex 12.7207 7.94879 11
      vertex 12.7127 7.94281 11
    endloop
  endfacet
  facet normal 0 0 -1
    outer loop
      vertex 12.7118 7.94416 11
      vertex 12.7207 7.94879 11
      vertex 12.7123 7.9435 11
    endloop
  endfacet
  facet normal 0 0 -1
    outer loop
      vertex 12.7118 7.94416 11
      vertex 12.1353 8.81678 11
      vertex 12.7207 7.94879 11
    endloop
  endfacet
  facet normal 0 0 -1
    outer loop
      vertex 12.1272 8.81091 11
      vertex 12.1353 8.81678 11
      vertex 12.7118 7.94416 11
    endloop
  endfacet
  facet normal 0 0 -1
    outer loop
      vertex 11.4835 9.63477 11
      vertex 12.1353 8.81678 11
      vertex 12.1272 8.81091 11
    endloop
  endfacet
  facet normal 0 0 -1
    outer loop
      vertex 12.1353 8.81678 11
      vertex 11.4835 9.63477 11
      vertex 11.4907 9.64181 11
    endloop
  endfacet
  facet normal 0 0 -1
    outer loop
      vertex 11.483 9.6354 11
      vertex 11.4907 9.64181 11
      vertex 11.4835 9.63477 11
    endloop
  endfacet
  facet normal 0 0 -1
    outer loop
      vertex 10.7834 10.4123 11
      vertex 11.4907 9.64181 11
      vertex 11.483 9.6354 11
    endloop
  endfacet
  facet normal 0 0 -1
    outer loop
      vertex 11.4907 9.64181 11
      vertex 10.7834 10.4123 11
      vertex 10.7901 10.4199 11
    endloop
  endfacet
  facet normal 0 0 -1
    outer loop
      vertex 10.7829 10.4129 11
      vertex 10.7901 10.4199 11
      vertex 10.7834 10.4123 11
    endloop
  endfacet
  facet normal 0 0 -1
    outer loop
      vertex 10.7823 10.4135 11
      vertex 10.7901 10.4199 11
      vertex 10.7829 10.4129 11
    endloop
  endfacet
  facet normal 0 0 -1
    outer loop
      vertex 10.7823 10.4135 11
      vertex 10.037 11.1472 11
      vertex 10.7901 10.4199 11
    endloop
  endfacet
  facet normal 0 0 -1
    outer loop
      vertex 10.0303 11.1398 11
      vertex 10.037 11.1472 11
      vertex 10.7823 10.4135 11
    endloop
  endfacet
  facet normal 0 0 -1
    outer loop
      vertex 10.0297 11.1403 11
      vertex 10.037 11.1472 11
      vertex 10.0303 11.1398 11
    endloop
  endfacet
  facet normal 0 0 -1
    outer loop
      vertex 10.0297 11.1403 11
      vertex 9.23492 11.8202 11
      vertex 10.037 11.1472 11
    endloop
  endfacet
  facet normal 0 0 -1
    outer loop
      vertex 9.22877 11.8123 11
      vertex 9.23492 11.8202 11
      vertex 10.0297 11.1403 11
    endloop
  endfacet
  facet normal 0 0 -1
    outer loop
      vertex 9.22813 11.8128 11
      vertex 9.23492 11.8202 11
      vertex 9.22877 11.8123 11
    endloop
  endfacet
  facet normal 0 0 -1
    outer loop
      vertex 9.22813 11.8128 11
      vertex 8.38789 12.4356 11
      vertex 9.23492 11.8202 11
    endloop
  endfacet
  facet normal 0 0 -1
    outer loop
      vertex 8.38231 12.4273 11
      vertex 8.38789 12.4356 11
      vertex 9.22813 11.8128 11
    endloop
  endfacet
  facet normal 0 0 -1
    outer loop
      vertex 7.49568 12.9813 11
      vertex 8.38789 12.4356 11
      vertex 8.38231 12.4273 11
    endloop
  endfacet
  facet normal 0 0 -1
    outer loop
      vertex 8.38789 12.4356 11
      vertex 7.49568 12.9813 11
      vertex 7.5 12.9904 11
    endloop
  endfacet
  facet normal 0 0 -1
    outer loop
      vertex 7.49501 12.9817 11
      vertex 7.5 12.9904 11
      vertex 7.49568 12.9813 11
    endloop
  endfacet
  facet normal 0 0 -1
    outer loop
      vertex 6.57189 13.4726 11
      vertex 7.5 12.9904 11
      vertex 7.49501 12.9817 11
    endloop
  endfacet
  facet normal 0 0 -1
    outer loop
      vertex 7.5 12.9904 11
      vertex 6.57189 13.4726 11
      vertex 6.57557 13.4819 11
    endloop
  endfacet
  facet normal 0 0 -1
    outer loop
      vertex 6.57119 13.4729 11
      vertex 6.57557 13.4819 11
      vertex 6.57189 13.4726 11
    endloop
  endfacet
  facet normal 0 0 -1
    outer loop
      vertex 5.61609 13.8982 11
      vertex 6.57557 13.4819 11
      vertex 6.57119 13.4729 11
    endloop
  endfacet
  facet normal 0 0 -1
    outer loop
      vertex 6.57557 13.4819 11
      vertex 5.61609 13.8982 11
      vertex 5.6191 13.9078 11
    endloop
  endfacet
  facet normal 0 0 -1
    outer loop
      vertex 5.61536 13.8985 11
      vertex 5.6191 13.9078 11
      vertex 5.61609 13.8982 11
    endloop
  endfacet
  facet normal 0 0 -1
    outer loop
      vertex 5.61461 13.8988 11
      vertex 5.6191 13.9078 11
      vertex 5.61536 13.8985 11
    endloop
  endfacet
  facet normal 0 0 -1
    outer loop
      vertex 5.61461 13.8988 11
      vertex 4.63525 14.2658 11
      vertex 5.6191 13.9078 11
    endloop
  endfacet
  facet normal 0 0 -1
    outer loop
      vertex 4.63217 14.2564 11
      vertex 4.63525 14.2658 11
      vertex 5.61461 13.8988 11
    endloop
  endfacet
  facet normal 0 0 -1
    outer loop
      vertex 3.62718 14.5445 11
      vertex 4.63525 14.2658 11
      vertex 4.63217 14.2564 11
    endloop
  endfacet
  facet normal 0 0 -1
    outer loop
      vertex 4.63525 14.2658 11
      vertex 3.62718 14.5445 11
      vertex 3.62883 14.5544 11
    endloop
  endfacet
  facet normal 0 0 -1
    outer loop
      vertex 3.62641 14.5447 11
      vertex 3.62883 14.5544 11
      vertex 3.62718 14.5445 11
    endloop
  endfacet
  facet normal 0 0 -1
    outer loop
      vertex 3.62563 14.5449 11
      vertex 3.62883 14.5544 11
      vertex 3.62641 14.5447 11
    endloop
  endfacet
  facet normal 0 0 -1
    outer loop
      vertex 3.62563 14.5449 11
      vertex 2.60472 14.7721 11
      vertex 3.62883 14.5544 11
    endloop
  endfacet
  facet normal 0 0 -1
    outer loop
      vertex 2.60299 14.7623 11
      vertex 2.60472 14.7721 11
      vertex 3.62563 14.5449 11
    endloop
  endfacet
  facet normal 0 0 -1
    outer loop
      vertex 2.6022 14.7624 11
      vertex 2.60472 14.7721 11
      vertex 2.60299 14.7623 11
    endloop
  endfacet
  facet normal 0 0 -1
    outer loop
      vertex 2.6022 14.7624 11
      vertex 1.56793 14.9178 11
      vertex 2.60472 14.7721 11
    endloop
  endfacet
  facet normal 0 0 -1
    outer loop
      vertex 1.56688 14.9079 11
      vertex 1.56793 14.9178 11
      vertex 2.6022 14.7624 11
    endloop
  endfacet
  facet normal 0 0 -1
    outer loop
      vertex 0.523938 14.9808 11
      vertex 1.56793 14.9178 11
      vertex 1.56688 14.9079 11
    endloop
  endfacet
  facet normal 0 0 -1
    outer loop
      vertex 0.523938 14.9808 11
      vertex 0.523492 14.9909 11
      vertex 1.56793 14.9178 11
    endloop
  endfacet
  facet normal 0 0 -1
    outer loop
      vertex 0.523143 14.9809 11
      vertex 0.523492 14.9909 11
      vertex 0.523938 14.9808 11
    endloop
  endfacet
  facet normal 0 0 -1
    outer loop
      vertex -0.523143 14.9809 11
      vertex 0.523492 14.9909 11
      vertex 0.523143 14.9809 11
    endloop
  endfacet
  facet normal 0 0 -1
    outer loop
      vertex -0.523143 14.9809 11
      vertex -0.523492 14.9909 11
      vertex 0.523492 14.9909 11
    endloop
  endfacet
  facet normal 0 0 -1
    outer loop
      vertex -0.523938 14.9808 11
      vertex -0.523492 14.9909 11
      vertex -0.523143 14.9809 11
    endloop
  endfacet
  facet normal 0 0 -1
    outer loop
      vertex -1.56793 14.9178 11
      vertex -0.523938 14.9808 11
      vertex -1.56688 14.9079 11
    endloop
  endfacet
  facet normal -0 0 -1
    outer loop
      vertex -0.523938 14.9808 11
      vertex -1.56793 14.9178 11
      vertex -0.523492 14.9909 11
    endloop
  endfacet
  facet normal 0 0 -1
    outer loop
      vertex -2.6022 14.7624 11
      vertex -1.56793 14.9178 11
      vertex -1.56688 14.9079 11
    endloop
  endfacet
  facet normal 0 0 -1
    outer loop
      vertex -2.60472 14.7721 11
      vertex -2.6022 14.7624 11
      vertex -2.60299 14.7623 11
    endloop
  endfacet
  facet normal 0 0 -1
    outer loop
      vertex -2.6022 14.7624 11
      vertex -2.60472 14.7721 11
      vertex -1.56793 14.9178 11
    endloop
  endfacet
  facet normal 0 0 -1
    outer loop
      vertex -3.62563 14.5449 11
      vertex -2.60472 14.7721 11
      vertex -2.60299 14.7623 11
    endloop
  endfacet
  facet normal 0 0 -1
    outer loop
      vertex -3.62883 14.5544 11
      vertex -3.62563 14.5449 11
      vertex -3.62641 14.5447 11
    endloop
  endfacet
  facet normal 0 0 -1
    outer loop
      vertex -3.62563 14.5449 11
      vertex -3.62883 14.5544 11
      vertex -2.60472 14.7721 11
    endloop
  endfacet
  facet normal 0 0 -1
    outer loop
      vertex -3.62718 14.5445 11
      vertex -3.62883 14.5544 11
      vertex -3.62641 14.5447 11
    endloop
  endfacet
  facet normal 0 0 -1
    outer loop
      vertex -4.63525 14.2658 11
      vertex -3.62718 14.5445 11
      vertex -4.63217 14.2564 11
    endloop
  endfacet
  facet normal -0 0 -1
    outer loop
      vertex -3.62718 14.5445 11
      vertex -4.63525 14.2658 11
      vertex -3.62883 14.5544 11
    endloop
  endfacet
  facet normal 0 0 -1
    outer loop
      vertex -5.61461 13.8988 11
      vertex -4.63525 14.2658 11
      vertex -4.63217 14.2564 11
    endloop
  endfacet
  facet normal 0 0 -1
    outer loop
      vertex -5.6191 13.9078 11
      vertex -5.61461 13.8988 11
      vertex -5.61536 13.8985 11
    endloop
  endfacet
  facet normal 0 0 -1
    outer loop
      vertex -5.61461 13.8988 11
      vertex -5.6191 13.9078 11
      vertex -4.63525 14.2658 11
    endloop
  endfacet
  facet normal 0 0 -1
    outer loop
      vertex -5.61609 13.8982 11
      vertex -5.6191 13.9078 11
      vertex -5.61536 13.8985 11
    endloop
  endfacet
  facet normal 0 0 -1
    outer loop
      vertex -6.57557 13.4819 11
      vertex -5.61609 13.8982 11
      vertex -6.57119 13.4729 11
    endloop
  endfacet
  facet normal -0 0 -1
    outer loop
      vertex -5.61609 13.8982 11
      vertex -6.57557 13.4819 11
      vertex -5.6191 13.9078 11
    endloop
  endfacet
  facet normal 0 0 -1
    outer loop
      vertex -6.57189 13.4726 11
      vertex -6.57557 13.4819 11
      vertex -6.57119 13.4729 11
    endloop
  endfacet
  facet normal 0 0 -1
    outer loop
      vertex -7.5 12.9904 11
      vertex -6.57189 13.4726 11
      vertex -7.49501 12.9817 11
    endloop
  endfacet
  facet normal -0 0 -1
    outer loop
      vertex -6.57189 13.4726 11
      vertex -7.5 12.9904 11
      vertex -6.57557 13.4819 11
    endloop
  endfacet
  facet normal 0 0 -1
    outer loop
      vertex -7.49568 12.9813 11
      vertex -7.5 12.9904 11
      vertex -7.49501 12.9817 11
    endloop
  endfacet
  facet normal 0 0 -1
    outer loop
      vertex -8.38789 12.4356 11
      vertex -7.49568 12.9813 11
      vertex -8.38231 12.4273 11
    endloop
  endfacet
  facet normal -0 0 -1
    outer loop
      vertex -7.49568 12.9813 11
      vertex -8.38789 12.4356 11
      vertex -7.5 12.9904 11
    endloop
  endfacet
  facet normal 0 0 -1
    outer loop
      vertex -9.22813 11.8128 11
      vertex -8.38789 12.4356 11
      vertex -8.38231 12.4273 11
    endloop
  endfacet
  facet normal 0 0 -1
    outer loop
      vertex -9.23492 11.8202 11
      vertex -9.22813 11.8128 11
      vertex -9.22877 11.8123 11
    endloop
  endfacet
  facet normal 0 0 -1
    outer loop
      vertex -9.22813 11.8128 11
      vertex -9.23492 11.8202 11
      vertex -8.38789 12.4356 11
    endloop
  endfacet
  facet normal 0 0 -1
    outer loop
      vertex -10.0297 11.1403 11
      vertex -9.23492 11.8202 11
      vertex -9.22877 11.8123 11
    endloop
  endfacet
  facet normal 0 0 -1
    outer loop
      vertex -10.037 11.1472 11
      vertex -10.0297 11.1403 11
      vertex -10.0303 11.1398 11
    endloop
  endfacet
  facet normal 0 0 -1
    outer loop
      vertex -10.0297 11.1403 11
      vertex -10.037 11.1472 11
      vertex -9.23492 11.8202 11
    endloop
  endfacet
  facet normal 0 0 -1
    outer loop
      vertex -10.7823 10.4135 11
      vertex -10.037 11.1472 11
      vertex -10.0303 11.1398 11
    endloop
  endfacet
  facet normal 0 0 -1
    outer loop
      vertex -10.7901 10.4199 11
      vertex -10.7823 10.4135 11
      vertex -10.7829 10.4129 11
    endloop
  endfacet
  facet normal 0 0 -1
    outer loop
      vertex -10.7823 10.4135 11
      vertex -10.7901 10.4199 11
      vertex -10.037 11.1472 11
    endloop
  endfacet
  facet normal 0 0 -1
    outer loop
      vertex -10.7834 10.4123 11
      vertex -10.7901 10.4199 11
      vertex -10.7829 10.4129 11
    endloop
  endfacet
  facet normal 0 0 -1
    outer loop
      vertex -11.4907 9.64181 11
      vertex -10.7834 10.4123 11
      vertex -11.483 9.6354 11
    endloop
  endfacet
  facet normal -0 0 -1
    outer loop
      vertex -10.7834 10.4123 11
      vertex -11.4907 9.64181 11
      vertex -10.7901 10.4199 11
    endloop
  endfacet
  facet normal 0 0 -1
    outer loop
      vertex -11.4835 9.63477 11
      vertex -11.4907 9.64181 11
      vertex -11.483 9.6354 11
    endloop
  endfacet
  facet normal 0 0 -1
    outer loop
      vertex -12.1353 8.81678 11
      vertex -11.4835 9.63477 11
      vertex -12.1272 8.81091 11
    endloop
  endfacet
  facet normal -0 0 -1
    outer loop
      vertex -11.4835 9.63477 11
      vertex -12.1353 8.81678 11
      vertex -11.4907 9.64181 11
    endloop
  endfacet
  facet normal 0 0 -1
    outer loop
      vertex -12.7118 7.94416 11
      vertex -12.1353 8.81678 11
      vertex -12.1272 8.81091 11
    endloop
  endfacet
  facet normal 0 0 -1
    outer loop
      vertex -12.7207 7.94879 11
      vertex -12.7118 7.94416 11
      vertex -12.7123 7.9435 11
    endloop
  endfacet
  facet normal 0 0 -1
    outer loop
      vertex -12.7118 7.94416 11
      vertex -12.7207 7.94879 11
      vertex -12.1353 8.81678 11
    endloop
  endfacet
  facet normal 0 0 -1
    outer loop
      vertex -12.7127 7.94281 11
      vertex -12.7207 7.94879 11
      vertex -12.7123 7.9435 11
    endloop
  endfacet
  facet normal 0 0 -1
    outer loop
      vertex -13.2442 7.04207 11
      vertex -12.7127 7.94281 11
      vertex -13.2354 7.03739 11
    endloop
  endfacet
  facet normal -0 0 -1
    outer loop
      vertex -12.7127 7.94281 11
      vertex -13.2442 7.04207 11
      vertex -12.7207 7.94879 11
    endloop
  endfacet
  facet normal 0 0 -1
    outer loop
      vertex -13.6937 6.0977 11
      vertex -13.2442 7.04207 11
      vertex -13.2354 7.03739 11
    endloop
  endfacet
  facet normal 0 0 -1
    outer loop
      vertex -13.7032 6.10105 11
      vertex -13.6937 6.0977 11
      vertex -13.6941 6.09699 11
    endloop
  endfacet
  facet normal 0 0 -1
    outer loop
      vertex -13.6937 6.0977 11
      vertex -13.7032 6.10105 11
      vertex -13.2442 7.04207 11
    endloop
  endfacet
  facet normal 0 0 -1
    outer loop
      vertex -13.6944 6.09625 11
      vertex -13.7032 6.10105 11
      vertex -13.6941 6.09699 11
    endloop
  endfacet
  facet normal 0 0 -1
    outer loop
      vertex -14.0954 5.1303 11
      vertex -13.6944 6.09625 11
      vertex -14.086 5.12689 11
    endloop
  endfacet
  facet normal -0 0 -1
    outer loop
      vertex -13.6944 6.09625 11
      vertex -14.0954 5.1303 11
      vertex -13.7032 6.10105 11
    endloop
  endfacet
  facet normal 0 0 -1
    outer loop
      vertex -14.4091 4.13257 11
      vertex -14.0954 5.1303 11
      vertex -14.086 5.12689 11
    endloop
  endfacet
  facet normal 0 0 -1
    outer loop
      vertex -14.4189 4.13456 11
      vertex -14.4091 4.13257 11
      vertex -14.4093 4.13181 11
    endloop
  endfacet
  facet normal 0 0 -1
    outer loop
      vertex -14.4091 4.13257 11
      vertex -14.4189 4.13456 11
      vertex -14.0954 5.1303 11
    endloop
  endfacet
  facet normal 0 0 -1
    outer loop
      vertex -14.6623 3.11737 11
      vertex -14.4189 4.13456 11
      vertex -14.4093 4.13181 11
    endloop
  endfacet
  facet normal 0 0 -1
    outer loop
      vertex -14.6722 3.11868 11
      vertex -14.6623 3.11737 11
      vertex -14.6624 3.1166 11
    endloop
  endfacet
  facet normal 0 0 -1
    outer loop
      vertex -14.6623 3.11737 11
      vertex -14.6722 3.11868 11
      vertex -14.4189 4.13456 11
    endloop
  endfacet
  facet normal 0 0 -1
    outer loop
      vertex -14.6626 3.11581 11
      vertex -14.6722 3.11868 11
      vertex -14.6624 3.1166 11
    endloop
  endfacet
  facet normal 0 0 -1
    outer loop
      vertex -14.854 2.0876 11
      vertex -14.6626 3.11581 11
      vertex -14.8441 2.08621 11
    endloop
  endfacet
  facet normal -0 0 -1
    outer loop
      vertex -14.6626 3.11581 11
      vertex -14.854 2.0876 11
      vertex -14.6722 3.11868 11
    endloop
  endfacet
  facet normal 0 0 -1
    outer loop
      vertex -14.9534 1.04644 11
      vertex -14.854 2.0876 11
      vertex -14.8441 2.08621 11
    endloop
  endfacet
  facet normal 0 0 -1
    outer loop
      vertex -14.9635 1.04635 11
      vertex -14.9534 1.04644 11
      vertex -14.9535 1.04565 11
    endloop
  endfacet
  facet normal -0 0 -1
    outer loop
      vertex -14.9534 1.04644 11
      vertex -14.9635 1.04635 11
      vertex -14.854 2.0876 11
    endloop
  endfacet
  facet normal 0 0 -1
    outer loop
      vertex -14.9535 1.04485 11
      vertex -14.9635 1.04635 11
      vertex -14.9535 1.04565 11
    endloop
  endfacet
  facet normal 0 0 -1
    outer loop
      vertex -15 0 11
      vertex -14.9535 1.04485 11
      vertex -14.99 0 11
    endloop
  endfacet
  facet normal -0 0 -1
    outer loop
      vertex -14.9535 1.04485 11
      vertex -15 0 11
      vertex -14.9635 1.04635 11
    endloop
  endfacet
  facet normal -0.529909 -0.848055 0
    outer loop
      vertex -8.38789 -12.4356 11
      vertex -7.5 -12.9904 18.5
      vertex -8.38789 -12.4356 18.5
    endloop
  endfacet
  facet normal -0.529909 -0.848055 -0
    outer loop
      vertex -7.5 -12.9904 18.5
      vertex -8.38789 -12.4356 11
      vertex -7.5 -12.9904 11
    endloop
  endfacet
  facet normal -0.469451 0.882959 0
    outer loop
      vertex -6.57557 13.4819 11
      vertex -7.5 12.9904 18.5
      vertex -6.57557 13.4819 18.5
    endloop
  endfacet
  facet normal -0.469451 0.882959 0
    outer loop
      vertex -7.5 12.9904 18.5
      vertex -6.57557 13.4819 11
      vertex -7.5 12.9904 11
    endloop
  endfacet
  facet normal -0.275637 0.961262 0
    outer loop
      vertex 3.16742 -9.74833 12
      vertex 2.4797 -9.94553 18.5
      vertex 3.16742 -9.74833 18.5
    endloop
  endfacet
  facet normal -0.275637 0.961262 0
    outer loop
      vertex 2.4797 -9.94553 18.5
      vertex 3.16742 -9.74833 12
      vertex 2.4797 -9.94553 12
    endloop
  endfacet
  facet normal -0.994519 -0.104551 0
    outer loop
      vertex 10.225 0.715003 12
      vertex 10.1502 1.42652 18.5
      vertex 10.1502 1.42652 12
    endloop
  endfacet
  facet normal -0.994519 -0.104551 0
    outer loop
      vertex 10.1502 1.42652 18.5
      vertex 10.225 0.715003 12
      vertex 10.225 0.715003 18.5
    endloop
  endfacet
  facet normal -0.999389 -0.0349435 0
    outer loop
      vertex 10.25 0 12
      vertex 10.225 0.715003 18.5
      vertex 10.225 0.715003 12
    endloop
  endfacet
  facet normal -0.999389 -0.0349435 0
    outer loop
      vertex 10.225 0.715003 18.5
      vertex 10.25 0 12
      vertex 10.25 0 18.5
    endloop
  endfacet
  facet normal 0 0 1
    outer loop
      vertex 2.25 0 12
      vertex 10.25 0 12
      vertex 10.225 0.715003 12
    endloop
  endfacet
  facet normal 0 0 1
    outer loop
      vertex 2.24452 0.156952 12
      vertex 10.225 0.715003 12
      vertex 10.1502 1.42652 12
    endloop
  endfacet
  facet normal 0 0 1
    outer loop
      vertex 10.25 0 12
      vertex 2.25 0 12
      vertex 10.225 -0.715003 12
    endloop
  endfacet
  facet normal 0 0 1
    outer loop
      vertex 2.2281 0.313139 12
      vertex 10.1502 1.42652 12
      vertex 10.026 2.13109 12
    endloop
  endfacet
  facet normal -0 0 1
    outer loop
      vertex 2.24452 -0.156952 12
      vertex 10.225 -0.715003 12
      vertex 2.25 0 12
    endloop
  endfacet
  facet normal 0 0 1
    outer loop
      vertex 2.20083 0.467801 12
      vertex 10.026 2.13109 12
      vertex 9.85293 2.82528 12
    endloop
  endfacet
  facet normal 0 0 1
    outer loop
      vertex 10.225 -0.715003 12
      vertex 2.24452 -0.156952 12
      vertex 10.1502 -1.42652 12
    endloop
  endfacet
  facet normal 0 0 1
    outer loop
      vertex 2.16284 0.620184 12
      vertex 9.85293 2.82528 12
      vertex 9.63185 3.50571 12
    endloop
  endfacet
  facet normal -0 0 1
    outer loop
      vertex 2.2281 -0.313139 12
      vertex 10.1502 -1.42652 12
      vertex 2.24452 -0.156952 12
    endloop
  endfacet
  facet normal 0 0 1
    outer loop
      vertex 2.11431 0.769545 12
      vertex 9.63185 3.50571 12
      vertex 9.36384 4.16905 12
    endloop
  endfacet
  facet normal 0 0 1
    outer loop
      vertex 10.1502 -1.42652 12
      vertex 2.2281 -0.313139 12
      vertex 10.026 -2.13109 12
    endloop
  endfacet
  facet normal 0 0 1
    outer loop
      vertex 2.05548 0.915157 12
      vertex 9.36384 4.16905 12
      vertex 9.05021 4.81208 12
    endloop
  endfacet
  facet normal -0 0 1
    outer loop
      vertex 2.20083 -0.467801 12
      vertex 10.026 -2.13109 12
      vertex 2.2281 -0.313139 12
    endloop
  endfacet
  facet normal 0 0 1
    outer loop
      vertex 1.98663 1.05631 12
      vertex 9.05021 4.81208 12
      vertex 8.69249 5.43167 12
    endloop
  endfacet
  facet normal 0 0 1
    outer loop
      vertex 10.026 -2.13109 12
      vertex 2.20083 -0.467801 12
      vertex 9.85293 -2.82528 12
    endloop
  endfacet
  facet normal 0 0 1
    outer loop
      vertex 1.90811 1.19232 12
      vertex 8.69249 5.43167 12
      vertex 8.29242 6.0248 12
    endloop
  endfacet
  facet normal -0 0 1
    outer loop
      vertex 2.16284 -0.620184 12
      vertex 9.85293 -2.82528 12
      vertex 2.20083 -0.467801 12
    endloop
  endfacet
  facet normal 0 0 1
    outer loop
      vertex 1.82029 1.32252 12
      vertex 8.29242 6.0248 12
      vertex 7.85196 6.58857 12
    endloop
  endfacet
  facet normal 0 0 1
    outer loop
      vertex 9.85293 -2.82528 12
      vertex 2.16284 -0.620184 12
      vertex 9.63185 -3.50571 12
    endloop
  endfacet
  facet normal 0 0 1
    outer loop
      vertex 1.7236 1.44627 12
      vertex 7.85196 6.58857 12
      vertex 7.37323 7.12025 12
    endloop
  endfacet
  facet normal -0 0 1
    outer loop
      vertex 2.11431 -0.769545 12
      vertex 9.63185 -3.50571 12
      vertex 2.16284 -0.620184 12
    endloop
  endfacet
  facet normal 0 0 1
    outer loop
      vertex 1.61851 1.56298 12
      vertex 7.37323 7.12025 12
      vertex 6.85859 7.61723 12
    endloop
  endfacet
  facet normal 0 0 1
    outer loop
      vertex 9.63185 -3.50571 12
      vertex 2.11431 -0.769545 12
      vertex 9.36384 -4.16905 12
    endloop
  endfacet
  facet normal 0 0 1
    outer loop
      vertex 1.50554 1.67208 12
      vertex 6.85859 7.61723 12
      vertex 6.31053 8.07711 12
    endloop
  endfacet
  facet normal -0 0 1
    outer loop
      vertex 2.05548 -0.915157 12
      vertex 9.36384 -4.16905 12
      vertex 2.11431 -0.769545 12
    endloop
  endfacet
  facet normal 0 0 1
    outer loop
      vertex 1.38524 1.77302 12
      vertex 6.31053 8.07711 12
      vertex 5.73173 8.49763 12
    endloop
  endfacet
  facet normal 0 0 1
    outer loop
      vertex 9.36384 -4.16905 12
      vertex 2.05548 -0.915157 12
      vertex 9.05021 -4.81208 12
    endloop
  endfacet
  facet normal 0 0 1
    outer loop
      vertex 1.25818 1.86533 12
      vertex 5.73173 8.49763 12
      vertex 5.125 8.87676 12
    endloop
  endfacet
  facet normal -0 0 1
    outer loop
      vertex 1.98663 -1.05631 12
      vertex 9.05021 -4.81208 12
      vertex 2.05548 -0.915157 12
    endloop
  endfacet
  facet normal 0 0 1
    outer loop
      vertex 1.125 1.94856 12
      vertex 5.125 8.87676 12
      vertex 4.4933 9.21264 12
    endloop
  endfacet
  facet normal 0 0 1
    outer loop
      vertex 9.05021 -4.81208 12
      vertex 1.98663 -1.05631 12
      vertex 8.69249 -5.43167 12
    endloop
  endfacet
  facet normal 0 0 1
    outer loop
      vertex 0.986335 2.02229 12
      vertex 4.4933 9.21264 12
      vertex 3.83972 9.50363 12
    endloop
  endfacet
  facet normal -0 0 1
    outer loop
      vertex 1.90811 -1.19232 12
      vertex 8.69249 -5.43167 12
      vertex 1.98663 -1.05631 12
    endloop
  endfacet
  facet normal 0 0 1
    outer loop
      vertex 0.842864 2.08616 12
      vertex 3.83972 9.50363 12
      vertex 3.16742 9.74833 12
    endloop
  endfacet
  facet normal 0 0 1
    outer loop
      vertex 8.69249 -5.43167 12
      vertex 1.90811 -1.19232 12
      vertex 8.29242 -6.0248 12
    endloop
  endfacet
  facet normal 0 0 1
    outer loop
      vertex 0.695288 2.13988 12
      vertex 3.16742 9.74833 12
      vertex 2.4797 9.94553 12
    endloop
  endfacet
  facet normal -0 0 1
    outer loop
      vertex 1.82029 -1.32252 12
      vertex 8.29242 -6.0248 12
      vertex 1.90811 -1.19232 12
    endloop
  endfacet
  facet normal 0 0 1
    outer loop
      vertex 8.29242 -6.0248 12
      vertex 1.82029 -1.32252 12
      vertex 7.85196 -6.58857 12
    endloop
  endfacet
  facet normal 0 0 1
    outer loop
      vertex 10.225 0.715003 12
      vertex 2.24452 0.156952 12
      vertex 2.25 0 12
    endloop
  endfacet
  facet normal 0 0 1
    outer loop
      vertex 10.1502 1.42652 12
      vertex 2.2281 0.313139 12
      vertex 2.24452 0.156952 12
    endloop
  endfacet
  facet normal 0 0 1
    outer loop
      vertex 10.026 2.13109 12
      vertex 2.20083 0.467801 12
      vertex 2.2281 0.313139 12
    endloop
  endfacet
  facet normal 0 0 1
    outer loop
      vertex 9.85293 2.82528 12
      vertex 2.16284 0.620184 12
      vertex 2.20083 0.467801 12
    endloop
  endfacet
  facet normal 0 0 1
    outer loop
      vertex 9.63185 3.50571 12
      vertex 2.11431 0.769545 12
      vertex 2.16284 0.620184 12
    endloop
  endfacet
  facet normal 0 0 1
    outer loop
      vertex 9.36384 4.16905 12
      vertex 2.05548 0.915157 12
      vertex 2.11431 0.769545 12
    endloop
  endfacet
  facet normal 0 0 1
    outer loop
      vertex 9.05021 4.81208 12
      vertex 1.98663 1.05631 12
      vertex 2.05548 0.915157 12
    endloop
  endfacet
  facet normal 0 0 1
    outer loop
      vertex 8.69249 5.43167 12
      vertex 1.90811 1.19232 12
      vertex 1.98663 1.05631 12
    endloop
  endfacet
  facet normal 0 0 1
    outer loop
      vertex 8.29242 6.0248 12
      vertex 1.82029 1.32252 12
      vertex 1.90811 1.19232 12
    endloop
  endfacet
  facet normal 0 0 1
    outer loop
      vertex 0.544324 2.18316 12
      vertex 2.4797 9.94553 12
      vertex 1.77989 10.0943 12
    endloop
  endfacet
  facet normal 0 0 1
    outer loop
      vertex 7.85196 6.58857 12
      vertex 1.7236 1.44627 12
      vertex 1.82029 1.32252 12
    endloop
  endfacet
  facet normal 0 0 1
    outer loop
      vertex 7.37323 7.12025 12
      vertex 1.61851 1.56298 12
      vertex 1.7236 1.44627 12
    endloop
  endfacet
  facet normal 0 0 1
    outer loop
      vertex 6.85859 7.61723 12
      vertex 1.50554 1.67208 12
      vertex 1.61851 1.56298 12
    endloop
  endfacet
  facet normal 0 0 1
    outer loop
      vertex 6.31053 8.07711 12
      vertex 1.38524 1.77302 12
      vertex 1.50554 1.67208 12
    endloop
  endfacet
  facet normal 0 0 1
    outer loop
      vertex 5.73173 8.49763 12
      vertex 1.25818 1.86533 12
      vertex 1.38524 1.77302 12
    endloop
  endfacet
  facet normal 0 0 1
    outer loop
      vertex 5.125 8.87676 12
      vertex 1.125 1.94856 12
      vertex 1.25818 1.86533 12
    endloop
  endfacet
  facet normal 0 0 1
    outer loop
      vertex 0.390708 2.21582 12
      vertex 1.77989 10.0943 12
      vertex 1.07142 10.1938 12
    endloop
  endfacet
  facet normal 0 0 1
    outer loop
      vertex 4.4933 9.21264 12
      vertex 0.986335 2.02229 12
      vertex 1.125 1.94856 12
    endloop
  endfacet
  facet normal 0 0 1
    outer loop
      vertex 3.83972 9.50363 12
      vertex 0.842864 2.08616 12
      vertex 0.986335 2.02229 12
    endloop
  endfacet
  facet normal 0 0 1
    outer loop
      vertex 3.16742 9.74833 12
      vertex 0.695288 2.13988 12
      vertex 0.842864 2.08616 12
    endloop
  endfacet
  facet normal 0 0 1
    outer loop
      vertex 2.4797 9.94553 12
      vertex 0.544324 2.18316 12
      vertex 0.695288 2.13988 12
    endloop
  endfacet
  facet normal 0 0 1
    outer loop
      vertex 1.77989 10.0943 12
      vertex 0.390708 2.21582 12
      vertex 0.544324 2.18316 12
    endloop
  endfacet
  facet normal 0 0 1
    outer loop
      vertex 0.235188 2.23767 12
      vertex 1.07142 10.1938 12
      vertex 0.357719 10.2438 12
    endloop
  endfacet
  facet normal 0 0 1
    outer loop
      vertex 1.07142 10.1938 12
      vertex 0.235188 2.23767 12
      vertex 0.390708 2.21582 12
    endloop
  endfacet
  facet normal 0 0 1
    outer loop
      vertex 0.357719 10.2438 12
      vertex 0.0785236 2.24863 12
      vertex 0.235188 2.23767 12
    endloop
  endfacet
  facet normal 0 0 1
    outer loop
      vertex 0.357719 10.2438 12
      vertex -0.0785236 2.24863 12
      vertex 0.0785236 2.24863 12
    endloop
  endfacet
  facet normal -0 0 1
    outer loop
      vertex -0.357719 10.2438 12
      vertex -0.0785236 2.24863 12
      vertex 0.357719 10.2438 12
    endloop
  endfacet
  facet normal 0 0 1
    outer loop
      vertex -0.0785236 2.24863 12
      vertex -0.357719 10.2438 12
      vertex -0.235188 2.23767 12
    endloop
  endfacet
  facet normal -0 0 1
    outer loop
      vertex -1.07142 10.1938 12
      vertex -0.235188 2.23767 12
      vertex -0.357719 10.2438 12
    endloop
  endfacet
  facet normal 0 0 1
    outer loop
      vertex -0.235188 2.23767 12
      vertex -1.07142 10.1938 12
      vertex -0.390708 2.21582 12
    endloop
  endfacet
  facet normal -0 0 1
    outer loop
      vertex -1.77989 10.0943 12
      vertex -0.390708 2.21582 12
      vertex -1.07142 10.1938 12
    endloop
  endfacet
  facet normal 0 0 1
    outer loop
      vertex -0.390708 2.21582 12
      vertex -1.77989 10.0943 12
      vertex -0.544324 2.18316 12
    endloop
  endfacet
  facet normal -0 0 1
    outer loop
      vertex -2.4797 9.94553 12
      vertex -0.544324 2.18316 12
      vertex -1.77989 10.0943 12
    endloop
  endfacet
  facet normal 0 0 1
    outer loop
      vertex -0.544324 2.18316 12
      vertex -2.4797 9.94553 12
      vertex -0.695288 2.13988 12
    endloop
  endfacet
  facet normal -0 0 1
    outer loop
      vertex -3.16742 9.74833 12
      vertex -0.695288 2.13988 12
      vertex -2.4797 9.94553 12
    endloop
  endfacet
  facet normal 0 0 1
    outer loop
      vertex -0.695288 2.13988 12
      vertex -3.16742 9.74833 12
      vertex -0.842864 2.08616 12
    endloop
  endfacet
  facet normal -0 0 1
    outer loop
      vertex -3.83972 9.50363 12
      vertex -0.842864 2.08616 12
      vertex -3.16742 9.74833 12
    endloop
  endfacet
  facet normal 0 0 1
    outer loop
      vertex -0.842864 2.08616 12
      vertex -3.83972 9.50363 12
      vertex -0.986335 2.02229 12
    endloop
  endfacet
  facet normal -0 0 1
    outer loop
      vertex -4.4933 9.21264 12
      vertex -0.986335 2.02229 12
      vertex -3.83972 9.50363 12
    endloop
  endfacet
  facet normal 0 0 1
    outer loop
      vertex -0.986335 2.02229 12
      vertex -4.4933 9.21264 12
      vertex -1.125 1.94856 12
    endloop
  endfacet
  facet normal -0 0 1
    outer loop
      vertex -5.125 8.87676 12
      vertex -1.125 1.94856 12
      vertex -4.4933 9.21264 12
    endloop
  endfacet
  facet normal 0 0 1
    outer loop
      vertex -1.125 1.94856 12
      vertex -5.125 8.87676 12
      vertex -1.25818 1.86533 12
    endloop
  endfacet
  facet normal -0 0 1
    outer loop
      vertex -5.73173 8.49763 12
      vertex -1.25818 1.86533 12
      vertex -5.125 8.87676 12
    endloop
  endfacet
  facet normal 0 0 1
    outer loop
      vertex -1.25818 1.86533 12
      vertex -5.73173 8.49763 12
      vertex -1.38524 1.77302 12
    endloop
  endfacet
  facet normal -0 0 1
    outer loop
      vertex -6.31053 8.07711 12
      vertex -1.38524 1.77302 12
      vertex -5.73173 8.49763 12
    endloop
  endfacet
  facet normal 0 0 1
    outer loop
      vertex -1.38524 1.77302 12
      vertex -6.31053 8.07711 12
      vertex -1.50554 1.67208 12
    endloop
  endfacet
  facet normal -0 0 1
    outer loop
      vertex -6.85859 7.61723 12
      vertex -1.50554 1.67208 12
      vertex -6.31053 8.07711 12
    endloop
  endfacet
  facet normal 0 0 1
    outer loop
      vertex -1.50554 1.67208 12
      vertex -6.85859 7.61723 12
      vertex -1.61851 1.56298 12
    endloop
  endfacet
  facet normal -0 0 1
    outer loop
      vertex -7.37323 7.12025 12
      vertex -1.61851 1.56298 12
      vertex -6.85859 7.61723 12
    endloop
  endfacet
  facet normal 0 0 1
    outer loop
      vertex -1.61851 1.56298 12
      vertex -7.37323 7.12025 12
      vertex -1.7236 1.44627 12
    endloop
  endfacet
  facet normal 0 0 1
    outer loop
      vertex -1.7236 1.44627 12
      vertex -7.85196 6.58857 12
      vertex -1.82029 1.32252 12
    endloop
  endfacet
  facet normal -0 0 1
    outer loop
      vertex -7.85196 6.58857 12
      vertex -1.7236 1.44627 12
      vertex -7.37323 7.12025 12
    endloop
  endfacet
  facet normal -0 0 1
    outer loop
      vertex 1.7236 -1.44627 12
      vertex 7.85196 -6.58857 12
      vertex 1.82029 -1.32252 12
    endloop
  endfacet
  facet normal 0 0 1
    outer loop
      vertex 7.85196 -6.58857 12
      vertex 1.7236 -1.44627 12
      vertex 7.37323 -7.12025 12
    endloop
  endfacet
  facet normal -0 0 1
    outer loop
      vertex 1.61851 -1.56298 12
      vertex 7.37323 -7.12025 12
      vertex 1.7236 -1.44627 12
    endloop
  endfacet
  facet normal 0 0 1
    outer loop
      vertex 7.37323 -7.12025 12
      vertex 1.61851 -1.56298 12
      vertex 6.85859 -7.61723 12
    endloop
  endfacet
  facet normal -0 0 1
    outer loop
      vertex 1.50554 -1.67208 12
      vertex 6.85859 -7.61723 12
      vertex 1.61851 -1.56298 12
    endloop
  endfacet
  facet normal 0 0 1
    outer loop
      vertex 6.85859 -7.61723 12
      vertex 1.50554 -1.67208 12
      vertex 6.31053 -8.07711 12
    endloop
  endfacet
  facet normal -0 0 1
    outer loop
      vertex 1.38524 -1.77302 12
      vertex 6.31053 -8.07711 12
      vertex 1.50554 -1.67208 12
    endloop
  endfacet
  facet normal 0 0 1
    outer loop
      vertex 6.31053 -8.07711 12
      vertex 1.38524 -1.77302 12
      vertex 5.73173 -8.49763 12
    endloop
  endfacet
  facet normal -0 0 1
    outer loop
      vertex 1.25818 -1.86533 12
      vertex 5.73173 -8.49763 12
      vertex 1.38524 -1.77302 12
    endloop
  endfacet
  facet normal 0 0 1
    outer loop
      vertex 5.73173 -8.49763 12
      vertex 1.25818 -1.86533 12
      vertex 5.125 -8.87676 12
    endloop
  endfacet
  facet normal -0 0 1
    outer loop
      vertex 1.125 -1.94856 12
      vertex 5.125 -8.87676 12
      vertex 1.25818 -1.86533 12
    endloop
  endfacet
  facet normal 0 0 1
    outer loop
      vertex 5.125 -8.87676 12
      vertex 1.125 -1.94856 12
      vertex 4.4933 -9.21264 12
    endloop
  endfacet
  facet normal -0 0 1
    outer loop
      vertex 0.986335 -2.02229 12
      vertex 4.4933 -9.21264 12
      vertex 1.125 -1.94856 12
    endloop
  endfacet
  facet normal 0 0 1
    outer loop
      vertex 4.4933 -9.21264 12
      vertex 0.986335 -2.02229 12
      vertex 3.83972 -9.50363 12
    endloop
  endfacet
  facet normal -0 0 1
    outer loop
      vertex 0.842864 -2.08616 12
      vertex 3.83972 -9.50363 12
      vertex 0.986335 -2.02229 12
    endloop
  endfacet
  facet normal 0 0 1
    outer loop
      vertex 3.83972 -9.50363 12
      vertex 0.842864 -2.08616 12
      vertex 3.16742 -9.74833 12
    endloop
  endfacet
  facet normal -0 0 1
    outer loop
      vertex 0.695288 -2.13988 12
      vertex 3.16742 -9.74833 12
      vertex 0.842864 -2.08616 12
    endloop
  endfacet
  facet normal 0 0 1
    outer loop
      vertex 3.16742 -9.74833 12
      vertex 0.695288 -2.13988 12
      vertex 2.4797 -9.94553 12
    endloop
  endfacet
  facet normal -0 0 1
    outer loop
      vertex 0.544324 -2.18316 12
      vertex 2.4797 -9.94553 12
      vertex 0.695288 -2.13988 12
    endloop
  endfacet
  facet normal 0 0 1
    outer loop
      vertex 2.4797 -9.94553 12
      vertex 0.544324 -2.18316 12
      vertex 1.77989 -10.0943 12
    endloop
  endfacet
  facet normal -0 0 1
    outer loop
      vertex 0.390708 -2.21582 12
      vertex 1.77989 -10.0943 12
      vertex 0.544324 -2.18316 12
    endloop
  endfacet
  facet normal 0 0 1
    outer loop
      vertex 1.77989 -10.0943 12
      vertex 0.390708 -2.21582 12
      vertex 1.07142 -10.1938 12
    endloop
  endfacet
  facet normal -0 0 1
    outer loop
      vertex 0.235188 -2.23767 12
      vertex 1.07142 -10.1938 12
      vertex 0.390708 -2.21582 12
    endloop
  endfacet
  facet normal 0 0 1
    outer loop
      vertex 1.07142 -10.1938 12
      vertex 0.235188 -2.23767 12
      vertex 0.357719 -10.2438 12
    endloop
  endfacet
  facet normal -0 0 1
    outer loop
      vertex 0.0785236 -2.24863 12
      vertex 0.357719 -10.2438 12
      vertex 0.235188 -2.23767 12
    endloop
  endfacet
  facet normal -0 0 1
    outer loop
      vertex -0.0785236 -2.24863 12
      vertex 0.357719 -10.2438 12
      vertex 0.0785236 -2.24863 12
    endloop
  endfacet
  facet normal 0 0 1
    outer loop
      vertex -0.357719 -10.2438 12
      vertex -0.0785236 -2.24863 12
      vertex -0.235188 -2.23767 12
    endloop
  endfacet
  facet normal 0 0 1
    outer loop
      vertex -0.0785236 -2.24863 12
      vertex -0.357719 -10.2438 12
      vertex 0.357719 -10.2438 12
    endloop
  endfacet
  facet normal 0 0 1
    outer loop
      vertex -1.07142 -10.1938 12
      vertex -0.235188 -2.23767 12
      vertex -0.390708 -2.21582 12
    endloop
  endfacet
  facet normal 0 0 1
    outer loop
      vertex -1.77989 -10.0943 12
      vertex -0.390708 -2.21582 12
      vertex -0.544324 -2.18316 12
    endloop
  endfacet
  facet normal 0 0 1
    outer loop
      vertex -2.4797 -9.94553 12
      vertex -0.544324 -2.18316 12
      vertex -0.695288 -2.13988 12
    endloop
  endfacet
  facet normal 0 0 1
    outer loop
      vertex -3.16742 -9.74833 12
      vertex -0.695288 -2.13988 12
      vertex -0.842864 -2.08616 12
    endloop
  endfacet
  facet normal 0 0 1
    outer loop
      vertex -3.83972 -9.50363 12
      vertex -0.842864 -2.08616 12
      vertex -0.986335 -2.02229 12
    endloop
  endfacet
  facet normal 0 0 1
    outer loop
      vertex -0.235188 -2.23767 12
      vertex -1.07142 -10.1938 12
      vertex -0.357719 -10.2438 12
    endloop
  endfacet
  facet normal 0 0 1
    outer loop
      vertex -4.4933 -9.21264 12
      vertex -0.986335 -2.02229 12
      vertex -1.125 -1.94856 12
    endloop
  endfacet
  facet normal 0 0 1
    outer loop
      vertex -5.125 -8.87676 12
      vertex -1.125 -1.94856 12
      vertex -1.25818 -1.86533 12
    endloop
  endfacet
  facet normal 0 0 1
    outer loop
      vertex -5.73173 -8.49763 12
      vertex -1.25818 -1.86533 12
      vertex -1.38524 -1.77302 12
    endloop
  endfacet
  facet normal 0 0 1
    outer loop
      vertex -6.31053 -8.07711 12
      vertex -1.38524 -1.77302 12
      vertex -1.50554 -1.67208 12
    endloop
  endfacet
  facet normal 0 0 1
    outer loop
      vertex -6.85859 -7.61723 12
      vertex -1.50554 -1.67208 12
      vertex -1.61851 -1.56298 12
    endloop
  endfacet
  facet normal 0 0 1
    outer loop
      vertex -7.37323 -7.12025 12
      vertex -1.61851 -1.56298 12
      vertex -1.7236 -1.44627 12
    endloop
  endfacet
  facet normal 0 0 1
    outer loop
      vertex -0.390708 -2.21582 12
      vertex -1.77989 -10.0943 12
      vertex -1.07142 -10.1938 12
    endloop
  endfacet
  facet normal 0 0 1
    outer loop
      vertex -7.85196 -6.58857 12
      vertex -1.7236 -1.44627 12
      vertex -1.82029 -1.32252 12
    endloop
  endfacet
  facet normal 0 0 1
    outer loop
      vertex -8.29242 -6.0248 12
      vertex -1.82029 -1.32252 12
      vertex -1.90811 -1.19232 12
    endloop
  endfacet
  facet normal 0 0 1
    outer loop
      vertex -8.69249 -5.43167 12
      vertex -1.90811 -1.19232 12
      vertex -1.98663 -1.05631 12
    endloop
  endfacet
  facet normal 0 0 1
    outer loop
      vertex -9.05021 -4.81208 12
      vertex -1.98663 -1.05631 12
      vertex -2.05548 -0.915157 12
    endloop
  endfacet
  facet normal 0 0 1
    outer loop
      vertex -9.36384 -4.16905 12
      vertex -2.05548 -0.915157 12
      vertex -2.11431 -0.769545 12
    endloop
  endfacet
  facet normal 0 0 1
    outer loop
      vertex -9.63185 -3.50571 12
      vertex -2.11431 -0.769545 12
      vertex -2.16284 -0.620184 12
    endloop
  endfacet
  facet normal 0 0 1
    outer loop
      vertex -9.85293 -2.82528 12
      vertex -2.16284 -0.620184 12
      vertex -2.20083 -0.467801 12
    endloop
  endfacet
  facet normal 0 0 1
    outer loop
      vertex -10.026 -2.13109 12
      vertex -2.20083 -0.467801 12
      vertex -2.2281 -0.313139 12
    endloop
  endfacet
  facet normal 0 0 1
    outer loop
      vertex -10.1502 -1.42652 12
      vertex -2.2281 -0.313139 12
      vertex -2.24452 -0.156952 12
    endloop
  endfacet
  facet normal 0 0 1
    outer loop
      vertex -0.544324 -2.18316 12
      vertex -2.4797 -9.94553 12
      vertex -1.77989 -10.0943 12
    endloop
  endfacet
  facet normal 0 0 1
    outer loop
      vertex -10.225 -0.715003 12
      vertex -2.24452 -0.156952 12
      vertex -2.25 0 12
    endloop
  endfacet
  facet normal -0 0 1
    outer loop
      vertex -8.29242 6.0248 12
      vertex -1.82029 1.32252 12
      vertex -7.85196 6.58857 12
    endloop
  endfacet
  facet normal 0 0 1
    outer loop
      vertex -1.82029 1.32252 12
      vertex -8.29242 6.0248 12
      vertex -1.90811 1.19232 12
    endloop
  endfacet
  facet normal 0 0 1
    outer loop
      vertex -0.695288 -2.13988 12
      vertex -3.16742 -9.74833 12
      vertex -2.4797 -9.94553 12
    endloop
  endfacet
  facet normal -0 0 1
    outer loop
      vertex -8.69249 5.43167 12
      vertex -1.90811 1.19232 12
      vertex -8.29242 6.0248 12
    endloop
  endfacet
  facet normal 0 0 1
    outer loop
      vertex -0.842864 -2.08616 12
      vertex -3.83972 -9.50363 12
      vertex -3.16742 -9.74833 12
    endloop
  endfacet
  facet normal 0 0 1
    outer loop
      vertex -1.90811 1.19232 12
      vertex -8.69249 5.43167 12
      vertex -1.98663 1.05631 12
    endloop
  endfacet
  facet normal 0 0 1
    outer loop
      vertex -0.986335 -2.02229 12
      vertex -4.4933 -9.21264 12
      vertex -3.83972 -9.50363 12
    endloop
  endfacet
  facet normal -0 0 1
    outer loop
      vertex -9.05021 4.81208 12
      vertex -1.98663 1.05631 12
      vertex -8.69249 5.43167 12
    endloop
  endfacet
  facet normal 0 0 1
    outer loop
      vertex -1.125 -1.94856 12
      vertex -5.125 -8.87676 12
      vertex -4.4933 -9.21264 12
    endloop
  endfacet
  facet normal 0 0 1
    outer loop
      vertex -1.98663 1.05631 12
      vertex -9.05021 4.81208 12
      vertex -2.05548 0.915157 12
    endloop
  endfacet
  facet normal 0 0 1
    outer loop
      vertex -1.25818 -1.86533 12
      vertex -5.73173 -8.49763 12
      vertex -5.125 -8.87676 12
    endloop
  endfacet
  facet normal -0 0 1
    outer loop
      vertex -9.36384 4.16905 12
      vertex -2.05548 0.915157 12
      vertex -9.05021 4.81208 12
    endloop
  endfacet
  facet normal 0 0 1
    outer loop
      vertex -1.38524 -1.77302 12
      vertex -6.31053 -8.07711 12
      vertex -5.73173 -8.49763 12
    endloop
  endfacet
  facet normal 0 0 1
    outer loop
      vertex -2.05548 0.915157 12
      vertex -9.36384 4.16905 12
      vertex -2.11431 0.769545 12
    endloop
  endfacet
  facet normal 0 0 1
    outer loop
      vertex -1.50554 -1.67208 12
      vertex -6.85859 -7.61723 12
      vertex -6.31053 -8.07711 12
    endloop
  endfacet
  facet normal -0 0 1
    outer loop
      vertex -9.63185 3.50571 12
      vertex -2.11431 0.769545 12
      vertex -9.36384 4.16905 12
    endloop
  endfacet
  facet normal 0 0 1
    outer loop
      vertex -1.61851 -1.56298 12
      vertex -7.37323 -7.12025 12
      vertex -6.85859 -7.61723 12
    endloop
  endfacet
  facet normal 0 0 1
    outer loop
      vertex -2.11431 0.769545 12
      vertex -9.63185 3.50571 12
      vertex -2.16284 0.620184 12
    endloop
  endfacet
  facet normal 0 0 1
    outer loop
      vertex -1.7236 -1.44627 12
      vertex -7.85196 -6.58857 12
      vertex -7.37323 -7.12025 12
    endloop
  endfacet
  facet normal -0 0 1
    outer loop
      vertex -9.85293 2.82528 12
      vertex -2.16284 0.620184 12
      vertex -9.63185 3.50571 12
    endloop
  endfacet
  facet normal 0 0 1
    outer loop
      vertex -1.82029 -1.32252 12
      vertex -8.29242 -6.0248 12
      vertex -7.85196 -6.58857 12
    endloop
  endfacet
  facet normal 0 0 1
    outer loop
      vertex -2.16284 0.620184 12
      vertex -9.85293 2.82528 12
      vertex -2.20083 0.467801 12
    endloop
  endfacet
  facet normal 0 0 1
    outer loop
      vertex -1.90811 -1.19232 12
      vertex -8.69249 -5.43167 12
      vertex -8.29242 -6.0248 12
    endloop
  endfacet
  facet normal -0 0 1
    outer loop
      vertex -10.026 2.13109 12
      vertex -2.20083 0.467801 12
      vertex -9.85293 2.82528 12
    endloop
  endfacet
  facet normal 0 0 1
    outer loop
      vertex -1.98663 -1.05631 12
      vertex -9.05021 -4.81208 12
      vertex -8.69249 -5.43167 12
    endloop
  endfacet
  facet normal 0 0 1
    outer loop
      vertex -2.20083 0.467801 12
      vertex -10.026 2.13109 12
      vertex -2.2281 0.313139 12
    endloop
  endfacet
  facet normal 0 0 1
    outer loop
      vertex -2.05548 -0.915157 12
      vertex -9.36384 -4.16905 12
      vertex -9.05021 -4.81208 12
    endloop
  endfacet
  facet normal -0 0 1
    outer loop
      vertex -10.1502 1.42652 12
      vertex -2.2281 0.313139 12
      vertex -10.026 2.13109 12
    endloop
  endfacet
  facet normal 0 0 1
    outer loop
      vertex -2.11431 -0.769545 12
      vertex -9.63185 -3.50571 12
      vertex -9.36384 -4.16905 12
    endloop
  endfacet
  facet normal 0 0 1
    outer loop
      vertex -2.2281 0.313139 12
      vertex -10.1502 1.42652 12
      vertex -2.24452 0.156952 12
    endloop
  endfacet
  facet normal 0 0 1
    outer loop
      vertex -2.16284 -0.620184 12
      vertex -9.85293 -2.82528 12
      vertex -9.63185 -3.50571 12
    endloop
  endfacet
  facet normal -0 0 1
    outer loop
      vertex -10.225 0.715003 12
      vertex -2.24452 0.156952 12
      vertex -10.1502 1.42652 12
    endloop
  endfacet
  facet normal 0 0 1
    outer loop
      vertex -2.20083 -0.467801 12
      vertex -10.026 -2.13109 12
      vertex -9.85293 -2.82528 12
    endloop
  endfacet
  facet normal 0 0 1
    outer loop
      vertex -2.24452 0.156952 12
      vertex -10.225 0.715003 12
      vertex -2.25 0 12
    endloop
  endfacet
  facet normal 0 0 1
    outer loop
      vertex -2.2281 -0.313139 12
      vertex -10.1502 -1.42652 12
      vertex -10.026 -2.13109 12
    endloop
  endfacet
  facet normal 0 0 1
    outer loop
      vertex -10.25 0 12
      vertex -2.25 0 12
      vertex -10.225 0.715003 12
    endloop
  endfacet
  facet normal 0 0 1
    outer loop
      vertex -2.24452 -0.156952 12
      vertex -10.225 -0.715003 12
      vertex -10.1502 -1.42652 12
    endloop
  endfacet
  facet normal 0 0 1
    outer loop
      vertex -2.25 0 12
      vertex -10.25 0 12
      vertex -10.225 -0.715003 12
    endloop
  endfacet
  facet normal -0.788014 0.615657 0
    outer loop
      vertex 7.85196 -6.58857 12
      vertex 8.29242 -6.0248 18.5
      vertex 8.29242 -6.0248 12
    endloop
  endfacet
  facet normal -0.788014 0.615657 0
    outer loop
      vertex 8.29242 -6.0248 18.5
      vertex 7.85196 -6.58857 12
      vertex 7.85196 -6.58857 18.5
    endloop
  endfacet
  facet normal 0.207939 -0.978142 0
    outer loop
      vertex -2.4797 9.94553 12
      vertex -1.77989 10.0943 18.5
      vertex -2.4797 9.94553 18.5
    endloop
  endfacet
  facet normal 0.207939 -0.978142 0
    outer loop
      vertex -1.77989 10.0943 18.5
      vertex -2.4797 9.94553 12
      vertex -1.77989 10.0943 12
    endloop
  endfacet
  facet normal -0.951059 -0.309011 0
    outer loop
      vertex 9.85293 2.82528 12
      vertex 9.63185 3.50571 18.5
      vertex 9.63185 3.50571 12
    endloop
  endfacet
  facet normal -0.951059 -0.309011 0
    outer loop
      vertex 9.63185 3.50571 18.5
      vertex 9.85293 2.82528 12
      vertex 9.85293 2.82528 18.5
    endloop
  endfacet
  facet normal -0.529922 0.848046 0
    outer loop
      vertex 5.73173 -8.49763 12
      vertex 5.125 -8.87676 18.5
      vertex 5.73173 -8.49763 18.5
    endloop
  endfacet
  facet normal -0.529922 0.848046 0
    outer loop
      vertex 5.125 -8.87676 18.5
      vertex 5.73173 -8.49763 12
      vertex 5.125 -8.87676 12
    endloop
  endfacet
  facet normal 0.898792 0.438375 0
    outer loop
      vertex -9.05021 -4.81208 18.5
      vertex -9.36384 -4.16905 12
      vertex -9.36384 -4.16905 18.5
    endloop
  endfacet
  facet normal 0.898792 0.438375 0
    outer loop
      vertex -9.36384 -4.16905 12
      vertex -9.05021 -4.81208 18.5
      vertex -9.05021 -4.81208 12
    endloop
  endfacet
  facet normal -0.970299 0.241907 0
    outer loop
      vertex 9.85293 -2.82528 12
      vertex 10.026 -2.13109 18.5
      vertex 10.026 -2.13109 12
    endloop
  endfacet
  facet normal -0.970299 0.241907 0
    outer loop
      vertex 10.026 -2.13109 18.5
      vertex 9.85293 -2.82528 12
      vertex 9.85293 -2.82528 18.5
    endloop
  endfacet
  facet normal -0.898792 -0.438375 0
    outer loop
      vertex 9.36384 4.16905 12
      vertex 9.05021 4.81208 18.5
      vertex 9.05021 4.81208 12
    endloop
  endfacet
  facet normal -0.898792 -0.438375 0
    outer loop
      vertex 9.05021 4.81208 18.5
      vertex 9.36384 4.16905 12
      vertex 9.36384 4.16905 18.5
    endloop
  endfacet
  facet normal 0.342024 -0.939691 0
    outer loop
      vertex -3.83972 9.50363 12
      vertex -3.16742 9.74833 18.5
      vertex -3.83972 9.50363 18.5
    endloop
  endfacet
  facet normal 0.342024 -0.939691 0
    outer loop
      vertex -3.16742 9.74833 18.5
      vertex -3.83972 9.50363 12
      vertex -3.16742 9.74833 12
    endloop
  endfacet
  facet normal -0.743143 0.669133 0
    outer loop
      vertex 7.37323 -7.12025 12
      vertex 7.85196 -6.58857 18.5
      vertex 7.85196 -6.58857 12
    endloop
  endfacet
  facet normal -0.743143 0.669133 0
    outer loop
      vertex 7.85196 -6.58857 18.5
      vertex 7.37323 -7.12025 12
      vertex 7.37323 -7.12025 18.5
    endloop
  endfacet
  facet normal 0.743143 0.669133 0
    outer loop
      vertex -7.37323 -7.12025 18.5
      vertex -7.85196 -6.58857 12
      vertex -7.85196 -6.58857 18.5
    endloop
  endfacet
  facet normal 0.743143 0.669133 0
    outer loop
      vertex -7.85196 -6.58857 12
      vertex -7.37323 -7.12025 18.5
      vertex -7.37323 -7.12025 12
    endloop
  endfacet
  facet normal 0.999389 0.0349435 0
    outer loop
      vertex -10.225 -0.715003 18.5
      vertex -10.25 0 12
      vertex -10.25 0 18.5
    endloop
  endfacet
  facet normal 0.999389 0.0349435 0
    outer loop
      vertex -10.25 0 12
      vertex -10.225 -0.715003 18.5
      vertex -10.225 -0.715003 12
    endloop
  endfacet
  facet normal 0.406734 0.913547 -0
    outer loop
      vertex -3.83972 -9.50363 12
      vertex -4.4933 -9.21264 18.5
      vertex -3.83972 -9.50363 18.5
    endloop
  endfacet
  facet normal 0.406734 0.913547 0
    outer loop
      vertex -4.4933 -9.21264 18.5
      vertex -3.83972 -9.50363 12
      vertex -4.4933 -9.21264 12
    endloop
  endfacet
  facet normal 0.275637 -0.961262 0
    outer loop
      vertex -3.16742 9.74833 12
      vertex -2.4797 9.94553 18.5
      vertex -3.16742 9.74833 18.5
    endloop
  endfacet
  facet normal 0.275637 -0.961262 0
    outer loop
      vertex -2.4797 9.94553 18.5
      vertex -3.16742 9.74833 12
      vertex -2.4797 9.94553 12
    endloop
  endfacet
  facet normal -0.984816 0.173601 0
    outer loop
      vertex 10.026 -2.13109 12
      vertex 10.1502 -1.42652 18.5
      vertex 10.1502 -1.42652 12
    endloop
  endfacet
  facet normal -0.984816 0.173601 0
    outer loop
      vertex 10.1502 -1.42652 18.5
      vertex 10.026 -2.13109 12
      vertex 10.026 -2.13109 18.5
    endloop
  endfacet
  facet normal 0.342024 0.939691 -0
    outer loop
      vertex -3.16742 -9.74833 12
      vertex -3.83972 -9.50363 18.5
      vertex -3.16742 -9.74833 18.5
    endloop
  endfacet
  facet normal 0.342024 0.939691 0
    outer loop
      vertex -3.83972 -9.50363 18.5
      vertex -3.16742 -9.74833 12
      vertex -3.83972 -9.50363 12
    endloop
  endfacet
  facet normal 0.951059 0.309011 0
    outer loop
      vertex -9.63185 -3.50571 18.5
      vertex -9.85293 -2.82528 12
      vertex -9.85293 -2.82528 18.5
    endloop
  endfacet
  facet normal 0.951059 0.309011 0
    outer loop
      vertex -9.85293 -2.82528 12
      vertex -9.63185 -3.50571 18.5
      vertex -9.63185 -3.50571 12
    endloop
  endfacet
  facet normal 0.406734 -0.913547 0
    outer loop
      vertex -4.4933 9.21264 12
      vertex -3.83972 9.50363 18.5
      vertex -4.4933 9.21264 18.5
    endloop
  endfacet
  facet normal 0.406734 -0.913547 0
    outer loop
      vertex -3.83972 9.50363 18.5
      vertex -4.4933 9.21264 12
      vertex -3.83972 9.50363 12
    endloop
  endfacet
  facet normal 0.951059 -0.309011 0
    outer loop
      vertex -9.85293 2.82528 18.5
      vertex -9.63185 3.50571 12
      vertex -9.63185 3.50571 18.5
    endloop
  endfacet
  facet normal 0.951059 -0.309011 0
    outer loop
      vertex -9.63185 3.50571 12
      vertex -9.85293 2.82528 18.5
      vertex -9.85293 2.82528 12
    endloop
  endfacet
  facet normal -0.927182 0.37461 0
    outer loop
      vertex 9.36384 -4.16905 12
      vertex 9.63185 -3.50571 18.5
      vertex 9.63185 -3.50571 12
    endloop
  endfacet
  facet normal -0.927182 0.37461 0
    outer loop
      vertex 9.63185 -3.50571 18.5
      vertex 9.36384 -4.16905 12
      vertex 9.36384 -4.16905 18.5
    endloop
  endfacet
  facet normal -0.587783 -0.809019 0
    outer loop
      vertex 5.73173 8.49763 12
      vertex 6.31053 8.07711 18.5
      vertex 5.73173 8.49763 18.5
    endloop
  endfacet
  facet normal -0.587783 -0.809019 -0
    outer loop
      vertex 6.31053 8.07711 18.5
      vertex 5.73173 8.49763 12
      vertex 6.31053 8.07711 12
    endloop
  endfacet
  facet normal 0 1 -0
    outer loop
      vertex 0.357719 -10.2438 12
      vertex -0.357719 -10.2438 18.5
      vertex 0.357719 -10.2438 18.5
    endloop
  endfacet
  facet normal 0 1 0
    outer loop
      vertex -0.357719 -10.2438 18.5
      vertex 0.357719 -10.2438 12
      vertex -0.357719 -10.2438 12
    endloop
  endfacet
  facet normal -0.406734 -0.913547 0
    outer loop
      vertex 3.83972 9.50363 12
      vertex 4.4933 9.21264 18.5
      vertex 3.83972 9.50363 18.5
    endloop
  endfacet
  facet normal -0.406734 -0.913547 -0
    outer loop
      vertex 4.4933 9.21264 18.5
      vertex 3.83972 9.50363 12
      vertex 4.4933 9.21264 12
    endloop
  endfacet
  facet normal -0.999389 0.0349435 0
    outer loop
      vertex 10.225 -0.715003 12
      vertex 10.25 0 18.5
      vertex 10.25 0 12
    endloop
  endfacet
  facet normal -0.999389 0.0349435 0
    outer loop
      vertex 10.25 0 18.5
      vertex 10.225 -0.715003 12
      vertex 10.225 -0.715003 18.5
    endloop
  endfacet
  facet normal -0.829038 -0.559192 0
    outer loop
      vertex 8.69249 5.43167 12
      vertex 8.29242 6.0248 18.5
      vertex 8.29242 6.0248 12
    endloop
  endfacet
  facet normal -0.829038 -0.559192 0
    outer loop
      vertex 8.29242 6.0248 18.5
      vertex 8.69249 5.43167 12
      vertex 8.69249 5.43167 18.5
    endloop
  endfacet
  facet normal -0.406734 0.913547 0
    outer loop
      vertex 4.4933 -9.21264 12
      vertex 3.83972 -9.50363 18.5
      vertex 4.4933 -9.21264 18.5
    endloop
  endfacet
  facet normal -0.406734 0.913547 0
    outer loop
      vertex 3.83972 -9.50363 18.5
      vertex 4.4933 -9.21264 12
      vertex 3.83972 -9.50363 12
    endloop
  endfacet
  facet normal -0.951059 0.309011 0
    outer loop
      vertex 9.63185 -3.50571 12
      vertex 9.85293 -2.82528 18.5
      vertex 9.85293 -2.82528 12
    endloop
  endfacet
  facet normal -0.951059 0.309011 0
    outer loop
      vertex 9.85293 -2.82528 18.5
      vertex 9.63185 -3.50571 12
      vertex 9.63185 -3.50571 18.5
    endloop
  endfacet
  facet normal 0.994519 -0.104551 0
    outer loop
      vertex -10.225 0.715003 18.5
      vertex -10.1502 1.42652 12
      vertex -10.1502 1.42652 18.5
    endloop
  endfacet
  facet normal 0.994519 -0.104551 0
    outer loop
      vertex -10.1502 1.42652 12
      vertex -10.225 0.715003 18.5
      vertex -10.225 0.715003 12
    endloop
  endfacet
  facet normal 0.898792 -0.438375 0
    outer loop
      vertex -9.36384 4.16905 18.5
      vertex -9.05021 4.81208 12
      vertex -9.05021 4.81208 18.5
    endloop
  endfacet
  facet normal 0.898792 -0.438375 0
    outer loop
      vertex -9.05021 4.81208 12
      vertex -9.36384 4.16905 18.5
      vertex -9.36384 4.16905 12
    endloop
  endfacet
  facet normal -0.927182 -0.37461 0
    outer loop
      vertex 9.63185 3.50571 12
      vertex 9.36384 4.16905 18.5
      vertex 9.36384 4.16905 12
    endloop
  endfacet
  facet normal -0.927182 -0.37461 0
    outer loop
      vertex 9.36384 4.16905 18.5
      vertex 9.63185 3.50571 12
      vertex 9.63185 3.50571 18.5
    endloop
  endfacet
  facet normal -0.694657 0.719341 0
    outer loop
      vertex 7.37323 -7.12025 12
      vertex 6.85859 -7.61723 18.5
      vertex 7.37323 -7.12025 18.5
    endloop
  endfacet
  facet normal -0.694657 0.719341 0
    outer loop
      vertex 6.85859 -7.61723 18.5
      vertex 7.37323 -7.12025 12
      vertex 6.85859 -7.61723 12
    endloop
  endfacet
  facet normal 0.743143 -0.669133 0
    outer loop
      vertex -7.85196 6.58857 18.5
      vertex -7.37323 7.12025 12
      vertex -7.37323 7.12025 18.5
    endloop
  endfacet
  facet normal 0.743143 -0.669133 0
    outer loop
      vertex -7.37323 7.12025 12
      vertex -7.85196 6.58857 18.5
      vertex -7.85196 6.58857 12
    endloop
  endfacet
  facet normal -0.64279 0.766042 0
    outer loop
      vertex 6.85859 -7.61723 12
      vertex 6.31053 -8.07711 18.5
      vertex 6.85859 -7.61723 18.5
    endloop
  endfacet
  facet normal -0.64279 0.766042 0
    outer loop
      vertex 6.31053 -8.07711 18.5
      vertex 6.85859 -7.61723 12
      vertex 6.31053 -8.07711 12
    endloop
  endfacet
  facet normal -0.994519 0.104551 0
    outer loop
      vertex 10.1502 -1.42652 12
      vertex 10.225 -0.715003 18.5
      vertex 10.225 -0.715003 12
    endloop
  endfacet
  facet normal -0.994519 0.104551 0
    outer loop
      vertex 10.225 -0.715003 18.5
      vertex 10.1502 -1.42652 12
      vertex 10.1502 -1.42652 18.5
    endloop
  endfacet
  facet normal 0.64279 -0.766042 0
    outer loop
      vertex -6.85859 7.61723 12
      vertex -6.31053 8.07711 18.5
      vertex -6.85859 7.61723 18.5
    endloop
  endfacet
  facet normal 0.64279 -0.766042 0
    outer loop
      vertex -6.31053 8.07711 18.5
      vertex -6.85859 7.61723 12
      vertex -6.31053 8.07711 12
    endloop
  endfacet
  facet normal -0.866026 -0.5 0
    outer loop
      vertex 9.05021 4.81208 12
      vertex 8.69249 5.43167 18.5
      vertex 8.69249 5.43167 12
    endloop
  endfacet
  facet normal -0.866026 -0.5 0
    outer loop
      vertex 8.69249 5.43167 18.5
      vertex 9.05021 4.81208 12
      vertex 9.05021 4.81208 18.5
    endloop
  endfacet
  facet normal -0.788014 -0.615657 0
    outer loop
      vertex 8.29242 6.0248 12
      vertex 7.85196 6.58857 18.5
      vertex 7.85196 6.58857 12
    endloop
  endfacet
  facet normal -0.788014 -0.615657 0
    outer loop
      vertex 7.85196 6.58857 18.5
      vertex 8.29242 6.0248 12
      vertex 8.29242 6.0248 18.5
    endloop
  endfacet
  facet normal 0.469471 0.882948 -0
    outer loop
      vertex -4.4933 -9.21264 12
      vertex -5.125 -8.87676 18.5
      vertex -4.4933 -9.21264 18.5
    endloop
  endfacet
  facet normal 0.469471 0.882948 0
    outer loop
      vertex -5.125 -8.87676 18.5
      vertex -4.4933 -9.21264 12
      vertex -5.125 -8.87676 12
    endloop
  endfacet
  facet normal -0.469471 0.882948 0
    outer loop
      vertex 5.125 -8.87676 12
      vertex 4.4933 -9.21264 18.5
      vertex 5.125 -8.87676 18.5
    endloop
  endfacet
  facet normal -0.469471 0.882948 0
    outer loop
      vertex 4.4933 -9.21264 18.5
      vertex 5.125 -8.87676 12
      vertex 4.4933 -9.21264 12
    endloop
  endfacet
  facet normal -0.64279 -0.766042 0
    outer loop
      vertex 6.31053 8.07711 12
      vertex 6.85859 7.61723 18.5
      vertex 6.31053 8.07711 18.5
    endloop
  endfacet
  facet normal -0.64279 -0.766042 -0
    outer loop
      vertex 6.85859 7.61723 18.5
      vertex 6.31053 8.07711 12
      vertex 6.85859 7.61723 12
    endloop
  endfacet
  facet normal 0.529922 -0.848046 0
    outer loop
      vertex -5.73173 8.49763 12
      vertex -5.125 8.87676 18.5
      vertex -5.73173 8.49763 18.5
    endloop
  endfacet
  facet normal 0.529922 -0.848046 0
    outer loop
      vertex -5.125 8.87676 18.5
      vertex -5.73173 8.49763 12
      vertex -5.125 8.87676 12
    endloop
  endfacet
  facet normal -0.866026 0.5 0
    outer loop
      vertex 8.69249 -5.43167 12
      vertex 9.05021 -4.81208 18.5
      vertex 9.05021 -4.81208 12
    endloop
  endfacet
  facet normal -0.866026 0.5 0
    outer loop
      vertex 9.05021 -4.81208 18.5
      vertex 8.69249 -5.43167 12
      vertex 8.69249 -5.43167 18.5
    endloop
  endfacet
  facet normal 0.970299 0.241907 0
    outer loop
      vertex -9.85293 -2.82528 18.5
      vertex -10.026 -2.13109 12
      vertex -10.026 -2.13109 18.5
    endloop
  endfacet
  facet normal 0.970299 0.241907 0
    outer loop
      vertex -10.026 -2.13109 12
      vertex -9.85293 -2.82528 18.5
      vertex -9.85293 -2.82528 12
    endloop
  endfacet
  facet normal 0.694657 0.719341 -0
    outer loop
      vertex -6.85859 -7.61723 12
      vertex -7.37323 -7.12025 18.5
      vertex -6.85859 -7.61723 18.5
    endloop
  endfacet
  facet normal 0.694657 0.719341 0
    outer loop
      vertex -7.37323 -7.12025 18.5
      vertex -6.85859 -7.61723 12
      vertex -7.37323 -7.12025 12
    endloop
  endfacet
  facet normal -0.207939 -0.978142 0
    outer loop
      vertex 1.77989 10.0943 12
      vertex 2.4797 9.94553 18.5
      vertex 1.77989 10.0943 18.5
    endloop
  endfacet
  facet normal -0.207939 -0.978142 -0
    outer loop
      vertex 2.4797 9.94553 18.5
      vertex 1.77989 10.0943 12
      vertex 2.4797 9.94553 12
    endloop
  endfacet
  facet normal 0.139079 -0.990281 0
    outer loop
      vertex -1.77989 10.0943 12
      vertex -1.07142 10.1938 18.5
      vertex -1.77989 10.0943 18.5
    endloop
  endfacet
  facet normal 0.139079 -0.990281 0
    outer loop
      vertex -1.07142 10.1938 18.5
      vertex -1.77989 10.0943 12
      vertex -1.07142 10.1938 12
    endloop
  endfacet
  facet normal -0.207939 0.978142 0
    outer loop
      vertex 2.4797 -9.94553 12
      vertex 1.77989 -10.0943 18.5
      vertex 2.4797 -9.94553 18.5
    endloop
  endfacet
  facet normal -0.207939 0.978142 0
    outer loop
      vertex 1.77989 -10.0943 18.5
      vertex 2.4797 -9.94553 12
      vertex 1.77989 -10.0943 12
    endloop
  endfacet
  facet normal 0.984816 0.173601 0
    outer loop
      vertex -10.026 -2.13109 18.5
      vertex -10.1502 -1.42652 12
      vertex -10.1502 -1.42652 18.5
    endloop
  endfacet
  facet normal 0.984816 0.173601 0
    outer loop
      vertex -10.1502 -1.42652 12
      vertex -10.026 -2.13109 18.5
      vertex -10.026 -2.13109 12
    endloop
  endfacet
  facet normal -0.829038 0.559192 0
    outer loop
      vertex 8.29242 -6.0248 12
      vertex 8.69249 -5.43167 18.5
      vertex 8.69249 -5.43167 12
    endloop
  endfacet
  facet normal -0.829038 0.559192 0
    outer loop
      vertex 8.69249 -5.43167 18.5
      vertex 8.29242 -6.0248 12
      vertex 8.29242 -6.0248 18.5
    endloop
  endfacet
  facet normal 0.694657 -0.719341 0
    outer loop
      vertex -7.37323 7.12025 12
      vertex -6.85859 7.61723 18.5
      vertex -7.37323 7.12025 18.5
    endloop
  endfacet
  facet normal 0.694657 -0.719341 0
    outer loop
      vertex -6.85859 7.61723 18.5
      vertex -7.37323 7.12025 12
      vertex -6.85859 7.61723 12
    endloop
  endfacet
  facet normal 0.866026 0.5 0
    outer loop
      vertex -8.69249 -5.43167 18.5
      vertex -9.05021 -4.81208 12
      vertex -9.05021 -4.81208 18.5
    endloop
  endfacet
  facet normal 0.866026 0.5 0
    outer loop
      vertex -9.05021 -4.81208 12
      vertex -8.69249 -5.43167 18.5
      vertex -8.69249 -5.43167 12
    endloop
  endfacet
  facet normal 0.587783 -0.809019 0
    outer loop
      vertex -6.31053 8.07711 12
      vertex -5.73173 8.49763 18.5
      vertex -6.31053 8.07711 18.5
    endloop
  endfacet
  facet normal 0.587783 -0.809019 0
    outer loop
      vertex -5.73173 8.49763 18.5
      vertex -6.31053 8.07711 12
      vertex -5.73173 8.49763 12
    endloop
  endfacet
  facet normal 0.275637 0.961262 -0
    outer loop
      vertex -2.4797 -9.94553 12
      vertex -3.16742 -9.74833 18.5
      vertex -2.4797 -9.94553 18.5
    endloop
  endfacet
  facet normal 0.275637 0.961262 0
    outer loop
      vertex -3.16742 -9.74833 18.5
      vertex -2.4797 -9.94553 12
      vertex -3.16742 -9.74833 12
    endloop
  endfacet
  facet normal -0.970299 -0.241907 0
    outer loop
      vertex 10.026 2.13109 12
      vertex 9.85293 2.82528 18.5
      vertex 9.85293 2.82528 12
    endloop
  endfacet
  facet normal -0.970299 -0.241907 0
    outer loop
      vertex 9.85293 2.82528 18.5
      vertex 10.026 2.13109 12
      vertex 10.026 2.13109 18.5
    endloop
  endfacet
  facet normal -0.0698861 0.997555 0
    outer loop
      vertex 1.07142 -10.1938 12
      vertex 0.357719 -10.2438 18.5
      vertex 1.07142 -10.1938 18.5
    endloop
  endfacet
  facet normal -0.0698861 0.997555 0
    outer loop
      vertex 0.357719 -10.2438 18.5
      vertex 1.07142 -10.1938 12
      vertex 0.357719 -10.2438 12
    endloop
  endfacet
  facet normal -0.139079 0.990281 0
    outer loop
      vertex 1.77989 -10.0943 12
      vertex 1.07142 -10.1938 18.5
      vertex 1.77989 -10.0943 18.5
    endloop
  endfacet
  facet normal -0.139079 0.990281 0
    outer loop
      vertex 1.07142 -10.1938 18.5
      vertex 1.77989 -10.0943 12
      vertex 1.07142 -10.1938 12
    endloop
  endfacet
  facet normal 0.469471 -0.882948 0
    outer loop
      vertex -5.125 8.87676 12
      vertex -4.4933 9.21264 18.5
      vertex -5.125 8.87676 18.5
    endloop
  endfacet
  facet normal 0.469471 -0.882948 0
    outer loop
      vertex -4.4933 9.21264 18.5
      vertex -5.125 8.87676 12
      vertex -4.4933 9.21264 12
    endloop
  endfacet
  facet normal 0.994519 0.104551 0
    outer loop
      vertex -10.1502 -1.42652 18.5
      vertex -10.225 -0.715003 12
      vertex -10.225 -0.715003 18.5
    endloop
  endfacet
  facet normal 0.994519 0.104551 0
    outer loop
      vertex -10.225 -0.715003 12
      vertex -10.1502 -1.42652 18.5
      vertex -10.1502 -1.42652 12
    endloop
  endfacet
  facet normal 0 -1 0
    outer loop
      vertex -0.357719 10.2438 12
      vertex 0.357719 10.2438 18.5
      vertex -0.357719 10.2438 18.5
    endloop
  endfacet
  facet normal 0 -1 -0
    outer loop
      vertex 0.357719 10.2438 18.5
      vertex -0.357719 10.2438 12
      vertex 0.357719 10.2438 12
    endloop
  endfacet
  facet normal 0.829038 0.559192 0
    outer loop
      vertex -8.29242 -6.0248 18.5
      vertex -8.69249 -5.43167 12
      vertex -8.69249 -5.43167 18.5
    endloop
  endfacet
  facet normal 0.829038 0.559192 0
    outer loop
      vertex -8.69249 -5.43167 12
      vertex -8.29242 -6.0248 18.5
      vertex -8.29242 -6.0248 12
    endloop
  endfacet
  facet normal -0.275637 -0.961262 0
    outer loop
      vertex 2.4797 9.94553 12
      vertex 3.16742 9.74833 18.5
      vertex 2.4797 9.94553 18.5
    endloop
  endfacet
  facet normal -0.275637 -0.961262 -0
    outer loop
      vertex 3.16742 9.74833 18.5
      vertex 2.4797 9.94553 12
      vertex 3.16742 9.74833 12
    endloop
  endfacet
  facet normal 0.0698861 -0.997555 0
    outer loop
      vertex -1.07142 10.1938 12
      vertex -0.357719 10.2438 18.5
      vertex -1.07142 10.1938 18.5
    endloop
  endfacet
  facet normal 0.0698861 -0.997555 0
    outer loop
      vertex -0.357719 10.2438 18.5
      vertex -1.07142 10.1938 12
      vertex -0.357719 10.2438 12
    endloop
  endfacet
  facet normal -0.342024 0.939691 0
    outer loop
      vertex 3.83972 -9.50363 12
      vertex 3.16742 -9.74833 18.5
      vertex 3.83972 -9.50363 18.5
    endloop
  endfacet
  facet normal -0.342024 0.939691 0
    outer loop
      vertex 3.16742 -9.74833 18.5
      vertex 3.83972 -9.50363 12
      vertex 3.16742 -9.74833 12
    endloop
  endfacet
  facet normal -0.529922 -0.848046 0
    outer loop
      vertex 5.125 8.87676 12
      vertex 5.73173 8.49763 18.5
      vertex 5.125 8.87676 18.5
    endloop
  endfacet
  facet normal -0.529922 -0.848046 -0
    outer loop
      vertex 5.73173 8.49763 18.5
      vertex 5.125 8.87676 12
      vertex 5.73173 8.49763 12
    endloop
  endfacet
  facet normal 0.829038 -0.559192 0
    outer loop
      vertex -8.69249 5.43167 18.5
      vertex -8.29242 6.0248 12
      vertex -8.29242 6.0248 18.5
    endloop
  endfacet
  facet normal 0.829038 -0.559192 0
    outer loop
      vertex -8.29242 6.0248 12
      vertex -8.69249 5.43167 18.5
      vertex -8.69249 5.43167 12
    endloop
  endfacet
  facet normal 0.0698861 0.997555 -0
    outer loop
      vertex -0.357719 -10.2438 12
      vertex -1.07142 -10.1938 18.5
      vertex -0.357719 -10.2438 18.5
    endloop
  endfacet
  facet normal 0.0698861 0.997555 0
    outer loop
      vertex -1.07142 -10.1938 18.5
      vertex -0.357719 -10.2438 12
      vertex -1.07142 -10.1938 12
    endloop
  endfacet
  facet normal -0.984816 -0.173601 0
    outer loop
      vertex 10.1502 1.42652 12
      vertex 10.026 2.13109 18.5
      vertex 10.026 2.13109 12
    endloop
  endfacet
  facet normal -0.984816 -0.173601 0
    outer loop
      vertex 10.026 2.13109 18.5
      vertex 10.1502 1.42652 12
      vertex 10.1502 1.42652 18.5
    endloop
  endfacet
  facet normal -0.587783 0.809019 0
    outer loop
      vertex 6.31053 -8.07711 12
      vertex 5.73173 -8.49763 18.5
      vertex 6.31053 -8.07711 18.5
    endloop
  endfacet
  facet normal -0.587783 0.809019 0
    outer loop
      vertex 5.73173 -8.49763 18.5
      vertex 6.31053 -8.07711 12
      vertex 5.73173 -8.49763 12
    endloop
  endfacet
  facet normal -0.469471 -0.882948 0
    outer loop
      vertex 4.4933 9.21264 12
      vertex 5.125 8.87676 18.5
      vertex 4.4933 9.21264 18.5
    endloop
  endfacet
  facet normal -0.469471 -0.882948 -0
    outer loop
      vertex 5.125 8.87676 18.5
      vertex 4.4933 9.21264 12
      vertex 5.125 8.87676 12
    endloop
  endfacet
  facet normal 0.999389 -0.0349435 0
    outer loop
      vertex -10.25 0 18.5
      vertex -10.225 0.715003 12
      vertex -10.225 0.715003 18.5
    endloop
  endfacet
  facet normal 0.999389 -0.0349435 0
    outer loop
      vertex -10.225 0.715003 12
      vertex -10.25 0 18.5
      vertex -10.25 0 12
    endloop
  endfacet
  facet normal -0.694657 -0.719341 0
    outer loop
      vertex 6.85859 7.61723 12
      vertex 7.37323 7.12025 18.5
      vertex 6.85859 7.61723 18.5
    endloop
  endfacet
  facet normal -0.694657 -0.719341 -0
    outer loop
      vertex 7.37323 7.12025 18.5
      vertex 6.85859 7.61723 12
      vertex 7.37323 7.12025 12
    endloop
  endfacet
  facet normal -0.139079 -0.990281 0
    outer loop
      vertex 1.07142 10.1938 12
      vertex 1.77989 10.0943 18.5
      vertex 1.07142 10.1938 18.5
    endloop
  endfacet
  facet normal -0.139079 -0.990281 -0
    outer loop
      vertex 1.77989 10.0943 18.5
      vertex 1.07142 10.1938 12
      vertex 1.77989 10.0943 12
    endloop
  endfacet
  facet normal 0.587783 0.809019 -0
    outer loop
      vertex -5.73173 -8.49763 12
      vertex -6.31053 -8.07711 18.5
      vertex -5.73173 -8.49763 18.5
    endloop
  endfacet
  facet normal 0.587783 0.809019 0
    outer loop
      vertex -6.31053 -8.07711 18.5
      vertex -5.73173 -8.49763 12
      vertex -6.31053 -8.07711 12
    endloop
  endfacet
  facet normal -0.342024 -0.939691 0
    outer loop
      vertex 3.16742 9.74833 12
      vertex 3.83972 9.50363 18.5
      vertex 3.16742 9.74833 18.5
    endloop
  endfacet
  facet normal -0.342024 -0.939691 -0
    outer loop
      vertex 3.83972 9.50363 18.5
      vertex 3.16742 9.74833 12
      vertex 3.83972 9.50363 12
    endloop
  endfacet
  facet normal 0.207939 0.978142 -0
    outer loop
      vertex -1.77989 -10.0943 12
      vertex -2.4797 -9.94553 18.5
      vertex -1.77989 -10.0943 18.5
    endloop
  endfacet
  facet normal 0.207939 0.978142 0
    outer loop
      vertex -2.4797 -9.94553 18.5
      vertex -1.77989 -10.0943 12
      vertex -2.4797 -9.94553 12
    endloop
  endfacet
  facet normal -0.898792 0.438375 0
    outer loop
      vertex 9.05021 -4.81208 12
      vertex 9.36384 -4.16905 18.5
      vertex 9.36384 -4.16905 12
    endloop
  endfacet
  facet normal -0.898792 0.438375 0
    outer loop
      vertex 9.36384 -4.16905 18.5
      vertex 9.05021 -4.81208 12
      vertex 9.05021 -4.81208 18.5
    endloop
  endfacet
  facet normal -0.743143 -0.669133 0
    outer loop
      vertex 7.85196 6.58857 12
      vertex 7.37323 7.12025 18.5
      vertex 7.37323 7.12025 12
    endloop
  endfacet
  facet normal -0.743143 -0.669133 0
    outer loop
      vertex 7.37323 7.12025 18.5
      vertex 7.85196 6.58857 12
      vertex 7.85196 6.58857 18.5
    endloop
  endfacet
  facet normal -0.0698861 -0.997555 0
    outer loop
      vertex 0.357719 10.2438 12
      vertex 1.07142 10.1938 18.5
      vertex 0.357719 10.2438 18.5
    endloop
  endfacet
  facet normal -0.0698861 -0.997555 -0
    outer loop
      vertex 1.07142 10.1938 18.5
      vertex 0.357719 10.2438 12
      vertex 1.07142 10.1938 12
    endloop
  endfacet
  facet normal 0.927182 -0.37461 0
    outer loop
      vertex -9.63185 3.50571 18.5
      vertex -9.36384 4.16905 12
      vertex -9.36384 4.16905 18.5
    endloop
  endfacet
  facet normal 0.927182 -0.37461 0
    outer loop
      vertex -9.36384 4.16905 12
      vertex -9.63185 3.50571 18.5
      vertex -9.63185 3.50571 12
    endloop
  endfacet
  facet normal 0.64279 0.766042 -0
    outer loop
      vertex -6.31053 -8.07711 12
      vertex -6.85859 -7.61723 18.5
      vertex -6.31053 -8.07711 18.5
    endloop
  endfacet
  facet normal 0.64279 0.766042 0
    outer loop
      vertex -6.85859 -7.61723 18.5
      vertex -6.31053 -8.07711 12
      vertex -6.85859 -7.61723 12
    endloop
  endfacet
  facet normal 0.788014 0.615657 0
    outer loop
      vertex -7.85196 -6.58857 18.5
      vertex -8.29242 -6.0248 12
      vertex -8.29242 -6.0248 18.5
    endloop
  endfacet
  facet normal 0.788014 0.615657 0
    outer loop
      vertex -8.29242 -6.0248 12
      vertex -7.85196 -6.58857 18.5
      vertex -7.85196 -6.58857 12
    endloop
  endfacet
  facet normal 0.139079 0.990281 -0
    outer loop
      vertex -1.07142 -10.1938 12
      vertex -1.77989 -10.0943 18.5
      vertex -1.07142 -10.1938 18.5
    endloop
  endfacet
  facet normal 0.139079 0.990281 0
    outer loop
      vertex -1.77989 -10.0943 18.5
      vertex -1.07142 -10.1938 12
      vertex -1.77989 -10.0943 12
    endloop
  endfacet
  facet normal 0.866026 -0.5 0
    outer loop
      vertex -9.05021 4.81208 18.5
      vertex -8.69249 5.43167 12
      vertex -8.69249 5.43167 18.5
    endloop
  endfacet
  facet normal 0.866026 -0.5 0
    outer loop
      vertex -8.69249 5.43167 12
      vertex -9.05021 4.81208 18.5
      vertex -9.05021 4.81208 12
    endloop
  endfacet
  facet normal 0.984816 -0.173601 0
    outer loop
      vertex -10.1502 1.42652 18.5
      vertex -10.026 2.13109 12
      vertex -10.026 2.13109 18.5
    endloop
  endfacet
  facet normal 0.984816 -0.173601 0
    outer loop
      vertex -10.026 2.13109 12
      vertex -10.1502 1.42652 18.5
      vertex -10.1502 1.42652 12
    endloop
  endfacet
  facet normal 0.927182 0.37461 0
    outer loop
      vertex -9.36384 -4.16905 18.5
      vertex -9.63185 -3.50571 12
      vertex -9.63185 -3.50571 18.5
    endloop
  endfacet
  facet normal 0.927182 0.37461 0
    outer loop
      vertex -9.63185 -3.50571 12
      vertex -9.36384 -4.16905 18.5
      vertex -9.36384 -4.16905 12
    endloop
  endfacet
  facet normal 0.970299 -0.241907 0
    outer loop
      vertex -10.026 2.13109 18.5
      vertex -9.85293 2.82528 12
      vertex -9.85293 2.82528 18.5
    endloop
  endfacet
  facet normal 0.970299 -0.241907 0
    outer loop
      vertex -9.85293 2.82528 12
      vertex -10.026 2.13109 18.5
      vertex -10.026 2.13109 12
    endloop
  endfacet
  facet normal 0.529922 0.848046 -0
    outer loop
      vertex -5.125 -8.87676 12
      vertex -5.73173 -8.49763 18.5
      vertex -5.125 -8.87676 18.5
    endloop
  endfacet
  facet normal 0.529922 0.848046 0
    outer loop
      vertex -5.73173 -8.49763 18.5
      vertex -5.125 -8.87676 12
      vertex -5.73173 -8.49763 12
    endloop
  endfacet
  facet normal 0.788014 -0.615657 0
    outer loop
      vertex -8.29242 6.0248 18.5
      vertex -7.85196 6.58857 12
      vertex -7.85196 6.58857 18.5
    endloop
  endfacet
  facet normal 0.788014 -0.615657 0
    outer loop
      vertex -7.85196 6.58857 12
      vertex -8.29242 6.0248 18.5
      vertex -8.29242 6.0248 12
    endloop
  endfacet
  facet normal -0.743133 0.669144 0
    outer loop
      vertex 1.61851 -1.56298 0
      vertex 1.7236 -1.44627 12
      vertex 1.7236 -1.44627 0
    endloop
  endfacet
  facet normal -0.743133 0.669144 0
    outer loop
      vertex 1.7236 -1.44627 12
      vertex 1.61851 -1.56298 0
      vertex 1.61851 -1.56298 12
    endloop
  endfacet
  facet normal -0.13913 -0.990274 0
    outer loop
      vertex 0.235188 2.23767 0
      vertex 0.390708 2.21582 12
      vertex 0.235188 2.23767 12
    endloop
  endfacet
  facet normal -0.13913 -0.990274 -0
    outer loop
      vertex 0.390708 2.21582 12
      vertex 0.235188 2.23767 0
      vertex 0.390708 2.21582 0
    endloop
  endfacet
  facet normal 0.999391 -0.0348939 0
    outer loop
      vertex -2.25 0 12
      vertex -2.24452 0.156952 0
      vertex -2.24452 0.156952 12
    endloop
  endfacet
  facet normal 0.999391 -0.0348939 0
    outer loop
      vertex -2.24452 0.156952 0
      vertex -2.25 0 12
      vertex -2.25 0 0
    endloop
  endfacet
  facet normal -0.829041 0.559188 0
    outer loop
      vertex 1.82029 -1.32252 0
      vertex 1.90811 -1.19232 12
      vertex 1.90811 -1.19232 0
    endloop
  endfacet
  facet normal -0.829041 0.559188 0
    outer loop
      vertex 1.90811 -1.19232 12
      vertex 1.82029 -1.32252 0
      vertex 1.82029 -1.32252 12
    endloop
  endfacet
  facet normal 0.642774 0.766056 -0
    outer loop
      vertex -1.38524 -1.77302 0
      vertex -1.50554 -1.67208 12
      vertex -1.38524 -1.77302 12
    endloop
  endfacet
  facet normal 0.642774 0.766056 0
    outer loop
      vertex -1.50554 -1.67208 12
      vertex -1.38524 -1.77302 0
      vertex -1.50554 -1.67208 0
    endloop
  endfacet
  facet normal 0.275589 0.961276 -0
    outer loop
      vertex -0.544324 -2.18316 0
      vertex -0.695288 -2.13988 12
      vertex -0.544324 -2.18316 12
    endloop
  endfacet
  facet normal 0.275589 0.961276 0
    outer loop
      vertex -0.695288 -2.13988 12
      vertex -0.544324 -2.18316 0
      vertex -0.695288 -2.13988 0
    endloop
  endfacet
  facet normal -0.743133 -0.669144 0
    outer loop
      vertex 1.7236 1.44627 0
      vertex 1.61851 1.56298 12
      vertex 1.61851 1.56298 0
    endloop
  endfacet
  facet normal -0.743133 -0.669144 0
    outer loop
      vertex 1.61851 1.56298 12
      vertex 1.7236 1.44627 0
      vertex 1.7236 1.44627 12
    endloop
  endfacet
  facet normal 0.898781 0.438397 0
    outer loop
      vertex -1.98663 -1.05631 12
      vertex -2.05548 -0.915157 0
      vertex -2.05548 -0.915157 12
    endloop
  endfacet
  facet normal 0.898781 0.438397 0
    outer loop
      vertex -2.05548 -0.915157 0
      vertex -1.98663 -1.05631 12
      vertex -1.98663 -1.05631 0
    endloop
  endfacet
  facet normal -0.999391 0.0348939 0
    outer loop
      vertex 2.24452 -0.156952 0
      vertex 2.25 0 12
      vertex 2.25 0 0
    endloop
  endfacet
  facet normal -0.999391 0.0348939 0
    outer loop
      vertex 2.25 0 12
      vertex 2.24452 -0.156952 0
      vertex 2.24452 -0.156952 12
    endloop
  endfacet
  facet normal -0.694679 -0.71932 0
    outer loop
      vertex 1.50554 1.67208 0
      vertex 1.61851 1.56298 12
      vertex 1.50554 1.67208 12
    endloop
  endfacet
  facet normal -0.694679 -0.71932 -0
    outer loop
      vertex 1.61851 1.56298 12
      vertex 1.50554 1.67208 0
      vertex 1.61851 1.56298 0
    endloop
  endfacet
  facet normal -0.994519 -0.104554 0
    outer loop
      vertex 2.24452 0.156952 0
      vertex 2.2281 0.313139 12
      vertex 2.2281 0.313139 0
    endloop
  endfacet
  facet normal -0.994519 -0.104554 0
    outer loop
      vertex 2.2281 0.313139 12
      vertex 2.24452 0.156952 0
      vertex 2.24452 0.156952 12
    endloop
  endfacet
  facet normal 0 1 -0
    outer loop
      vertex 0.0785236 -2.24863 0
      vertex -0.0785236 -2.24863 12
      vertex 0.0785236 -2.24863 12
    endloop
  endfacet
  facet normal 0 1 0
    outer loop
      vertex -0.0785236 -2.24863 12
      vertex 0.0785236 -2.24863 0
      vertex -0.0785236 -2.24863 0
    endloop
  endfacet
  facet normal -0.898781 0.438397 0
    outer loop
      vertex 1.98663 -1.05631 0
      vertex 2.05548 -0.915157 12
      vertex 2.05548 -0.915157 0
    endloop
  endfacet
  facet normal -0.898781 0.438397 0
    outer loop
      vertex 2.05548 -0.915157 12
      vertex 1.98663 -1.05631 0
      vertex 1.98663 -1.05631 12
    endloop
  endfacet
  facet normal -0.994519 0.104554 0
    outer loop
      vertex 2.2281 -0.313139 0
      vertex 2.24452 -0.156952 12
      vertex 2.24452 -0.156952 0
    endloop
  endfacet
  facet normal -0.994519 0.104554 0
    outer loop
      vertex 2.24452 -0.156952 12
      vertex 2.2281 -0.313139 0
      vertex 2.2281 -0.313139 12
    endloop
  endfacet
  facet normal -0.927186 -0.374601 0
    outer loop
      vertex 2.11431 0.769545 0
      vertex 2.05548 0.915157 12
      vertex 2.05548 0.915157 0
    endloop
  endfacet
  facet normal -0.927186 -0.374601 0
    outer loop
      vertex 2.05548 0.915157 12
      vertex 2.11431 0.769545 0
      vertex 2.11431 0.769545 12
    endloop
  endfacet
  facet normal -0.984809 -0.173641 0
    outer loop
      vertex 2.2281 0.313139 0
      vertex 2.20083 0.467801 12
      vertex 2.20083 0.467801 0
    endloop
  endfacet
  facet normal -0.984809 -0.173641 0
    outer loop
      vertex 2.20083 0.467801 12
      vertex 2.2281 0.313139 0
      vertex 2.2281 0.313139 12
    endloop
  endfacet
  facet normal -0.86604 -0.499974 0
    outer loop
      vertex 1.98663 1.05631 0
      vertex 1.90811 1.19232 12
      vertex 1.90811 1.19232 0
    endloop
  endfacet
  facet normal -0.86604 -0.499974 0
    outer loop
      vertex 1.90811 1.19232 12
      vertex 1.98663 1.05631 0
      vertex 1.98663 1.05631 12
    endloop
  endfacet
  facet normal 0.0697879 -0.997562 0
    outer loop
      vertex -0.235188 2.23767 0
      vertex -0.0785236 2.24863 12
      vertex -0.235188 2.23767 12
    endloop
  endfacet
  facet normal 0.0697879 -0.997562 0
    outer loop
      vertex -0.0785236 2.24863 12
      vertex -0.235188 2.23767 0
      vertex -0.0785236 2.24863 0
    endloop
  endfacet
  facet normal 0.743133 0.669144 0
    outer loop
      vertex -1.61851 -1.56298 12
      vertex -1.7236 -1.44627 0
      vertex -1.7236 -1.44627 12
    endloop
  endfacet
  facet normal 0.743133 0.669144 0
    outer loop
      vertex -1.7236 -1.44627 0
      vertex -1.61851 -1.56298 12
      vertex -1.61851 -1.56298 0
    endloop
  endfacet
  facet normal -0.999391 -0.0348939 0
    outer loop
      vertex 2.25 0 0
      vertex 2.24452 0.156952 12
      vertex 2.24452 0.156952 0
    endloop
  endfacet
  facet normal -0.999391 -0.0348939 0
    outer loop
      vertex 2.24452 0.156952 12
      vertex 2.25 0 0
      vertex 2.25 0 12
    endloop
  endfacet
  facet normal -0.642774 0.766056 0
    outer loop
      vertex 1.50554 -1.67208 0
      vertex 1.38524 -1.77302 12
      vertex 1.50554 -1.67208 12
    endloop
  endfacet
  facet normal -0.642774 0.766056 0
    outer loop
      vertex 1.38524 -1.77302 12
      vertex 1.50554 -1.67208 0
      vertex 1.38524 -1.77302 0
    endloop
  endfacet
  facet normal 0.86604 0.499974 0
    outer loop
      vertex -1.90811 -1.19232 12
      vertex -1.98663 -1.05631 0
      vertex -1.98663 -1.05631 12
    endloop
  endfacet
  facet normal 0.86604 0.499974 0
    outer loop
      vertex -1.98663 -1.05631 0
      vertex -1.90811 -1.19232 12
      vertex -1.90811 -1.19232 0
    endloop
  endfacet
  facet normal -0.86604 0.499974 0
    outer loop
      vertex 1.90811 -1.19232 0
      vertex 1.98663 -1.05631 12
      vertex 1.98663 -1.05631 0
    endloop
  endfacet
  facet normal -0.86604 0.499974 0
    outer loop
      vertex 1.98663 -1.05631 12
      vertex 1.90811 -1.19232 0
      vertex 1.90811 -1.19232 12
    endloop
  endfacet
  facet normal 0.898781 -0.438397 0
    outer loop
      vertex -2.05548 0.915157 12
      vertex -1.98663 1.05631 0
      vertex -1.98663 1.05631 12
    endloop
  endfacet
  facet normal 0.898781 -0.438397 0
    outer loop
      vertex -1.98663 1.05631 0
      vertex -2.05548 0.915157 12
      vertex -2.05548 0.915157 0
    endloop
  endfacet
  facet normal 0.994519 0.104554 0
    outer loop
      vertex -2.2281 -0.313139 12
      vertex -2.24452 -0.156952 0
      vertex -2.24452 -0.156952 12
    endloop
  endfacet
  facet normal 0.994519 0.104554 0
    outer loop
      vertex -2.24452 -0.156952 0
      vertex -2.2281 -0.313139 12
      vertex -2.2281 -0.313139 0
    endloop
  endfacet
  facet normal -0.529965 -0.84802 0
    outer loop
      vertex 1.125 1.94856 0
      vertex 1.25818 1.86533 12
      vertex 1.125 1.94856 12
    endloop
  endfacet
  facet normal -0.529965 -0.84802 -0
    outer loop
      vertex 1.25818 1.86533 12
      vertex 1.125 1.94856 0
      vertex 1.25818 1.86533 0
    endloop
  endfacet
  facet normal -0.970301 0.241902 0
    outer loop
      vertex 2.16284 -0.620184 0
      vertex 2.20083 -0.467801 12
      vertex 2.20083 -0.467801 0
    endloop
  endfacet
  facet normal -0.970301 0.241902 0
    outer loop
      vertex 2.20083 -0.467801 12
      vertex 2.16284 -0.620184 0
      vertex 2.16284 -0.620184 12
    endloop
  endfacet
  facet normal -0.275589 0.961276 0
    outer loop
      vertex 0.695288 -2.13988 0
      vertex 0.544324 -2.18316 12
      vertex 0.695288 -2.13988 12
    endloop
  endfacet
  facet normal -0.275589 0.961276 0
    outer loop
      vertex 0.544324 -2.18316 12
      vertex 0.695288 -2.13988 0
      vertex 0.544324 -2.18316 0
    endloop
  endfacet
  facet normal 0.587767 -0.809031 0
    outer loop
      vertex -1.38524 1.77302 0
      vertex -1.25818 1.86533 12
      vertex -1.38524 1.77302 12
    endloop
  endfacet
  facet normal 0.587767 -0.809031 0
    outer loop
      vertex -1.25818 1.86533 12
      vertex -1.38524 1.77302 0
      vertex -1.25818 1.86533 0
    endloop
  endfacet
  facet normal -0.898781 -0.438397 0
    outer loop
      vertex 2.05548 0.915157 0
      vertex 1.98663 1.05631 12
      vertex 1.98663 1.05631 0
    endloop
  endfacet
  facet normal -0.898781 -0.438397 0
    outer loop
      vertex 1.98663 1.05631 12
      vertex 2.05548 0.915157 0
      vertex 2.05548 0.915157 12
    endloop
  endfacet
  facet normal -0.984809 0.173641 0
    outer loop
      vertex 2.20083 -0.467801 0
      vertex 2.2281 -0.313139 12
      vertex 2.2281 -0.313139 0
    endloop
  endfacet
  facet normal -0.984809 0.173641 0
    outer loop
      vertex 2.2281 -0.313139 12
      vertex 2.20083 -0.467801 0
      vertex 2.20083 -0.467801 12
    endloop
  endfacet
  facet normal 0.927186 -0.374601 0
    outer loop
      vertex -2.11431 0.769545 12
      vertex -2.05548 0.915157 0
      vertex -2.05548 0.915157 12
    endloop
  endfacet
  facet normal 0.927186 -0.374601 0
    outer loop
      vertex -2.05548 0.915157 0
      vertex -2.11431 0.769545 12
      vertex -2.11431 0.769545 0
    endloop
  endfacet
  facet normal 0.951057 0.309015 0
    outer loop
      vertex -2.11431 -0.769545 12
      vertex -2.16284 -0.620184 0
      vertex -2.16284 -0.620184 12
    endloop
  endfacet
  facet normal 0.951057 0.309015 0
    outer loop
      vertex -2.16284 -0.620184 0
      vertex -2.11431 -0.769545 12
      vertex -2.11431 -0.769545 0
    endloop
  endfacet
  facet normal 0.13913 -0.990274 0
    outer loop
      vertex -0.390708 2.21582 0
      vertex -0.235188 2.23767 12
      vertex -0.390708 2.21582 12
    endloop
  endfacet
  facet normal 0.13913 -0.990274 0
    outer loop
      vertex -0.235188 2.23767 12
      vertex -0.390708 2.21582 0
      vertex -0.235188 2.23767 0
    endloop
  endfacet
  facet normal -0.787993 -0.615685 0
    outer loop
      vertex 1.82029 1.32252 0
      vertex 1.7236 1.44627 12
      vertex 1.7236 1.44627 0
    endloop
  endfacet
  facet normal -0.787993 -0.615685 0
    outer loop
      vertex 1.7236 1.44627 12
      vertex 1.82029 1.32252 0
      vertex 1.82029 1.32252 12
    endloop
  endfacet
  facet normal 0 -1 0
    outer loop
      vertex -0.0785236 2.24863 0
      vertex 0.0785236 2.24863 12
      vertex -0.0785236 2.24863 12
    endloop
  endfacet
  facet normal 0 -1 -0
    outer loop
      vertex 0.0785236 2.24863 12
      vertex -0.0785236 2.24863 0
      vertex 0.0785236 2.24863 0
    endloop
  endfacet
  facet normal -0.829041 -0.559188 0
    outer loop
      vertex 1.90811 1.19232 0
      vertex 1.82029 1.32252 12
      vertex 1.82029 1.32252 0
    endloop
  endfacet
  facet normal -0.829041 -0.559188 0
    outer loop
      vertex 1.82029 1.32252 12
      vertex 1.90811 1.19232 0
      vertex 1.90811 1.19232 12
    endloop
  endfacet
  facet normal -0.406697 -0.913563 0
    outer loop
      vertex 0.842864 2.08616 0
      vertex 0.986335 2.02229 12
      vertex 0.842864 2.08616 12
    endloop
  endfacet
  facet normal -0.406697 -0.913563 -0
    outer loop
      vertex 0.986335 2.02229 12
      vertex 0.842864 2.08616 0
      vertex 0.986335 2.02229 0
    endloop
  endfacet
  facet normal -0.927186 0.374601 0
    outer loop
      vertex 2.05548 -0.915157 0
      vertex 2.11431 -0.769545 12
      vertex 2.11431 -0.769545 0
    endloop
  endfacet
  facet normal -0.927186 0.374601 0
    outer loop
      vertex 2.11431 -0.769545 12
      vertex 2.05548 -0.915157 0
      vertex 2.05548 -0.915157 12
    endloop
  endfacet
  facet normal 0.529965 -0.84802 0
    outer loop
      vertex -1.25818 1.86533 0
      vertex -1.125 1.94856 12
      vertex -1.25818 1.86533 12
    endloop
  endfacet
  facet normal 0.529965 -0.84802 0
    outer loop
      vertex -1.125 1.94856 12
      vertex -1.25818 1.86533 0
      vertex -1.125 1.94856 0
    endloop
  endfacet
  facet normal 0.999391 0.0348939 0
    outer loop
      vertex -2.24452 -0.156952 12
      vertex -2.25 0 0
      vertex -2.25 0 12
    endloop
  endfacet
  facet normal 0.999391 0.0348939 0
    outer loop
      vertex -2.25 0 0
      vertex -2.24452 -0.156952 12
      vertex -2.24452 -0.156952 0
    endloop
  endfacet
  facet normal 0.469474 0.882946 -0
    outer loop
      vertex -0.986335 -2.02229 0
      vertex -1.125 -1.94856 12
      vertex -0.986335 -2.02229 12
    endloop
  endfacet
  facet normal 0.469474 0.882946 0
    outer loop
      vertex -1.125 -1.94856 12
      vertex -0.986335 -2.02229 0
      vertex -1.125 -1.94856 0
    endloop
  endfacet
  facet normal -0.529965 0.84802 0
    outer loop
      vertex 1.25818 -1.86533 0
      vertex 1.125 -1.94856 12
      vertex 1.25818 -1.86533 12
    endloop
  endfacet
  facet normal -0.529965 0.84802 0
    outer loop
      vertex 1.125 -1.94856 12
      vertex 1.25818 -1.86533 0
      vertex 1.125 -1.94856 0
    endloop
  endfacet
  facet normal -0.406697 0.913563 0
    outer loop
      vertex 0.986335 -2.02229 0
      vertex 0.842864 -2.08616 12
      vertex 0.986335 -2.02229 12
    endloop
  endfacet
  facet normal -0.406697 0.913563 0
    outer loop
      vertex 0.842864 -2.08616 12
      vertex 0.986335 -2.02229 0
      vertex 0.842864 -2.08616 0
    endloop
  endfacet
  facet normal -0.0697879 0.997562 0
    outer loop
      vertex 0.235188 -2.23767 0
      vertex 0.0785236 -2.24863 12
      vertex 0.235188 -2.23767 12
    endloop
  endfacet
  facet normal -0.0697879 0.997562 0
    outer loop
      vertex 0.0785236 -2.24863 12
      vertex 0.235188 -2.23767 0
      vertex 0.0785236 -2.24863 0
    endloop
  endfacet
  facet normal 0.927186 0.374601 0
    outer loop
      vertex -2.05548 -0.915157 12
      vertex -2.11431 -0.769545 0
      vertex -2.11431 -0.769545 12
    endloop
  endfacet
  facet normal 0.927186 0.374601 0
    outer loop
      vertex -2.11431 -0.769545 0
      vertex -2.05548 -0.915157 12
      vertex -2.05548 -0.915157 0
    endloop
  endfacet
  facet normal 0.642774 -0.766056 0
    outer loop
      vertex -1.50554 1.67208 0
      vertex -1.38524 1.77302 12
      vertex -1.50554 1.67208 12
    endloop
  endfacet
  facet normal 0.642774 -0.766056 0
    outer loop
      vertex -1.38524 1.77302 12
      vertex -1.50554 1.67208 0
      vertex -1.38524 1.77302 0
    endloop
  endfacet
  facet normal 0.694679 0.71932 -0
    outer loop
      vertex -1.50554 -1.67208 0
      vertex -1.61851 -1.56298 12
      vertex -1.50554 -1.67208 12
    endloop
  endfacet
  facet normal 0.694679 0.71932 0
    outer loop
      vertex -1.61851 -1.56298 12
      vertex -1.50554 -1.67208 0
      vertex -1.61851 -1.56298 0
    endloop
  endfacet
  facet normal 0.342058 -0.939679 0
    outer loop
      vertex -0.842864 2.08616 0
      vertex -0.695288 2.13988 12
      vertex -0.842864 2.08616 12
    endloop
  endfacet
  facet normal 0.342058 -0.939679 0
    outer loop
      vertex -0.695288 2.13988 12
      vertex -0.842864 2.08616 0
      vertex -0.695288 2.13988 0
    endloop
  endfacet
  facet normal 0.694679 -0.71932 0
    outer loop
      vertex -1.61851 1.56298 0
      vertex -1.50554 1.67208 12
      vertex -1.61851 1.56298 12
    endloop
  endfacet
  facet normal 0.694679 -0.71932 0
    outer loop
      vertex -1.50554 1.67208 12
      vertex -1.61851 1.56298 0
      vertex -1.50554 1.67208 0
    endloop
  endfacet
  facet normal -0.587767 -0.809031 0
    outer loop
      vertex 1.25818 1.86533 0
      vertex 1.38524 1.77302 12
      vertex 1.25818 1.86533 12
    endloop
  endfacet
  facet normal -0.587767 -0.809031 -0
    outer loop
      vertex 1.38524 1.77302 12
      vertex 1.25818 1.86533 0
      vertex 1.38524 1.77302 0
    endloop
  endfacet
  facet normal -0.469474 -0.882946 0
    outer loop
      vertex 0.986335 2.02229 0
      vertex 1.125 1.94856 12
      vertex 0.986335 2.02229 12
    endloop
  endfacet
  facet normal -0.469474 -0.882946 -0
    outer loop
      vertex 1.125 1.94856 12
      vertex 0.986335 2.02229 0
      vertex 1.125 1.94856 0
    endloop
  endfacet
  facet normal -0.642774 -0.766056 0
    outer loop
      vertex 1.38524 1.77302 0
      vertex 1.50554 1.67208 12
      vertex 1.38524 1.77302 12
    endloop
  endfacet
  facet normal -0.642774 -0.766056 -0
    outer loop
      vertex 1.50554 1.67208 12
      vertex 1.38524 1.77302 0
      vertex 1.50554 1.67208 0
    endloop
  endfacet
  facet normal 0.406697 -0.913563 0
    outer loop
      vertex -0.986335 2.02229 0
      vertex -0.842864 2.08616 12
      vertex -0.986335 2.02229 12
    endloop
  endfacet
  facet normal 0.406697 -0.913563 0
    outer loop
      vertex -0.842864 2.08616 12
      vertex -0.986335 2.02229 0
      vertex -0.842864 2.08616 0
    endloop
  endfacet
  facet normal -0.951057 -0.309015 0
    outer loop
      vertex 2.16284 0.620184 0
      vertex 2.11431 0.769545 12
      vertex 2.11431 0.769545 0
    endloop
  endfacet
  facet normal -0.951057 -0.309015 0
    outer loop
      vertex 2.11431 0.769545 12
      vertex 2.16284 0.620184 0
      vertex 2.16284 0.620184 12
    endloop
  endfacet
  facet normal 0.13913 0.990274 -0
    outer loop
      vertex -0.235188 -2.23767 0
      vertex -0.390708 -2.21582 12
      vertex -0.235188 -2.23767 12
    endloop
  endfacet
  facet normal 0.13913 0.990274 0
    outer loop
      vertex -0.390708 -2.21582 12
      vertex -0.235188 -2.23767 0
      vertex -0.390708 -2.21582 0
    endloop
  endfacet
  facet normal -0.787993 0.615685 0
    outer loop
      vertex 1.7236 -1.44627 0
      vertex 1.82029 -1.32252 12
      vertex 1.82029 -1.32252 0
    endloop
  endfacet
  facet normal -0.787993 0.615685 0
    outer loop
      vertex 1.82029 -1.32252 12
      vertex 1.7236 -1.44627 0
      vertex 1.7236 -1.44627 12
    endloop
  endfacet
  facet normal 0.787993 -0.615685 0
    outer loop
      vertex -1.82029 1.32252 12
      vertex -1.7236 1.44627 0
      vertex -1.7236 1.44627 12
    endloop
  endfacet
  facet normal 0.787993 -0.615685 0
    outer loop
      vertex -1.7236 1.44627 0
      vertex -1.82029 1.32252 12
      vertex -1.82029 1.32252 0
    endloop
  endfacet
  facet normal 0.984809 -0.173641 0
    outer loop
      vertex -2.2281 0.313139 12
      vertex -2.20083 0.467801 0
      vertex -2.20083 0.467801 12
    endloop
  endfacet
  facet normal 0.984809 -0.173641 0
    outer loop
      vertex -2.20083 0.467801 0
      vertex -2.2281 0.313139 12
      vertex -2.2281 0.313139 0
    endloop
  endfacet
  facet normal -0.694679 0.71932 0
    outer loop
      vertex 1.61851 -1.56298 0
      vertex 1.50554 -1.67208 12
      vertex 1.61851 -1.56298 12
    endloop
  endfacet
  facet normal -0.694679 0.71932 0
    outer loop
      vertex 1.50554 -1.67208 12
      vertex 1.61851 -1.56298 0
      vertex 1.50554 -1.67208 0
    endloop
  endfacet
  facet normal 0.469474 -0.882946 0
    outer loop
      vertex -1.125 1.94856 0
      vertex -0.986335 2.02229 12
      vertex -1.125 1.94856 12
    endloop
  endfacet
  facet normal 0.469474 -0.882946 0
    outer loop
      vertex -0.986335 2.02229 12
      vertex -1.125 1.94856 0
      vertex -0.986335 2.02229 0
    endloop
  endfacet
  facet normal 0.529965 0.84802 -0
    outer loop
      vertex -1.125 -1.94856 0
      vertex -1.25818 -1.86533 12
      vertex -1.125 -1.94856 12
    endloop
  endfacet
  facet normal 0.529965 0.84802 0
    outer loop
      vertex -1.25818 -1.86533 12
      vertex -1.125 -1.94856 0
      vertex -1.25818 -1.86533 0
    endloop
  endfacet
  facet normal -0.951057 0.309015 0
    outer loop
      vertex 2.11431 -0.769545 0
      vertex 2.16284 -0.620184 12
      vertex 2.16284 -0.620184 0
    endloop
  endfacet
  facet normal -0.951057 0.309015 0
    outer loop
      vertex 2.16284 -0.620184 12
      vertex 2.11431 -0.769545 0
      vertex 2.11431 -0.769545 12
    endloop
  endfacet
  facet normal 0.994519 -0.104554 0
    outer loop
      vertex -2.24452 0.156952 12
      vertex -2.2281 0.313139 0
      vertex -2.2281 0.313139 12
    endloop
  endfacet
  facet normal 0.994519 -0.104554 0
    outer loop
      vertex -2.2281 0.313139 0
      vertex -2.24452 0.156952 12
      vertex -2.24452 0.156952 0
    endloop
  endfacet
  facet normal -0.20796 -0.978137 0
    outer loop
      vertex 0.390708 2.21582 0
      vertex 0.544324 2.18316 12
      vertex 0.390708 2.21582 12
    endloop
  endfacet
  facet normal -0.20796 -0.978137 -0
    outer loop
      vertex 0.544324 2.18316 12
      vertex 0.390708 2.21582 0
      vertex 0.544324 2.18316 0
    endloop
  endfacet
  facet normal -0.970301 -0.241902 0
    outer loop
      vertex 2.20083 0.467801 0
      vertex 2.16284 0.620184 12
      vertex 2.16284 0.620184 0
    endloop
  endfacet
  facet normal -0.970301 -0.241902 0
    outer loop
      vertex 2.16284 0.620184 12
      vertex 2.20083 0.467801 0
      vertex 2.20083 0.467801 12
    endloop
  endfacet
  facet normal 0.787993 0.615685 0
    outer loop
      vertex -1.7236 -1.44627 12
      vertex -1.82029 -1.32252 0
      vertex -1.82029 -1.32252 12
    endloop
  endfacet
  facet normal 0.787993 0.615685 0
    outer loop
      vertex -1.82029 -1.32252 0
      vertex -1.7236 -1.44627 12
      vertex -1.7236 -1.44627 0
    endloop
  endfacet
  facet normal 0.951057 -0.309015 0
    outer loop
      vertex -2.16284 0.620184 12
      vertex -2.11431 0.769545 0
      vertex -2.11431 0.769545 12
    endloop
  endfacet
  facet normal 0.951057 -0.309015 0
    outer loop
      vertex -2.11431 0.769545 0
      vertex -2.16284 0.620184 12
      vertex -2.16284 0.620184 0
    endloop
  endfacet
  facet normal 0.829041 0.559188 0
    outer loop
      vertex -1.82029 -1.32252 12
      vertex -1.90811 -1.19232 0
      vertex -1.90811 -1.19232 12
    endloop
  endfacet
  facet normal 0.829041 0.559188 0
    outer loop
      vertex -1.90811 -1.19232 0
      vertex -1.82029 -1.32252 12
      vertex -1.82029 -1.32252 0
    endloop
  endfacet
  facet normal 0.20796 0.978137 -0
    outer loop
      vertex -0.390708 -2.21582 0
      vertex -0.544324 -2.18316 12
      vertex -0.390708 -2.21582 12
    endloop
  endfacet
  facet normal 0.20796 0.978137 0
    outer loop
      vertex -0.544324 -2.18316 12
      vertex -0.390708 -2.21582 0
      vertex -0.544324 -2.18316 0
    endloop
  endfacet
  facet normal 0.20796 -0.978137 0
    outer loop
      vertex -0.544324 2.18316 0
      vertex -0.390708 2.21582 12
      vertex -0.544324 2.18316 12
    endloop
  endfacet
  facet normal 0.20796 -0.978137 0
    outer loop
      vertex -0.390708 2.21582 12
      vertex -0.544324 2.18316 0
      vertex -0.390708 2.21582 0
    endloop
  endfacet
  facet normal 0.587767 0.809031 -0
    outer loop
      vertex -1.25818 -1.86533 0
      vertex -1.38524 -1.77302 12
      vertex -1.25818 -1.86533 12
    endloop
  endfacet
  facet normal 0.587767 0.809031 0
    outer loop
      vertex -1.38524 -1.77302 12
      vertex -1.25818 -1.86533 0
      vertex -1.38524 -1.77302 0
    endloop
  endfacet
  facet normal -0.469474 0.882946 0
    outer loop
      vertex 1.125 -1.94856 0
      vertex 0.986335 -2.02229 12
      vertex 1.125 -1.94856 12
    endloop
  endfacet
  facet normal -0.469474 0.882946 0
    outer loop
      vertex 0.986335 -2.02229 12
      vertex 1.125 -1.94856 0
      vertex 0.986335 -2.02229 0
    endloop
  endfacet
  facet normal -0.587767 0.809031 0
    outer loop
      vertex 1.38524 -1.77302 0
      vertex 1.25818 -1.86533 12
      vertex 1.38524 -1.77302 12
    endloop
  endfacet
  facet normal -0.587767 0.809031 0
    outer loop
      vertex 1.25818 -1.86533 12
      vertex 1.38524 -1.77302 0
      vertex 1.25818 -1.86533 0
    endloop
  endfacet
  facet normal 0.0697879 0.997562 -0
    outer loop
      vertex -0.0785236 -2.24863 0
      vertex -0.235188 -2.23767 12
      vertex -0.0785236 -2.24863 12
    endloop
  endfacet
  facet normal 0.0697879 0.997562 0
    outer loop
      vertex -0.235188 -2.23767 12
      vertex -0.0785236 -2.24863 0
      vertex -0.235188 -2.23767 0
    endloop
  endfacet
  facet normal 0.970301 -0.241902 0
    outer loop
      vertex -2.20083 0.467801 12
      vertex -2.16284 0.620184 0
      vertex -2.16284 0.620184 12
    endloop
  endfacet
  facet normal 0.970301 -0.241902 0
    outer loop
      vertex -2.16284 0.620184 0
      vertex -2.20083 0.467801 12
      vertex -2.20083 0.467801 0
    endloop
  endfacet
  facet normal 0.406697 0.913563 -0
    outer loop
      vertex -0.842864 -2.08616 0
      vertex -0.986335 -2.02229 12
      vertex -0.842864 -2.08616 12
    endloop
  endfacet
  facet normal 0.406697 0.913563 0
    outer loop
      vertex -0.986335 -2.02229 12
      vertex -0.842864 -2.08616 0
      vertex -0.986335 -2.02229 0
    endloop
  endfacet
  facet normal 0.275589 -0.961276 0
    outer loop
      vertex -0.695288 2.13988 0
      vertex -0.544324 2.18316 12
      vertex -0.695288 2.13988 12
    endloop
  endfacet
  facet normal 0.275589 -0.961276 0
    outer loop
      vertex -0.544324 2.18316 12
      vertex -0.695288 2.13988 0
      vertex -0.544324 2.18316 0
    endloop
  endfacet
  facet normal -0.0697879 -0.997562 0
    outer loop
      vertex 0.0785236 2.24863 0
      vertex 0.235188 2.23767 12
      vertex 0.0785236 2.24863 12
    endloop
  endfacet
  facet normal -0.0697879 -0.997562 -0
    outer loop
      vertex 0.235188 2.23767 12
      vertex 0.0785236 2.24863 0
      vertex 0.235188 2.23767 0
    endloop
  endfacet
  facet normal 0.984809 0.173641 0
    outer loop
      vertex -2.20083 -0.467801 12
      vertex -2.2281 -0.313139 0
      vertex -2.2281 -0.313139 12
    endloop
  endfacet
  facet normal 0.984809 0.173641 0
    outer loop
      vertex -2.2281 -0.313139 0
      vertex -2.20083 -0.467801 12
      vertex -2.20083 -0.467801 0
    endloop
  endfacet
  facet normal -0.275589 -0.961276 0
    outer loop
      vertex 0.544324 2.18316 0
      vertex 0.695288 2.13988 12
      vertex 0.544324 2.18316 12
    endloop
  endfacet
  facet normal -0.275589 -0.961276 -0
    outer loop
      vertex 0.695288 2.13988 12
      vertex 0.544324 2.18316 0
      vertex 0.695288 2.13988 0
    endloop
  endfacet
  facet normal -0.20796 0.978137 0
    outer loop
      vertex 0.544324 -2.18316 0
      vertex 0.390708 -2.21582 12
      vertex 0.544324 -2.18316 12
    endloop
  endfacet
  facet normal -0.20796 0.978137 0
    outer loop
      vertex 0.390708 -2.21582 12
      vertex 0.544324 -2.18316 0
      vertex 0.390708 -2.21582 0
    endloop
  endfacet
  facet normal -0.13913 0.990274 0
    outer loop
      vertex 0.390708 -2.21582 0
      vertex 0.235188 -2.23767 12
      vertex 0.390708 -2.21582 12
    endloop
  endfacet
  facet normal -0.13913 0.990274 0
    outer loop
      vertex 0.235188 -2.23767 12
      vertex 0.390708 -2.21582 0
      vertex 0.235188 -2.23767 0
    endloop
  endfacet
  facet normal 0.743133 -0.669144 0
    outer loop
      vertex -1.7236 1.44627 12
      vertex -1.61851 1.56298 0
      vertex -1.61851 1.56298 12
    endloop
  endfacet
  facet normal 0.743133 -0.669144 0
    outer loop
      vertex -1.61851 1.56298 0
      vertex -1.7236 1.44627 12
      vertex -1.7236 1.44627 0
    endloop
  endfacet
  facet normal 0.342058 0.939679 -0
    outer loop
      vertex -0.695288 -2.13988 0
      vertex -0.842864 -2.08616 12
      vertex -0.695288 -2.13988 12
    endloop
  endfacet
  facet normal 0.342058 0.939679 0
    outer loop
      vertex -0.842864 -2.08616 12
      vertex -0.695288 -2.13988 0
      vertex -0.842864 -2.08616 0
    endloop
  endfacet
  facet normal 0.970301 0.241902 0
    outer loop
      vertex -2.16284 -0.620184 12
      vertex -2.20083 -0.467801 0
      vertex -2.20083 -0.467801 12
    endloop
  endfacet
  facet normal 0.970301 0.241902 0
    outer loop
      vertex -2.20083 -0.467801 0
      vertex -2.16284 -0.620184 12
      vertex -2.16284 -0.620184 0
    endloop
  endfacet
  facet normal 0.86604 -0.499974 0
    outer loop
      vertex -1.98663 1.05631 12
      vertex -1.90811 1.19232 0
      vertex -1.90811 1.19232 12
    endloop
  endfacet
  facet normal 0.86604 -0.499974 0
    outer loop
      vertex -1.90811 1.19232 0
      vertex -1.98663 1.05631 12
      vertex -1.98663 1.05631 0
    endloop
  endfacet
  facet normal -0.342058 -0.939679 0
    outer loop
      vertex 0.695288 2.13988 0
      vertex 0.842864 2.08616 12
      vertex 0.695288 2.13988 12
    endloop
  endfacet
  facet normal -0.342058 -0.939679 -0
    outer loop
      vertex 0.842864 2.08616 12
      vertex 0.695288 2.13988 0
      vertex 0.842864 2.08616 0
    endloop
  endfacet
  facet normal -0.342058 0.939679 0
    outer loop
      vertex 0.842864 -2.08616 0
      vertex 0.695288 -2.13988 12
      vertex 0.842864 -2.08616 12
    endloop
  endfacet
  facet normal -0.342058 0.939679 0
    outer loop
      vertex 0.695288 -2.13988 12
      vertex 0.842864 -2.08616 0
      vertex 0.695288 -2.13988 0
    endloop
  endfacet
  facet normal 0.829041 -0.559188 0
    outer loop
      vertex -1.90811 1.19232 12
      vertex -1.82029 1.32252 0
      vertex -1.82029 1.32252 12
    endloop
  endfacet
  facet normal 0.829041 -0.559188 0
    outer loop
      vertex -1.82029 1.32252 0
      vertex -1.90811 1.19232 12
      vertex -1.90811 1.19232 0
    endloop
  endfacet
endsolid OpenSCAD_Model
