solid OpenSCAD_Model
  facet normal 0.860927 0.508729 0
    outer loop
      vertex 16.5 -73.9 39
      vertex 10 -62.9 0
      vertex 10 -62.9 39
    endloop
  endfacet
  facet normal 0.860927 0.508729 0
    outer loop
      vertex 10 -62.9 0
      vertex 16.5 -73.9 39
      vertex 16.5 -73.9 0
    endloop
  endfacet
  facet normal -0.860927 0.508729 0
    outer loop
      vertex -16.5 -73.9 0
      vertex -10 -62.9 39
      vertex -10 -62.9 0
    endloop
  endfacet
  facet normal -0.860927 0.508729 0
    outer loop
      vertex -10 -62.9 39
      vertex -16.5 -73.9 0
      vertex -16.5 -73.9 39
    endloop
  endfacet
  facet normal 0 -1 0
    outer loop
      vertex -16.5 -73.9 0
      vertex 16.5 -73.9 39
      vertex -16.5 -73.9 39
    endloop
  endfacet
  facet normal 0 -1 -0
    outer loop
      vertex 16.5 -73.9 39
      vertex -16.5 -73.9 0
      vertex 16.5 -73.9 0
    endloop
  endfacet
  facet normal 0 0 1
    outer loop
      vertex -10 -62.9 39
      vertex -16.5 -73.9 39
      vertex -10 -62.91 39
    endloop
  endfacet
  facet normal -0 0 1
    outer loop
      vertex 10 -62.91 39
      vertex 16.5 -73.9 39
      vertex 10 -62.9 39
    endloop
  endfacet
  facet normal -0 0 1
    outer loop
      vertex -10 -62.91 39
      vertex 16.5 -73.9 39
      vertex 10 -62.91 39
    endloop
  endfacet
  facet normal 0 0 1
    outer loop
      vertex 16.5 -73.9 39
      vertex -10 -62.91 39
      vertex -16.5 -73.9 39
    endloop
  endfacet
  facet normal 0 0 -1
    outer loop
      vertex 0.842864 -2.08616 0
      vertex 10 0 0
      vertex 10 -62.9 0
    endloop
  endfacet
  facet normal 0 -0 -1
    outer loop
      vertex 0.986335 -2.02229 0
      vertex 10 0 0
      vertex 0.842864 -2.08616 0
    endloop
  endfacet
  facet normal 0 -0 -1
    outer loop
      vertex 1.125 -1.94856 0
      vertex 8 0 0
      vertex 0.986335 -2.02229 0
    endloop
  endfacet
  facet normal 0 -0 -1
    outer loop
      vertex 1.38524 -1.77302 0
      vertex 8 0 0
      vertex 1.25818 -1.86533 0
    endloop
  endfacet
  facet normal 0 -0 -1
    outer loop
      vertex 1.61851 -1.56298 0
      vertex 8 0 0
      vertex 1.50554 -1.67208 0
    endloop
  endfacet
  facet normal 0 -0 -1
    outer loop
      vertex 1.82029 -1.32252 0
      vertex 8 0 0
      vertex 1.7236 -1.44627 0
    endloop
  endfacet
  facet normal 0 -0 -1
    outer loop
      vertex 1.98663 -1.05631 0
      vertex 8 0 0
      vertex 1.90811 -1.19232 0
    endloop
  endfacet
  facet normal 0 -0 -1
    outer loop
      vertex 2.11431 -0.769545 0
      vertex 8 0 0
      vertex 2.05548 -0.915157 0
    endloop
  endfacet
  facet normal 0 -0 -1
    outer loop
      vertex 2.20083 -0.467801 0
      vertex 8 0 0
      vertex 2.16284 -0.620184 0
    endloop
  endfacet
  facet normal 0 -0 -1
    outer loop
      vertex 2.24452 -0.156952 0
      vertex 8 0 0
      vertex 2.2281 -0.313139 0
    endloop
  endfacet
  facet normal 0 0 -1
    outer loop
      vertex 8 0 0
      vertex 2.25 0 0
      vertex 7.98051 0.558051 0
    endloop
  endfacet
  facet normal -0 0 -1
    outer loop
      vertex 7.98051 0.558051 0
      vertex 2.24452 0.156952 0
      vertex 7.92214 1.11338 0
    endloop
  endfacet
  facet normal -0 0 -1
    outer loop
      vertex 7.92214 1.11338 0
      vertex 2.2281 0.313139 0
      vertex 7.82518 1.66329 0
    endloop
  endfacet
  facet normal -0 0 -1
    outer loop
      vertex 7.82518 1.66329 0
      vertex 2.20083 0.467801 0
      vertex 7.69009 2.2051 0
    endloop
  endfacet
  facet normal 0 0 -1
    outer loop
      vertex 2.16284 0.620184 0
      vertex 7.69009 2.2051 0
      vertex 2.20083 0.467801 0
    endloop
  endfacet
  facet normal 0 0 -1
    outer loop
      vertex 2.11431 0.769545 0
      vertex 7.51754 2.73616 0
      vertex 2.16284 0.620184 0
    endloop
  endfacet
  facet normal 0 0 -1
    outer loop
      vertex 2.05548 0.915157 0
      vertex 7.30836 3.25389 0
      vertex 2.11431 0.769545 0
    endloop
  endfacet
  facet normal 0 0 -1
    outer loop
      vertex 1.98663 1.05631 0
      vertex 7.06358 3.75577 0
      vertex 2.05548 0.915157 0
    endloop
  endfacet
  facet normal 0 0 -1
    outer loop
      vertex 1.90811 1.19232 0
      vertex 6.78438 4.23935 0
      vertex 1.98663 1.05631 0
    endloop
  endfacet
  facet normal 0 0 -1
    outer loop
      vertex 1.82029 1.32252 0
      vertex 6.47214 4.70228 0
      vertex 1.90811 1.19232 0
    endloop
  endfacet
  facet normal -0 0 -1
    outer loop
      vertex 6.78438 4.23935 0
      vertex 1.90811 1.19232 0
      vertex 6.47214 4.70228 0
    endloop
  endfacet
  facet normal -0 0 -1
    outer loop
      vertex 7.06358 3.75577 0
      vertex 1.98663 1.05631 0
      vertex 6.78438 4.23935 0
    endloop
  endfacet
  facet normal -0 0 -1
    outer loop
      vertex 7.30836 3.25389 0
      vertex 2.05548 0.915157 0
      vertex 7.06358 3.75577 0
    endloop
  endfacet
  facet normal -0 0 -1
    outer loop
      vertex 7.51754 2.73616 0
      vertex 2.11431 0.769545 0
      vertex 7.30836 3.25389 0
    endloop
  endfacet
  facet normal -0 0 -1
    outer loop
      vertex 7.69009 2.2051 0
      vertex 2.16284 0.620184 0
      vertex 7.51754 2.73616 0
    endloop
  endfacet
  facet normal 0 0 -1
    outer loop
      vertex 2.20083 0.467801 0
      vertex 7.82518 1.66329 0
      vertex 2.2281 0.313139 0
    endloop
  endfacet
  facet normal 0 0 -1
    outer loop
      vertex 2.2281 0.313139 0
      vertex 7.92214 1.11338 0
      vertex 2.24452 0.156952 0
    endloop
  endfacet
  facet normal 0 0 -1
    outer loop
      vertex 2.24452 0.156952 0
      vertex 7.98051 0.558051 0
      vertex 2.25 0 0
    endloop
  endfacet
  facet normal 0 -0 -1
    outer loop
      vertex 2.25 0 0
      vertex 8 0 0
      vertex 2.24452 -0.156952 0
    endloop
  endfacet
  facet normal 0 -0 -1
    outer loop
      vertex 2.2281 -0.313139 0
      vertex 8 0 0
      vertex 2.20083 -0.467801 0
    endloop
  endfacet
  facet normal 0 -0 -1
    outer loop
      vertex 2.16284 -0.620184 0
      vertex 8 0 0
      vertex 2.11431 -0.769545 0
    endloop
  endfacet
  facet normal 0 -0 -1
    outer loop
      vertex 2.05548 -0.915157 0
      vertex 8 0 0
      vertex 1.98663 -1.05631 0
    endloop
  endfacet
  facet normal 0 -0 -1
    outer loop
      vertex 1.90811 -1.19232 0
      vertex 8 0 0
      vertex 1.82029 -1.32252 0
    endloop
  endfacet
  facet normal 0 -0 -1
    outer loop
      vertex 1.7236 -1.44627 0
      vertex 8 0 0
      vertex 1.61851 -1.56298 0
    endloop
  endfacet
  facet normal 0 -0 -1
    outer loop
      vertex 1.50554 -1.67208 0
      vertex 8 0 0
      vertex 1.38524 -1.77302 0
    endloop
  endfacet
  facet normal 0 -0 -1
    outer loop
      vertex 1.25818 -1.86533 0
      vertex 8 0 0
      vertex 1.125 -1.94856 0
    endloop
  endfacet
  facet normal -0 0 -1
    outer loop
      vertex 10 0 0
      vertex 0.986335 -2.02229 0
      vertex 8 0 0
    endloop
  endfacet
  facet normal 0 0 -1
    outer loop
      vertex 10 -62.9 0
      vertex 0.695288 -2.13988 0
      vertex 0.842864 -2.08616 0
    endloop
  endfacet
  facet normal 0 0 -1
    outer loop
      vertex 10 -62.9 0
      vertex 0.544324 -2.18316 0
      vertex 0.695288 -2.13988 0
    endloop
  endfacet
  facet normal 0 0 -1
    outer loop
      vertex 10 -62.9 0
      vertex 0.390708 -2.21582 0
      vertex 0.544324 -2.18316 0
    endloop
  endfacet
  facet normal 0 0 -1
    outer loop
      vertex 10 -62.9 0
      vertex 0.235188 -2.23767 0
      vertex 0.390708 -2.21582 0
    endloop
  endfacet
  facet normal 0 0 -1
    outer loop
      vertex 10 -62.9 0
      vertex 0.0785236 -2.24863 0
      vertex 0.235188 -2.23767 0
    endloop
  endfacet
  facet normal 0 0 -1
    outer loop
      vertex 10 -62.9 0
      vertex -0.0785236 -2.24863 0
      vertex 0.0785236 -2.24863 0
    endloop
  endfacet
  facet normal 0 0 -1
    outer loop
      vertex -10 -62.9 0
      vertex -0.0785236 -2.24863 0
      vertex 10 -62.9 0
    endloop
  endfacet
  facet normal -0 0 -1
    outer loop
      vertex -0.0785236 -2.24863 0
      vertex -10 -62.9 0
      vertex -0.235188 -2.23767 0
    endloop
  endfacet
  facet normal -0 0 -1
    outer loop
      vertex -0.235188 -2.23767 0
      vertex -10 -62.9 0
      vertex -0.390708 -2.21582 0
    endloop
  endfacet
  facet normal -0 0 -1
    outer loop
      vertex -0.390708 -2.21582 0
      vertex -10 -62.9 0
      vertex -0.544324 -2.18316 0
    endloop
  endfacet
  facet normal -0 0 -1
    outer loop
      vertex -0.544324 -2.18316 0
      vertex -10 -62.9 0
      vertex -0.695288 -2.13988 0
    endloop
  endfacet
  facet normal -0 0 -1
    outer loop
      vertex -0.695288 -2.13988 0
      vertex -10 -62.9 0
      vertex -0.842864 -2.08616 0
    endloop
  endfacet
  facet normal 0 0 -1
    outer loop
      vertex -10 0 0
      vertex -0.842864 -2.08616 0
      vertex -10 -62.9 0
    endloop
  endfacet
  facet normal 0 0 -1
    outer loop
      vertex -0.842864 -2.08616 0
      vertex -10 0 0
      vertex -0.986335 -2.02229 0
    endloop
  endfacet
  facet normal 0 0 -1
    outer loop
      vertex -0.986335 -2.02229 0
      vertex -10 0 0
      vertex -1.125 -1.94856 0
    endloop
  endfacet
  facet normal -0 -0 -1
    outer loop
      vertex -8 0 0
      vertex -1.125 -1.94856 0
      vertex -10 0 0
    endloop
  endfacet
  facet normal 0 0 -1
    outer loop
      vertex -1.125 -1.94856 0
      vertex -8 0 0
      vertex -1.25818 -1.86533 0
    endloop
  endfacet
  facet normal 0 0 -1
    outer loop
      vertex -1.25818 -1.86533 0
      vertex -8 0 0
      vertex -1.38524 -1.77302 0
    endloop
  endfacet
  facet normal 0 0 -1
    outer loop
      vertex -1.38524 -1.77302 0
      vertex -8 0 0
      vertex -1.50554 -1.67208 0
    endloop
  endfacet
  facet normal 0 0 -1
    outer loop
      vertex -1.50554 -1.67208 0
      vertex -8 0 0
      vertex -1.61851 -1.56298 0
    endloop
  endfacet
  facet normal 0 0 -1
    outer loop
      vertex -1.61851 -1.56298 0
      vertex -8 0 0
      vertex -1.7236 -1.44627 0
    endloop
  endfacet
  facet normal 0 0 -1
    outer loop
      vertex -1.7236 -1.44627 0
      vertex -8 0 0
      vertex -1.82029 -1.32252 0
    endloop
  endfacet
  facet normal 0 0 -1
    outer loop
      vertex -1.82029 -1.32252 0
      vertex -8 0 0
      vertex -1.90811 -1.19232 0
    endloop
  endfacet
  facet normal 0 0 -1
    outer loop
      vertex -1.90811 -1.19232 0
      vertex -8 0 0
      vertex -1.98663 -1.05631 0
    endloop
  endfacet
  facet normal 0 0 -1
    outer loop
      vertex -2.05548 -0.915157 0
      vertex -8 0 0
      vertex -2.11431 -0.769545 0
    endloop
  endfacet
  facet normal 0 0 -1
    outer loop
      vertex -0.842864 2.08616 0
      vertex -2.99685 7.41747 0
      vertex -2.47214 7.60845 0
    endloop
  endfacet
  facet normal 0 0 -1
    outer loop
      vertex -8 0 0
      vertex -2.25 0 0
      vertex -2.24452 -0.156952 0
    endloop
  endfacet
  facet normal 0 0 -1
    outer loop
      vertex -2.24452 0.156952 0
      vertex -3.50697 7.19035 0
      vertex -2.99685 7.41747 0
    endloop
  endfacet
  facet normal 0 0 -1
    outer loop
      vertex -8 0 0
      vertex -2.24452 -0.156952 0
      vertex -2.2281 -0.313139 0
    endloop
  endfacet
  facet normal 0 0 -1
    outer loop
      vertex -2.24452 0.156952 0
      vertex -4 6.9282 0
      vertex -3.50697 7.19035 0
    endloop
  endfacet
  facet normal 0 0 -1
    outer loop
      vertex -8 0 0
      vertex -2.2281 -0.313139 0
      vertex -2.20083 -0.467801 0
    endloop
  endfacet
  facet normal 0 0 -1
    outer loop
      vertex -2.11431 -0.769545 0
      vertex -8 0 0
      vertex -2.16284 -0.620184 0
    endloop
  endfacet
  facet normal 0 0 -1
    outer loop
      vertex -2.25 0 0
      vertex -8 0 0
      vertex -7.98051 0.558051 0
    endloop
  endfacet
  facet normal 0 0 -1
    outer loop
      vertex -2.24452 0.156952 0
      vertex -4.47354 6.6323 0
      vertex -4 6.9282 0
    endloop
  endfacet
  facet normal 0 0 -1
    outer loop
      vertex -2.24452 0.156952 0
      vertex -4.92529 6.30409 0
      vertex -4.47354 6.6323 0
    endloop
  endfacet
  facet normal 0 0 -1
    outer loop
      vertex -2.24452 0.156952 0
      vertex -5.35304 5.94516 0
      vertex -4.92529 6.30409 0
    endloop
  endfacet
  facet normal 0 0 -1
    outer loop
      vertex -2.24452 0.156952 0
      vertex -5.75472 5.55727 0
      vertex -5.35304 5.94516 0
    endloop
  endfacet
  facet normal 0 0 -1
    outer loop
      vertex -2.24452 0.156952 0
      vertex -6.12836 5.1423 0
      vertex -5.75472 5.55727 0
    endloop
  endfacet
  facet normal 0 0 -1
    outer loop
      vertex -2.24452 0.156952 0
      vertex -6.47214 4.70228 0
      vertex -6.12836 5.1423 0
    endloop
  endfacet
  facet normal 0 0 -1
    outer loop
      vertex -2.24452 0.156952 0
      vertex -6.78438 4.23935 0
      vertex -6.47214 4.70228 0
    endloop
  endfacet
  facet normal 0 0 -1
    outer loop
      vertex -2.24452 0.156952 0
      vertex -7.06358 3.75577 0
      vertex -6.78438 4.23935 0
    endloop
  endfacet
  facet normal 0 0 -1
    outer loop
      vertex -2.24452 0.156952 0
      vertex -7.30836 3.25389 0
      vertex -7.06358 3.75577 0
    endloop
  endfacet
  facet normal 0 0 -1
    outer loop
      vertex -2.24452 0.156952 0
      vertex -7.51754 2.73616 0
      vertex -7.30836 3.25389 0
    endloop
  endfacet
  facet normal 0 0 -1
    outer loop
      vertex -2.24452 0.156952 0
      vertex -7.69009 2.2051 0
      vertex -7.51754 2.73616 0
    endloop
  endfacet
  facet normal 0 0 -1
    outer loop
      vertex -2.24452 0.156952 0
      vertex -7.82518 1.66329 0
      vertex -7.69009 2.2051 0
    endloop
  endfacet
  facet normal 0 0 -1
    outer loop
      vertex -2.24452 0.156952 0
      vertex -7.92214 1.11338 0
      vertex -7.82518 1.66329 0
    endloop
  endfacet
  facet normal 0 0 -1
    outer loop
      vertex -2.24452 0.156952 0
      vertex -7.98051 0.558051 0
      vertex -7.92214 1.11338 0
    endloop
  endfacet
  facet normal 0 0 -1
    outer loop
      vertex -2.16284 -0.620184 0
      vertex -8 0 0
      vertex -2.20083 -0.467801 0
    endloop
  endfacet
  facet normal 0 0 -1
    outer loop
      vertex 16.5 -73.9 0
      vertex -10 -62.9 0
      vertex 10 -62.9 0
    endloop
  endfacet
  facet normal 0 -0 -1
    outer loop
      vertex -10 -62.9 0
      vertex 16.5 -73.9 0
      vertex -16.5 -73.9 0
    endloop
  endfacet
  facet normal -0 0 -1
    outer loop
      vertex 6.47214 4.70228 0
      vertex 1.82029 1.32252 0
      vertex 6.12836 5.1423 0
    endloop
  endfacet
  facet normal 0 0 -1
    outer loop
      vertex 1.7236 1.44627 0
      vertex 6.12836 5.1423 0
      vertex 1.82029 1.32252 0
    endloop
  endfacet
  facet normal -0 0 -1
    outer loop
      vertex 6.12836 5.1423 0
      vertex 1.7236 1.44627 0
      vertex 5.75472 5.55727 0
    endloop
  endfacet
  facet normal 0 0 -1
    outer loop
      vertex 1.61851 1.56298 0
      vertex 5.75472 5.55727 0
      vertex 1.7236 1.44627 0
    endloop
  endfacet
  facet normal -0 0 -1
    outer loop
      vertex 5.75472 5.55727 0
      vertex 1.61851 1.56298 0
      vertex 5.35304 5.94516 0
    endloop
  endfacet
  facet normal 0 0 -1
    outer loop
      vertex 1.50554 1.67208 0
      vertex 5.35304 5.94516 0
      vertex 1.61851 1.56298 0
    endloop
  endfacet
  facet normal -0 0 -1
    outer loop
      vertex 5.35304 5.94516 0
      vertex 1.50554 1.67208 0
      vertex 4.92529 6.30409 0
    endloop
  endfacet
  facet normal 0 0 -1
    outer loop
      vertex 1.38524 1.77302 0
      vertex 4.92529 6.30409 0
      vertex 1.50554 1.67208 0
    endloop
  endfacet
  facet normal -0 0 -1
    outer loop
      vertex 4.92529 6.30409 0
      vertex 1.38524 1.77302 0
      vertex 4.47354 6.6323 0
    endloop
  endfacet
  facet normal 0 0 -1
    outer loop
      vertex 1.25818 1.86533 0
      vertex 4.47354 6.6323 0
      vertex 1.38524 1.77302 0
    endloop
  endfacet
  facet normal -0 0 -1
    outer loop
      vertex 4.47354 6.6323 0
      vertex 1.25818 1.86533 0
      vertex 4 6.9282 0
    endloop
  endfacet
  facet normal 0 0 -1
    outer loop
      vertex 1.125 1.94856 0
      vertex 4 6.9282 0
      vertex 1.25818 1.86533 0
    endloop
  endfacet
  facet normal -0 0 -1
    outer loop
      vertex 4 6.9282 0
      vertex 1.125 1.94856 0
      vertex 3.50697 7.19035 0
    endloop
  endfacet
  facet normal 0 0 -1
    outer loop
      vertex 0.986335 2.02229 0
      vertex 3.50697 7.19035 0
      vertex 1.125 1.94856 0
    endloop
  endfacet
  facet normal -0 0 -1
    outer loop
      vertex 3.50697 7.19035 0
      vertex 0.986335 2.02229 0
      vertex 2.99685 7.41747 0
    endloop
  endfacet
  facet normal 0 0 -1
    outer loop
      vertex 0.842864 2.08616 0
      vertex 2.99685 7.41747 0
      vertex 0.986335 2.02229 0
    endloop
  endfacet
  facet normal -0 0 -1
    outer loop
      vertex 2.99685 7.41747 0
      vertex 0.842864 2.08616 0
      vertex 2.47214 7.60845 0
    endloop
  endfacet
  facet normal 0 0 -1
    outer loop
      vertex 0.695288 2.13988 0
      vertex 2.47214 7.60845 0
      vertex 0.842864 2.08616 0
    endloop
  endfacet
  facet normal -0 0 -1
    outer loop
      vertex 2.47214 7.60845 0
      vertex 0.695288 2.13988 0
      vertex 1.93537 7.76237 0
    endloop
  endfacet
  facet normal 0 0 -1
    outer loop
      vertex 0.544324 2.18316 0
      vertex 1.93537 7.76237 0
      vertex 0.695288 2.13988 0
    endloop
  endfacet
  facet normal -0 0 -1
    outer loop
      vertex 1.93537 7.76237 0
      vertex 0.544324 2.18316 0
      vertex 1.38918 7.87846 0
    endloop
  endfacet
  facet normal 0 0 -1
    outer loop
      vertex 0.390708 2.21582 0
      vertex 1.38918 7.87846 0
      vertex 0.544324 2.18316 0
    endloop
  endfacet
  facet normal -0 0 -1
    outer loop
      vertex 1.38918 7.87846 0
      vertex 0.390708 2.21582 0
      vertex 0.836227 7.95617 0
    endloop
  endfacet
  facet normal 0 0 -1
    outer loop
      vertex 0.235188 2.23767 0
      vertex 0.836227 7.95617 0
      vertex 0.390708 2.21582 0
    endloop
  endfacet
  facet normal -0 0 -1
    outer loop
      vertex 0.836227 7.95617 0
      vertex 0.235188 2.23767 0
      vertex 0.279196 7.99513 0
    endloop
  endfacet
  facet normal 0 0 -1
    outer loop
      vertex 0.0785236 2.24863 0
      vertex 0.279196 7.99513 0
      vertex 0.235188 2.23767 0
    endloop
  endfacet
  facet normal 0 0 -1
    outer loop
      vertex -0.0785236 2.24863 0
      vertex 0.279196 7.99513 0
      vertex 0.0785236 2.24863 0
    endloop
  endfacet
  facet normal 0 0 -1
    outer loop
      vertex -0.279196 7.99513 0
      vertex -0.0785236 2.24863 0
      vertex -0.235188 2.23767 0
    endloop
  endfacet
  facet normal 0 0 -1
    outer loop
      vertex -0.0785236 2.24863 0
      vertex -0.279196 7.99513 0
      vertex 0.279196 7.99513 0
    endloop
  endfacet
  facet normal 0 0 -1
    outer loop
      vertex -0.836227 7.95617 0
      vertex -0.235188 2.23767 0
      vertex -0.390708 2.21582 0
    endloop
  endfacet
  facet normal 0 0 -1
    outer loop
      vertex -1.38918 7.87846 0
      vertex -0.390708 2.21582 0
      vertex -0.544324 2.18316 0
    endloop
  endfacet
  facet normal 0 0 -1
    outer loop
      vertex -1.93537 7.76237 0
      vertex -0.544324 2.18316 0
      vertex -0.695288 2.13988 0
    endloop
  endfacet
  facet normal 0 0 -1
    outer loop
      vertex -0.235188 2.23767 0
      vertex -0.836227 7.95617 0
      vertex -0.279196 7.99513 0
    endloop
  endfacet
  facet normal 0 0 -1
    outer loop
      vertex -2.47214 7.60845 0
      vertex -0.695288 2.13988 0
      vertex -0.842864 2.08616 0
    endloop
  endfacet
  facet normal 0 0 -1
    outer loop
      vertex -2.99685 7.41747 0
      vertex -0.842864 2.08616 0
      vertex -0.986335 2.02229 0
    endloop
  endfacet
  facet normal 0 0 -1
    outer loop
      vertex -2.99685 7.41747 0
      vertex -0.986335 2.02229 0
      vertex -1.125 1.94856 0
    endloop
  endfacet
  facet normal 0 0 -1
    outer loop
      vertex -2.99685 7.41747 0
      vertex -1.125 1.94856 0
      vertex -1.25818 1.86533 0
    endloop
  endfacet
  facet normal 0 0 -1
    outer loop
      vertex -2.99685 7.41747 0
      vertex -1.25818 1.86533 0
      vertex -1.38524 1.77302 0
    endloop
  endfacet
  facet normal 0 0 -1
    outer loop
      vertex -0.390708 2.21582 0
      vertex -1.38918 7.87846 0
      vertex -0.836227 7.95617 0
    endloop
  endfacet
  facet normal 0 0 -1
    outer loop
      vertex -2.99685 7.41747 0
      vertex -1.38524 1.77302 0
      vertex -1.50554 1.67208 0
    endloop
  endfacet
  facet normal 0 0 -1
    outer loop
      vertex -2.99685 7.41747 0
      vertex -1.50554 1.67208 0
      vertex -1.61851 1.56298 0
    endloop
  endfacet
  facet normal 0 0 -1
    outer loop
      vertex -2.99685 7.41747 0
      vertex -1.61851 1.56298 0
      vertex -1.7236 1.44627 0
    endloop
  endfacet
  facet normal 0 0 -1
    outer loop
      vertex -2.99685 7.41747 0
      vertex -1.7236 1.44627 0
      vertex -1.82029 1.32252 0
    endloop
  endfacet
  facet normal 0 0 -1
    outer loop
      vertex -2.99685 7.41747 0
      vertex -1.82029 1.32252 0
      vertex -1.90811 1.19232 0
    endloop
  endfacet
  facet normal 0 0 -1
    outer loop
      vertex -0.544324 2.18316 0
      vertex -1.93537 7.76237 0
      vertex -1.38918 7.87846 0
    endloop
  endfacet
  facet normal 0 0 -1
    outer loop
      vertex -2.99685 7.41747 0
      vertex -1.90811 1.19232 0
      vertex -1.98663 1.05631 0
    endloop
  endfacet
  facet normal 0 0 -1
    outer loop
      vertex -2.99685 7.41747 0
      vertex -1.98663 1.05631 0
      vertex -2.05548 0.915157 0
    endloop
  endfacet
  facet normal 0 0 -1
    outer loop
      vertex -2.99685 7.41747 0
      vertex -2.05548 0.915157 0
      vertex -2.11431 0.769545 0
    endloop
  endfacet
  facet normal 0 0 -1
    outer loop
      vertex -2.99685 7.41747 0
      vertex -2.11431 0.769545 0
      vertex -2.16284 0.620184 0
    endloop
  endfacet
  facet normal 0 0 -1
    outer loop
      vertex -2.99685 7.41747 0
      vertex -2.16284 0.620184 0
      vertex -2.20083 0.467801 0
    endloop
  endfacet
  facet normal 0 0 -1
    outer loop
      vertex -2.99685 7.41747 0
      vertex -2.20083 0.467801 0
      vertex -2.2281 0.313139 0
    endloop
  endfacet
  facet normal 0 0 -1
    outer loop
      vertex -2.99685 7.41747 0
      vertex -2.2281 0.313139 0
      vertex -2.24452 0.156952 0
    endloop
  endfacet
  facet normal 0 0 -1
    outer loop
      vertex -0.695288 2.13988 0
      vertex -2.47214 7.60845 0
      vertex -1.93537 7.76237 0
    endloop
  endfacet
  facet normal 0 0 -1
    outer loop
      vertex -7.98051 0.558051 0
      vertex -2.24452 0.156952 0
      vertex -2.25 0 0
    endloop
  endfacet
  facet normal 0 0 -1
    outer loop
      vertex -1.98663 -1.05631 0
      vertex -8 0 0
      vertex -2.05548 -0.915157 0
    endloop
  endfacet
  facet normal 0.642816 0 0.766021
    outer loop
      vertex 6.15661 -47.9 49.6301
      vertex 6.69131 -62.91 49.1814
      vertex 6.69131 -47.9 49.1814
    endloop
  endfacet
  facet normal 0.642816 0 0.766021
    outer loop
      vertex 6.69131 -62.91 49.1814
      vertex 6.15661 -47.9 49.6301
      vertex 6.15661 -62.91 49.6301
    endloop
  endfacet
  facet normal -1 0 0
    outer loop
      vertex -10 0 0
      vertex -10 -0.300525 6.31337
      vertex -10 0 6.30286
    endloop
  endfacet
  facet normal -1 0 0
    outer loop
      vertex -10 0 0
      vertex -10 -0.699268 6.32731
      vertex -10 -0.300525 6.31337
    endloop
  endfacet
  facet normal -1 0 0
    outer loop
      vertex -10 0 0
      vertex -10 -1.0936 6.36861
      vertex -10 -0.699268 6.32731
    endloop
  endfacet
  facet normal -1 0 0
    outer loop
      vertex -10 0 0
      vertex -10 -1.40541 6.40127
      vertex -10 -1.0936 6.36861
    endloop
  endfacet
  facet normal -1 0 0
    outer loop
      vertex -10 0 0
      vertex -10 -1.73067 6.45787
      vertex -10 -1.40541 6.40127
    endloop
  endfacet
  facet normal -1 0 0
    outer loop
      vertex -10 0 0
      vertex -10 -2.12557 6.52658
      vertex -10 -1.73067 6.45787
    endloop
  endfacet
  facet normal -1 0 0
    outer loop
      vertex -10 0 0
      vertex -10 -2.50734 6.61913
      vertex -10 -2.12557 6.52658
    endloop
  endfacet
  facet normal -1 0 0
    outer loop
      vertex -10 0 0
      vertex -10 -2.86745 6.70643
      vertex -10 -2.50734 6.61913
    endloop
  endfacet
  facet normal -1 0 0
    outer loop
      vertex -10 0 0
      vertex -10 -3.23917 6.82153
      vertex -10 -2.86745 6.70643
    endloop
  endfacet
  facet normal -1 0 0
    outer loop
      vertex -10 0 0
      vertex -10 -3.6397 6.94555
      vertex -10 -3.23917 6.82153
    endloop
  endfacet
  facet normal -1 0 0
    outer loop
      vertex -10 0 0
      vertex -10 -4.08658 7.1133
      vertex -10 -3.6397 6.94555
    endloop
  endfacet
  facet normal -1 0 0
    outer loop
      vertex -10 0 0
      vertex -10 -4.45229 7.25057
      vertex -10 -4.08658 7.1133
    endloop
  endfacet
  facet normal -1 0 0
    outer loop
      vertex -10 0 0
      vertex -10 -4.79299 7.40023
      vertex -10 -4.45229 7.25057
    endloop
  endfacet
  facet normal -1 0 0
    outer loop
      vertex -10 0 0
      vertex -10 -5.31709 7.63045
      vertex -10 -4.79299 7.40023
    endloop
  endfacet
  facet normal -1 0 0
    outer loop
      vertex -10 0 0
      vertex -10 -5.93222 7.93864
      vertex -10 -5.31709 7.63045
    endloop
  endfacet
  facet normal -1 0 0
    outer loop
      vertex -10 0 0
      vertex -10 -6.24869 8.0972
      vertex -10 -5.93222 7.93864
    endloop
  endfacet
  facet normal -1 0 0
    outer loop
      vertex -10 0 0
      vertex -10 -6.53521 8.25775
      vertex -10 -6.24869 8.0972
    endloop
  endfacet
  facet normal -1 0 0
    outer loop
      vertex -10 0 0
      vertex -10 -7.26543 8.66691
      vertex -10 -6.53521 8.25775
    endloop
  endfacet
  facet normal -1 0 0
    outer loop
      vertex -10 0 0
      vertex -10 -8.17461 9.2278
      vertex -10 -7.26543 8.66691
    endloop
  endfacet
  facet normal -1 0 0
    outer loop
      vertex -10 0 0
      vertex -10 -8.391 9.36129
      vertex -10 -8.17461 9.2278
    endloop
  endfacet
  facet normal -1 0 0
    outer loop
      vertex -10 0 0
      vertex -10 -9.34359 10
      vertex -10 -8.391 9.36129
    endloop
  endfacet
  facet normal -1 0 0
    outer loop
      vertex -10 0 0
      vertex -10 -47.9 10
      vertex -10 -9.34359 10
    endloop
  endfacet
  facet normal -1 0 0
    outer loop
      vertex -10 -62.9 0
      vertex -10 -47.9 10
      vertex -10 0 0
    endloop
  endfacet
  facet normal -1 0 0
    outer loop
      vertex -10 -62.9 39
      vertex -10 -47.9 10
      vertex -10 -62.9 0
    endloop
  endfacet
  facet normal -1 0 0
    outer loop
      vertex -10 -47.9 10
      vertex -10 -62.9 39
      vertex -10 -47.9 41.75
    endloop
  endfacet
  facet normal -1 0 0
    outer loop
      vertex -10 -62.91 41.75
      vertex -10 -62.9 39
      vertex -10 -62.91 39
    endloop
  endfacet
  facet normal -1 0 0
    outer loop
      vertex -10 -62.9 39
      vertex -10 -62.91 41.75
      vertex -10 -47.9 41.75
    endloop
  endfacet
  facet normal -0.787995 0 0.615682
    outer loop
      vertex -8.09017 -62.91 47.6279
      vertex -7.66044 -47.9 48.1779
      vertex -8.09017 -47.9 47.6279
    endloop
  endfacet
  facet normal -0.787995 0 0.615682
    outer loop
      vertex -7.66044 -47.9 48.1779
      vertex -8.09017 -62.91 47.6279
      vertex -7.66044 -62.91 48.1779
    endloop
  endfacet
  facet normal -0.139114 0 0.990276
    outer loop
      vertex -1.73648 -47.9 51.5981
      vertex -1.04528 -62.91 51.6952
      vertex -1.04528 -47.9 51.6952
    endloop
  endfacet
  facet normal -0.139114 0 0.990276
    outer loop
      vertex -1.04528 -62.91 51.6952
      vertex -1.73648 -47.9 51.5981
      vertex -1.73648 -62.91 51.5981
    endloop
  endfacet
  facet normal 0.694612 0 0.719385
    outer loop
      vertex 6.69131 -47.9 49.1814
      vertex 7.1934 -62.91 48.6966
      vertex 7.1934 -47.9 48.6966
    endloop
  endfacet
  facet normal 0.694612 0 0.719385
    outer loop
      vertex 7.1934 -62.91 48.6966
      vertex 6.69131 -47.9 49.1814
      vertex 6.69131 -62.91 49.1814
    endloop
  endfacet
  facet normal 0.927187 -0 0.374599
    outer loop
      vertex 9.13545 -62.91 45.8174
      vertex 9.39693 -47.9 45.1702
      vertex 9.13545 -47.9 45.8174
    endloop
  endfacet
  facet normal 0.927187 0 0.374599
    outer loop
      vertex 9.39693 -47.9 45.1702
      vertex 9.13545 -62.91 45.8174
      vertex 9.39693 -62.91 45.1702
    endloop
  endfacet
  facet normal 1 0 0
    outer loop
      vertex 10 -47.9 41.75
      vertex 10 -62.9 39
      vertex 10 -47.9 10
    endloop
  endfacet
  facet normal 1 -0 0
    outer loop
      vertex 10 -62.91 41.75
      vertex 10 -62.9 39
      vertex 10 -47.9 41.75
    endloop
  endfacet
  facet normal 1 0 0
    outer loop
      vertex 10 -62.9 39
      vertex 10 -62.91 41.75
      vertex 10 -62.91 39
    endloop
  endfacet
  facet normal 1 0 0
    outer loop
      vertex 10 -0.300525 6.31337
      vertex 10 0 0
      vertex 10 0 6.30286
    endloop
  endfacet
  facet normal 1 0 0
    outer loop
      vertex 10 -0.699268 6.32731
      vertex 10 0 0
      vertex 10 -0.300525 6.31337
    endloop
  endfacet
  facet normal 1 0 0
    outer loop
      vertex 10 -1.0936 6.36861
      vertex 10 0 0
      vertex 10 -0.699268 6.32731
    endloop
  endfacet
  facet normal 1 0 0
    outer loop
      vertex 10 -1.40541 6.40127
      vertex 10 0 0
      vertex 10 -1.0936 6.36861
    endloop
  endfacet
  facet normal 1 0 0
    outer loop
      vertex 10 -1.73067 6.45787
      vertex 10 0 0
      vertex 10 -1.40541 6.40127
    endloop
  endfacet
  facet normal 1 0 0
    outer loop
      vertex 10 -2.12557 6.52658
      vertex 10 0 0
      vertex 10 -1.73067 6.45787
    endloop
  endfacet
  facet normal 1 0 0
    outer loop
      vertex 10 -2.50734 6.61913
      vertex 10 0 0
      vertex 10 -2.12557 6.52658
    endloop
  endfacet
  facet normal 1 0 0
    outer loop
      vertex 10 -2.86745 6.70643
      vertex 10 0 0
      vertex 10 -2.50734 6.61913
    endloop
  endfacet
  facet normal 1 0 0
    outer loop
      vertex 10 -3.23917 6.82153
      vertex 10 0 0
      vertex 10 -2.86745 6.70643
    endloop
  endfacet
  facet normal 1 0 0
    outer loop
      vertex 10 -3.6397 6.94555
      vertex 10 0 0
      vertex 10 -3.23917 6.82153
    endloop
  endfacet
  facet normal 1 0 0
    outer loop
      vertex 10 -4.08658 7.1133
      vertex 10 0 0
      vertex 10 -3.6397 6.94555
    endloop
  endfacet
  facet normal 1 0 0
    outer loop
      vertex 10 -4.45229 7.25057
      vertex 10 0 0
      vertex 10 -4.08658 7.1133
    endloop
  endfacet
  facet normal 1 0 0
    outer loop
      vertex 10 -4.79299 7.40023
      vertex 10 0 0
      vertex 10 -4.45229 7.25057
    endloop
  endfacet
  facet normal 1 0 0
    outer loop
      vertex 10 -5.31709 7.63045
      vertex 10 0 0
      vertex 10 -4.79299 7.40023
    endloop
  endfacet
  facet normal 1 0 0
    outer loop
      vertex 10 -5.93222 7.93864
      vertex 10 0 0
      vertex 10 -5.31709 7.63045
    endloop
  endfacet
  facet normal 1 0 0
    outer loop
      vertex 10 -6.24869 8.0972
      vertex 10 0 0
      vertex 10 -5.93222 7.93864
    endloop
  endfacet
  facet normal 1 0 0
    outer loop
      vertex 10 -6.53521 8.25775
      vertex 10 0 0
      vertex 10 -6.24869 8.0972
    endloop
  endfacet
  facet normal 1 0 0
    outer loop
      vertex 10 -7.26543 8.66691
      vertex 10 0 0
      vertex 10 -6.53521 8.25775
    endloop
  endfacet
  facet normal 1 0 0
    outer loop
      vertex 10 -8.17461 9.2278
      vertex 10 0 0
      vertex 10 -7.26543 8.66691
    endloop
  endfacet
  facet normal 1 0 0
    outer loop
      vertex 10 -8.391 9.36129
      vertex 10 0 0
      vertex 10 -8.17461 9.2278
    endloop
  endfacet
  facet normal 1 0 0
    outer loop
      vertex 10 -9.34359 10
      vertex 10 0 0
      vertex 10 -8.391 9.36129
    endloop
  endfacet
  facet normal 1 -0 0
    outer loop
      vertex 10 -47.9 10
      vertex 10 0 0
      vertex 10 -9.34359 10
    endloop
  endfacet
  facet normal 1 0 0
    outer loop
      vertex 10 -47.9 10
      vertex 10 -62.9 0
      vertex 10 0 0
    endloop
  endfacet
  facet normal 1 0 0
    outer loop
      vertex 10 -62.9 0
      vertex 10 -47.9 10
      vertex 10 -62.9 39
    endloop
  endfacet
  facet normal -0.342111 0 0.93966
    outer loop
      vertex -3.74607 -47.9 51.0218
      vertex -3.09017 -62.91 51.2606
      vertex -3.09017 -47.9 51.2606
    endloop
  endfacet
  facet normal -0.342111 0 0.93966
    outer loop
      vertex -3.09017 -62.91 51.2606
      vertex -3.74607 -47.9 51.0218
      vertex -3.74607 -62.91 51.0218
    endloop
  endfacet
  facet normal -0.829056 0 0.559165
    outer loop
      vertex -8.48048 -62.91 47.0492
      vertex -8.09017 -47.9 47.6279
      vertex -8.48048 -47.9 47.0492
    endloop
  endfacet
  facet normal -0.829056 0 0.559165
    outer loop
      vertex -8.09017 -47.9 47.6279
      vertex -8.48048 -62.91 47.0492
      vertex -8.09017 -62.91 47.6279
    endloop
  endfacet
  facet normal 0.999391 -0 0.0348985
    outer loop
      vertex 9.97564 -62.91 42.4476
      vertex 10 -47.9 41.75
      vertex 9.97564 -47.9 42.4476
    endloop
  endfacet
  facet normal 0.999391 0 0.0348985
    outer loop
      vertex 10 -47.9 41.75
      vertex 9.97564 -62.91 42.4476
      vertex 10 -62.91 41.75
    endloop
  endfacet
  facet normal -0.587819 0 0.808992
    outer loop
      vertex -6.15661 -47.9 49.6301
      vertex -5.59193 -62.91 50.0404
      vertex -5.59193 -47.9 50.0404
    endloop
  endfacet
  facet normal -0.587819 0 0.808992
    outer loop
      vertex -5.59193 -62.91 50.0404
      vertex -6.15661 -47.9 49.6301
      vertex -6.15661 -62.91 49.6301
    endloop
  endfacet
  facet normal -0.642816 0 0.766021
    outer loop
      vertex -6.69131 -47.9 49.1814
      vertex -6.15661 -62.91 49.6301
      vertex -6.15661 -47.9 49.6301
    endloop
  endfacet
  facet normal -0.642816 0 0.766021
    outer loop
      vertex -6.15661 -62.91 49.6301
      vertex -6.69131 -47.9 49.1814
      vertex -6.69131 -62.91 49.1814
    endloop
  endfacet
  facet normal 0.275648 0 0.961259
    outer loop
      vertex 2.41922 -47.9 51.453
      vertex 3.09017 -62.91 51.2606
      vertex 3.09017 -47.9 51.2606
    endloop
  endfacet
  facet normal 0.275648 0 0.961259
    outer loop
      vertex 3.09017 -62.91 51.2606
      vertex 2.41922 -47.9 51.453
      vertex 2.41922 -62.91 51.453
    endloop
  endfacet
  facet normal 0.98481 -0 0.173638
    outer loop
      vertex 9.78148 -62.91 43.8291
      vertex 9.90268 -47.9 43.1417
      vertex 9.78148 -47.9 43.8291
    endloop
  endfacet
  facet normal 0.98481 0 0.173638
    outer loop
      vertex 9.90268 -47.9 43.1417
      vertex 9.78148 -62.91 43.8291
      vertex 9.90268 -62.91 43.1417
    endloop
  endfacet
  facet normal 0.743145 -0 0.669131
    outer loop
      vertex 7.1934 -62.91 48.6966
      vertex 7.66044 -47.9 48.1779
      vertex 7.1934 -47.9 48.6966
    endloop
  endfacet
  facet normal 0.743145 0 0.669131
    outer loop
      vertex 7.66044 -47.9 48.1779
      vertex 7.1934 -62.91 48.6966
      vertex 7.66044 -62.91 48.1779
    endloop
  endfacet
  facet normal -0.743145 0 0.669131
    outer loop
      vertex -7.66044 -62.91 48.1779
      vertex -7.1934 -47.9 48.6966
      vertex -7.66044 -47.9 48.1779
    endloop
  endfacet
  facet normal -0.743145 0 0.669131
    outer loop
      vertex -7.1934 -47.9 48.6966
      vertex -7.66044 -62.91 48.1779
      vertex -7.1934 -62.91 48.6966
    endloop
  endfacet
  facet normal -0.207883 0 0.978154
    outer loop
      vertex -2.41922 -47.9 51.453
      vertex -1.73648 -62.91 51.5981
      vertex -1.73648 -47.9 51.5981
    endloop
  endfacet
  facet normal -0.207883 0 0.978154
    outer loop
      vertex -1.73648 -62.91 51.5981
      vertex -2.41922 -47.9 51.453
      vertex -2.41922 -62.91 51.453
    endloop
  endfacet
  facet normal -0.927187 0 0.374599
    outer loop
      vertex -9.39693 -62.91 45.1702
      vertex -9.13545 -47.9 45.8174
      vertex -9.39693 -47.9 45.1702
    endloop
  endfacet
  facet normal -0.927187 0 0.374599
    outer loop
      vertex -9.13545 -47.9 45.8174
      vertex -9.39693 -62.91 45.1702
      vertex -9.13545 -62.91 45.8174
    endloop
  endfacet
  facet normal 0.866031 -0 0.499991
    outer loop
      vertex 8.48048 -62.91 47.0492
      vertex 8.82948 -47.9 46.4447
      vertex 8.48048 -47.9 47.0492
    endloop
  endfacet
  facet normal 0.866031 0 0.499991
    outer loop
      vertex 8.82948 -47.9 46.4447
      vertex 8.48048 -62.91 47.0492
      vertex 8.82948 -62.91 46.4447
    endloop
  endfacet
  facet normal -0.694612 0 0.719385
    outer loop
      vertex -7.1934 -47.9 48.6966
      vertex -6.69131 -62.91 49.1814
      vertex -6.69131 -47.9 49.1814
    endloop
  endfacet
  facet normal -0.694612 0 0.719385
    outer loop
      vertex -6.69131 -62.91 49.1814
      vertex -7.1934 -47.9 48.6966
      vertex -7.1934 -62.91 48.6966
    endloop
  endfacet
  facet normal -0.951053 0 0.309028
    outer loop
      vertex -9.61262 -62.91 44.5064
      vertex -9.39693 -47.9 45.1702
      vertex -9.61262 -47.9 44.5064
    endloop
  endfacet
  facet normal -0.951053 0 0.309028
    outer loop
      vertex -9.39693 -47.9 45.1702
      vertex -9.61262 -62.91 44.5064
      vertex -9.39693 -62.91 45.1702
    endloop
  endfacet
  facet normal 0.787995 -0 0.615682
    outer loop
      vertex 7.66044 -62.91 48.1779
      vertex 8.09017 -47.9 47.6279
      vertex 7.66044 -47.9 48.1779
    endloop
  endfacet
  facet normal 0.787995 0 0.615682
    outer loop
      vertex 8.09017 -47.9 47.6279
      vertex 7.66044 -62.91 48.1779
      vertex 8.09017 -62.91 47.6279
    endloop
  endfacet
  facet normal 0.898785 -0 0.438389
    outer loop
      vertex 8.82948 -62.91 46.4447
      vertex 9.13545 -47.9 45.8174
      vertex 8.82948 -47.9 46.4447
    endloop
  endfacet
  facet normal 0.898785 0 0.438389
    outer loop
      vertex 9.13545 -47.9 45.8174
      vertex 8.82948 -62.91 46.4447
      vertex 9.13545 -62.91 45.8174
    endloop
  endfacet
  facet normal 0.994521 -0 0.104539
    outer loop
      vertex 9.90268 -62.91 43.1417
      vertex 9.97564 -47.9 42.4476
      vertex 9.90268 -47.9 43.1417
    endloop
  endfacet
  facet normal 0.994521 0 0.104539
    outer loop
      vertex 9.97564 -47.9 42.4476
      vertex 9.90268 -62.91 43.1417
      vertex 9.97564 -62.91 42.4476
    endloop
  endfacet
  facet normal 0 -1 0
    outer loop
      vertex -1.04528 -62.91 51.6952
      vertex 0.348994 -62.91 51.7439
      vertex -0.348994 -62.91 51.7439
    endloop
  endfacet
  facet normal 0 -1 0
    outer loop
      vertex -1.04528 -62.91 51.6952
      vertex 1.04528 -62.91 51.6952
      vertex 0.348994 -62.91 51.7439
    endloop
  endfacet
  facet normal 0 -1 0
    outer loop
      vertex -1.73648 -62.91 51.5981
      vertex 1.04528 -62.91 51.6952
      vertex -1.04528 -62.91 51.6952
    endloop
  endfacet
  facet normal 0 -1 0
    outer loop
      vertex -1.73648 -62.91 51.5981
      vertex 1.73648 -62.91 51.5981
      vertex 1.04528 -62.91 51.6952
    endloop
  endfacet
  facet normal 0 -1 0
    outer loop
      vertex -2.41922 -62.91 51.453
      vertex 1.73648 -62.91 51.5981
      vertex -1.73648 -62.91 51.5981
    endloop
  endfacet
  facet normal 0 -1 0
    outer loop
      vertex -2.41922 -62.91 51.453
      vertex 2.41922 -62.91 51.453
      vertex 1.73648 -62.91 51.5981
    endloop
  endfacet
  facet normal 0 -1 0
    outer loop
      vertex -3.09017 -62.91 51.2606
      vertex 2.41922 -62.91 51.453
      vertex -2.41922 -62.91 51.453
    endloop
  endfacet
  facet normal 0 -1 0
    outer loop
      vertex -3.09017 -62.91 51.2606
      vertex 3.09017 -62.91 51.2606
      vertex 2.41922 -62.91 51.453
    endloop
  endfacet
  facet normal 0 -1 0
    outer loop
      vertex -3.74607 -62.91 51.0218
      vertex 3.09017 -62.91 51.2606
      vertex -3.09017 -62.91 51.2606
    endloop
  endfacet
  facet normal 0 -1 0
    outer loop
      vertex -3.74607 -62.91 51.0218
      vertex 3.74607 -62.91 51.0218
      vertex 3.09017 -62.91 51.2606
    endloop
  endfacet
  facet normal 0 -1 0
    outer loop
      vertex -4.38371 -62.91 50.7379
      vertex 3.74607 -62.91 51.0218
      vertex -3.74607 -62.91 51.0218
    endloop
  endfacet
  facet normal 0 -1 0
    outer loop
      vertex -4.38371 -62.91 50.7379
      vertex 4.38371 -62.91 50.7379
      vertex 3.74607 -62.91 51.0218
    endloop
  endfacet
  facet normal 0 -1 0
    outer loop
      vertex -5 -62.91 50.4103
      vertex 4.38371 -62.91 50.7379
      vertex -4.38371 -62.91 50.7379
    endloop
  endfacet
  facet normal 0 -1 0
    outer loop
      vertex -5 -62.91 50.4103
      vertex 5 -62.91 50.4103
      vertex 4.38371 -62.91 50.7379
    endloop
  endfacet
  facet normal 0 -1 0
    outer loop
      vertex -5.59193 -62.91 50.0404
      vertex 5 -62.91 50.4103
      vertex -5 -62.91 50.4103
    endloop
  endfacet
  facet normal 0 -1 0
    outer loop
      vertex -5.59193 -62.91 50.0404
      vertex 5.59193 -62.91 50.0404
      vertex 5 -62.91 50.4103
    endloop
  endfacet
  facet normal 0 -1 0
    outer loop
      vertex -6.15661 -62.91 49.6301
      vertex 5.59193 -62.91 50.0404
      vertex -5.59193 -62.91 50.0404
    endloop
  endfacet
  facet normal 0 -1 0
    outer loop
      vertex -6.15661 -62.91 49.6301
      vertex 6.15661 -62.91 49.6301
      vertex 5.59193 -62.91 50.0404
    endloop
  endfacet
  facet normal 0 -1 0
    outer loop
      vertex -6.69131 -62.91 49.1814
      vertex 6.15661 -62.91 49.6301
      vertex -6.15661 -62.91 49.6301
    endloop
  endfacet
  facet normal 0 -1 0
    outer loop
      vertex -6.69131 -62.91 49.1814
      vertex 6.69131 -62.91 49.1814
      vertex 6.15661 -62.91 49.6301
    endloop
  endfacet
  facet normal 0 -1 0
    outer loop
      vertex -7.1934 -62.91 48.6966
      vertex 6.69131 -62.91 49.1814
      vertex -6.69131 -62.91 49.1814
    endloop
  endfacet
  facet normal 0 -1 0
    outer loop
      vertex -7.1934 -62.91 48.6966
      vertex 7.1934 -62.91 48.6966
      vertex 6.69131 -62.91 49.1814
    endloop
  endfacet
  facet normal 0 -1 0
    outer loop
      vertex -7.66044 -62.91 48.1779
      vertex 7.1934 -62.91 48.6966
      vertex -7.1934 -62.91 48.6966
    endloop
  endfacet
  facet normal 0 -1 0
    outer loop
      vertex -7.66044 -62.91 48.1779
      vertex 7.66044 -62.91 48.1779
      vertex 7.1934 -62.91 48.6966
    endloop
  endfacet
  facet normal 0 -1 0
    outer loop
      vertex -8.09017 -62.91 47.6279
      vertex 7.66044 -62.91 48.1779
      vertex -7.66044 -62.91 48.1779
    endloop
  endfacet
  facet normal 0 -1 0
    outer loop
      vertex -8.09017 -62.91 47.6279
      vertex 8.09017 -62.91 47.6279
      vertex 7.66044 -62.91 48.1779
    endloop
  endfacet
  facet normal 0 -1 0
    outer loop
      vertex -8.48048 -62.91 47.0492
      vertex 8.09017 -62.91 47.6279
      vertex -8.09017 -62.91 47.6279
    endloop
  endfacet
  facet normal 0 -1 0
    outer loop
      vertex -8.48048 -62.91 47.0492
      vertex 8.48048 -62.91 47.0492
      vertex 8.09017 -62.91 47.6279
    endloop
  endfacet
  facet normal 0 -1 0
    outer loop
      vertex -8.82948 -62.91 46.4447
      vertex 8.48048 -62.91 47.0492
      vertex -8.48048 -62.91 47.0492
    endloop
  endfacet
  facet normal 0 -1 0
    outer loop
      vertex -8.82948 -62.91 46.4447
      vertex 8.82948 -62.91 46.4447
      vertex 8.48048 -62.91 47.0492
    endloop
  endfacet
  facet normal 0 -1 0
    outer loop
      vertex -9.13545 -62.91 45.8174
      vertex 8.82948 -62.91 46.4447
      vertex -8.82948 -62.91 46.4447
    endloop
  endfacet
  facet normal 0 -1 0
    outer loop
      vertex -9.13545 -62.91 45.8174
      vertex 9.13545 -62.91 45.8174
      vertex 8.82948 -62.91 46.4447
    endloop
  endfacet
  facet normal 0 -1 0
    outer loop
      vertex -9.39693 -62.91 45.1702
      vertex 9.13545 -62.91 45.8174
      vertex -9.13545 -62.91 45.8174
    endloop
  endfacet
  facet normal 0 -1 0
    outer loop
      vertex -9.39693 -62.91 45.1702
      vertex 9.39693 -62.91 45.1702
      vertex 9.13545 -62.91 45.8174
    endloop
  endfacet
  facet normal 0 -1 0
    outer loop
      vertex -9.61262 -62.91 44.5064
      vertex 9.39693 -62.91 45.1702
      vertex -9.39693 -62.91 45.1702
    endloop
  endfacet
  facet normal 0 -1 0
    outer loop
      vertex -9.61262 -62.91 44.5064
      vertex 9.61262 -62.91 44.5064
      vertex 9.39693 -62.91 45.1702
    endloop
  endfacet
  facet normal 0 -1 0
    outer loop
      vertex -9.78148 -62.91 43.8291
      vertex 9.61262 -62.91 44.5064
      vertex -9.61262 -62.91 44.5064
    endloop
  endfacet
  facet normal 0 -1 0
    outer loop
      vertex -9.78148 -62.91 43.8291
      vertex 9.78148 -62.91 43.8291
      vertex 9.61262 -62.91 44.5064
    endloop
  endfacet
  facet normal 0 -1 0
    outer loop
      vertex -9.90268 -62.91 43.1417
      vertex 9.78148 -62.91 43.8291
      vertex -9.78148 -62.91 43.8291
    endloop
  endfacet
  facet normal 0 -1 0
    outer loop
      vertex -9.90268 -62.91 43.1417
      vertex 9.90268 -62.91 43.1417
      vertex 9.78148 -62.91 43.8291
    endloop
  endfacet
  facet normal 0 -1 0
    outer loop
      vertex -9.97564 -62.91 42.4476
      vertex 9.90268 -62.91 43.1417
      vertex -9.90268 -62.91 43.1417
    endloop
  endfacet
  facet normal 0 -1 0
    outer loop
      vertex -9.97564 -62.91 42.4476
      vertex 9.97564 -62.91 42.4476
      vertex 9.90268 -62.91 43.1417
    endloop
  endfacet
  facet normal 0 -1 0
    outer loop
      vertex -10 -62.91 41.75
      vertex 9.97564 -62.91 42.4476
      vertex -9.97564 -62.91 42.4476
    endloop
  endfacet
  facet normal 0 -1 0
    outer loop
      vertex -10 -62.91 41.75
      vertex 10 -62.91 41.75
      vertex 9.97564 -62.91 42.4476
    endloop
  endfacet
  facet normal 0 -1 0
    outer loop
      vertex -10 -62.91 39
      vertex 10 -62.91 41.75
      vertex -10 -62.91 41.75
    endloop
  endfacet
  facet normal 0 -1 -0
    outer loop
      vertex 10 -62.91 41.75
      vertex -10 -62.91 39
      vertex 10 -62.91 39
    endloop
  endfacet
  facet normal -0.999391 0 0.0348985
    outer loop
      vertex -10 -62.91 41.75
      vertex -9.97564 -47.9 42.4476
      vertex -10 -47.9 41.75
    endloop
  endfacet
  facet normal -0.999391 0 0.0348985
    outer loop
      vertex -9.97564 -47.9 42.4476
      vertex -10 -62.91 41.75
      vertex -9.97564 -62.91 42.4476
    endloop
  endfacet
  facet normal -0.866031 0 0.499991
    outer loop
      vertex -8.82948 -62.91 46.4447
      vertex -8.48048 -47.9 47.0492
      vertex -8.82948 -47.9 46.4447
    endloop
  endfacet
  facet normal -0.866031 0 0.499991
    outer loop
      vertex -8.48048 -47.9 47.0492
      vertex -8.82948 -62.91 46.4447
      vertex -8.48048 -62.91 47.0492
    endloop
  endfacet
  facet normal 0.469374 0 0.882999
    outer loop
      vertex 4.38371 -47.9 50.7379
      vertex 5 -62.91 50.4103
      vertex 5 -47.9 50.4103
    endloop
  endfacet
  facet normal 0.469374 0 0.882999
    outer loop
      vertex 5 -62.91 50.4103
      vertex 4.38371 -47.9 50.7379
      vertex 4.38371 -62.91 50.7379
    endloop
  endfacet
  facet normal -0.970299 0 0.241909
    outer loop
      vertex -9.78148 -62.91 43.8291
      vertex -9.61262 -47.9 44.5064
      vertex -9.78148 -47.9 43.8291
    endloop
  endfacet
  facet normal -0.970299 0 0.241909
    outer loop
      vertex -9.61262 -47.9 44.5064
      vertex -9.78148 -62.91 43.8291
      vertex -9.61262 -62.91 44.5064
    endloop
  endfacet
  facet normal -0.275648 0 0.961259
    outer loop
      vertex -3.09017 -47.9 51.2606
      vertex -2.41922 -62.91 51.453
      vertex -2.41922 -47.9 51.453
    endloop
  endfacet
  facet normal -0.275648 0 0.961259
    outer loop
      vertex -2.41922 -62.91 51.453
      vertex -3.09017 -47.9 51.2606
      vertex -3.09017 -62.91 51.2606
    endloop
  endfacet
  facet normal 0.970299 -0 0.241909
    outer loop
      vertex 9.61262 -62.91 44.5064
      vertex 9.78148 -47.9 43.8291
      vertex 9.61262 -47.9 44.5064
    endloop
  endfacet
  facet normal 0.970299 0 0.241909
    outer loop
      vertex 9.78148 -47.9 43.8291
      vertex 9.61262 -62.91 44.5064
      vertex 9.78148 -62.91 43.8291
    endloop
  endfacet
  facet normal 0.139114 0 0.990276
    outer loop
      vertex 1.04528 -47.9 51.6952
      vertex 1.73648 -62.91 51.5981
      vertex 1.73648 -47.9 51.5981
    endloop
  endfacet
  facet normal 0.139114 0 0.990276
    outer loop
      vertex 1.73648 -62.91 51.5981
      vertex 1.04528 -47.9 51.6952
      vertex 1.04528 -62.91 51.6952
    endloop
  endfacet
  facet normal 0.587819 0 0.808992
    outer loop
      vertex 5.59193 -47.9 50.0404
      vertex 6.15661 -62.91 49.6301
      vertex 6.15661 -47.9 49.6301
    endloop
  endfacet
  facet normal 0.587819 0 0.808992
    outer loop
      vertex 6.15661 -62.91 49.6301
      vertex 5.59193 -47.9 50.0404
      vertex 5.59193 -62.91 50.0404
    endloop
  endfacet
  facet normal 0.529941 0 0.848035
    outer loop
      vertex 5 -47.9 50.4103
      vertex 5.59193 -62.91 50.0404
      vertex 5.59193 -47.9 50.0404
    endloop
  endfacet
  facet normal 0.529941 0 0.848035
    outer loop
      vertex 5.59193 -62.91 50.0404
      vertex 5 -47.9 50.4103
      vertex 5 -62.91 50.4103
    endloop
  endfacet
  facet normal -0.994521 0 0.104539
    outer loop
      vertex -9.97564 -62.91 42.4476
      vertex -9.90268 -47.9 43.1417
      vertex -9.97564 -47.9 42.4476
    endloop
  endfacet
  facet normal -0.994521 0 0.104539
    outer loop
      vertex -9.90268 -47.9 43.1417
      vertex -9.97564 -62.91 42.4476
      vertex -9.90268 -62.91 43.1417
    endloop
  endfacet
  facet normal 0.342111 0 0.93966
    outer loop
      vertex 3.09017 -47.9 51.2606
      vertex 3.74607 -62.91 51.0218
      vertex 3.74607 -47.9 51.0218
    endloop
  endfacet
  facet normal 0.342111 0 0.93966
    outer loop
      vertex 3.74607 -62.91 51.0218
      vertex 3.09017 -47.9 51.2606
      vertex 3.09017 -62.91 51.2606
    endloop
  endfacet
  facet normal -0.529941 0 0.848035
    outer loop
      vertex -5.59193 -47.9 50.0404
      vertex -5 -62.91 50.4103
      vertex -5 -47.9 50.4103
    endloop
  endfacet
  facet normal -0.529941 0 0.848035
    outer loop
      vertex -5 -62.91 50.4103
      vertex -5.59193 -47.9 50.0404
      vertex -5.59193 -62.91 50.0404
    endloop
  endfacet
  facet normal -0.898785 0 0.438389
    outer loop
      vertex -9.13545 -62.91 45.8174
      vertex -8.82948 -47.9 46.4447
      vertex -9.13545 -47.9 45.8174
    endloop
  endfacet
  facet normal -0.898785 0 0.438389
    outer loop
      vertex -8.82948 -47.9 46.4447
      vertex -9.13545 -62.91 45.8174
      vertex -8.82948 -62.91 46.4447
    endloop
  endfacet
  facet normal 0.207883 0 0.978154
    outer loop
      vertex 1.73648 -47.9 51.5981
      vertex 2.41922 -62.91 51.453
      vertex 2.41922 -47.9 51.453
    endloop
  endfacet
  facet normal 0.207883 0 0.978154
    outer loop
      vertex 2.41922 -62.91 51.453
      vertex 1.73648 -47.9 51.5981
      vertex 1.73648 -62.91 51.5981
    endloop
  endfacet
  facet normal 0.829056 -0 0.559165
    outer loop
      vertex 8.09017 -62.91 47.6279
      vertex 8.48048 -47.9 47.0492
      vertex 8.09017 -47.9 47.6279
    endloop
  endfacet
  facet normal 0.829056 0 0.559165
    outer loop
      vertex 8.48048 -47.9 47.0492
      vertex 8.09017 -62.91 47.6279
      vertex 8.48048 -62.91 47.0492
    endloop
  endfacet
  facet normal 0.406742 0 0.913543
    outer loop
      vertex 3.74607 -47.9 51.0218
      vertex 4.38371 -62.91 50.7379
      vertex 4.38371 -47.9 50.7379
    endloop
  endfacet
  facet normal 0.406742 0 0.913543
    outer loop
      vertex 4.38371 -62.91 50.7379
      vertex 3.74607 -47.9 51.0218
      vertex 3.74607 -62.91 51.0218
    endloop
  endfacet
  facet normal 0.951053 -0 0.309028
    outer loop
      vertex 9.39693 -62.91 45.1702
      vertex 9.61262 -47.9 44.5064
      vertex 9.39693 -47.9 45.1702
    endloop
  endfacet
  facet normal 0.951053 0 0.309028
    outer loop
      vertex 9.61262 -47.9 44.5064
      vertex 9.39693 -62.91 45.1702
      vertex 9.61262 -62.91 44.5064
    endloop
  endfacet
  facet normal -0.469374 0 0.882999
    outer loop
      vertex -5 -47.9 50.4103
      vertex -4.38371 -62.91 50.7379
      vertex -4.38371 -47.9 50.7379
    endloop
  endfacet
  facet normal -0.469374 0 0.882999
    outer loop
      vertex -4.38371 -62.91 50.7379
      vertex -5 -47.9 50.4103
      vertex -5 -62.91 50.4103
    endloop
  endfacet
  facet normal -0.0697721 0 0.997563
    outer loop
      vertex -1.04528 -47.9 51.6952
      vertex -0.348994 -62.91 51.7439
      vertex -0.348994 -47.9 51.7439
    endloop
  endfacet
  facet normal -0.0697721 0 0.997563
    outer loop
      vertex -0.348994 -62.91 51.7439
      vertex -1.04528 -47.9 51.6952
      vertex -1.04528 -62.91 51.6952
    endloop
  endfacet
  facet normal -0.98481 0 0.173638
    outer loop
      vertex -9.90268 -62.91 43.1417
      vertex -9.78148 -47.9 43.8291
      vertex -9.90268 -47.9 43.1417
    endloop
  endfacet
  facet normal -0.98481 0 0.173638
    outer loop
      vertex -9.78148 -47.9 43.8291
      vertex -9.90268 -62.91 43.1417
      vertex -9.78148 -62.91 43.8291
    endloop
  endfacet
  facet normal 0.0697721 0 0.997563
    outer loop
      vertex 0.348994 -47.9 51.7439
      vertex 1.04528 -62.91 51.6952
      vertex 1.04528 -47.9 51.6952
    endloop
  endfacet
  facet normal 0.0697721 0 0.997563
    outer loop
      vertex 1.04528 -62.91 51.6952
      vertex 0.348994 -47.9 51.7439
      vertex 0.348994 -62.91 51.7439
    endloop
  endfacet
  facet normal -0.406742 0 0.913543
    outer loop
      vertex -4.38371 -47.9 50.7379
      vertex -3.74607 -62.91 51.0218
      vertex -3.74607 -47.9 51.0218
    endloop
  endfacet
  facet normal -0.406742 0 0.913543
    outer loop
      vertex -3.74607 -62.91 51.0218
      vertex -4.38371 -47.9 50.7379
      vertex -4.38371 -62.91 50.7379
    endloop
  endfacet
  facet normal 0 1 0
    outer loop
      vertex -1.40477 -47.9 39.4769
      vertex -1.40477 -47.9 42.5231
      vertex -1.15881 -47.9 39.5665
    endloop
  endfacet
  facet normal 0 1 0
    outer loop
      vertex -1.40477 -47.9 42.5231
      vertex -1.40477 -47.9 39.4769
      vertex -1.64389 -47.9 42.6295
    endloop
  endfacet
  facet normal 0 1 0
    outer loop
      vertex -1.64389 -47.9 39.3705
      vertex -1.64389 -47.9 42.6295
      vertex -1.40477 -47.9 39.4769
    endloop
  endfacet
  facet normal 0 1 0
    outer loop
      vertex -1.64389 -47.9 42.6295
      vertex -1.64389 -47.9 39.3705
      vertex -1.875 -47.9 42.7524
    endloop
  endfacet
  facet normal 0 1 0
    outer loop
      vertex -1.875 -47.9 39.2476
      vertex -1.875 -47.9 42.7524
      vertex -1.64389 -47.9 39.3705
    endloop
  endfacet
  facet normal 0 1 0
    outer loop
      vertex -1.875 -47.9 42.7524
      vertex -1.875 -47.9 39.2476
      vertex -2.09697 -47.9 42.8911
    endloop
  endfacet
  facet normal 0 1 0
    outer loop
      vertex -2.09697 -47.9 39.1089
      vertex -2.09697 -47.9 42.8911
      vertex -1.875 -47.9 39.2476
    endloop
  endfacet
  facet normal 0 1 0
    outer loop
      vertex -2.09697 -47.9 42.8911
      vertex -2.09697 -47.9 39.1089
      vertex -2.30873 -47.9 43.045
    endloop
  endfacet
  facet normal 0 1 0
    outer loop
      vertex -2.30873 -47.9 38.955
      vertex -2.30873 -47.9 43.045
      vertex -2.09697 -47.9 39.1089
    endloop
  endfacet
  facet normal 0 1 0
    outer loop
      vertex -2.50924 -47.9 38.7868
      vertex -2.30873 -47.9 43.045
      vertex -2.30873 -47.9 38.955
    endloop
  endfacet
  facet normal 0 1 0
    outer loop
      vertex -2.69752 -47.9 38.605
      vertex -2.30873 -47.9 43.045
      vertex -2.50924 -47.9 38.7868
    endloop
  endfacet
  facet normal 0 1 0
    outer loop
      vertex -2.87267 -47.9 38.4105
      vertex -2.30873 -47.9 43.045
      vertex -2.69752 -47.9 38.605
    endloop
  endfacet
  facet normal 0 1 0
    outer loop
      vertex -2.30873 -47.9 43.045
      vertex -2.87267 -47.9 38.4105
      vertex -10 -47.9 41.75
    endloop
  endfacet
  facet normal 0 1 -0
    outer loop
      vertex -3.03381 -47.9 38.2042
      vertex -10 -47.9 41.75
      vertex -2.87267 -47.9 38.4105
    endloop
  endfacet
  facet normal 0 1 -0
    outer loop
      vertex -3.18018 -47.9 37.9872
      vertex -10 -47.9 41.75
      vertex -3.03381 -47.9 38.2042
    endloop
  endfacet
  facet normal 0 1 -0
    outer loop
      vertex -3.31105 -47.9 37.7605
      vertex -10 -47.9 41.75
      vertex -3.18018 -47.9 37.9872
    endloop
  endfacet
  facet normal 0 1 -0
    outer loop
      vertex -3.42579 -47.9 37.5253
      vertex -10 -47.9 41.75
      vertex -3.31105 -47.9 37.7605
    endloop
  endfacet
  facet normal 0 1 -0
    outer loop
      vertex -3.52385 -47.9 37.2826
      vertex -10 -47.9 41.75
      vertex -3.42579 -47.9 37.5253
    endloop
  endfacet
  facet normal 0 1 -0
    outer loop
      vertex -3.60473 -47.9 37.0336
      vertex -10 -47.9 41.75
      vertex -3.52385 -47.9 37.2826
    endloop
  endfacet
  facet normal 0 1 -0
    outer loop
      vertex -3.66805 -47.9 36.7797
      vertex -10 -47.9 41.75
      vertex -3.60473 -47.9 37.0336
    endloop
  endfacet
  facet normal 0 1 -0
    outer loop
      vertex -3.7135 -47.9 36.5219
      vertex -10 -47.9 41.75
      vertex -3.66805 -47.9 36.7797
    endloop
  endfacet
  facet normal 0 1 -0
    outer loop
      vertex -3.74086 -47.9 36.2616
      vertex -10 -47.9 41.75
      vertex -3.7135 -47.9 36.5219
    endloop
  endfacet
  facet normal 0 1 -0
    outer loop
      vertex -3.75 -47.9 36
      vertex -10 -47.9 41.75
      vertex -3.74086 -47.9 36.2616
    endloop
  endfacet
  facet normal 0 1 0
    outer loop
      vertex -3.74086 -47.9 35.7384
      vertex -10 -47.9 41.75
      vertex -3.75 -47.9 36
    endloop
  endfacet
  facet normal 0 1 0
    outer loop
      vertex -3.7135 -47.9 35.4781
      vertex -10 -47.9 41.75
      vertex -3.74086 -47.9 35.7384
    endloop
  endfacet
  facet normal 0 1 0
    outer loop
      vertex -3.66805 -47.9 35.2203
      vertex -10 -47.9 41.75
      vertex -3.7135 -47.9 35.4781
    endloop
  endfacet
  facet normal 0 1 0
    outer loop
      vertex -3.60473 -47.9 34.9664
      vertex -10 -47.9 41.75
      vertex -3.66805 -47.9 35.2203
    endloop
  endfacet
  facet normal 0 1 0
    outer loop
      vertex -3.52385 -47.9 34.7174
      vertex -10 -47.9 41.75
      vertex -3.60473 -47.9 34.9664
    endloop
  endfacet
  facet normal 0 1 0
    outer loop
      vertex -3.42579 -47.9 34.4747
      vertex -10 -47.9 41.75
      vertex -3.52385 -47.9 34.7174
    endloop
  endfacet
  facet normal 0 1 0
    outer loop
      vertex -3.31105 -47.9 34.2395
      vertex -10 -47.9 41.75
      vertex -3.42579 -47.9 34.4747
    endloop
  endfacet
  facet normal 0 1 0
    outer loop
      vertex -10 -47.9 10
      vertex -3.31105 -47.9 34.2395
      vertex -3.18018 -47.9 34.0128
    endloop
  endfacet
  facet normal 0 1 0
    outer loop
      vertex -10 -47.9 10
      vertex -3.18018 -47.9 34.0128
      vertex -3.03381 -47.9 33.7958
    endloop
  endfacet
  facet normal 0 1 0
    outer loop
      vertex -10 -47.9 10
      vertex -3.03381 -47.9 33.7958
      vertex -2.87267 -47.9 33.5895
    endloop
  endfacet
  facet normal 0 1 0
    outer loop
      vertex -10 -47.9 10
      vertex -0.130873 -47.9 32.2523
      vertex 10 -47.9 10
    endloop
  endfacet
  facet normal 0 1 0
    outer loop
      vertex -0.130873 -47.9 32.2523
      vertex -10 -47.9 10
      vertex -0.391981 -47.9 32.2705
    endloop
  endfacet
  facet normal 0 1 0
    outer loop
      vertex -0.391981 -47.9 32.2705
      vertex -10 -47.9 10
      vertex -0.65118 -47.9 32.307
    endloop
  endfacet
  facet normal 0 1 0
    outer loop
      vertex -0.65118 -47.9 32.307
      vertex -10 -47.9 10
      vertex -0.907207 -47.9 32.3614
    endloop
  endfacet
  facet normal 0 1 0
    outer loop
      vertex -0.907207 -47.9 32.3614
      vertex -10 -47.9 10
      vertex -1.15881 -47.9 32.4335
    endloop
  endfacet
  facet normal 0 1 0
    outer loop
      vertex -1.15881 -47.9 32.4335
      vertex -10 -47.9 10
      vertex -1.40477 -47.9 32.5231
    endloop
  endfacet
  facet normal 0 1 0
    outer loop
      vertex -1.40477 -47.9 32.5231
      vertex -10 -47.9 10
      vertex -1.64389 -47.9 32.6295
    endloop
  endfacet
  facet normal 0 1 0
    outer loop
      vertex -1.64389 -47.9 32.6295
      vertex -10 -47.9 10
      vertex -1.875 -47.9 32.7524
    endloop
  endfacet
  facet normal 0 1 0
    outer loop
      vertex -1.875 -47.9 32.7524
      vertex -10 -47.9 10
      vertex -2.09697 -47.9 32.8911
    endloop
  endfacet
  facet normal 0 1 0
    outer loop
      vertex -2.09697 -47.9 32.8911
      vertex -10 -47.9 10
      vertex -2.30873 -47.9 33.045
    endloop
  endfacet
  facet normal 0 1 0
    outer loop
      vertex -2.30873 -47.9 33.045
      vertex -10 -47.9 10
      vertex -2.50924 -47.9 33.2132
    endloop
  endfacet
  facet normal 0 1 0
    outer loop
      vertex -2.50924 -47.9 33.2132
      vertex -10 -47.9 10
      vertex -2.69752 -47.9 33.395
    endloop
  endfacet
  facet normal 0 1 0
    outer loop
      vertex -2.69752 -47.9 33.395
      vertex -10 -47.9 10
      vertex -2.87267 -47.9 33.5895
    endloop
  endfacet
  facet normal 0 1 0
    outer loop
      vertex -3.31105 -47.9 34.2395
      vertex -10 -47.9 10
      vertex -10 -47.9 41.75
    endloop
  endfacet
  facet normal 0 1 -0
    outer loop
      vertex 0.391981 -47.9 49.7295
      vertex 0.348994 -47.9 51.7439
      vertex 1.04528 -47.9 51.6952
    endloop
  endfacet
  facet normal 0 1 0
    outer loop
      vertex 0.348994 -47.9 51.7439
      vertex 0.130873 -47.9 49.7477
      vertex -0.348994 -47.9 51.7439
    endloop
  endfacet
  facet normal 0 1 0
    outer loop
      vertex 0.907207 -47.9 49.6386
      vertex 1.04528 -47.9 51.6952
      vertex 1.73648 -47.9 51.5981
    endloop
  endfacet
  facet normal 0 1 -0
    outer loop
      vertex -0.130873 -47.9 49.7477
      vertex -0.348994 -47.9 51.7439
      vertex 0.130873 -47.9 49.7477
    endloop
  endfacet
  facet normal 0 1 0
    outer loop
      vertex 1.40477 -47.9 49.4769
      vertex 1.73648 -47.9 51.5981
      vertex 2.41922 -47.9 51.453
    endloop
  endfacet
  facet normal 0 1 0
    outer loop
      vertex -0.391981 -47.9 49.7295
      vertex -0.348994 -47.9 51.7439
      vertex -0.130873 -47.9 49.7477
    endloop
  endfacet
  facet normal 0 1 0
    outer loop
      vertex 1.875 -47.9 49.2476
      vertex 2.41922 -47.9 51.453
      vertex 3.09017 -47.9 51.2606
    endloop
  endfacet
  facet normal 0 1 0
    outer loop
      vertex -0.348994 -47.9 51.7439
      vertex -0.391981 -47.9 49.7295
      vertex -1.04528 -47.9 51.6952
    endloop
  endfacet
  facet normal 0 1 0
    outer loop
      vertex 2.30873 -47.9 48.955
      vertex 3.09017 -47.9 51.2606
      vertex 3.74607 -47.9 51.0218
    endloop
  endfacet
  facet normal 0 1 -0
    outer loop
      vertex -0.65118 -47.9 49.693
      vertex -1.04528 -47.9 51.6952
      vertex -0.391981 -47.9 49.7295
    endloop
  endfacet
  facet normal 0 1 0
    outer loop
      vertex 2.50924 -47.9 48.7868
      vertex 3.74607 -47.9 51.0218
      vertex 4.38371 -47.9 50.7379
    endloop
  endfacet
  facet normal 0 1 -0
    outer loop
      vertex -0.907207 -47.9 49.6386
      vertex -1.04528 -47.9 51.6952
      vertex -0.65118 -47.9 49.693
    endloop
  endfacet
  facet normal 0 1 0
    outer loop
      vertex 2.87267 -47.9 48.4105
      vertex 4.38371 -47.9 50.7379
      vertex 5 -47.9 50.4103
    endloop
  endfacet
  facet normal 0 1 0
    outer loop
      vertex -1.04528 -47.9 51.6952
      vertex -0.907207 -47.9 49.6386
      vertex -1.73648 -47.9 51.5981
    endloop
  endfacet
  facet normal 0 1 0
    outer loop
      vertex 3.18018 -47.9 47.9872
      vertex 5 -47.9 50.4103
      vertex 5.59193 -47.9 50.0404
    endloop
  endfacet
  facet normal 0 1 -0
    outer loop
      vertex -1.15881 -47.9 49.5665
      vertex -1.73648 -47.9 51.5981
      vertex -0.907207 -47.9 49.6386
    endloop
  endfacet
  facet normal 0 1 -0
    outer loop
      vertex -1.40477 -47.9 49.4769
      vertex -1.73648 -47.9 51.5981
      vertex -1.15881 -47.9 49.5665
    endloop
  endfacet
  facet normal 0 1 0
    outer loop
      vertex 0.348994 -47.9 51.7439
      vertex 0.391981 -47.9 49.7295
      vertex 0.130873 -47.9 49.7477
    endloop
  endfacet
  facet normal 0 1 0
    outer loop
      vertex 1.04528 -47.9 51.6952
      vertex 0.65118 -47.9 49.693
      vertex 0.391981 -47.9 49.7295
    endloop
  endfacet
  facet normal 0 1 0
    outer loop
      vertex 1.04528 -47.9 51.6952
      vertex 0.907207 -47.9 49.6386
      vertex 0.65118 -47.9 49.693
    endloop
  endfacet
  facet normal 0 1 0
    outer loop
      vertex 3.31105 -47.9 47.7605
      vertex 5.59193 -47.9 50.0404
      vertex 6.15661 -47.9 49.6301
    endloop
  endfacet
  facet normal 0 1 0
    outer loop
      vertex 1.73648 -47.9 51.5981
      vertex 1.15881 -47.9 49.5665
      vertex 0.907207 -47.9 49.6386
    endloop
  endfacet
  facet normal 0 1 0
    outer loop
      vertex 1.73648 -47.9 51.5981
      vertex 1.40477 -47.9 49.4769
      vertex 1.15881 -47.9 49.5665
    endloop
  endfacet
  facet normal 0 1 0
    outer loop
      vertex 2.41922 -47.9 51.453
      vertex 1.64389 -47.9 49.3705
      vertex 1.40477 -47.9 49.4769
    endloop
  endfacet
  facet normal 0 1 0
    outer loop
      vertex 2.41922 -47.9 51.453
      vertex 1.875 -47.9 49.2476
      vertex 1.64389 -47.9 49.3705
    endloop
  endfacet
  facet normal 0 1 0
    outer loop
      vertex 3.52385 -47.9 47.2826
      vertex 6.15661 -47.9 49.6301
      vertex 6.69131 -47.9 49.1814
    endloop
  endfacet
  facet normal 0 1 0
    outer loop
      vertex 3.09017 -47.9 51.2606
      vertex 2.09697 -47.9 49.1089
      vertex 1.875 -47.9 49.2476
    endloop
  endfacet
  facet normal 0 1 0
    outer loop
      vertex 3.09017 -47.9 51.2606
      vertex 2.30873 -47.9 48.955
      vertex 2.09697 -47.9 49.1089
    endloop
  endfacet
  facet normal 0 1 0
    outer loop
      vertex 3.74607 -47.9 51.0218
      vertex 2.50924 -47.9 48.7868
      vertex 2.30873 -47.9 48.955
    endloop
  endfacet
  facet normal 0 1 0
    outer loop
      vertex 3.60473 -47.9 47.0336
      vertex 6.69131 -47.9 49.1814
      vertex 7.1934 -47.9 48.6966
    endloop
  endfacet
  facet normal 0 1 0
    outer loop
      vertex 4.38371 -47.9 50.7379
      vertex 2.69752 -47.9 48.605
      vertex 2.50924 -47.9 48.7868
    endloop
  endfacet
  facet normal 0 1 0
    outer loop
      vertex 4.38371 -47.9 50.7379
      vertex 2.87267 -47.9 48.4105
      vertex 2.69752 -47.9 48.605
    endloop
  endfacet
  facet normal 0 1 0
    outer loop
      vertex 5 -47.9 50.4103
      vertex 3.03381 -47.9 48.2042
      vertex 2.87267 -47.9 48.4105
    endloop
  endfacet
  facet normal 0 1 0
    outer loop
      vertex 3.7135 -47.9 46.5219
      vertex 7.1934 -47.9 48.6966
      vertex 7.66044 -47.9 48.1779
    endloop
  endfacet
  facet normal 0 1 0
    outer loop
      vertex 5 -47.9 50.4103
      vertex 3.18018 -47.9 47.9872
      vertex 3.03381 -47.9 48.2042
    endloop
  endfacet
  facet normal 0 1 0
    outer loop
      vertex 5.59193 -47.9 50.0404
      vertex 3.31105 -47.9 47.7605
      vertex 3.18018 -47.9 47.9872
    endloop
  endfacet
  facet normal 0 1 0
    outer loop
      vertex 3.74086 -47.9 46.2616
      vertex 7.66044 -47.9 48.1779
      vertex 8.09017 -47.9 47.6279
    endloop
  endfacet
  facet normal 0 1 0
    outer loop
      vertex 6.15661 -47.9 49.6301
      vertex 3.42579 -47.9 47.5253
      vertex 3.31105 -47.9 47.7605
    endloop
  endfacet
  facet normal 0 1 0
    outer loop
      vertex 6.15661 -47.9 49.6301
      vertex 3.52385 -47.9 47.2826
      vertex 3.42579 -47.9 47.5253
    endloop
  endfacet
  facet normal 0 1 0
    outer loop
      vertex 3.75 -47.9 46
      vertex 8.09017 -47.9 47.6279
      vertex 8.48048 -47.9 47.0492
    endloop
  endfacet
  facet normal 0 1 0
    outer loop
      vertex 6.69131 -47.9 49.1814
      vertex 3.60473 -47.9 47.0336
      vertex 3.52385 -47.9 47.2826
    endloop
  endfacet
  facet normal 0 1 0
    outer loop
      vertex 7.1934 -47.9 48.6966
      vertex 3.66805 -47.9 46.7797
      vertex 3.60473 -47.9 47.0336
    endloop
  endfacet
  facet normal 0 1 0
    outer loop
      vertex 7.1934 -47.9 48.6966
      vertex 3.7135 -47.9 46.5219
      vertex 3.66805 -47.9 46.7797
    endloop
  endfacet
  facet normal 0 1 0
    outer loop
      vertex 3.74086 -47.9 45.7384
      vertex 8.48048 -47.9 47.0492
      vertex 8.82948 -47.9 46.4447
    endloop
  endfacet
  facet normal 0 1 0
    outer loop
      vertex 7.66044 -47.9 48.1779
      vertex 3.74086 -47.9 46.2616
      vertex 3.7135 -47.9 46.5219
    endloop
  endfacet
  facet normal 0 1 0
    outer loop
      vertex 8.09017 -47.9 47.6279
      vertex 3.75 -47.9 46
      vertex 3.74086 -47.9 46.2616
    endloop
  endfacet
  facet normal 0 1 0
    outer loop
      vertex 3.7135 -47.9 45.4781
      vertex 8.82948 -47.9 46.4447
      vertex 9.13545 -47.9 45.8174
    endloop
  endfacet
  facet normal 0 1 0
    outer loop
      vertex 8.48048 -47.9 47.0492
      vertex 3.74086 -47.9 45.7384
      vertex 3.75 -47.9 46
    endloop
  endfacet
  facet normal 0 1 0
    outer loop
      vertex 8.82948 -47.9 46.4447
      vertex 3.7135 -47.9 45.4781
      vertex 3.74086 -47.9 45.7384
    endloop
  endfacet
  facet normal 0 1 0
    outer loop
      vertex 9.13545 -47.9 45.8174
      vertex 3.66805 -47.9 45.2203
      vertex 3.7135 -47.9 45.4781
    endloop
  endfacet
  facet normal 0 1 0
    outer loop
      vertex 9.39693 -47.9 45.1702
      vertex 3.66805 -47.9 45.2203
      vertex 9.13545 -47.9 45.8174
    endloop
  endfacet
  facet normal 0 1 0
    outer loop
      vertex 9.39693 -47.9 45.1702
      vertex 3.60473 -47.9 44.9664
      vertex 3.66805 -47.9 45.2203
    endloop
  endfacet
  facet normal 0 1 0
    outer loop
      vertex 9.39693 -47.9 45.1702
      vertex 3.52385 -47.9 44.7174
      vertex 3.60473 -47.9 44.9664
    endloop
  endfacet
  facet normal 0 1 0
    outer loop
      vertex 9.61262 -47.9 44.5064
      vertex 3.52385 -47.9 44.7174
      vertex 9.39693 -47.9 45.1702
    endloop
  endfacet
  facet normal 0 1 0
    outer loop
      vertex 9.61262 -47.9 44.5064
      vertex 3.42579 -47.9 44.4747
      vertex 3.52385 -47.9 44.7174
    endloop
  endfacet
  facet normal 0 1 0
    outer loop
      vertex 9.78148 -47.9 43.8291
      vertex 3.42579 -47.9 44.4747
      vertex 9.61262 -47.9 44.5064
    endloop
  endfacet
  facet normal 0 1 0
    outer loop
      vertex 9.90268 -47.9 43.1417
      vertex 3.42579 -47.9 44.4747
      vertex 9.78148 -47.9 43.8291
    endloop
  endfacet
  facet normal 0 1 0
    outer loop
      vertex 3.42579 -47.9 44.4747
      vertex 9.90268 -47.9 43.1417
      vertex 3.31105 -47.9 44.2395
    endloop
  endfacet
  facet normal 0 1 0
    outer loop
      vertex 9.97564 -47.9 42.4476
      vertex 3.31105 -47.9 44.2395
      vertex 9.90268 -47.9 43.1417
    endloop
  endfacet
  facet normal 0 1 0
    outer loop
      vertex 3.31105 -47.9 44.2395
      vertex 9.97564 -47.9 42.4476
      vertex 3.18018 -47.9 44.0128
    endloop
  endfacet
  facet normal 0 1 0
    outer loop
      vertex 10 -47.9 41.75
      vertex 3.18018 -47.9 44.0128
      vertex 9.97564 -47.9 42.4476
    endloop
  endfacet
  facet normal 0 1 0
    outer loop
      vertex 3.18018 -47.9 44.0128
      vertex 10 -47.9 41.75
      vertex 3.03381 -47.9 43.7958
    endloop
  endfacet
  facet normal 0 1 0
    outer loop
      vertex 3.03381 -47.9 43.7958
      vertex 10 -47.9 41.75
      vertex 2.87267 -47.9 43.5895
    endloop
  endfacet
  facet normal 0 1 0
    outer loop
      vertex 2.87267 -47.9 38.4105
      vertex 2.87267 -47.9 43.5895
      vertex 10 -47.9 41.75
    endloop
  endfacet
  facet normal 0 1 0
    outer loop
      vertex 2.87267 -47.9 43.5895
      vertex 2.87267 -47.9 38.4105
      vertex 2.69752 -47.9 43.395
    endloop
  endfacet
  facet normal -0 1 0
    outer loop
      vertex 2.69752 -47.9 38.605
      vertex 2.69752 -47.9 43.395
      vertex 2.87267 -47.9 38.4105
    endloop
  endfacet
  facet normal 0 1 0
    outer loop
      vertex 2.69752 -47.9 43.395
      vertex 2.69752 -47.9 38.605
      vertex 2.50924 -47.9 43.2132
    endloop
  endfacet
  facet normal -0 1 0
    outer loop
      vertex 2.50924 -47.9 38.7868
      vertex 2.50924 -47.9 43.2132
      vertex 2.69752 -47.9 38.605
    endloop
  endfacet
  facet normal -0 1 0
    outer loop
      vertex 2.30873 -47.9 38.955
      vertex 2.30873 -47.9 43.045
      vertex 2.50924 -47.9 38.7868
    endloop
  endfacet
  facet normal 0 1 0
    outer loop
      vertex 2.30873 -47.9 43.045
      vertex 2.30873 -47.9 38.955
      vertex 2.09697 -47.9 42.8911
    endloop
  endfacet
  facet normal -0 1 0
    outer loop
      vertex 2.09697 -47.9 39.1089
      vertex 2.09697 -47.9 42.8911
      vertex 2.30873 -47.9 38.955
    endloop
  endfacet
  facet normal 0 1 0
    outer loop
      vertex 1.64389 -47.9 42.6295
      vertex 1.64389 -47.9 39.3705
      vertex 1.40477 -47.9 42.5231
    endloop
  endfacet
  facet normal -0 1 0
    outer loop
      vertex 1.40477 -47.9 39.4769
      vertex 1.40477 -47.9 42.5231
      vertex 1.64389 -47.9 39.3705
    endloop
  endfacet
  facet normal 0 1 0
    outer loop
      vertex 1.40477 -47.9 42.5231
      vertex 1.40477 -47.9 39.4769
      vertex 1.15881 -47.9 42.4335
    endloop
  endfacet
  facet normal -0 1 0
    outer loop
      vertex 1.15881 -47.9 39.5665
      vertex 1.15881 -47.9 42.4335
      vertex 1.40477 -47.9 39.4769
    endloop
  endfacet
  facet normal -0 1 0
    outer loop
      vertex 1.875 -47.9 39.2476
      vertex 1.875 -47.9 42.7524
      vertex 2.09697 -47.9 39.1089
    endloop
  endfacet
  facet normal 0 1 0
    outer loop
      vertex -1.73648 -47.9 51.5981
      vertex -1.40477 -47.9 49.4769
      vertex -2.41922 -47.9 51.453
    endloop
  endfacet
  facet normal 0 1 -0
    outer loop
      vertex -1.64389 -47.9 49.3705
      vertex -2.41922 -47.9 51.453
      vertex -1.40477 -47.9 49.4769
    endloop
  endfacet
  facet normal 0 1 -0
    outer loop
      vertex -1.875 -47.9 49.2476
      vertex -2.41922 -47.9 51.453
      vertex -1.64389 -47.9 49.3705
    endloop
  endfacet
  facet normal 0 1 0
    outer loop
      vertex -2.41922 -47.9 51.453
      vertex -1.875 -47.9 49.2476
      vertex -3.09017 -47.9 51.2606
    endloop
  endfacet
  facet normal 0 1 -0
    outer loop
      vertex -2.09697 -47.9 49.1089
      vertex -3.09017 -47.9 51.2606
      vertex -1.875 -47.9 49.2476
    endloop
  endfacet
  facet normal 0 1 -0
    outer loop
      vertex -2.30873 -47.9 48.955
      vertex -3.09017 -47.9 51.2606
      vertex -2.09697 -47.9 49.1089
    endloop
  endfacet
  facet normal 0 1 0
    outer loop
      vertex -3.09017 -47.9 51.2606
      vertex -2.30873 -47.9 48.955
      vertex -3.74607 -47.9 51.0218
    endloop
  endfacet
  facet normal 0 1 -0
    outer loop
      vertex -2.50924 -47.9 48.7868
      vertex -3.74607 -47.9 51.0218
      vertex -2.30873 -47.9 48.955
    endloop
  endfacet
  facet normal 0 1 0
    outer loop
      vertex -3.74607 -47.9 51.0218
      vertex -2.50924 -47.9 48.7868
      vertex -4.38371 -47.9 50.7379
    endloop
  endfacet
  facet normal 0 1 -0
    outer loop
      vertex -2.69752 -47.9 48.605
      vertex -4.38371 -47.9 50.7379
      vertex -2.50924 -47.9 48.7868
    endloop
  endfacet
  facet normal 0 1 -0
    outer loop
      vertex -2.87267 -47.9 48.4105
      vertex -4.38371 -47.9 50.7379
      vertex -2.69752 -47.9 48.605
    endloop
  endfacet
  facet normal 0 1 0
    outer loop
      vertex -4.38371 -47.9 50.7379
      vertex -2.87267 -47.9 48.4105
      vertex -5 -47.9 50.4103
    endloop
  endfacet
  facet normal 0 1 -0
    outer loop
      vertex -3.03381 -47.9 48.2042
      vertex -5 -47.9 50.4103
      vertex -2.87267 -47.9 48.4105
    endloop
  endfacet
  facet normal 0 1 -0
    outer loop
      vertex -3.18018 -47.9 47.9872
      vertex -5 -47.9 50.4103
      vertex -3.03381 -47.9 48.2042
    endloop
  endfacet
  facet normal 0 1 0
    outer loop
      vertex -5 -47.9 50.4103
      vertex -3.18018 -47.9 47.9872
      vertex -5.59193 -47.9 50.0404
    endloop
  endfacet
  facet normal 0 1 -0
    outer loop
      vertex -3.31105 -47.9 47.7605
      vertex -5.59193 -47.9 50.0404
      vertex -3.18018 -47.9 47.9872
    endloop
  endfacet
  facet normal 0 1 0
    outer loop
      vertex -5.59193 -47.9 50.0404
      vertex -3.31105 -47.9 47.7605
      vertex -6.15661 -47.9 49.6301
    endloop
  endfacet
  facet normal 0 1 -0
    outer loop
      vertex -3.42579 -47.9 47.5253
      vertex -6.15661 -47.9 49.6301
      vertex -3.31105 -47.9 47.7605
    endloop
  endfacet
  facet normal 0 1 -0
    outer loop
      vertex -3.52385 -47.9 47.2826
      vertex -6.15661 -47.9 49.6301
      vertex -3.42579 -47.9 47.5253
    endloop
  endfacet
  facet normal 0 1 0
    outer loop
      vertex -6.15661 -47.9 49.6301
      vertex -3.52385 -47.9 47.2826
      vertex -6.69131 -47.9 49.1814
    endloop
  endfacet
  facet normal 0 1 -0
    outer loop
      vertex -3.60473 -47.9 47.0336
      vertex -6.69131 -47.9 49.1814
      vertex -3.52385 -47.9 47.2826
    endloop
  endfacet
  facet normal 0 1 0
    outer loop
      vertex -6.69131 -47.9 49.1814
      vertex -3.60473 -47.9 47.0336
      vertex -7.1934 -47.9 48.6966
    endloop
  endfacet
  facet normal 0 1 -0
    outer loop
      vertex -3.66805 -47.9 46.7797
      vertex -7.1934 -47.9 48.6966
      vertex -3.60473 -47.9 47.0336
    endloop
  endfacet
  facet normal 0 1 -0
    outer loop
      vertex -3.7135 -47.9 46.5219
      vertex -7.1934 -47.9 48.6966
      vertex -3.66805 -47.9 46.7797
    endloop
  endfacet
  facet normal 0 1 0
    outer loop
      vertex -7.1934 -47.9 48.6966
      vertex -3.7135 -47.9 46.5219
      vertex -7.66044 -47.9 48.1779
    endloop
  endfacet
  facet normal 0 1 -0
    outer loop
      vertex -3.74086 -47.9 46.2616
      vertex -7.66044 -47.9 48.1779
      vertex -3.7135 -47.9 46.5219
    endloop
  endfacet
  facet normal 0 1 0
    outer loop
      vertex -7.66044 -47.9 48.1779
      vertex -3.74086 -47.9 46.2616
      vertex -8.09017 -47.9 47.6279
    endloop
  endfacet
  facet normal 0 1 -0
    outer loop
      vertex -3.75 -47.9 46
      vertex -8.09017 -47.9 47.6279
      vertex -3.74086 -47.9 46.2616
    endloop
  endfacet
  facet normal 0 1 0
    outer loop
      vertex -8.09017 -47.9 47.6279
      vertex -3.75 -47.9 46
      vertex -8.48048 -47.9 47.0492
    endloop
  endfacet
  facet normal 0 1 0
    outer loop
      vertex -3.74086 -47.9 45.7384
      vertex -8.48048 -47.9 47.0492
      vertex -3.75 -47.9 46
    endloop
  endfacet
  facet normal 0 1 0
    outer loop
      vertex -8.48048 -47.9 47.0492
      vertex -3.74086 -47.9 45.7384
      vertex -8.82948 -47.9 46.4447
    endloop
  endfacet
  facet normal 0 1 0
    outer loop
      vertex -3.7135 -47.9 45.4781
      vertex -8.82948 -47.9 46.4447
      vertex -3.74086 -47.9 45.7384
    endloop
  endfacet
  facet normal 0 1 0
    outer loop
      vertex -8.82948 -47.9 46.4447
      vertex -3.7135 -47.9 45.4781
      vertex -9.13545 -47.9 45.8174
    endloop
  endfacet
  facet normal 0 1 0
    outer loop
      vertex -3.66805 -47.9 45.2203
      vertex -9.13545 -47.9 45.8174
      vertex -3.7135 -47.9 45.4781
    endloop
  endfacet
  facet normal 0 1 0
    outer loop
      vertex -3.66805 -47.9 45.2203
      vertex -9.39693 -47.9 45.1702
      vertex -9.13545 -47.9 45.8174
    endloop
  endfacet
  facet normal 0 1 0
    outer loop
      vertex -3.60473 -47.9 44.9664
      vertex -9.39693 -47.9 45.1702
      vertex -3.66805 -47.9 45.2203
    endloop
  endfacet
  facet normal 0 1 0
    outer loop
      vertex -3.52385 -47.9 44.7174
      vertex -9.39693 -47.9 45.1702
      vertex -3.60473 -47.9 44.9664
    endloop
  endfacet
  facet normal 0 1 0
    outer loop
      vertex -3.52385 -47.9 44.7174
      vertex -9.61262 -47.9 44.5064
      vertex -9.39693 -47.9 45.1702
    endloop
  endfacet
  facet normal 0 1 0
    outer loop
      vertex -3.42579 -47.9 44.4747
      vertex -9.61262 -47.9 44.5064
      vertex -3.52385 -47.9 44.7174
    endloop
  endfacet
  facet normal 0 1 0
    outer loop
      vertex -9.90268 -47.9 43.1417
      vertex -3.42579 -47.9 44.4747
      vertex -3.31105 -47.9 44.2395
    endloop
  endfacet
  facet normal 0 1 0
    outer loop
      vertex -9.97564 -47.9 42.4476
      vertex -3.31105 -47.9 44.2395
      vertex -3.18018 -47.9 44.0128
    endloop
  endfacet
  facet normal 0 1 0
    outer loop
      vertex -3.42579 -47.9 44.4747
      vertex -9.78148 -47.9 43.8291
      vertex -9.61262 -47.9 44.5064
    endloop
  endfacet
  facet normal 0 1 0
    outer loop
      vertex -10 -47.9 41.75
      vertex -3.18018 -47.9 44.0128
      vertex -3.03381 -47.9 43.7958
    endloop
  endfacet
  facet normal 0 1 0
    outer loop
      vertex -10 -47.9 41.75
      vertex -3.03381 -47.9 43.7958
      vertex -2.87267 -47.9 43.5895
    endloop
  endfacet
  facet normal 0 1 0
    outer loop
      vertex -10 -47.9 41.75
      vertex -2.87267 -47.9 43.5895
      vertex -2.69752 -47.9 43.395
    endloop
  endfacet
  facet normal 0 1 0
    outer loop
      vertex -10 -47.9 41.75
      vertex -2.69752 -47.9 43.395
      vertex -2.50924 -47.9 43.2132
    endloop
  endfacet
  facet normal 0 1 0
    outer loop
      vertex -3.42579 -47.9 44.4747
      vertex -9.90268 -47.9 43.1417
      vertex -9.78148 -47.9 43.8291
    endloop
  endfacet
  facet normal 0 1 0
    outer loop
      vertex -10 -47.9 41.75
      vertex -2.50924 -47.9 43.2132
      vertex -2.30873 -47.9 43.045
    endloop
  endfacet
  facet normal 0 1 0
    outer loop
      vertex -1.15881 -47.9 42.4335
      vertex -1.15881 -47.9 39.5665
      vertex -1.40477 -47.9 42.5231
    endloop
  endfacet
  facet normal 0 1 0
    outer loop
      vertex -0.907207 -47.9 42.3614
      vertex -0.907207 -47.9 39.6386
      vertex -1.15881 -47.9 42.4335
    endloop
  endfacet
  facet normal 0 1 0
    outer loop
      vertex -0.907207 -47.9 39.6386
      vertex -0.907207 -47.9 42.3614
      vertex -0.65118 -47.9 39.693
    endloop
  endfacet
  facet normal 0 1 0
    outer loop
      vertex -0.65118 -47.9 42.307
      vertex -0.65118 -47.9 39.693
      vertex -0.907207 -47.9 42.3614
    endloop
  endfacet
  facet normal 0 1 0
    outer loop
      vertex -3.31105 -47.9 44.2395
      vertex -9.97564 -47.9 42.4476
      vertex -9.90268 -47.9 43.1417
    endloop
  endfacet
  facet normal 0 1 0
    outer loop
      vertex -0.65118 -47.9 39.693
      vertex -0.65118 -47.9 42.307
      vertex -0.391981 -47.9 39.7295
    endloop
  endfacet
  facet normal 0 1 0
    outer loop
      vertex -0.391981 -47.9 42.2705
      vertex -0.391981 -47.9 39.7295
      vertex -0.65118 -47.9 42.307
    endloop
  endfacet
  facet normal 0 1 0
    outer loop
      vertex -0.391981 -47.9 39.7295
      vertex -0.391981 -47.9 42.2705
      vertex -0.130873 -47.9 39.7477
    endloop
  endfacet
  facet normal 0 1 0
    outer loop
      vertex -0.130873 -47.9 42.2523
      vertex -0.130873 -47.9 39.7477
      vertex -0.391981 -47.9 42.2705
    endloop
  endfacet
  facet normal 0 1 0
    outer loop
      vertex -0.130873 -47.9 39.7477
      vertex -0.130873 -47.9 42.2523
      vertex 0.130873 -47.9 39.7477
    endloop
  endfacet
  facet normal 0 1 0
    outer loop
      vertex 1.15881 -47.9 42.4335
      vertex 1.15881 -47.9 39.5665
      vertex 0.907207 -47.9 42.3614
    endloop
  endfacet
  facet normal 0 1 0
    outer loop
      vertex -1.15881 -47.9 39.5665
      vertex -1.15881 -47.9 42.4335
      vertex -0.907207 -47.9 39.6386
    endloop
  endfacet
  facet normal 0 1 0
    outer loop
      vertex -3.18018 -47.9 44.0128
      vertex -10 -47.9 41.75
      vertex -9.97564 -47.9 42.4476
    endloop
  endfacet
  facet normal 0 1 0
    outer loop
      vertex 0.130873 -47.9 42.2523
      vertex 0.130873 -47.9 39.7477
      vertex -0.130873 -47.9 42.2523
    endloop
  endfacet
  facet normal -0 1 0
    outer loop
      vertex 0.130873 -47.9 39.7477
      vertex 0.130873 -47.9 42.2523
      vertex 0.391981 -47.9 39.7295
    endloop
  endfacet
  facet normal 0 1 0
    outer loop
      vertex 0.391981 -47.9 42.2705
      vertex 0.391981 -47.9 39.7295
      vertex 0.130873 -47.9 42.2523
    endloop
  endfacet
  facet normal -0 1 0
    outer loop
      vertex 0.391981 -47.9 39.7295
      vertex 0.391981 -47.9 42.2705
      vertex 0.65118 -47.9 39.693
    endloop
  endfacet
  facet normal 0 1 0
    outer loop
      vertex 0.65118 -47.9 42.307
      vertex 0.65118 -47.9 39.693
      vertex 0.391981 -47.9 42.2705
    endloop
  endfacet
  facet normal -0 1 0
    outer loop
      vertex 0.65118 -47.9 39.693
      vertex 0.65118 -47.9 42.307
      vertex 0.907207 -47.9 39.6386
    endloop
  endfacet
  facet normal 0 1 0
    outer loop
      vertex 0.907207 -47.9 42.3614
      vertex 0.907207 -47.9 39.6386
      vertex 0.65118 -47.9 42.307
    endloop
  endfacet
  facet normal -0 1 0
    outer loop
      vertex 0.907207 -47.9 39.6386
      vertex 0.907207 -47.9 42.3614
      vertex 1.15881 -47.9 39.5665
    endloop
  endfacet
  facet normal -0 1 0
    outer loop
      vertex 1.64389 -47.9 39.3705
      vertex 1.64389 -47.9 42.6295
      vertex 1.875 -47.9 39.2476
    endloop
  endfacet
  facet normal 0 1 0
    outer loop
      vertex 1.875 -47.9 42.7524
      vertex 1.875 -47.9 39.2476
      vertex 1.64389 -47.9 42.6295
    endloop
  endfacet
  facet normal 0 1 0
    outer loop
      vertex 2.09697 -47.9 42.8911
      vertex 2.09697 -47.9 39.1089
      vertex 1.875 -47.9 42.7524
    endloop
  endfacet
  facet normal 0 1 0
    outer loop
      vertex 2.50924 -47.9 43.2132
      vertex 2.50924 -47.9 38.7868
      vertex 2.30873 -47.9 43.045
    endloop
  endfacet
  facet normal 0 1 0
    outer loop
      vertex 10 -47.9 41.75
      vertex 3.03381 -47.9 38.2042
      vertex 2.87267 -47.9 38.4105
    endloop
  endfacet
  facet normal 0 1 0
    outer loop
      vertex 10 -47.9 41.75
      vertex 3.18018 -47.9 37.9872
      vertex 3.03381 -47.9 38.2042
    endloop
  endfacet
  facet normal 0 1 0
    outer loop
      vertex 10 -47.9 41.75
      vertex 3.31105 -47.9 37.7605
      vertex 3.18018 -47.9 37.9872
    endloop
  endfacet
  facet normal 0 1 0
    outer loop
      vertex 10 -47.9 41.75
      vertex 3.42579 -47.9 37.5253
      vertex 3.31105 -47.9 37.7605
    endloop
  endfacet
  facet normal 0 1 0
    outer loop
      vertex 10 -47.9 41.75
      vertex 3.52385 -47.9 37.2826
      vertex 3.42579 -47.9 37.5253
    endloop
  endfacet
  facet normal 0 1 0
    outer loop
      vertex 10 -47.9 41.75
      vertex 3.60473 -47.9 37.0336
      vertex 3.52385 -47.9 37.2826
    endloop
  endfacet
  facet normal 0 1 0
    outer loop
      vertex 10 -47.9 41.75
      vertex 3.66805 -47.9 36.7797
      vertex 3.60473 -47.9 37.0336
    endloop
  endfacet
  facet normal 0 1 0
    outer loop
      vertex 10 -47.9 41.75
      vertex 3.7135 -47.9 36.5219
      vertex 3.66805 -47.9 36.7797
    endloop
  endfacet
  facet normal 0 1 0
    outer loop
      vertex 10 -47.9 41.75
      vertex 3.74086 -47.9 36.2616
      vertex 3.7135 -47.9 36.5219
    endloop
  endfacet
  facet normal 0 1 0
    outer loop
      vertex 10 -47.9 41.75
      vertex 3.75 -47.9 36
      vertex 3.74086 -47.9 36.2616
    endloop
  endfacet
  facet normal 0 1 0
    outer loop
      vertex 10 -47.9 41.75
      vertex 3.74086 -47.9 35.7384
      vertex 3.75 -47.9 36
    endloop
  endfacet
  facet normal 0 1 0
    outer loop
      vertex 10 -47.9 41.75
      vertex 3.7135 -47.9 35.4781
      vertex 3.74086 -47.9 35.7384
    endloop
  endfacet
  facet normal 0 1 0
    outer loop
      vertex 10 -47.9 41.75
      vertex 3.66805 -47.9 35.2203
      vertex 3.7135 -47.9 35.4781
    endloop
  endfacet
  facet normal 0 1 0
    outer loop
      vertex 10 -47.9 41.75
      vertex 3.60473 -47.9 34.9664
      vertex 3.66805 -47.9 35.2203
    endloop
  endfacet
  facet normal 0 1 0
    outer loop
      vertex 10 -47.9 41.75
      vertex 3.52385 -47.9 34.7174
      vertex 3.60473 -47.9 34.9664
    endloop
  endfacet
  facet normal 0 1 0
    outer loop
      vertex 10 -47.9 41.75
      vertex 3.42579 -47.9 34.4747
      vertex 3.52385 -47.9 34.7174
    endloop
  endfacet
  facet normal 0 1 0
    outer loop
      vertex 10 -47.9 41.75
      vertex 3.31105 -47.9 34.2395
      vertex 3.42579 -47.9 34.4747
    endloop
  endfacet
  facet normal 0 1 -0
    outer loop
      vertex 10 -47.9 10
      vertex 3.31105 -47.9 34.2395
      vertex 10 -47.9 41.75
    endloop
  endfacet
  facet normal 0 1 0
    outer loop
      vertex 3.31105 -47.9 34.2395
      vertex 10 -47.9 10
      vertex 3.18018 -47.9 34.0128
    endloop
  endfacet
  facet normal 0 1 0
    outer loop
      vertex 3.18018 -47.9 34.0128
      vertex 10 -47.9 10
      vertex 3.03381 -47.9 33.7958
    endloop
  endfacet
  facet normal 0 1 0
    outer loop
      vertex 0.130873 -47.9 32.2523
      vertex 10 -47.9 10
      vertex -0.130873 -47.9 32.2523
    endloop
  endfacet
  facet normal 0 1 0
    outer loop
      vertex 0.391981 -47.9 32.2705
      vertex 10 -47.9 10
      vertex 0.130873 -47.9 32.2523
    endloop
  endfacet
  facet normal 0 1 0
    outer loop
      vertex 0.65118 -47.9 32.307
      vertex 10 -47.9 10
      vertex 0.391981 -47.9 32.2705
    endloop
  endfacet
  facet normal 0 1 0
    outer loop
      vertex 0.907207 -47.9 32.3614
      vertex 10 -47.9 10
      vertex 0.65118 -47.9 32.307
    endloop
  endfacet
  facet normal 0 1 0
    outer loop
      vertex 1.15881 -47.9 32.4335
      vertex 10 -47.9 10
      vertex 0.907207 -47.9 32.3614
    endloop
  endfacet
  facet normal 0 1 0
    outer loop
      vertex 1.40477 -47.9 32.5231
      vertex 10 -47.9 10
      vertex 1.15881 -47.9 32.4335
    endloop
  endfacet
  facet normal 0 1 0
    outer loop
      vertex 1.64389 -47.9 32.6295
      vertex 10 -47.9 10
      vertex 1.40477 -47.9 32.5231
    endloop
  endfacet
  facet normal 0 1 0
    outer loop
      vertex 1.875 -47.9 32.7524
      vertex 10 -47.9 10
      vertex 1.64389 -47.9 32.6295
    endloop
  endfacet
  facet normal 0 1 0
    outer loop
      vertex 2.09697 -47.9 32.8911
      vertex 10 -47.9 10
      vertex 1.875 -47.9 32.7524
    endloop
  endfacet
  facet normal 0 1 0
    outer loop
      vertex 2.30873 -47.9 33.045
      vertex 10 -47.9 10
      vertex 2.09697 -47.9 32.8911
    endloop
  endfacet
  facet normal 0 1 0
    outer loop
      vertex 2.50924 -47.9 33.2132
      vertex 10 -47.9 10
      vertex 2.30873 -47.9 33.045
    endloop
  endfacet
  facet normal 0 1 0
    outer loop
      vertex 2.69752 -47.9 33.395
      vertex 10 -47.9 10
      vertex 2.50924 -47.9 33.2132
    endloop
  endfacet
  facet normal 0 1 0
    outer loop
      vertex 2.87267 -47.9 33.5895
      vertex 10 -47.9 10
      vertex 2.69752 -47.9 33.395
    endloop
  endfacet
  facet normal 0 1 0
    outer loop
      vertex 3.03381 -47.9 33.7958
      vertex 10 -47.9 10
      vertex 2.87267 -47.9 33.5895
    endloop
  endfacet
  facet normal -0 0 1
    outer loop
      vertex -0.348994 -47.9 51.7439
      vertex 0.348994 -62.91 51.7439
      vertex 0.348994 -47.9 51.7439
    endloop
  endfacet
  facet normal 0 0 1
    outer loop
      vertex 0.348994 -62.91 51.7439
      vertex -0.348994 -47.9 51.7439
      vertex -0.348994 -62.91 51.7439
    endloop
  endfacet
  facet normal -0 0 1
    outer loop
      vertex 9.91893 -9.43362 10
      vertex 10 -47.9 10
      vertex 10 -9.34359 10
    endloop
  endfacet
  facet normal -0 0 1
    outer loop
      vertex 9.84911 -9.51117 10
      vertex 10 -47.9 10
      vertex 9.91893 -9.43362 10
    endloop
  endfacet
  facet normal -0 0 1
    outer loop
      vertex 9.77404 -9.58366 10
      vertex 10 -47.9 10
      vertex 9.84911 -9.51117 10
    endloop
  endfacet
  facet normal -0 0 1
    outer loop
      vertex 9.16165 -10.175 10
      vertex 10 -47.9 10
      vertex 9.77404 -9.58366 10
    endloop
  endfacet
  facet normal -0 0 1
    outer loop
      vertex 9.08171 -10.2421 10
      vertex 10 -47.9 10
      vertex 9.16165 -10.175 10
    endloop
  endfacet
  facet normal -0 0 1
    outer loop
      vertex 8.42956 -10.7893 10
      vertex 10 -47.9 10
      vertex 9.08171 -10.2421 10
    endloop
  endfacet
  facet normal -0 0 1
    outer loop
      vertex 8.34513 -10.8507 10
      vertex 10 -47.9 10
      vertex 8.42956 -10.7893 10
    endloop
  endfacet
  facet normal -0 0 1
    outer loop
      vertex 7.6564 -11.3511 10
      vertex 10 -47.9 10
      vertex 8.34513 -10.8507 10
    endloop
  endfacet
  facet normal -0 0 1
    outer loop
      vertex 6.93443 -11.8022 10
      vertex 10 -47.9 10
      vertex 7.6564 -11.3511 10
    endloop
  endfacet
  facet normal -0 0 1
    outer loop
      vertex 6.84593 -11.8575 10
      vertex 10 -47.9 10
      vertex 6.93443 -11.8022 10
    endloop
  endfacet
  facet normal -0 0 1
    outer loop
      vertex 6.09426 -12.2572 10
      vertex 10 -47.9 10
      vertex 6.84593 -11.8575 10
    endloop
  endfacet
  facet normal -0 0 1
    outer loop
      vertex 6.00212 -12.3062 10
      vertex 10 -47.9 10
      vertex 6.09426 -12.2572 10
    endloop
  endfacet
  facet normal -0 0 1
    outer loop
      vertex 5.22439 -12.6524 10
      vertex 10 -47.9 10
      vertex 6.00212 -12.3062 10
    endloop
  endfacet
  facet normal -0 0 1
    outer loop
      vertex 5.12906 -12.6949 10
      vertex 10 -47.9 10
      vertex 5.22439 -12.6524 10
    endloop
  endfacet
  facet normal -0 0 1
    outer loop
      vertex 5.03101 -12.7306 10
      vertex 10 -47.9 10
      vertex 5.12906 -12.6949 10
    endloop
  endfacet
  facet normal -0 0 1
    outer loop
      vertex 4.23102 -13.0217 10
      vertex 10 -47.9 10
      vertex 5.03101 -12.7306 10
    endloop
  endfacet
  facet normal -0 0 1
    outer loop
      vertex 3.41267 -13.2564 10
      vertex 10 -47.9 10
      vertex 4.23102 -13.0217 10
    endloop
  endfacet
  facet normal -0 0 1
    outer loop
      vertex 3.31236 -13.2852 10
      vertex 10 -47.9 10
      vertex 3.41267 -13.2564 10
    endloop
  endfacet
  facet normal -0 0 1
    outer loop
      vertex 3.21029 -13.3069 10
      vertex 10 -47.9 10
      vertex 3.31236 -13.2852 10
    endloop
  endfacet
  facet normal -0 0 1
    outer loop
      vertex 2.37757 -13.4839 10
      vertex 10 -47.9 10
      vertex 3.21029 -13.3069 10
    endloop
  endfacet
  facet normal -0 0 1
    outer loop
      vertex 2.27423 -13.4984 10
      vertex 10 -47.9 10
      vertex 2.37757 -13.4839 10
    endloop
  endfacet
  facet normal -0 0 1
    outer loop
      vertex 1.43119 -13.6169 10
      vertex 10 -47.9 10
      vertex 2.27423 -13.4984 10
    endloop
  endfacet
  facet normal -0 0 1
    outer loop
      vertex 0.581935 -13.6762 10
      vertex 10 -47.9 10
      vertex 1.43119 -13.6169 10
    endloop
  endfacet
  facet normal -0 0 1
    outer loop
      vertex 0.477839 -13.6835 10
      vertex 10 -47.9 10
      vertex 0.581935 -13.6762 10
    endloop
  endfacet
  facet normal -0 0 1
    outer loop
      vertex -0.477839 -13.6835 10
      vertex 10 -47.9 10
      vertex 0.477839 -13.6835 10
    endloop
  endfacet
  facet normal 0 0 1
    outer loop
      vertex -10 -47.9 10
      vertex -0.477839 -13.6835 10
      vertex -0.581935 -13.6762 10
    endloop
  endfacet
  facet normal 0 0 1
    outer loop
      vertex -10 -47.9 10
      vertex -0.581935 -13.6762 10
      vertex -1.43119 -13.6169 10
    endloop
  endfacet
  facet normal 0 0 1
    outer loop
      vertex -10 -47.9 10
      vertex -1.43119 -13.6169 10
      vertex -2.27423 -13.4984 10
    endloop
  endfacet
  facet normal 0 0 1
    outer loop
      vertex -10 -47.9 10
      vertex -2.27423 -13.4984 10
      vertex -2.37757 -13.4839 10
    endloop
  endfacet
  facet normal 0 0 1
    outer loop
      vertex -10 -47.9 10
      vertex -2.37757 -13.4839 10
      vertex -3.21029 -13.3069 10
    endloop
  endfacet
  facet normal 0 0 1
    outer loop
      vertex -10 -47.9 10
      vertex -3.21029 -13.3069 10
      vertex -3.31236 -13.2852 10
    endloop
  endfacet
  facet normal 0 0 1
    outer loop
      vertex -10 -47.9 10
      vertex -3.31236 -13.2852 10
      vertex -3.41267 -13.2564 10
    endloop
  endfacet
  facet normal 0 0 1
    outer loop
      vertex -10 -47.9 10
      vertex -3.41267 -13.2564 10
      vertex -4.23102 -13.0217 10
    endloop
  endfacet
  facet normal 0 0 1
    outer loop
      vertex -10 -47.9 10
      vertex -4.23102 -13.0217 10
      vertex -5.03101 -12.7306 10
    endloop
  endfacet
  facet normal 0 0 1
    outer loop
      vertex -10 -47.9 10
      vertex -5.03101 -12.7306 10
      vertex -5.12906 -12.6949 10
    endloop
  endfacet
  facet normal 0 0 1
    outer loop
      vertex -10 -47.9 10
      vertex -5.12906 -12.6949 10
      vertex -5.22439 -12.6524 10
    endloop
  endfacet
  facet normal 0 0 1
    outer loop
      vertex -10 -47.9 10
      vertex -5.22439 -12.6524 10
      vertex -6.00212 -12.3062 10
    endloop
  endfacet
  facet normal 0 0 1
    outer loop
      vertex -10 -47.9 10
      vertex -6.00212 -12.3062 10
      vertex -6.09426 -12.2572 10
    endloop
  endfacet
  facet normal 0 0 1
    outer loop
      vertex -10 -47.9 10
      vertex -6.09426 -12.2572 10
      vertex -6.84593 -11.8575 10
    endloop
  endfacet
  facet normal 0 0 1
    outer loop
      vertex -10 -47.9 10
      vertex -6.84593 -11.8575 10
      vertex -6.93443 -11.8022 10
    endloop
  endfacet
  facet normal 0 0 1
    outer loop
      vertex -10 -47.9 10
      vertex -6.93443 -11.8022 10
      vertex -7.6564 -11.3511 10
    endloop
  endfacet
  facet normal 0 0 1
    outer loop
      vertex -10 -47.9 10
      vertex -7.6564 -11.3511 10
      vertex -8.34513 -10.8507 10
    endloop
  endfacet
  facet normal 0 0 1
    outer loop
      vertex -10 -47.9 10
      vertex -8.34513 -10.8507 10
      vertex -8.42956 -10.7893 10
    endloop
  endfacet
  facet normal 0 0 1
    outer loop
      vertex -10 -47.9 10
      vertex -8.42956 -10.7893 10
      vertex -9.08171 -10.2421 10
    endloop
  endfacet
  facet normal 0 0 1
    outer loop
      vertex -10 -47.9 10
      vertex -9.08171 -10.2421 10
      vertex -9.16165 -10.175 10
    endloop
  endfacet
  facet normal 0 0 1
    outer loop
      vertex -10 -47.9 10
      vertex -9.16165 -10.175 10
      vertex -9.77404 -9.58366 10
    endloop
  endfacet
  facet normal 0 0 1
    outer loop
      vertex -10 -47.9 10
      vertex -9.77404 -9.58366 10
      vertex -9.84911 -9.51117 10
    endloop
  endfacet
  facet normal 0 0 1
    outer loop
      vertex -10 -47.9 10
      vertex -9.84911 -9.51117 10
      vertex -9.91893 -9.43362 10
    endloop
  endfacet
  facet normal 0 0 1
    outer loop
      vertex -10 -47.9 10
      vertex -9.91893 -9.43362 10
      vertex -10 -9.34359 10
    endloop
  endfacet
  facet normal 0 0 1
    outer loop
      vertex -0.477839 -13.6835 10
      vertex -10 -47.9 10
      vertex 10 -47.9 10
    endloop
  endfacet
  facet normal 0 1 0
    outer loop
      vertex -10 0 0
      vertex -8 0 4.3
      vertex -8 0 0
    endloop
  endfacet
  facet normal 0 1 0
    outer loop
      vertex -8 0 4.3
      vertex -10 0 0
      vertex -10 0 6.30286
    endloop
  endfacet
  facet normal 0 1 -0
    outer loop
      vertex 10 0 0
      vertex 8 0 4.3
      vertex 10 0 6.30286
    endloop
  endfacet
  facet normal 0 1 0
    outer loop
      vertex 8 0 4.3
      vertex 10 0 0
      vertex 8 0 0
    endloop
  endfacet
  facet normal 0.275643 0.96126 -0
    outer loop
      vertex 2.47214 7.60845 0
      vertex 1.93537 7.76237 4.3
      vertex 2.47214 7.60845 4.3
    endloop
  endfacet
  facet normal 0.275643 0.96126 0
    outer loop
      vertex 1.93537 7.76237 4.3
      vertex 2.47214 7.60845 0
      vertex 1.93537 7.76237 0
    endloop
  endfacet
  facet normal 0.994521 0.104533 0
    outer loop
      vertex 7.98051 0.558051 4.3
      vertex 7.92214 1.11338 0
      vertex 7.92214 1.11338 4.3
    endloop
  endfacet
  facet normal 0.994521 0.104533 0
    outer loop
      vertex 7.92214 1.11338 0
      vertex 7.98051 0.558051 4.3
      vertex 7.98051 0.558051 0
    endloop
  endfacet
  facet normal 0.999391 0.0349038 0
    outer loop
      vertex 8 0 4.3
      vertex 7.98051 0.558051 0
      vertex 7.98051 0.558051 4.3
    endloop
  endfacet
  facet normal 0.999391 0.0349038 0
    outer loop
      vertex 7.98051 0.558051 0
      vertex 8 0 4.3
      vertex 8 0 0
    endloop
  endfacet
  facet normal -0.207901 0.97815 0
    outer loop
      vertex -1.38918 7.87846 0
      vertex -1.93537 7.76237 4.3
      vertex -1.38918 7.87846 4.3
    endloop
  endfacet
  facet normal -0.207901 0.97815 0
    outer loop
      vertex -1.93537 7.76237 4.3
      vertex -1.38918 7.87846 0
      vertex -1.93537 7.76237 0
    endloop
  endfacet
  facet normal 0.406737 0.913545 -0
    outer loop
      vertex 3.50697 7.19035 0
      vertex 2.99685 7.41747 4.3
      vertex 3.50697 7.19035 4.3
    endloop
  endfacet
  facet normal 0.406737 0.913545 0
    outer loop
      vertex 2.99685 7.41747 4.3
      vertex 3.50697 7.19035 0
      vertex 2.99685 7.41747 0
    endloop
  endfacet
  facet normal -0.406737 0.913545 0
    outer loop
      vertex -2.99685 7.41747 0
      vertex -3.50697 7.19035 4.3
      vertex -2.99685 7.41747 4.3
    endloop
  endfacet
  facet normal -0.406737 0.913545 0
    outer loop
      vertex -3.50697 7.19035 4.3
      vertex -2.99685 7.41747 0
      vertex -3.50697 7.19035 0
    endloop
  endfacet
  facet normal -0.927182 0.374612 0
    outer loop
      vertex -7.51754 2.73616 0
      vertex -7.30836 3.25389 4.3
      vertex -7.30836 3.25389 0
    endloop
  endfacet
  facet normal -0.927182 0.374612 0
    outer loop
      vertex -7.30836 3.25389 4.3
      vertex -7.51754 2.73616 0
      vertex -7.51754 2.73616 4.3
    endloop
  endfacet
  facet normal 0.139169 0.990269 -0
    outer loop
      vertex 1.38918 7.87846 0
      vertex 0.836227 7.95617 4.3
      vertex 1.38918 7.87846 4.3
    endloop
  endfacet
  facet normal 0.139169 0.990269 0
    outer loop
      vertex 0.836227 7.95617 4.3
      vertex 1.38918 7.87846 0
      vertex 0.836227 7.95617 0
    endloop
  endfacet
  facet normal -0.0697718 0.997563 0
    outer loop
      vertex -0.279196 7.99513 0
      vertex -0.836227 7.95617 4.3
      vertex -0.279196 7.99513 4.3
    endloop
  endfacet
  facet normal -0.0697718 0.997563 0
    outer loop
      vertex -0.836227 7.95617 4.3
      vertex -0.279196 7.99513 0
      vertex -0.836227 7.95617 0
    endloop
  endfacet
  facet normal 0.342022 0.939692 -0
    outer loop
      vertex 2.99685 7.41747 0
      vertex 2.47214 7.60845 4.3
      vertex 2.99685 7.41747 4.3
    endloop
  endfacet
  facet normal 0.342022 0.939692 0
    outer loop
      vertex 2.47214 7.60845 4.3
      vertex 2.99685 7.41747 0
      vertex 2.47214 7.60845 0
    endloop
  endfacet
  facet normal -0.970295 0.241925 0
    outer loop
      vertex -7.82518 1.66329 0
      vertex -7.69009 2.2051 4.3
      vertex -7.69009 2.2051 0
    endloop
  endfacet
  facet normal -0.970295 0.241925 0
    outer loop
      vertex -7.69009 2.2051 4.3
      vertex -7.82518 1.66329 0
      vertex -7.82518 1.66329 4.3
    endloop
  endfacet
  facet normal 0.469473 0.882947 -0
    outer loop
      vertex 4 6.9282 0
      vertex 3.50697 7.19035 4.3
      vertex 4 6.9282 4.3
    endloop
  endfacet
  facet normal 0.469473 0.882947 0
    outer loop
      vertex 3.50697 7.19035 4.3
      vertex 4 6.9282 0
      vertex 3.50697 7.19035 0
    endloop
  endfacet
  facet normal 0.0697718 0.997563 -0
    outer loop
      vertex 0.836227 7.95617 0
      vertex 0.279196 7.99513 4.3
      vertex 0.836227 7.95617 4.3
    endloop
  endfacet
  facet normal 0.0697718 0.997563 0
    outer loop
      vertex 0.279196 7.99513 4.3
      vertex 0.836227 7.95617 0
      vertex 0.279196 7.99513 0
    endloop
  endfacet
  facet normal -0.469473 0.882947 0
    outer loop
      vertex -3.50697 7.19035 0
      vertex -4 6.9282 4.3
      vertex -3.50697 7.19035 4.3
    endloop
  endfacet
  facet normal -0.469473 0.882947 0
    outer loop
      vertex -4 6.9282 4.3
      vertex -3.50697 7.19035 0
      vertex -4 6.9282 0
    endloop
  endfacet
  facet normal -0.587779 0.809022 0
    outer loop
      vertex -4.47354 6.6323 0
      vertex -4.92529 6.30409 4.3
      vertex -4.47354 6.6323 4.3
    endloop
  endfacet
  facet normal -0.587779 0.809022 0
    outer loop
      vertex -4.92529 6.30409 4.3
      vertex -4.47354 6.6323 0
      vertex -4.92529 6.30409 0
    endloop
  endfacet
  facet normal -0.829046 0.55918 0
    outer loop
      vertex -6.78438 4.23935 0
      vertex -6.47214 4.70228 4.3
      vertex -6.47214 4.70228 0
    endloop
  endfacet
  facet normal -0.829046 0.55918 0
    outer loop
      vertex -6.47214 4.70228 4.3
      vertex -6.78438 4.23935 0
      vertex -6.78438 4.23935 4.3
    endloop
  endfacet
  facet normal 0.587779 0.809022 -0
    outer loop
      vertex 4.92529 6.30409 0
      vertex 4.47354 6.6323 4.3
      vertex 4.92529 6.30409 4.3
    endloop
  endfacet
  facet normal 0.587779 0.809022 0
    outer loop
      vertex 4.47354 6.6323 4.3
      vertex 4.92529 6.30409 0
      vertex 4.47354 6.6323 0
    endloop
  endfacet
  facet normal 0.529918 0.848049 -0
    outer loop
      vertex 4.47354 6.6323 0
      vertex 4 6.9282 4.3
      vertex 4.47354 6.6323 4.3
    endloop
  endfacet
  facet normal 0.529918 0.848049 0
    outer loop
      vertex 4 6.9282 4.3
      vertex 4.47354 6.6323 0
      vertex 4 6.9282 0
    endloop
  endfacet
  facet normal 0.970295 0.241925 0
    outer loop
      vertex 7.82518 1.66329 4.3
      vertex 7.69009 2.2051 0
      vertex 7.69009 2.2051 4.3
    endloop
  endfacet
  facet normal 0.970295 0.241925 0
    outer loop
      vertex 7.69009 2.2051 0
      vertex 7.82518 1.66329 4.3
      vertex 7.82518 1.66329 0
    endloop
  endfacet
  facet normal 0.788012 0.61566 0
    outer loop
      vertex 6.47214 4.70228 4.3
      vertex 6.12836 5.1423 0
      vertex 6.12836 5.1423 4.3
    endloop
  endfacet
  facet normal 0.788012 0.61566 0
    outer loop
      vertex 6.12836 5.1423 0
      vertex 6.47214 4.70228 4.3
      vertex 6.47214 4.70228 0
    endloop
  endfacet
  facet normal 0.694651 0.719347 -0
    outer loop
      vertex 5.75472 5.55727 0
      vertex 5.35304 5.94516 4.3
      vertex 5.75472 5.55727 4.3
    endloop
  endfacet
  facet normal 0.694651 0.719347 0
    outer loop
      vertex 5.35304 5.94516 4.3
      vertex 5.75472 5.55727 0
      vertex 5.35304 5.94516 0
    endloop
  endfacet
  facet normal -0.743145 0.66913 0
    outer loop
      vertex -6.12836 5.1423 0
      vertex -5.75472 5.55727 4.3
      vertex -5.75472 5.55727 0
    endloop
  endfacet
  facet normal -0.743145 0.66913 0
    outer loop
      vertex -5.75472 5.55727 4.3
      vertex -6.12836 5.1423 0
      vertex -6.12836 5.1423 4.3
    endloop
  endfacet
  facet normal 0.829046 0.55918 0
    outer loop
      vertex 6.78438 4.23935 4.3
      vertex 6.47214 4.70228 0
      vertex 6.47214 4.70228 4.3
    endloop
  endfacet
  facet normal 0.829046 0.55918 0
    outer loop
      vertex 6.47214 4.70228 0
      vertex 6.78438 4.23935 4.3
      vertex 6.78438 4.23935 0
    endloop
  endfacet
  facet normal 0.951057 0.309014 0
    outer loop
      vertex 7.69009 2.2051 4.3
      vertex 7.51754 2.73616 0
      vertex 7.51754 2.73616 4.3
    endloop
  endfacet
  facet normal 0.951057 0.309014 0
    outer loop
      vertex 7.51754 2.73616 0
      vertex 7.69009 2.2051 4.3
      vertex 7.69009 2.2051 0
    endloop
  endfacet
  facet normal 0.866022 0.500007 0
    outer loop
      vertex 7.06358 3.75577 4.3
      vertex 6.78438 4.23935 0
      vertex 6.78438 4.23935 4.3
    endloop
  endfacet
  facet normal 0.866022 0.500007 0
    outer loop
      vertex 6.78438 4.23935 0
      vertex 7.06358 3.75577 4.3
      vertex 7.06358 3.75577 0
    endloop
  endfacet
  facet normal -0.866022 0.500007 0
    outer loop
      vertex -7.06358 3.75577 0
      vertex -6.78438 4.23935 4.3
      vertex -6.78438 4.23935 0
    endloop
  endfacet
  facet normal -0.866022 0.500007 0
    outer loop
      vertex -6.78438 4.23935 4.3
      vertex -7.06358 3.75577 0
      vertex -7.06358 3.75577 4.3
    endloop
  endfacet
  facet normal 0.898796 0.438366 0
    outer loop
      vertex 7.30836 3.25389 4.3
      vertex 7.06358 3.75577 0
      vertex 7.06358 3.75577 4.3
    endloop
  endfacet
  facet normal 0.898796 0.438366 0
    outer loop
      vertex 7.06358 3.75577 0
      vertex 7.30836 3.25389 4.3
      vertex 7.30836 3.25389 0
    endloop
  endfacet
  facet normal -0.139169 0.990269 0
    outer loop
      vertex -0.836227 7.95617 0
      vertex -1.38918 7.87846 4.3
      vertex -0.836227 7.95617 4.3
    endloop
  endfacet
  facet normal -0.139169 0.990269 0
    outer loop
      vertex -1.38918 7.87846 4.3
      vertex -0.836227 7.95617 0
      vertex -1.38918 7.87846 0
    endloop
  endfacet
  facet normal -0.694651 0.719347 0
    outer loop
      vertex -5.35304 5.94516 0
      vertex -5.75472 5.55727 4.3
      vertex -5.35304 5.94516 4.3
    endloop
  endfacet
  facet normal -0.694651 0.719347 0
    outer loop
      vertex -5.75472 5.55727 4.3
      vertex -5.35304 5.94516 0
      vertex -5.75472 5.55727 0
    endloop
  endfacet
  facet normal -0.342022 0.939692 0
    outer loop
      vertex -2.47214 7.60845 0
      vertex -2.99685 7.41747 4.3
      vertex -2.47214 7.60845 4.3
    endloop
  endfacet
  facet normal -0.342022 0.939692 0
    outer loop
      vertex -2.99685 7.41747 4.3
      vertex -2.47214 7.60845 0
      vertex -2.99685 7.41747 0
    endloop
  endfacet
  facet normal -0.951057 0.309014 0
    outer loop
      vertex -7.69009 2.2051 0
      vertex -7.51754 2.73616 4.3
      vertex -7.51754 2.73616 0
    endloop
  endfacet
  facet normal -0.951057 0.309014 0
    outer loop
      vertex -7.51754 2.73616 4.3
      vertex -7.69009 2.2051 0
      vertex -7.69009 2.2051 4.3
    endloop
  endfacet
  facet normal -0.275643 0.96126 0
    outer loop
      vertex -1.93537 7.76237 0
      vertex -2.47214 7.60845 4.3
      vertex -1.93537 7.76237 4.3
    endloop
  endfacet
  facet normal -0.275643 0.96126 0
    outer loop
      vertex -2.47214 7.60845 4.3
      vertex -1.93537 7.76237 0
      vertex -2.47214 7.60845 0
    endloop
  endfacet
  facet normal -0.529918 0.848049 0
    outer loop
      vertex -4 6.9282 0
      vertex -4.47354 6.6323 4.3
      vertex -4 6.9282 4.3
    endloop
  endfacet
  facet normal -0.529918 0.848049 0
    outer loop
      vertex -4.47354 6.6323 4.3
      vertex -4 6.9282 0
      vertex -4.47354 6.6323 0
    endloop
  endfacet
  facet normal -0.984809 0.173641 0
    outer loop
      vertex -7.92214 1.11338 0
      vertex -7.82518 1.66329 4.3
      vertex -7.82518 1.66329 0
    endloop
  endfacet
  facet normal -0.984809 0.173641 0
    outer loop
      vertex -7.82518 1.66329 4.3
      vertex -7.92214 1.11338 0
      vertex -7.92214 1.11338 4.3
    endloop
  endfacet
  facet normal 0.927182 0.374612 0
    outer loop
      vertex 7.51754 2.73616 4.3
      vertex 7.30836 3.25389 0
      vertex 7.30836 3.25389 4.3
    endloop
  endfacet
  facet normal 0.927182 0.374612 0
    outer loop
      vertex 7.30836 3.25389 0
      vertex 7.51754 2.73616 4.3
      vertex 7.51754 2.73616 0
    endloop
  endfacet
  facet normal 0 1 -0
    outer loop
      vertex 0.279196 7.99513 0
      vertex -0.279196 7.99513 4.3
      vertex 0.279196 7.99513 4.3
    endloop
  endfacet
  facet normal 0 1 0
    outer loop
      vertex -0.279196 7.99513 4.3
      vertex 0.279196 7.99513 0
      vertex -0.279196 7.99513 0
    endloop
  endfacet
  facet normal 0.642793 0.76604 -0
    outer loop
      vertex 5.35304 5.94516 0
      vertex 4.92529 6.30409 4.3
      vertex 5.35304 5.94516 4.3
    endloop
  endfacet
  facet normal 0.642793 0.76604 0
    outer loop
      vertex 4.92529 6.30409 4.3
      vertex 5.35304 5.94516 0
      vertex 4.92529 6.30409 0
    endloop
  endfacet
  facet normal -0.898796 0.438366 0
    outer loop
      vertex -7.30836 3.25389 0
      vertex -7.06358 3.75577 4.3
      vertex -7.06358 3.75577 0
    endloop
  endfacet
  facet normal -0.898796 0.438366 0
    outer loop
      vertex -7.06358 3.75577 4.3
      vertex -7.30836 3.25389 0
      vertex -7.30836 3.25389 4.3
    endloop
  endfacet
  facet normal -0.642793 0.76604 0
    outer loop
      vertex -4.92529 6.30409 0
      vertex -5.35304 5.94516 4.3
      vertex -4.92529 6.30409 4.3
    endloop
  endfacet
  facet normal -0.642793 0.76604 0
    outer loop
      vertex -5.35304 5.94516 4.3
      vertex -4.92529 6.30409 0
      vertex -5.35304 5.94516 0
    endloop
  endfacet
  facet normal 0.984809 0.173641 0
    outer loop
      vertex 7.92214 1.11338 4.3
      vertex 7.82518 1.66329 0
      vertex 7.82518 1.66329 4.3
    endloop
  endfacet
  facet normal 0.984809 0.173641 0
    outer loop
      vertex 7.82518 1.66329 0
      vertex 7.92214 1.11338 4.3
      vertex 7.92214 1.11338 0
    endloop
  endfacet
  facet normal -0.994521 0.104533 0
    outer loop
      vertex -7.98051 0.558051 0
      vertex -7.92214 1.11338 4.3
      vertex -7.92214 1.11338 0
    endloop
  endfacet
  facet normal -0.994521 0.104533 0
    outer loop
      vertex -7.92214 1.11338 4.3
      vertex -7.98051 0.558051 0
      vertex -7.98051 0.558051 4.3
    endloop
  endfacet
  facet normal -0.999391 0.0349038 0
    outer loop
      vertex -8 0 0
      vertex -7.98051 0.558051 4.3
      vertex -7.98051 0.558051 0
    endloop
  endfacet
  facet normal -0.999391 0.0349038 0
    outer loop
      vertex -7.98051 0.558051 4.3
      vertex -8 0 0
      vertex -8 0 4.3
    endloop
  endfacet
  facet normal 0.207901 0.97815 -0
    outer loop
      vertex 1.93537 7.76237 0
      vertex 1.38918 7.87846 4.3
      vertex 1.93537 7.76237 4.3
    endloop
  endfacet
  facet normal 0.207901 0.97815 0
    outer loop
      vertex 1.38918 7.87846 4.3
      vertex 1.93537 7.76237 0
      vertex 1.38918 7.87846 0
    endloop
  endfacet
  facet normal -0.788012 0.61566 0
    outer loop
      vertex -6.47214 4.70228 0
      vertex -6.12836 5.1423 4.3
      vertex -6.12836 5.1423 0
    endloop
  endfacet
  facet normal -0.788012 0.61566 0
    outer loop
      vertex -6.12836 5.1423 4.3
      vertex -6.47214 4.70228 0
      vertex -6.47214 4.70228 4.3
    endloop
  endfacet
  facet normal 0.743145 0.66913 0
    outer loop
      vertex 6.12836 5.1423 4.3
      vertex 5.75472 5.55727 0
      vertex 5.75472 5.55727 4.3
    endloop
  endfacet
  facet normal 0.743145 0.66913 0
    outer loop
      vertex 5.75472 5.55727 0
      vertex 6.12836 5.1423 4.3
      vertex 6.12836 5.1423 0
    endloop
  endfacet
  facet normal 0.68232 -0.181952 -0.708048
    outer loop
      vertex 10 -3.23917 6.82153
      vertex 14.4093 -4.13181 11.3
      vertex 14.4091 -4.13256 11.3
    endloop
  endfacet
  facet normal 0.673186 -0.218726 -0.706385
    outer loop
      vertex 14.4093 -4.13181 11.3
      vertex 10 -3.23917 6.82153
      vertex 10 -2.86745 6.70643
    endloop
  endfacet
  facet normal -0.491732 0.509132 -0.706388
    outer loop
      vertex -5.35304 5.94516 4.3
      vertex -10.7823 10.4135 11.3
      vertex -10.0303 11.1398 11.3
    endloop
  endfacet
  facet normal -0.566405 -0.429095 -0.703607
    outer loop
      vertex -12.7123 -7.9435 11.3
      vertex -10 -6.53521 8.25775
      vertex -12.7118 -7.94416 11.3
    endloop
  endfacet
  facet normal -0.586802 -0.395822 -0.706391
    outer loop
      vertex -10 -6.53521 8.25775
      vertex -12.7123 -7.9435 11.3
      vertex -10 -6.24869 8.0972
    endloop
  endfacet
  facet normal 0.707396 0.0247116 -0.706385
    outer loop
      vertex 10 0 6.30286
      vertex 14.9535 1.04485 11.3
      vertex 14.99 0 11.3
    endloop
  endfacet
  facet normal 0.707396 0.0247145 -0.706386
    outer loop
      vertex 14.9535 1.04485 11.3
      vertex 10 0 6.30286
      vertex 8 0 4.3
    endloop
  endfacet
  facet normal 0.708472 0 -0.705739
    outer loop
      vertex 14.9535 1.04485 11.3
      vertex 7.98051 0.558051 4.3
      vertex 14.9535 1.04565 11.3
    endloop
  endfacet
  facet normal 0.707396 0.0247059 -0.706385
    outer loop
      vertex 7.98051 0.558051 4.3
      vertex 14.9535 1.04485 11.3
      vertex 8 0 4.3
    endloop
  endfacet
  facet normal 0.613008 -0.353886 -0.706389
    outer loop
      vertex 10 -5.93222 7.93864
      vertex 13.2354 -7.03738 11.3
      vertex 12.7127 -7.94281 11.3
    endloop
  endfacet
  facet normal 0.612997 -0.353911 -0.706386
    outer loop
      vertex 13.2354 -7.03738 11.3
      vertex 10 -5.93222 7.93864
      vertex 10 -5.31709 7.63045
    endloop
  endfacet
  facet normal -0.656282 0.265159 -0.706389
    outer loop
      vertex -13.6944 6.09625 11.3
      vertex -7.30836 3.25389 4.3
      vertex -7.51754 2.73616 4.3
    endloop
  endfacet
  facet normal -0.655955 0.265928 -0.706403
    outer loop
      vertex -7.30836 3.25389 4.3
      vertex -13.6944 6.09625 11.3
      vertex -13.6941 6.09699 11.3
    endloop
  endfacet
  facet normal 0.242045 -0.66516 -0.706383
    outer loop
      vertex 4.63217 -14.2563 11.3
      vertex 5.03101 -12.7306 10
      vertex 5.61461 -13.8988 11.3
    endloop
  endfacet
  facet normal 0.242038 -0.66516 -0.706385
    outer loop
      vertex 5.03101 -12.7306 10
      vertex 4.63217 -14.2563 11.3
      vertex 4.23102 -13.0217 10
    endloop
  endfacet
  facet normal 0.0884898 -0.703494 -0.705171
    outer loop
      vertex 0.477839 -13.6835 10
      vertex 0.523938 -14.9808 11.3
      vertex 0.523143 -14.9809 11.3
    endloop
  endfacet
  facet normal 0.0495167 -0.706095 -0.706384
    outer loop
      vertex 0.523938 -14.9808 11.3
      vertex 0.477839 -13.6835 10
      vertex 0.581935 -13.6762 10
    endloop
  endfacet
  facet normal -0.147185 0.692354 -0.706387
    outer loop
      vertex -1.38918 7.87846 4.3
      vertex -3.62563 14.5449 11.3
      vertex -2.60299 14.7623 11.3
    endloop
  endfacet
  facet normal 0.500396 0.500396 -0.706546
    outer loop
      vertex 5.75472 5.55727 4.3
      vertex 10.7823 10.4135 11.3
      vertex 10.7829 10.4129 11.3
    endloop
  endfacet
  facet normal 0.491693 0.509174 -0.706385
    outer loop
      vertex 10.7823 10.4135 11.3
      vertex 5.75472 5.55727 4.3
      vertex 5.35304 5.94516 4.3
    endloop
  endfacet
  facet normal -0.177902 -0.684923 -0.706563
    outer loop
      vertex -3.62718 -14.5445 11.3
      vertex -3.31236 -13.2852 10
      vertex -3.62641 -14.5447 11.3
    endloop
  endfacet
  facet normal -0.195338 -0.680361 -0.706365
    outer loop
      vertex -3.31236 -13.2852 10
      vertex -3.62718 -14.5445 11.3
      vertex -3.41267 -13.2564 10
    endloop
  endfacet
  facet normal 0.175761 -0.685467 -0.706572
    outer loop
      vertex 3.62563 -14.5449 11.3
      vertex 3.31236 -13.2852 10
      vertex 3.62641 -14.5447 11.3
    endloop
  endfacet
  facet normal 0.147196 -0.692366 -0.706373
    outer loop
      vertex 3.31236 -13.2852 10
      vertex 3.62563 -14.5449 11.3
      vertex 3.21029 -13.3069 10
    endloop
  endfacet
  facet normal 0.52601 -0.47366 -0.706371
    outer loop
      vertex 10.7834 -10.4123 11.3
      vertex 9.91893 -9.43362 10
      vertex 10 -9.34359 10
    endloop
  endfacet
  facet normal 0.526006 -0.473664 -0.706371
    outer loop
      vertex 10 -9.34359 10
      vertex 11.483 -9.63539 11.3
      vertex 10.7834 -10.4123 11.3
    endloop
  endfacet
  facet normal 0.526023 -0.473628 -0.706382
    outer loop
      vertex 11.483 -9.63539 11.3
      vertex 10 -9.34359 10
      vertex 10 -8.391 9.36129
    endloop
  endfacet
  facet normal -0.70395 -0.0739988 -0.706384
    outer loop
      vertex -14.9534 -1.04644 11.3
      vertex -10 -1.40541 6.40127
      vertex -14.8441 -2.08621 11.3
    endloop
  endfacet
  facet normal -0.70395 -0.0739891 -0.706385
    outer loop
      vertex -10 -1.40541 6.40127
      vertex -14.9534 -1.04644 11.3
      vertex -10 -1.0936 6.36861
    endloop
  endfacet
  facet normal 0.673179 -0.218744 -0.706386
    outer loop
      vertex 10 -3.6397 6.94555
      vertex 14.4091 -4.13256 11.3
      vertex 14.086 -5.12689 11.3
    endloop
  endfacet
  facet normal 0.673183 -0.218726 -0.706388
    outer loop
      vertex 14.4091 -4.13256 11.3
      vertex 10 -3.6397 6.94555
      vertex 10 -3.23917 6.82153
    endloop
  endfacet
  facet normal 0.0985077 -0.700942 -0.706383
    outer loop
      vertex 1.56688 -14.9079 11.3
      vertex 2.27423 -13.4984 10
      vertex 2.6022 -14.7624 11.3
    endloop
  endfacet
  facet normal 0.0985268 -0.700945 -0.706377
    outer loop
      vertex 2.27423 -13.4984 10
      vertex 1.56688 -14.9079 11.3
      vertex 1.43119 -13.6169 10
    endloop
  endfacet
  facet normal -0.708472 0 -0.705739
    outer loop
      vertex -7.98051 0.558051 4.3
      vertex -14.9535 1.04485 11.3
      vertex -14.9535 1.04565 11.3
    endloop
  endfacet
  facet normal -0.707396 0.0247059 -0.706385
    outer loop
      vertex -14.9535 1.04485 11.3
      vertex -7.98051 0.558051 4.3
      vertex -8 0 4.3
    endloop
  endfacet
  facet normal -0.195108 0.680407 -0.706385
    outer loop
      vertex -3.62718 14.5445 11.3
      vertex -1.93537 7.76237 4.3
      vertex -2.47214 7.60845 4.3
    endloop
  endfacet
  facet normal -0.177897 0.684904 -0.706583
    outer loop
      vertex -1.93537 7.76237 4.3
      vertex -3.62718 14.5445 11.3
      vertex -3.62641 14.5447 11.3
    endloop
  endfacet
  facet normal -0.049355 -0.706097 -0.706393
    outer loop
      vertex -1.56688 -14.9079 11.3
      vertex -0.581935 -13.6762 10
      vertex -0.523938 -14.9808 11.3
    endloop
  endfacet
  facet normal -0.0493053 -0.706118 -0.706376
    outer loop
      vertex -0.581935 -13.6762 10
      vertex -1.56688 -14.9079 11.3
      vertex -1.43119 -13.6169 10
    endloop
  endfacet
  facet normal 0.656296 0.265129 -0.706387
    outer loop
      vertex 14.086 5.12689 11.3
      vertex 7.51754 2.73616 4.3
      vertex 13.6944 6.09625 11.3
    endloop
  endfacet
  facet normal 0.268976 -0.654508 -0.706591
    outer loop
      vertex 5.12906 -12.6949 10
      vertex 5.61609 -13.8982 11.3
      vertex 5.61536 -13.8985 11.3
    endloop
  endfacet
  facet normal 0.28822 -0.646493 -0.706382
    outer loop
      vertex 5.61609 -13.8982 11.3
      vertex 5.12906 -12.6949 10
      vertex 5.22439 -12.6524 10
    endloop
  endfacet
  facet normal -0.287898 0.646631 -0.706388
    outer loop
      vertex -5.61609 13.8982 11.3
      vertex -2.99685 7.41747 4.3
      vertex -3.50697 7.19035 4.3
    endloop
  endfacet
  facet normal -0.268974 0.654504 -0.706596
    outer loop
      vertex -2.99685 7.41747 4.3
      vertex -5.61609 13.8982 11.3
      vertex -5.61536 13.8985 11.3
    endloop
  endfacet
  facet normal 0.70395 -0.0739988 -0.706384
    outer loop
      vertex 10 -1.40541 6.40127
      vertex 14.9534 -1.04644 11.3
      vertex 14.8441 -2.08621 11.3
    endloop
  endfacet
  facet normal 0.70395 -0.0739891 -0.706385
    outer loop
      vertex 14.9534 -1.04644 11.3
      vertex 10 -1.40541 6.40127
      vertex 10 -1.0936 6.36861
    endloop
  endfacet
  facet normal 0.195108 0.680407 -0.706385
    outer loop
      vertex 1.93537 7.76237 4.3
      vertex 3.62718 14.5445 11.3
      vertex 2.47214 7.60845 4.3
    endloop
  endfacet
  facet normal 0.177897 0.684904 -0.706583
    outer loop
      vertex 3.62718 14.5445 11.3
      vertex 1.93537 7.76237 4.3
      vertex 3.62641 14.5447 11.3
    endloop
  endfacet
  facet normal -0.454967 -0.542228 -0.706395
    outer loop
      vertex -9.22877 -11.8123 11.3
      vertex -9.08171 -10.2421 10
      vertex -8.42956 -10.7893 10
    endloop
  endfacet
  facet normal -0.454948 -0.542235 -0.706402
    outer loop
      vertex -9.08171 -10.2421 10
      vertex -9.22877 -11.8123 11.3
      vertex -10.0297 -11.1403 11.3
    endloop
  endfacet
  facet normal 0.673178 0.218744 -0.706386
    outer loop
      vertex 14.4091 4.13256 11.3
      vertex 7.51754 2.73616 4.3
      vertex 14.086 5.12689 11.3
    endloop
  endfacet
  facet normal 0.177902 -0.684923 -0.706563
    outer loop
      vertex 3.31236 -13.2852 10
      vertex 3.62718 -14.5445 11.3
      vertex 3.62641 -14.5447 11.3
    endloop
  endfacet
  facet normal 0.195338 -0.680361 -0.706365
    outer loop
      vertex 3.62718 -14.5445 11.3
      vertex 3.31236 -13.2852 10
      vertex 3.41267 -13.2564 10
    endloop
  endfacet
  facet normal 0.262803 -0.657007 -0.706595
    outer loop
      vertex 5.61461 -13.8988 11.3
      vertex 5.12906 -12.6949 10
      vertex 5.61536 -13.8985 11.3
    endloop
  endfacet
  facet normal 0.242166 -0.665108 -0.70639
    outer loop
      vertex 5.12906 -12.6949 10
      vertex 5.61461 -13.8988 11.3
      vertex 5.03101 -12.7306 10
    endloop
  endfacet
  facet normal -0.287928 -0.646603 -0.7064
    outer loop
      vertex -6.57119 -13.4729 11.3
      vertex -5.22439 -12.6524 10
      vertex -5.61609 -13.8982 11.3
    endloop
  endfacet
  facet normal -0.287859 -0.646668 -0.706369
    outer loop
      vertex -5.22439 -12.6524 10
      vertex -6.57119 -13.4729 11.3
      vertex -6.00212 -12.3062 10
    endloop
  endfacet
  facet normal -0.61301 0.353887 -0.706387
    outer loop
      vertex -7.06358 3.75577 4.3
      vertex -13.2354 7.03738 11.3
      vertex -12.7127 7.94281 11.3
    endloop
  endfacet
  facet normal 0.707398 -0.0246951 -0.706384
    outer loop
      vertex 14.9535 -1.04485 11.3
      vertex 10 -0.699268 6.32731
      vertex 10 -0.300525 6.31337
    endloop
  endfacet
  facet normal 0.708472 0 -0.705738
    outer loop
      vertex 10 -0.699268 6.32731
      vertex 14.9535 -1.04485 11.3
      vertex 14.9535 -1.04565 11.3
    endloop
  endfacet
  facet normal 0.697079 -0.122883 -0.706386
    outer loop
      vertex 10 -1.73067 6.45787
      vertex 14.8441 -2.08621 11.3
      vertex 14.6626 -3.11581 11.3
    endloop
  endfacet
  facet normal 0.697074 -0.122921 -0.706384
    outer loop
      vertex 14.8441 -2.08621 11.3
      vertex 10 -1.73067 6.45787
      vertex 10 -1.40541 6.40127
    endloop
  endfacet
  facet normal -0.491666 -0.509168 -0.706408
    outer loop
      vertex -10.0303 -11.1398 11.3
      vertex -9.77404 -9.58366 10
      vertex -9.16165 -10.175 10
    endloop
  endfacet
  facet normal -0.491735 -0.509135 -0.706383
    outer loop
      vertex -9.77404 -9.58366 10
      vertex -10.0303 -11.1398 11.3
      vertex -10.7823 -10.4135 11.3
    endloop
  endfacet
  facet normal 0.0889152 -0.70243 -0.706177
    outer loop
      vertex 2.6022 -14.7624 11.3
      vertex 2.37757 -13.4839 10
      vertex 2.60299 -14.7623 11.3
    endloop
  endfacet
  facet normal 0.0983559 -0.700972 -0.706374
    outer loop
      vertex 2.37757 -13.4839 10
      vertex 2.6022 -14.7624 11.3
      vertex 2.27423 -13.4984 10
    endloop
  endfacet
  facet normal 0.550869 -0.444249 -0.706531
    outer loop
      vertex 10 -8.391 9.36129
      vertex 11.4835 -9.63477 11.3
      vertex 11.483 -9.63539 11.3
    endloop
  endfacet
  facet normal 0.557791 -0.435765 -0.706384
    outer loop
      vertex 11.4835 -9.63477 11.3
      vertex 10 -8.391 9.36129
      vertex 10 -8.17461 9.2278
    endloop
  endfacet
  facet normal 0.586824 0.395797 -0.706387
    outer loop
      vertex 12.7118 7.94416 11.3
      vertex 6.47214 4.70228 4.3
      vertex 12.1272 8.81091 11.3
    endloop
  endfacet
  facet normal 0.686228 -0.173728 -0.706336
    outer loop
      vertex 10 -2.12557 6.52658
      vertex 14.6626 -3.11581 11.3
      vertex 14.6624 -3.1166 11.3
    endloop
  endfacet
  facet normal 0.697073 -0.122907 -0.706387
    outer loop
      vertex 14.6626 -3.11581 11.3
      vertex 10 -2.12557 6.52658
      vertex 10 -1.73067 6.45787
    endloop
  endfacet
  facet normal 0.686791 -0.171285 -0.706385
    outer loop
      vertex 10 -2.86745 6.70643
      vertex 14.6623 -3.11737 11.3
      vertex 14.4093 -4.13181 11.3
    endloop
  endfacet
  facet normal 0.686796 -0.171247 -0.706389
    outer loop
      vertex 14.6623 -3.11737 11.3
      vertex 10 -2.86745 6.70643
      vertex 10 -2.50734 6.61913
    endloop
  endfacet
  facet normal 0.375091 0.600272 -0.706386
    outer loop
      vertex 4 6.9282 4.3
      vertex 7.49568 12.9813 11.3
      vertex 4.47354 6.6323 4.3
    endloop
  endfacet
  facet normal 0.362749 0.607604 -0.706563
    outer loop
      vertex 7.49568 12.9813 11.3
      vertex 4 6.9282 4.3
      vertex 7.49501 12.9817 11.3
    endloop
  endfacet
  facet normal -0.278915 -0.650801 -0.706162
    outer loop
      vertex -6.57189 -13.4726 11.3
      vertex -6.00212 -12.3062 10
      vertex -6.57119 -13.4729 11.3
    endloop
  endfacet
  facet normal -0.332348 -0.62495 -0.706387
    outer loop
      vertex -6.00212 -12.3062 10
      vertex -6.57189 -13.4726 11.3
      vertex -6.09426 -12.2572 10
    endloop
  endfacet
  facet normal 0.655955 -0.265928 -0.706404
    outer loop
      vertex 10 -4.45229 7.25057
      vertex 13.6944 -6.09625 11.3
      vertex 13.6941 -6.09699 11.3
    endloop
  endfacet
  facet normal 0.656287 -0.265145 -0.706389
    outer loop
      vertex 13.6944 -6.09625 11.3
      vertex 10 -4.45229 7.25057
      vertex 10 -4.08658 7.1133
    endloop
  endfacet
  facet normal -0.375091 0.600272 -0.706386
    outer loop
      vertex -7.49568 12.9813 11.3
      vertex -4 6.9282 4.3
      vertex -4.47354 6.6323 4.3
    endloop
  endfacet
  facet normal -0.362749 0.607604 -0.706563
    outer loop
      vertex -4 6.9282 4.3
      vertex -7.49568 12.9813 11.3
      vertex -7.49501 12.9817 11.3
    endloop
  endfacet
  facet normal -0.673179 -0.218744 -0.706386
    outer loop
      vertex -14.4091 -4.13256 11.3
      vertex -10 -3.6397 6.94555
      vertex -14.086 -5.12689 11.3
    endloop
  endfacet
  facet normal -0.673183 -0.218726 -0.706388
    outer loop
      vertex -10 -3.6397 6.94555
      vertex -14.4091 -4.13256 11.3
      vertex -10 -3.23917 6.82153
    endloop
  endfacet
  facet normal 0.544337 -0.453615 -0.705642
    outer loop
      vertex 9.84911 -9.51117 10
      vertex 10.7834 -10.4123 11.3
      vertex 10.7829 -10.4129 11.3
    endloop
  endfacet
  facet normal 0.526053 -0.473617 -0.706367
    outer loop
      vertex 10.7834 -10.4123 11.3
      vertex 9.84911 -9.51117 10
      vertex 9.91893 -9.43362 10
    endloop
  endfacet
  facet normal 0.619331 -0.348919 -0.703339
    outer loop
      vertex 10 -4.79299 7.40023
      vertex 13.6941 -6.09699 11.3
      vertex 13.6937 -6.0977 11.3
    endloop
  endfacet
  facet normal 0.636184 -0.310297 -0.706389
    outer loop
      vertex 13.6941 -6.09699 11.3
      vertex 10 -4.79299 7.40023
      vertex 10 -4.45229 7.25057
    endloop
  endfacet
  facet normal 0.195121 -0.68041 -0.706378
    outer loop
      vertex 3.41267 -13.2564 10
      vertex 4.63217 -14.2563 11.3
      vertex 3.62718 -14.5445 11.3
    endloop
  endfacet
  facet normal 0.195136 -0.680399 -0.706384
    outer loop
      vertex 4.63217 -14.2563 11.3
      vertex 3.41267 -13.2564 10
      vertex 4.23102 -13.0217 10
    endloop
  endfacet
  facet normal 0.612347 -0.354984 -0.706412
    outer loop
      vertex 10 -6.24869 8.0972
      vertex 12.7127 -7.94281 11.3
      vertex 12.7123 -7.9435 11.3
    endloop
  endfacet
  facet normal 0.612985 -0.353921 -0.706391
    outer loop
      vertex 12.7127 -7.94281 11.3
      vertex 10 -6.24869 8.0972
      vertex 10 -5.93222 7.93864
    endloop
  endfacet
  facet normal -0.68232 -0.181952 -0.708048
    outer loop
      vertex -14.4093 -4.13181 11.3
      vertex -10 -3.23917 6.82153
      vertex -14.4091 -4.13256 11.3
    endloop
  endfacet
  facet normal -0.673186 -0.218726 -0.706385
    outer loop
      vertex -10 -3.23917 6.82153
      vertex -14.4093 -4.13181 11.3
      vertex -10 -2.86745 6.70643
    endloop
  endfacet
  facet normal 0.656295 -0.265128 -0.706388
    outer loop
      vertex 10 -4.08658 7.1133
      vertex 14.086 -5.12689 11.3
      vertex 13.6944 -6.09625 11.3
    endloop
  endfacet
  facet normal 0.656283 -0.265163 -0.706386
    outer loop
      vertex 14.086 -5.12689 11.3
      vertex 10 -4.08658 7.1133
      vertex 10 -3.6397 6.94555
    endloop
  endfacet
  facet normal -0.544337 -0.453615 -0.705642
    outer loop
      vertex -10.7834 -10.4123 11.3
      vertex -9.84911 -9.51117 10
      vertex -10.7829 -10.4129 11.3
    endloop
  endfacet
  facet normal -0.526053 -0.473617 -0.706367
    outer loop
      vertex -9.84911 -9.51117 10
      vertex -10.7834 -10.4123 11.3
      vertex -9.91893 -9.43362 10
    endloop
  endfacet
  facet normal 0.707396 -0.0247038 -0.706385
    outer loop
      vertex 14.99 0 11.3
      vertex 10 -0.300525 6.31337
      vertex 10 0 6.30286
    endloop
  endfacet
  facet normal 0.707396 -0.0247116 -0.706385
    outer loop
      vertex 10 -0.300525 6.31337
      vertex 14.99 0 11.3
      vertex 14.9535 -1.04485 11.3
    endloop
  endfacet
  facet normal -0.703951 -0.0739826 -0.706385
    outer loop
      vertex -14.9534 -1.04644 11.3
      vertex -10 -0.699268 6.32731
      vertex -10 -1.0936 6.36861
    endloop
  endfacet
  facet normal -0.702561 -0.0889318 -0.706045
    outer loop
      vertex -10 -0.699268 6.32731
      vertex -14.9534 -1.04644 11.3
      vertex -14.9535 -1.04565 11.3
    endloop
  endfacet
  facet normal -0.454958 0.542246 -0.706387
    outer loop
      vertex -4.92529 6.30409 4.3
      vertex -10.0297 11.1403 11.3
      vertex -9.22877 11.8123 11.3
    endloop
  endfacet
  facet normal 0.491735 -0.509135 -0.706383
    outer loop
      vertex 10.0303 -11.1398 11.3
      vertex 9.77404 -9.58366 10
      vertex 10.7823 -10.4135 11.3
    endloop
  endfacet
  facet normal 0.491666 -0.509168 -0.706408
    outer loop
      vertex 9.77404 -9.58366 10
      vertex 10.0303 -11.1398 11.3
      vertex 9.16165 -10.175 10
    endloop
  endfacet
  facet normal 0.147188 -0.692368 -0.706373
    outer loop
      vertex 2.60299 -14.7623 11.3
      vertex 3.21029 -13.3069 10
      vertex 3.62563 -14.5449 11.3
    endloop
  endfacet
  facet normal 0.147167 -0.692365 -0.70638
    outer loop
      vertex 3.21029 -13.3069 10
      vertex 2.60299 -14.7623 11.3
      vertex 2.37757 -13.4839 10
    endloop
  endfacet
  facet normal 0.699634 -0.0908616 -0.7087
    outer loop
      vertex 10 -2.50734 6.61913
      vertex 14.6624 -3.1166 11.3
      vertex 14.6623 -3.11737 11.3
    endloop
  endfacet
  facet normal 0.686804 -0.171244 -0.706383
    outer loop
      vertex 14.6624 -3.1166 11.3
      vertex 10 -2.50734 6.61913
      vertex 10 -2.12557 6.52658
    endloop
  endfacet
  facet normal 0.287928 -0.646603 -0.7064
    outer loop
      vertex 5.22439 -12.6524 10
      vertex 6.57119 -13.4729 11.3
      vertex 5.61609 -13.8982 11.3
    endloop
  endfacet
  facet normal 0.287859 -0.646668 -0.706369
    outer loop
      vertex 6.57119 -13.4729 11.3
      vertex 5.22439 -12.6524 10
      vertex 6.00212 -12.3062 10
    endloop
  endfacet
  facet normal -0.33234 -0.624953 -0.706388
    outer loop
      vertex -7.49501 -12.9817 11.3
      vertex -6.09426 -12.2572 10
      vertex -6.57189 -13.4726 11.3
    endloop
  endfacet
  facet normal -0.332326 -0.624968 -0.706381
    outer loop
      vertex -6.09426 -12.2572 10
      vertex -7.49501 -12.9817 11.3
      vertex -6.84593 -11.8575 10
    endloop
  endfacet
  facet normal -0.0493555 0.706104 -0.706386
    outer loop
      vertex -0.836227 7.95617 4.3
      vertex -1.56688 14.9079 11.3
      vertex -0.523938 14.9808 11.3
    endloop
  endfacet
  facet normal -0.242038 -0.66516 -0.706385
    outer loop
      vertex -4.63217 -14.2563 11.3
      vertex -5.03101 -12.7306 10
      vertex -4.23102 -13.0217 10
    endloop
  endfacet
  facet normal -0.242045 -0.66516 -0.706383
    outer loop
      vertex -5.03101 -12.7306 10
      vertex -4.63217 -14.2563 11.3
      vertex -5.61461 -13.8988 11.3
    endloop
  endfacet
  facet normal -0.0985072 0.700938 -0.706387
    outer loop
      vertex -0.836227 7.95617 4.3
      vertex -2.6022 14.7624 11.3
      vertex -1.56688 14.9079 11.3
    endloop
  endfacet
  facet normal -0.0983559 -0.700972 -0.706374
    outer loop
      vertex -2.6022 -14.7624 11.3
      vertex -2.37757 -13.4839 10
      vertex -2.27423 -13.4984 10
    endloop
  endfacet
  facet normal -0.0889152 -0.70243 -0.706177
    outer loop
      vertex -2.37757 -13.4839 10
      vertex -2.6022 -14.7624 11.3
      vertex -2.60299 -14.7623 11.3
    endloop
  endfacet
  facet normal -0.242092 0.665138 -0.706388
    outer loop
      vertex -2.99685 7.41747 4.3
      vertex -5.61461 13.8988 11.3
      vertex -2.47214 7.60845 4.3
    endloop
  endfacet
  facet normal -0.262801 0.657002 -0.7066
    outer loop
      vertex -5.61461 13.8988 11.3
      vertex -2.99685 7.41747 4.3
      vertex -5.61536 13.8985 11.3
    endloop
  endfacet
  facet normal -0.707396 -0.0247038 -0.706385
    outer loop
      vertex -10 -0.300525 6.31337
      vertex -14.99 0 11.3
      vertex -10 0 6.30286
    endloop
  endfacet
  facet normal -0.707396 -0.0247116 -0.706385
    outer loop
      vertex -14.99 0 11.3
      vertex -10 -0.300525 6.31337
      vertex -14.9535 -1.04485 11.3
    endloop
  endfacet
  facet normal 0.566405 -0.429095 -0.703607
    outer loop
      vertex 10 -6.53521 8.25775
      vertex 12.7123 -7.9435 11.3
      vertex 12.7118 -7.94416 11.3
    endloop
  endfacet
  facet normal 0.586802 -0.395822 -0.706391
    outer loop
      vertex 12.7123 -7.9435 11.3
      vertex 10 -6.53521 8.25775
      vertex 10 -6.24869 8.0972
    endloop
  endfacet
  facet normal 0.557765 -0.435794 -0.706386
    outer loop
      vertex 10 -8.17461 9.2278
      vertex 12.1272 -8.81091 11.3
      vertex 11.4835 -9.63477 11.3
    endloop
  endfacet
  facet normal 0.55777 -0.435784 -0.706388
    outer loop
      vertex 12.1272 -8.81091 11.3
      vertex 10 -8.17461 9.2278
      vertex 10 -7.26543 8.66691
    endloop
  endfacet
  facet normal 0 -0.707814 -0.706399
    outer loop
      vertex -0.477839 -13.6835 10
      vertex 0.523143 -14.9809 11.3
      vertex -0.523143 -14.9809 11.3
    endloop
  endfacet
  facet normal 0 -0.707814 -0.706399
    outer loop
      vertex 0.523143 -14.9809 11.3
      vertex -0.477839 -13.6835 10
      vertex 0.477839 -13.6835 10
    endloop
  endfacet
  facet normal -0.636194 -0.310284 -0.706386
    outer loop
      vertex -13.6937 -6.0977 11.3
      vertex -10 -5.31709 7.63045
      vertex -13.2354 -7.03738 11.3
    endloop
  endfacet
  facet normal -0.636191 -0.310292 -0.706385
    outer loop
      vertex -10 -5.31709 7.63045
      vertex -13.6937 -6.0977 11.3
      vertex -10 -4.79299 7.40023
    endloop
  endfacet
  facet normal -0.0884898 -0.703494 -0.705171
    outer loop
      vertex -0.523938 -14.9808 11.3
      vertex -0.477839 -13.6835 10
      vertex -0.523143 -14.9809 11.3
    endloop
  endfacet
  facet normal -0.0495167 -0.706095 -0.706384
    outer loop
      vertex -0.477839 -13.6835 10
      vertex -0.523938 -14.9808 11.3
      vertex -0.581935 -13.6762 10
    endloop
  endfacet
  facet normal -0.703949 0.0739987 -0.706385
    outer loop
      vertex -7.92214 1.11338 4.3
      vertex -14.9534 1.04644 11.3
      vertex -14.8441 2.08621 11.3
    endloop
  endfacet
  facet normal -0.557765 0.435794 -0.706387
    outer loop
      vertex -6.47214 4.70228 4.3
      vertex -12.1272 8.81091 11.3
      vertex -11.4835 9.63477 11.3
    endloop
  endfacet
  facet normal 0.454948 -0.542235 -0.706402
    outer loop
      vertex 9.22877 -11.8123 11.3
      vertex 9.08171 -10.2421 10
      vertex 10.0297 -11.1403 11.3
    endloop
  endfacet
  facet normal 0.454967 -0.542228 -0.706395
    outer loop
      vertex 9.08171 -10.2421 10
      vertex 9.22877 -11.8123 11.3
      vertex 8.42956 -10.7893 10
    endloop
  endfacet
  facet normal 0.33234 -0.624953 -0.706388
    outer loop
      vertex 6.09426 -12.2572 10
      vertex 7.49501 -12.9817 11.3
      vertex 6.57189 -13.4726 11.3
    endloop
  endfacet
  facet normal 0.332326 -0.624968 -0.706381
    outer loop
      vertex 7.49501 -12.9817 11.3
      vertex 6.09426 -12.2572 10
      vertex 6.84593 -11.8575 10
    endloop
  endfacet
  facet normal -0.242166 -0.665108 -0.70639
    outer loop
      vertex -5.61461 -13.8988 11.3
      vertex -5.12906 -12.6949 10
      vertex -5.03101 -12.7306 10
    endloop
  endfacet
  facet normal -0.262803 -0.657007 -0.706595
    outer loop
      vertex -5.12906 -12.6949 10
      vertex -5.61461 -13.8988 11.3
      vertex -5.61536 -13.8985 11.3
    endloop
  endfacet
  facet normal -0.491693 0.509174 -0.706385
    outer loop
      vertex -5.75472 5.55727 4.3
      vertex -10.7823 10.4135 11.3
      vertex -5.35304 5.94516 4.3
    endloop
  endfacet
  facet normal -0.500396 0.500396 -0.706546
    outer loop
      vertex -10.7823 10.4135 11.3
      vertex -5.75472 5.55727 4.3
      vertex -10.7829 10.4129 11.3
    endloop
  endfacet
  facet normal 0.586823 -0.395796 -0.706388
    outer loop
      vertex 10 -7.26543 8.66691
      vertex 12.7118 -7.94416 11.3
      vertex 12.1272 -8.81091 11.3
    endloop
  endfacet
  facet normal 0.586818 -0.395806 -0.706387
    outer loop
      vertex 12.7118 -7.94416 11.3
      vertex 10 -7.26543 8.66691
      vertex 10 -6.53521 8.25775
    endloop
  endfacet
  facet normal 0.454958 0.542246 -0.706387
    outer loop
      vertex 10.0297 11.1403 11.3
      vertex 4.92529 6.30409 4.3
      vertex 9.22877 11.8123 11.3
    endloop
  endfacet
  facet normal -0.586824 0.395797 -0.706387
    outer loop
      vertex -6.47214 4.70228 4.3
      vertex -12.7118 7.94416 11.3
      vertex -12.1272 8.81091 11.3
    endloop
  endfacet
  facet normal 0.636194 -0.310284 -0.706386
    outer loop
      vertex 10 -5.31709 7.63045
      vertex 13.6937 -6.0977 11.3
      vertex 13.2354 -7.03738 11.3
    endloop
  endfacet
  facet normal 0.636191 -0.310292 -0.706385
    outer loop
      vertex 13.6937 -6.0977 11.3
      vertex 10 -5.31709 7.63045
      vertex 10 -4.79299 7.40023
    endloop
  endfacet
  facet normal 0.0889143 0.702423 -0.706184
    outer loop
      vertex 1.38918 7.87846 4.3
      vertex 2.6022 14.7624 11.3
      vertex 2.60299 14.7623 11.3
    endloop
  endfacet
  facet normal 0.0985073 0.700938 -0.706387
    outer loop
      vertex 2.6022 14.7624 11.3
      vertex 1.38918 7.87846 4.3
      vertex 0.836227 7.95617 4.3
    endloop
  endfacet
  facet normal -0.656296 0.265129 -0.706387
    outer loop
      vertex -7.51754 2.73616 4.3
      vertex -14.086 5.12689 11.3
      vertex -13.6944 6.09625 11.3
    endloop
  endfacet
  facet normal 0.703951 -0.0739826 -0.706385
    outer loop
      vertex 10 -0.699268 6.32731
      vertex 14.9534 -1.04644 11.3
      vertex 10 -1.0936 6.36861
    endloop
  endfacet
  facet normal 0.702561 -0.0889318 -0.706045
    outer loop
      vertex 14.9534 -1.04644 11.3
      vertex 10 -0.699268 6.32731
      vertex 14.9535 -1.04565 11.3
    endloop
  endfacet
  facet normal 0.435631 -0.557608 -0.706611
    outer loop
      vertex 9.22813 -11.8128 11.3
      vertex 8.42956 -10.7893 10
      vertex 9.22877 -11.8123 11.3
    endloop
  endfacet
  facet normal 0.416294 -0.572439 -0.706409
    outer loop
      vertex 8.42956 -10.7893 10
      vertex 9.22813 -11.8128 11.3
      vertex 8.34513 -10.8507 10
    endloop
  endfacet
  facet normal -0.656295 -0.265128 -0.706388
    outer loop
      vertex -14.086 -5.12689 11.3
      vertex -10 -4.08658 7.1133
      vertex -13.6944 -6.09625 11.3
    endloop
  endfacet
  facet normal -0.656283 -0.265163 -0.706386
    outer loop
      vertex -10 -4.08658 7.1133
      vertex -14.086 -5.12689 11.3
      vertex -10 -3.6397 6.94555
    endloop
  endfacet
  facet normal -0.491688 -0.509187 -0.706379
    outer loop
      vertex -10.7823 -10.4135 11.3
      vertex -9.84911 -9.51117 10
      vertex -9.77404 -9.58366 10
    endloop
  endfacet
  facet normal -0.500402 -0.500402 -0.706537
    outer loop
      vertex -9.84911 -9.51117 10
      vertex -10.7823 -10.4135 11.3
      vertex -10.7829 -10.4129 11.3
    endloop
  endfacet
  facet normal 0.278915 -0.650801 -0.706162
    outer loop
      vertex 6.00212 -12.3062 10
      vertex 6.57189 -13.4726 11.3
      vertex 6.57119 -13.4729 11.3
    endloop
  endfacet
  facet normal 0.332348 -0.62495 -0.706387
    outer loop
      vertex 6.57189 -13.4726 11.3
      vertex 6.00212 -12.3062 10
      vertex 6.09426 -12.2572 10
    endloop
  endfacet
  facet normal -0.586823 -0.395796 -0.706388
    outer loop
      vertex -12.7118 -7.94416 11.3
      vertex -10 -7.26543 8.66691
      vertex -12.1272 -8.81091 11.3
    endloop
  endfacet
  facet normal -0.586818 -0.395806 -0.706387
    outer loop
      vertex -10 -7.26543 8.66691
      vertex -12.7118 -7.94416 11.3
      vertex -10 -6.53521 8.25775
    endloop
  endfacet
  facet normal 0.0493053 -0.706118 -0.706376
    outer loop
      vertex 1.56688 -14.9079 11.3
      vertex 0.581935 -13.6762 10
      vertex 1.43119 -13.6169 10
    endloop
  endfacet
  facet normal 0.049355 -0.706097 -0.706393
    outer loop
      vertex 0.581935 -13.6762 10
      vertex 1.56688 -14.9079 11.3
      vertex 0.523938 -14.9808 11.3
    endloop
  endfacet
  facet normal -0.686798 0.17124 -0.706389
    outer loop
      vertex -7.82518 1.66329 4.3
      vertex -14.6623 3.11737 11.3
      vertex -7.69009 2.2051 4.3
    endloop
  endfacet
  facet normal -0.70285 0.0912793 -0.705457
    outer loop
      vertex -14.6623 3.11737 11.3
      vertex -7.82518 1.66329 4.3
      vertex -14.6624 3.1166 11.3
    endloop
  endfacet
  facet normal -0.686791 -0.171285 -0.706385
    outer loop
      vertex -14.6623 -3.11737 11.3
      vertex -10 -2.86745 6.70643
      vertex -14.4093 -4.13181 11.3
    endloop
  endfacet
  facet normal -0.686796 -0.171247 -0.706389
    outer loop
      vertex -10 -2.86745 6.70643
      vertex -14.6623 -3.11737 11.3
      vertex -10 -2.50734 6.61913
    endloop
  endfacet
  facet normal -0.375077 0.600279 -0.706387
    outer loop
      vertex -4.47354 6.6323 4.3
      vertex -8.38231 12.4273 11.3
      vertex -7.49568 12.9813 11.3
    endloop
  endfacet
  facet normal 0.453166 0.543799 -0.706345
    outer loop
      vertex 5.35304 5.94516 4.3
      vertex 10.0297 11.1403 11.3
      vertex 10.0303 11.1398 11.3
    endloop
  endfacet
  facet normal 0.454984 0.542221 -0.706389
    outer loop
      vertex 10.0297 11.1403 11.3
      vertex 5.35304 5.94516 4.3
      vertex 4.92529 6.30409 4.3
    endloop
  endfacet
  facet normal -0.68679 0.171285 -0.706386
    outer loop
      vertex -7.69009 2.2051 4.3
      vertex -14.6623 3.11737 11.3
      vertex -14.4093 4.13181 11.3
    endloop
  endfacet
  facet normal -0.195119 0.680404 -0.706384
    outer loop
      vertex -2.47214 7.60845 4.3
      vertex -4.63217 14.2563 11.3
      vertex -3.62718 14.5445 11.3
    endloop
  endfacet
  facet normal -0.454984 0.542221 -0.706389
    outer loop
      vertex -5.35304 5.94516 4.3
      vertex -10.0297 11.1403 11.3
      vertex -4.92529 6.30409 4.3
    endloop
  endfacet
  facet normal -0.453166 0.543799 -0.706345
    outer loop
      vertex -10.0297 11.1403 11.3
      vertex -5.35304 5.94516 4.3
      vertex -10.0303 11.1398 11.3
    endloop
  endfacet
  facet normal 0.416037 -0.572649 -0.70639
    outer loop
      vertex 8.38231 -12.4273 11.3
      vertex 8.34513 -10.8507 10
      vertex 9.22813 -11.8128 11.3
    endloop
  endfacet
  facet normal 0.416056 -0.572643 -0.706383
    outer loop
      vertex 8.34513 -10.8507 10
      vertex 8.38231 -12.4273 11.3
      vertex 7.6564 -11.3511 10
    endloop
  endfacet
  facet normal -0.287934 0.646617 -0.706385
    outer loop
      vertex -3.50697 7.19035 4.3
      vertex -6.57119 13.4729 11.3
      vertex -5.61609 13.8982 11.3
    endloop
  endfacet
  facet normal -0.455056 -0.542134 -0.70641
    outer loop
      vertex -10.0297 -11.1403 11.3
      vertex -9.16165 -10.175 10
      vertex -9.08171 -10.2421 10
    endloop
  endfacet
  facet normal -0.453153 -0.543784 -0.706365
    outer loop
      vertex -9.16165 -10.175 10
      vertex -10.0297 -11.1403 11.3
      vertex -10.0303 -11.1398 11.3
    endloop
  endfacet
  facet normal 0.416039 0.572651 -0.706387
    outer loop
      vertex 9.22813 11.8128 11.3
      vertex 4.47354 6.6323 4.3
      vertex 8.38231 12.4273 11.3
    endloop
  endfacet
  facet normal 0.242044 0.665158 -0.706385
    outer loop
      vertex 5.61461 13.8988 11.3
      vertex 2.47214 7.60845 4.3
      vertex 4.63217 14.2563 11.3
    endloop
  endfacet
  facet normal -0.525996 0.473655 -0.706385
    outer loop
      vertex -6.12836 5.1423 4.3
      vertex -11.483 9.63539 11.3
      vertex -10.7834 10.4123 11.3
    endloop
  endfacet
  facet normal 0.435637 0.557615 -0.706602
    outer loop
      vertex 4.92529 6.30409 4.3
      vertex 9.22813 11.8128 11.3
      vertex 9.22877 11.8123 11.3
    endloop
  endfacet
  facet normal 0.416045 0.572646 -0.706388
    outer loop
      vertex 9.22813 11.8128 11.3
      vertex 4.92529 6.30409 4.3
      vertex 4.47354 6.6323 4.3
    endloop
  endfacet
  facet normal -0.195121 -0.68041 -0.706378
    outer loop
      vertex -4.63217 -14.2563 11.3
      vertex -3.41267 -13.2564 10
      vertex -3.62718 -14.5445 11.3
    endloop
  endfacet
  facet normal -0.195136 -0.680399 -0.706384
    outer loop
      vertex -3.41267 -13.2564 10
      vertex -4.63217 -14.2563 11.3
      vertex -4.23102 -13.0217 10
    endloop
  endfacet
  facet normal 0.195119 0.680404 -0.706384
    outer loop
      vertex 4.63217 14.2563 11.3
      vertex 2.47214 7.60845 4.3
      vertex 3.62718 14.5445 11.3
    endloop
  endfacet
  facet normal -0.707398 -0.0246951 -0.706384
    outer loop
      vertex -10 -0.699268 6.32731
      vertex -14.9535 -1.04485 11.3
      vertex -10 -0.300525 6.31337
    endloop
  endfacet
  facet normal -0.708472 -0 -0.705738
    outer loop
      vertex -14.9535 -1.04485 11.3
      vertex -10 -0.699268 6.32731
      vertex -14.9535 -1.04565 11.3
    endloop
  endfacet
  facet normal -0.557765 -0.435794 -0.706386
    outer loop
      vertex -12.1272 -8.81091 11.3
      vertex -10 -8.17461 9.2278
      vertex -11.4835 -9.63477 11.3
    endloop
  endfacet
  facet normal -0.55777 -0.435784 -0.706388
    outer loop
      vertex -10 -8.17461 9.2278
      vertex -12.1272 -8.81091 11.3
      vertex -10 -7.26543 8.66691
    endloop
  endfacet
  facet normal 0.262801 0.657002 -0.7066
    outer loop
      vertex 2.99685 7.41747 4.3
      vertex 5.61461 13.8988 11.3
      vertex 5.61536 13.8985 11.3
    endloop
  endfacet
  facet normal 0.242092 0.665138 -0.706388
    outer loop
      vertex 5.61461 13.8988 11.3
      vertex 2.99685 7.41747 4.3
      vertex 2.47214 7.60845 4.3
    endloop
  endfacet
  facet normal 0.500402 -0.500402 -0.706537
    outer loop
      vertex 10.7823 -10.4135 11.3
      vertex 9.84911 -9.51117 10
      vertex 10.7829 -10.4129 11.3
    endloop
  endfacet
  facet normal 0.491688 -0.509187 -0.706379
    outer loop
      vertex 9.84911 -9.51117 10
      vertex 10.7823 -10.4135 11.3
      vertex 9.77404 -9.58366 10
    endloop
  endfacet
  facet normal -0.586821 0.395803 -0.706387
    outer loop
      vertex -6.78438 4.23935 4.3
      vertex -12.7118 7.94416 11.3
      vertex -6.47214 4.70228 4.3
    endloop
  endfacet
  facet normal -0.565166 0.428156 -0.705173
    outer loop
      vertex -12.7118 7.94416 11.3
      vertex -6.78438 4.23935 4.3
      vertex -12.7123 7.9435 11.3
    endloop
  endfacet
  facet normal -0.707396 0.0247145 -0.706386
    outer loop
      vertex -10 0 6.30286
      vertex -14.9535 1.04485 11.3
      vertex -8 0 4.3
    endloop
  endfacet
  facet normal -0.707396 0.0247116 -0.706385
    outer loop
      vertex -14.9535 1.04485 11.3
      vertex -10 0 6.30286
      vertex -14.99 0 11.3
    endloop
  endfacet
  facet normal 0.453153 -0.543784 -0.706365
    outer loop
      vertex 10.0297 -11.1403 11.3
      vertex 9.16165 -10.175 10
      vertex 10.0303 -11.1398 11.3
    endloop
  endfacet
  facet normal 0.455056 -0.542134 -0.70641
    outer loop
      vertex 9.16165 -10.175 10
      vertex 10.0297 -11.1403 11.3
      vertex 9.08171 -10.2421 10
    endloop
  endfacet
  facet normal 0.697079 0.122883 -0.706385
    outer loop
      vertex 14.8441 2.08621 11.3
      vertex 7.92214 1.11338 4.3
      vertex 14.6626 3.11581 11.3
    endloop
  endfacet
  facet normal -0.686228 -0.173728 -0.706336
    outer loop
      vertex -14.6626 -3.11581 11.3
      vertex -10 -2.12557 6.52658
      vertex -14.6624 -3.1166 11.3
    endloop
  endfacet
  facet normal -0.697073 -0.122907 -0.706387
    outer loop
      vertex -10 -2.12557 6.52658
      vertex -14.6626 -3.11581 11.3
      vertex -10 -1.73067 6.45787
    endloop
  endfacet
  facet normal 0.375077 -0.60028 -0.706386
    outer loop
      vertex 6.93443 -11.8022 10
      vertex 8.38231 -12.4273 11.3
      vertex 7.49568 -12.9813 11.3
    endloop
  endfacet
  facet normal 0.375071 -0.600288 -0.706383
    outer loop
      vertex 8.38231 -12.4273 11.3
      vertex 6.93443 -11.8022 10
      vertex 7.6564 -11.3511 10
    endloop
  endfacet
  facet normal -0.612991 0.353917 -0.706389
    outer loop
      vertex -12.7127 7.94281 11.3
      vertex -6.78438 4.23935 4.3
      vertex -7.06358 3.75577 4.3
    endloop
  endfacet
  facet normal -0.612349 0.354985 -0.70641
    outer loop
      vertex -6.78438 4.23935 4.3
      vertex -12.7127 7.94281 11.3
      vertex -12.7123 7.9435 11.3
    endloop
  endfacet
  facet normal 0.703949 0.0739987 -0.706385
    outer loop
      vertex 14.9534 1.04644 11.3
      vertex 7.92214 1.11338 4.3
      vertex 14.8441 2.08621 11.3
    endloop
  endfacet
  facet normal -0.416056 -0.572643 -0.706383
    outer loop
      vertex -8.38231 -12.4273 11.3
      vertex -8.34513 -10.8507 10
      vertex -7.6564 -11.3511 10
    endloop
  endfacet
  facet normal -0.416037 -0.572649 -0.70639
    outer loop
      vertex -8.34513 -10.8507 10
      vertex -8.38231 -12.4273 11.3
      vertex -9.22813 -11.8128 11.3
    endloop
  endfacet
  facet normal 0.68679 0.171285 -0.706386
    outer loop
      vertex 14.6623 3.11737 11.3
      vertex 7.69009 2.2051 4.3
      vertex 14.4093 4.13181 11.3
    endloop
  endfacet
  facet normal 0.61301 0.353887 -0.706387
    outer loop
      vertex 13.2354 7.03738 11.3
      vertex 7.06358 3.75577 4.3
      vertex 12.7127 7.94281 11.3
    endloop
  endfacet
  facet normal -0.416039 0.572651 -0.706387
    outer loop
      vertex -4.47354 6.6323 4.3
      vertex -9.22813 11.8128 11.3
      vertex -8.38231 12.4273 11.3
    endloop
  endfacet
  facet normal 0.287898 0.646631 -0.706388
    outer loop
      vertex 2.99685 7.41747 4.3
      vertex 5.61609 13.8982 11.3
      vertex 3.50697 7.19035 4.3
    endloop
  endfacet
  facet normal 0.268974 0.654504 -0.706596
    outer loop
      vertex 5.61609 13.8982 11.3
      vertex 2.99685 7.41747 4.3
      vertex 5.61536 13.8985 11.3
    endloop
  endfacet
  facet normal -0.526021 0.47363 -0.706383
    outer loop
      vertex -10.7834 10.4123 11.3
      vertex -5.75472 5.55727 4.3
      vertex -6.12836 5.1423 4.3
    endloop
  endfacet
  facet normal -0.544331 0.453609 -0.70565
    outer loop
      vertex -5.75472 5.55727 4.3
      vertex -10.7834 10.4123 11.3
      vertex -10.7829 10.4129 11.3
    endloop
  endfacet
  facet normal -0.697079 -0.122883 -0.706386
    outer loop
      vertex -14.8441 -2.08621 11.3
      vertex -10 -1.73067 6.45787
      vertex -14.6626 -3.11581 11.3
    endloop
  endfacet
  facet normal -0.697074 -0.122921 -0.706384
    outer loop
      vertex -10 -1.73067 6.45787
      vertex -14.8441 -2.08621 11.3
      vertex -10 -1.40541 6.40127
    endloop
  endfacet
  facet normal -0.699634 -0.0908616 -0.7087
    outer loop
      vertex -14.6624 -3.1166 11.3
      vertex -10 -2.50734 6.61913
      vertex -14.6623 -3.11737 11.3
    endloop
  endfacet
  facet normal -0.686804 -0.171244 -0.706383
    outer loop
      vertex -10 -2.50734 6.61913
      vertex -14.6624 -3.1166 11.3
      vertex -10 -2.12557 6.52658
    endloop
  endfacet
  facet normal 0.375077 0.600279 -0.706387
    outer loop
      vertex 8.38231 12.4273 11.3
      vertex 4.47354 6.6323 4.3
      vertex 7.49568 12.9813 11.3
    endloop
  endfacet
  facet normal -0.332341 0.624955 -0.706386
    outer loop
      vertex -4 6.9282 4.3
      vertex -7.49501 12.9817 11.3
      vertex -6.57189 13.4726 11.3
    endloop
  endfacet
  facet normal -0.416294 -0.572439 -0.706409
    outer loop
      vertex -9.22813 -11.8128 11.3
      vertex -8.42956 -10.7893 10
      vertex -8.34513 -10.8507 10
    endloop
  endfacet
  facet normal -0.435631 -0.557608 -0.706611
    outer loop
      vertex -8.42956 -10.7893 10
      vertex -9.22813 -11.8128 11.3
      vertex -9.22877 -11.8123 11.3
    endloop
  endfacet
  facet normal -0.147158 0.692361 -0.706385
    outer loop
      vertex -1.93537 7.76237 4.3
      vertex -3.62563 14.5449 11.3
      vertex -1.38918 7.87846 4.3
    endloop
  endfacet
  facet normal -0.175756 0.685447 -0.706592
    outer loop
      vertex -3.62563 14.5449 11.3
      vertex -1.93537 7.76237 4.3
      vertex -3.62641 14.5447 11.3
    endloop
  endfacet
  facet normal -0.0985073 0.700938 -0.706387
    outer loop
      vertex -1.38918 7.87846 4.3
      vertex -2.6022 14.7624 11.3
      vertex -0.836227 7.95617 4.3
    endloop
  endfacet
  facet normal -0.0889143 0.702423 -0.706184
    outer loop
      vertex -2.6022 14.7624 11.3
      vertex -1.38918 7.87846 4.3
      vertex -2.60299 14.7623 11.3
    endloop
  endfacet
  facet normal -0.636194 0.310284 -0.706386
    outer loop
      vertex -7.06358 3.75577 4.3
      vertex -13.6937 6.0977 11.3
      vertex -13.2354 7.03738 11.3
    endloop
  endfacet
  facet normal 0.0493865 0.706103 -0.706385
    outer loop
      vertex 0.279196 7.99513 4.3
      vertex 0.523938 14.9808 11.3
      vertex 0.836227 7.95617 4.3
    endloop
  endfacet
  facet normal 0.0884912 0.703505 -0.705159
    outer loop
      vertex 0.523938 14.9808 11.3
      vertex 0.279196 7.99513 4.3
      vertex 0.523143 14.9809 11.3
    endloop
  endfacet
  facet normal -0.375077 -0.60028 -0.706386
    outer loop
      vertex -8.38231 -12.4273 11.3
      vertex -6.93443 -11.8022 10
      vertex -7.49568 -12.9813 11.3
    endloop
  endfacet
  facet normal -0.375071 -0.600288 -0.706383
    outer loop
      vertex -6.93443 -11.8022 10
      vertex -8.38231 -12.4273 11.3
      vertex -7.6564 -11.3511 10
    endloop
  endfacet
  facet normal -0.697073 0.122908 -0.706387
    outer loop
      vertex -14.6626 3.11581 11.3
      vertex -7.82518 1.66329 4.3
      vertex -7.92214 1.11338 4.3
    endloop
  endfacet
  facet normal -0.686226 0.173728 -0.706337
    outer loop
      vertex -7.82518 1.66329 4.3
      vertex -14.6626 3.11581 11.3
      vertex -14.6624 3.1166 11.3
    endloop
  endfacet
  facet normal -0.703949 0.0739913 -0.706386
    outer loop
      vertex -7.98051 0.558051 4.3
      vertex -14.9534 1.04644 11.3
      vertex -7.92214 1.11338 4.3
    endloop
  endfacet
  facet normal -0.702561 0.0889318 -0.706045
    outer loop
      vertex -14.9534 1.04644 11.3
      vertex -7.98051 0.558051 4.3
      vertex -14.9535 1.04565 11.3
    endloop
  endfacet
  facet normal 0.636194 0.310284 -0.706386
    outer loop
      vertex 13.6937 6.0977 11.3
      vertex 7.06358 3.75577 4.3
      vertex 13.2354 7.03738 11.3
    endloop
  endfacet
  facet normal -0.147167 -0.692365 -0.70638
    outer loop
      vertex -2.60299 -14.7623 11.3
      vertex -3.21029 -13.3069 10
      vertex -2.37757 -13.4839 10
    endloop
  endfacet
  facet normal -0.147188 -0.692368 -0.706373
    outer loop
      vertex -3.21029 -13.3069 10
      vertex -2.60299 -14.7623 11.3
      vertex -3.62563 -14.5449 11.3
    endloop
  endfacet
  facet normal -0.697079 0.122883 -0.706385
    outer loop
      vertex -7.92214 1.11338 4.3
      vertex -14.8441 2.08621 11.3
      vertex -14.6626 3.11581 11.3
    endloop
  endfacet
  facet normal 0 0.707826 -0.706387
    outer loop
      vertex 0.279196 7.99513 4.3
      vertex -0.523143 14.9809 11.3
      vertex 0.523143 14.9809 11.3
    endloop
  endfacet
  facet normal 0 0.707826 -0.706387
    outer loop
      vertex -0.523143 14.9809 11.3
      vertex 0.279196 7.99513 4.3
      vertex -0.279196 7.99513 4.3
    endloop
  endfacet
  facet normal -0.268976 -0.654508 -0.706591
    outer loop
      vertex -5.61609 -13.8982 11.3
      vertex -5.12906 -12.6949 10
      vertex -5.61536 -13.8985 11.3
    endloop
  endfacet
  facet normal -0.28822 -0.646493 -0.706382
    outer loop
      vertex -5.12906 -12.6949 10
      vertex -5.61609 -13.8982 11.3
      vertex -5.22439 -12.6524 10
    endloop
  endfacet
  facet normal -0.332305 0.624972 -0.706388
    outer loop
      vertex -6.57189 13.4726 11.3
      vertex -3.50697 7.19035 4.3
      vertex -4 6.9282 4.3
    endloop
  endfacet
  facet normal -0.278909 0.650787 -0.706177
    outer loop
      vertex -3.50697 7.19035 4.3
      vertex -6.57189 13.4726 11.3
      vertex -6.57119 13.4729 11.3
    endloop
  endfacet
  facet normal -0.0884912 0.703505 -0.705159
    outer loop
      vertex -0.279196 7.99513 4.3
      vertex -0.523938 14.9808 11.3
      vertex -0.523143 14.9809 11.3
    endloop
  endfacet
  facet normal -0.0493865 0.706103 -0.706385
    outer loop
      vertex -0.523938 14.9808 11.3
      vertex -0.279196 7.99513 4.3
      vertex -0.836227 7.95617 4.3
    endloop
  endfacet
  facet normal 0.362751 -0.607607 -0.706559
    outer loop
      vertex 6.84593 -11.8575 10
      vertex 7.49568 -12.9813 11.3
      vertex 7.49501 -12.9817 11.3
    endloop
  endfacet
  facet normal 0.375087 -0.600274 -0.706385
    outer loop
      vertex 7.49568 -12.9813 11.3
      vertex 6.84593 -11.8575 10
      vertex 6.93443 -11.8022 10
    endloop
  endfacet
  facet normal -0.655955 -0.265928 -0.706404
    outer loop
      vertex -13.6944 -6.09625 11.3
      vertex -10 -4.45229 7.25057
      vertex -13.6941 -6.09699 11.3
    endloop
  endfacet
  facet normal -0.656287 -0.265145 -0.706389
    outer loop
      vertex -10 -4.45229 7.25057
      vertex -13.6944 -6.09625 11.3
      vertex -10 -4.08658 7.1133
    endloop
  endfacet
  facet normal -0.242044 0.665158 -0.706385
    outer loop
      vertex -2.47214 7.60845 4.3
      vertex -5.61461 13.8988 11.3
      vertex -4.63217 14.2563 11.3
    endloop
  endfacet
  facet normal 0.0985072 0.700938 -0.706387
    outer loop
      vertex 2.6022 14.7624 11.3
      vertex 0.836227 7.95617 4.3
      vertex 1.56688 14.9079 11.3
    endloop
  endfacet
  facet normal 0.557776 0.435781 -0.706386
    outer loop
      vertex 6.12836 5.1423 4.3
      vertex 11.4835 9.63477 11.3
      vertex 6.47214 4.70228 4.3
    endloop
  endfacet
  facet normal 0.550867 0.444247 -0.706534
    outer loop
      vertex 11.4835 9.63477 11.3
      vertex 6.12836 5.1423 4.3
      vertex 11.483 9.63539 11.3
    endloop
  endfacet
  facet normal 0.683779 0.182341 -0.706539
    outer loop
      vertex 7.69009 2.2051 4.3
      vertex 14.4091 4.13256 11.3
      vertex 14.4093 4.13181 11.3
    endloop
  endfacet
  facet normal 0.673183 0.218728 -0.706387
    outer loop
      vertex 14.4091 4.13256 11.3
      vertex 7.69009 2.2051 4.3
      vertex 7.51754 2.73616 4.3
    endloop
  endfacet
  facet normal 0.617868 0.348095 -0.705031
    outer loop
      vertex 7.30836 3.25389 4.3
      vertex 13.6937 6.0977 11.3
      vertex 13.6941 6.09699 11.3
    endloop
  endfacet
  facet normal 0.636192 0.310288 -0.706386
    outer loop
      vertex 13.6937 6.0977 11.3
      vertex 7.30836 3.25389 4.3
      vertex 7.06358 3.75577 4.3
    endloop
  endfacet
  facet normal 0.557765 0.435794 -0.706387
    outer loop
      vertex 12.1272 8.81091 11.3
      vertex 6.47214 4.70228 4.3
      vertex 11.4835 9.63477 11.3
    endloop
  endfacet
  facet normal 0.702561 0.0889318 -0.706045
    outer loop
      vertex 7.98051 0.558051 4.3
      vertex 14.9534 1.04644 11.3
      vertex 14.9535 1.04565 11.3
    endloop
  endfacet
  facet normal 0.703949 0.0739913 -0.706386
    outer loop
      vertex 14.9534 1.04644 11.3
      vertex 7.98051 0.558051 4.3
      vertex 7.92214 1.11338 4.3
    endloop
  endfacet
  facet normal 0.526021 0.47363 -0.706383
    outer loop
      vertex 5.75472 5.55727 4.3
      vertex 10.7834 10.4123 11.3
      vertex 6.12836 5.1423 4.3
    endloop
  endfacet
  facet normal 0.544331 0.453609 -0.70565
    outer loop
      vertex 10.7834 10.4123 11.3
      vertex 5.75472 5.55727 4.3
      vertex 10.7829 10.4129 11.3
    endloop
  endfacet
  facet normal -0.612347 -0.354984 -0.706412
    outer loop
      vertex -12.7127 -7.94281 11.3
      vertex -10 -6.24869 8.0972
      vertex -12.7123 -7.9435 11.3
    endloop
  endfacet
  facet normal -0.612985 -0.353921 -0.706391
    outer loop
      vertex -10 -6.24869 8.0972
      vertex -12.7127 -7.94281 11.3
      vertex -10 -5.93222 7.93864
    endloop
  endfacet
  facet normal 0.287934 0.646617 -0.706385
    outer loop
      vertex 6.57119 13.4729 11.3
      vertex 3.50697 7.19035 4.3
      vertex 5.61609 13.8982 11.3
    endloop
  endfacet
  facet normal -0.52601 -0.47366 -0.706371
    outer loop
      vertex -10.7834 -10.4123 11.3
      vertex -10 -9.34359 10
      vertex -9.91893 -9.43362 10
    endloop
  endfacet
  facet normal -0.526006 -0.473664 -0.706371
    outer loop
      vertex -11.483 -9.63539 11.3
      vertex -10 -9.34359 10
      vertex -10.7834 -10.4123 11.3
    endloop
  endfacet
  facet normal -0.526023 -0.473628 -0.706382
    outer loop
      vertex -10 -9.34359 10
      vertex -11.483 -9.63539 11.3
      vertex -10 -8.391 9.36129
    endloop
  endfacet
  facet normal -0.550869 -0.444249 -0.706531
    outer loop
      vertex -11.4835 -9.63477 11.3
      vertex -10 -8.391 9.36129
      vertex -11.483 -9.63539 11.3
    endloop
  endfacet
  facet normal -0.557791 -0.435765 -0.706384
    outer loop
      vertex -10 -8.391 9.36129
      vertex -11.4835 -9.63477 11.3
      vertex -10 -8.17461 9.2278
    endloop
  endfacet
  facet normal -0.362751 -0.607607 -0.706559
    outer loop
      vertex -7.49568 -12.9813 11.3
      vertex -6.84593 -11.8575 10
      vertex -7.49501 -12.9817 11.3
    endloop
  endfacet
  facet normal -0.375087 -0.600274 -0.706385
    outer loop
      vertex -6.84593 -11.8575 10
      vertex -7.49568 -12.9813 11.3
      vertex -6.93443 -11.8022 10
    endloop
  endfacet
  facet normal 0.0493555 0.706104 -0.706386
    outer loop
      vertex 0.836227 7.95617 4.3
      vertex 0.523938 14.9808 11.3
      vertex 1.56688 14.9079 11.3
    endloop
  endfacet
  facet normal 0.612991 0.353917 -0.706389
    outer loop
      vertex 6.78438 4.23935 4.3
      vertex 12.7127 7.94281 11.3
      vertex 7.06358 3.75577 4.3
    endloop
  endfacet
  facet normal 0.612349 0.354985 -0.70641
    outer loop
      vertex 12.7127 7.94281 11.3
      vertex 6.78438 4.23935 4.3
      vertex 12.7123 7.9435 11.3
    endloop
  endfacet
  facet normal 0.147185 0.692354 -0.706387
    outer loop
      vertex 3.62563 14.5449 11.3
      vertex 1.38918 7.87846 4.3
      vertex 2.60299 14.7623 11.3
    endloop
  endfacet
  facet normal -0.0985268 -0.700945 -0.706377
    outer loop
      vertex -1.56688 -14.9079 11.3
      vertex -2.27423 -13.4984 10
      vertex -1.43119 -13.6169 10
    endloop
  endfacet
  facet normal -0.0985077 -0.700942 -0.706383
    outer loop
      vertex -2.27423 -13.4984 10
      vertex -1.56688 -14.9079 11.3
      vertex -2.6022 -14.7624 11.3
    endloop
  endfacet
  facet normal 0.70285 0.0912793 -0.705457
    outer loop
      vertex 7.82518 1.66329 4.3
      vertex 14.6623 3.11737 11.3
      vertex 14.6624 3.1166 11.3
    endloop
  endfacet
  facet normal 0.686798 0.17124 -0.706389
    outer loop
      vertex 14.6623 3.11737 11.3
      vertex 7.82518 1.66329 4.3
      vertex 7.69009 2.2051 4.3
    endloop
  endfacet
  facet normal -0.557776 0.435781 -0.706386
    outer loop
      vertex -11.4835 9.63477 11.3
      vertex -6.12836 5.1423 4.3
      vertex -6.47214 4.70228 4.3
    endloop
  endfacet
  facet normal -0.550867 0.444247 -0.706534
    outer loop
      vertex -6.12836 5.1423 4.3
      vertex -11.4835 9.63477 11.3
      vertex -11.483 9.63539 11.3
    endloop
  endfacet
  facet normal -0.636192 0.310288 -0.706386
    outer loop
      vertex -7.30836 3.25389 4.3
      vertex -13.6937 6.0977 11.3
      vertex -7.06358 3.75577 4.3
    endloop
  endfacet
  facet normal -0.617868 0.348095 -0.705031
    outer loop
      vertex -13.6937 6.0977 11.3
      vertex -7.30836 3.25389 4.3
      vertex -13.6941 6.09699 11.3
    endloop
  endfacet
  facet normal -0.673178 0.218744 -0.706386
    outer loop
      vertex -7.51754 2.73616 4.3
      vertex -14.4091 4.13256 11.3
      vertex -14.086 5.12689 11.3
    endloop
  endfacet
  facet normal -0.147196 -0.692366 -0.706373
    outer loop
      vertex -3.62563 -14.5449 11.3
      vertex -3.31236 -13.2852 10
      vertex -3.21029 -13.3069 10
    endloop
  endfacet
  facet normal -0.175761 -0.685467 -0.706572
    outer loop
      vertex -3.31236 -13.2852 10
      vertex -3.62563 -14.5449 11.3
      vertex -3.62641 -14.5447 11.3
    endloop
  endfacet
  facet normal 0.656282 0.265159 -0.706389
    outer loop
      vertex 7.30836 3.25389 4.3
      vertex 13.6944 6.09625 11.3
      vertex 7.51754 2.73616 4.3
    endloop
  endfacet
  facet normal 0.655955 0.265928 -0.706403
    outer loop
      vertex 13.6944 6.09625 11.3
      vertex 7.30836 3.25389 4.3
      vertex 13.6941 6.09699 11.3
    endloop
  endfacet
  facet normal 0.565166 0.428156 -0.705173
    outer loop
      vertex 6.78438 4.23935 4.3
      vertex 12.7118 7.94416 11.3
      vertex 12.7123 7.9435 11.3
    endloop
  endfacet
  facet normal 0.586821 0.395803 -0.706387
    outer loop
      vertex 12.7118 7.94416 11.3
      vertex 6.78438 4.23935 4.3
      vertex 6.47214 4.70228 4.3
    endloop
  endfacet
  facet normal 0.491732 0.509132 -0.706388
    outer loop
      vertex 10.7823 10.4135 11.3
      vertex 5.35304 5.94516 4.3
      vertex 10.0303 11.1398 11.3
    endloop
  endfacet
  facet normal 0.525996 0.473655 -0.706385
    outer loop
      vertex 11.483 9.63539 11.3
      vertex 6.12836 5.1423 4.3
      vertex 10.7834 10.4123 11.3
    endloop
  endfacet
  facet normal 0.175756 0.685447 -0.706592
    outer loop
      vertex 1.93537 7.76237 4.3
      vertex 3.62563 14.5449 11.3
      vertex 3.62641 14.5447 11.3
    endloop
  endfacet
  facet normal 0.147158 0.692361 -0.706385
    outer loop
      vertex 3.62563 14.5449 11.3
      vertex 1.93537 7.76237 4.3
      vertex 1.38918 7.87846 4.3
    endloop
  endfacet
  facet normal 0.332305 0.624972 -0.706388
    outer loop
      vertex 3.50697 7.19035 4.3
      vertex 6.57189 13.4726 11.3
      vertex 4 6.9282 4.3
    endloop
  endfacet
  facet normal 0.278909 0.650787 -0.706177
    outer loop
      vertex 6.57189 13.4726 11.3
      vertex 3.50697 7.19035 4.3
      vertex 6.57119 13.4729 11.3
    endloop
  endfacet
  facet normal -0.613008 -0.353886 -0.706389
    outer loop
      vertex -13.2354 -7.03738 11.3
      vertex -10 -5.93222 7.93864
      vertex -12.7127 -7.94281 11.3
    endloop
  endfacet
  facet normal -0.612997 -0.353911 -0.706386
    outer loop
      vertex -10 -5.93222 7.93864
      vertex -13.2354 -7.03738 11.3
      vertex -10 -5.31709 7.63045
    endloop
  endfacet
  facet normal -0.673183 0.218728 -0.706387
    outer loop
      vertex -7.69009 2.2051 4.3
      vertex -14.4091 4.13256 11.3
      vertex -7.51754 2.73616 4.3
    endloop
  endfacet
  facet normal -0.683779 0.182341 -0.706539
    outer loop
      vertex -14.4091 4.13256 11.3
      vertex -7.69009 2.2051 4.3
      vertex -14.4093 4.13181 11.3
    endloop
  endfacet
  facet normal 0.697073 0.122908 -0.706387
    outer loop
      vertex 7.82518 1.66329 4.3
      vertex 14.6626 3.11581 11.3
      vertex 7.92214 1.11338 4.3
    endloop
  endfacet
  facet normal 0.686226 0.173728 -0.706337
    outer loop
      vertex 14.6626 3.11581 11.3
      vertex 7.82518 1.66329 4.3
      vertex 14.6624 3.1166 11.3
    endloop
  endfacet
  facet normal -0.619331 -0.348919 -0.703339
    outer loop
      vertex -13.6941 -6.09699 11.3
      vertex -10 -4.79299 7.40023
      vertex -13.6937 -6.0977 11.3
    endloop
  endfacet
  facet normal -0.636184 -0.310297 -0.706389
    outer loop
      vertex -10 -4.79299 7.40023
      vertex -13.6941 -6.09699 11.3
      vertex -10 -4.45229 7.25057
    endloop
  endfacet
  facet normal 0.332341 0.624955 -0.706386
    outer loop
      vertex 7.49501 12.9817 11.3
      vertex 4 6.9282 4.3
      vertex 6.57189 13.4726 11.3
    endloop
  endfacet
  facet normal -0.416045 0.572646 -0.706388
    outer loop
      vertex -4.92529 6.30409 4.3
      vertex -9.22813 11.8128 11.3
      vertex -4.47354 6.6323 4.3
    endloop
  endfacet
  facet normal -0.435637 0.557615 -0.706602
    outer loop
      vertex -9.22813 11.8128 11.3
      vertex -4.92529 6.30409 4.3
      vertex -9.22877 11.8123 11.3
    endloop
  endfacet
  facet normal 0.994516 0.104585 0
    outer loop
      vertex 14.9635 1.04635 12.3
      vertex 14.854 2.0876 11.3
      vertex 14.854 2.0876 12.3
    endloop
  endfacet
  facet normal 0.994516 0.104585 0
    outer loop
      vertex 14.854 2.0876 11.3
      vertex 14.9635 1.04635 12.3
      vertex 14.9635 1.04635 11.3
    endloop
  endfacet
  facet normal 0.999392 0.034862 0
    outer loop
      vertex 15 0 12.3
      vertex 14.9635 1.04635 11.3
      vertex 14.9635 1.04635 12.3
    endloop
  endfacet
  facet normal 0.999392 0.034862 0
    outer loop
      vertex 14.9635 1.04635 11.3
      vertex 15 0 12.3
      vertex 15 0 11.3
    endloop
  endfacet
  facet normal 0.984809 0.173641 0
    outer loop
      vertex 14.854 2.0876 12.3
      vertex 14.6722 3.11868 11.3
      vertex 14.6722 3.11868 12.3
    endloop
  endfacet
  facet normal 0.984809 0.173641 0
    outer loop
      vertex 14.6722 3.11868 11.3
      vertex 14.854 2.0876 12.3
      vertex 14.854 2.0876 11.3
    endloop
  endfacet
  facet normal 0.970293 0.241933 0
    outer loop
      vertex 14.6722 3.11868 12.3
      vertex 14.4189 4.13456 11.3
      vertex 14.4189 4.13456 12.3
    endloop
  endfacet
  facet normal 0.970293 0.241933 0
    outer loop
      vertex 14.4189 4.13456 11.3
      vertex 14.6722 3.11868 12.3
      vertex 14.6722 3.11868 11.3
    endloop
  endfacet
  facet normal 0.207929 -0.978144 0
    outer loop
      vertex 2.60472 -14.7721 11.3
      vertex 3.62883 -14.5544 12.3
      vertex 2.60472 -14.7721 12.3
    endloop
  endfacet
  facet normal 0.207929 -0.978144 0
    outer loop
      vertex 3.62883 -14.5544 12.3
      vertex 2.60472 -14.7721 11.3
      vertex 3.62883 -14.5544 11.3
    endloop
  endfacet
  facet normal 0.207929 0.978144 -0
    outer loop
      vertex 3.62883 14.5544 11.3
      vertex 2.60472 14.7721 12.3
      vertex 3.62883 14.5544 12.3
    endloop
  endfacet
  facet normal 0.207929 0.978144 0
    outer loop
      vertex 2.60472 14.7721 12.3
      vertex 3.62883 14.5544 11.3
      vertex 2.60472 14.7721 11.3
    endloop
  endfacet
  facet normal -0.341942 -0.939721 0
    outer loop
      vertex -5.6191 -13.9078 11.3
      vertex -4.63525 -14.2658 12.3
      vertex -5.6191 -13.9078 12.3
    endloop
  endfacet
  facet normal -0.341942 -0.939721 -0
    outer loop
      vertex -4.63525 -14.2658 12.3
      vertex -5.6191 -13.9078 11.3
      vertex -4.63525 -14.2658 11.3
    endloop
  endfacet
  facet normal 0.999392 -0.034862 0
    outer loop
      vertex 14.9635 -1.04635 12.3
      vertex 15 0 11.3
      vertex 15 0 12.3
    endloop
  endfacet
  facet normal 0.999392 -0.034862 0
    outer loop
      vertex 15 0 11.3
      vertex 14.9635 -1.04635 12.3
      vertex 14.9635 -1.04635 11.3
    endloop
  endfacet
  facet normal -0.999392 0.034862 0
    outer loop
      vertex -15 0 11.3
      vertex -14.9635 1.04635 12.3
      vertex -14.9635 1.04635 11.3
    endloop
  endfacet
  facet normal -0.999392 0.034862 0
    outer loop
      vertex -14.9635 1.04635 12.3
      vertex -15 0 11.3
      vertex -15 0 12.3
    endloop
  endfacet
  facet normal 0.406778 0.913527 -0
    outer loop
      vertex 6.57557 13.4819 11.3
      vertex 5.6191 13.9078 12.3
      vertex 6.57557 13.4819 12.3
    endloop
  endfacet
  facet normal 0.406778 0.913527 0
    outer loop
      vertex 5.6191 13.9078 12.3
      vertex 6.57557 13.4819 11.3
      vertex 5.6191 13.9078 11.3
    endloop
  endfacet
  facet normal 0.829067 0.559149 0
    outer loop
      vertex 12.7207 7.94879 12.3
      vertex 12.1353 8.81678 11.3
      vertex 12.1353 8.81678 12.3
    endloop
  endfacet
  facet normal 0.829067 0.559149 0
    outer loop
      vertex 12.1353 8.81678 11.3
      vertex 12.7207 7.94879 12.3
      vertex 12.7207 7.94879 11.3
    endloop
  endfacet
  facet normal 0.069819 0.99756 -0
    outer loop
      vertex 1.56793 14.9178 11.3
      vertex 0.523492 14.9909 12.3
      vertex 1.56793 14.9178 12.3
    endloop
  endfacet
  facet normal 0.069819 0.99756 0
    outer loop
      vertex 0.523492 14.9909 12.3
      vertex 1.56793 14.9178 11.3
      vertex 0.523492 14.9909 11.3
    endloop
  endfacet
  facet normal 0.694678 -0.719321 0
    outer loop
      vertex 10.037 -11.1472 11.3
      vertex 10.7901 -10.4199 12.3
      vertex 10.037 -11.1472 12.3
    endloop
  endfacet
  facet normal 0.694678 -0.719321 0
    outer loop
      vertex 10.7901 -10.4199 12.3
      vertex 10.037 -11.1472 11.3
      vertex 10.7901 -10.4199 11.3
    endloop
  endfacet
  facet normal 0.788003 0.615671 0
    outer loop
      vertex 12.1353 8.81678 12.3
      vertex 11.4907 9.64181 11.3
      vertex 11.4907 9.64181 12.3
    endloop
  endfacet
  facet normal 0.788003 0.615671 0
    outer loop
      vertex 11.4907 9.64181 11.3
      vertex 12.1353 8.81678 12.3
      vertex 12.1353 8.81678 11.3
    endloop
  endfacet
  facet normal -0.587783 -0.809019 0
    outer loop
      vertex -9.23492 -11.8202 11.3
      vertex -8.38789 -12.4356 12.3
      vertex -9.23492 -11.8202 12.3
    endloop
  endfacet
  facet normal -0.587783 -0.809019 -0
    outer loop
      vertex -8.38789 -12.4356 12.3
      vertex -9.23492 -11.8202 11.3
      vertex -8.38789 -12.4356 11.3
    endloop
  endfacet
  facet normal -0.207929 0.978144 0
    outer loop
      vertex -2.60472 14.7721 11.3
      vertex -3.62883 14.5544 12.3
      vertex -2.60472 14.7721 12.3
    endloop
  endfacet
  facet normal -0.207929 0.978144 0
    outer loop
      vertex -3.62883 14.5544 12.3
      vertex -2.60472 14.7721 11.3
      vertex -3.62883 14.5544 11.3
    endloop
  endfacet
  facet normal 0.970293 -0.241933 0
    outer loop
      vertex 14.4189 -4.13456 12.3
      vertex 14.6722 -3.11868 11.3
      vertex 14.6722 -3.11868 12.3
    endloop
  endfacet
  facet normal 0.970293 -0.241933 0
    outer loop
      vertex 14.6722 -3.11868 11.3
      vertex 14.4189 -4.13456 12.3
      vertex 14.4189 -4.13456 11.3
    endloop
  endfacet
  facet normal -0.069819 -0.99756 0
    outer loop
      vertex -1.56793 -14.9178 11.3
      vertex -0.523492 -14.9909 12.3
      vertex -1.56793 -14.9178 12.3
    endloop
  endfacet
  facet normal -0.069819 -0.99756 -0
    outer loop
      vertex -0.523492 -14.9909 12.3
      vertex -1.56793 -14.9178 11.3
      vertex -0.523492 -14.9909 11.3
    endloop
  endfacet
  facet normal 0.642774 0.766056 -0
    outer loop
      vertex 10.037 11.1472 11.3
      vertex 9.23492 11.8202 12.3
      vertex 10.037 11.1472 12.3
    endloop
  endfacet
  facet normal 0.642774 0.766056 0
    outer loop
      vertex 9.23492 11.8202 12.3
      vertex 10.037 11.1472 11.3
      vertex 9.23492 11.8202 11.3
    endloop
  endfacet
  facet normal -0.829067 -0.559149 0
    outer loop
      vertex -12.1353 -8.81678 11.3
      vertex -12.7207 -7.94879 12.3
      vertex -12.7207 -7.94879 11.3
    endloop
  endfacet
  facet normal -0.829067 -0.559149 0
    outer loop
      vertex -12.7207 -7.94879 12.3
      vertex -12.1353 -8.81678 11.3
      vertex -12.1353 -8.81678 12.3
    endloop
  endfacet
  facet normal 0.927187 0.3746 0
    outer loop
      vertex 14.0954 5.1303 12.3
      vertex 13.7032 6.10105 11.3
      vertex 13.7032 6.10105 12.3
    endloop
  endfacet
  facet normal 0.927187 0.3746 0
    outer loop
      vertex 13.7032 6.10105 11.3
      vertex 14.0954 5.1303 12.3
      vertex 14.0954 5.1303 11.3
    endloop
  endfacet
  facet normal 0.898781 -0.438397 0
    outer loop
      vertex 13.2442 -7.04207 12.3
      vertex 13.7032 -6.10105 11.3
      vertex 13.7032 -6.10105 12.3
    endloop
  endfacet
  facet normal 0.898781 -0.438397 0
    outer loop
      vertex 13.7032 -6.10105 11.3
      vertex 13.2442 -7.04207 12.3
      vertex 13.2442 -7.04207 11.3
    endloop
  endfacet
  facet normal 0.951066 0.308986 0
    outer loop
      vertex 14.4189 4.13456 12.3
      vertex 14.0954 5.1303 11.3
      vertex 14.0954 5.1303 12.3
    endloop
  endfacet
  facet normal 0.951066 0.308986 0
    outer loop
      vertex 14.0954 5.1303 11.3
      vertex 14.4189 4.13456 12.3
      vertex 14.4189 4.13456 11.3
    endloop
  endfacet
  facet normal -0.984809 -0.173641 0
    outer loop
      vertex -14.6722 -3.11868 11.3
      vertex -14.854 -2.0876 12.3
      vertex -14.854 -2.0876 11.3
    endloop
  endfacet
  facet normal -0.984809 -0.173641 0
    outer loop
      vertex -14.854 -2.0876 12.3
      vertex -14.6722 -3.11868 11.3
      vertex -14.6722 -3.11868 12.3
    endloop
  endfacet
  facet normal 0.469451 0.882959 -0
    outer loop
      vertex 7.5 12.9904 11.3
      vertex 6.57557 13.4819 12.3
      vertex 7.5 12.9904 12.3
    endloop
  endfacet
  facet normal 0.469451 0.882959 0
    outer loop
      vertex 6.57557 13.4819 12.3
      vertex 7.5 12.9904 11.3
      vertex 6.57557 13.4819 11.3
    endloop
  endfacet
  facet normal -0.788003 0.615671 0
    outer loop
      vertex -12.1353 8.81678 11.3
      vertex -11.4907 9.64181 12.3
      vertex -11.4907 9.64181 11.3
    endloop
  endfacet
  facet normal -0.788003 0.615671 0
    outer loop
      vertex -11.4907 9.64181 12.3
      vertex -12.1353 8.81678 11.3
      vertex -12.1353 8.81678 12.3
    endloop
  endfacet
  facet normal 0.529909 0.848055 -0
    outer loop
      vertex 8.38789 12.4356 11.3
      vertex 7.5 12.9904 12.3
      vertex 8.38789 12.4356 12.3
    endloop
  endfacet
  facet normal 0.529909 0.848055 0
    outer loop
      vertex 7.5 12.9904 12.3
      vertex 8.38789 12.4356 11.3
      vertex 7.5 12.9904 11.3
    endloop
  endfacet
  facet normal -0.642774 0.766056 0
    outer loop
      vertex -9.23492 11.8202 11.3
      vertex -10.037 11.1472 12.3
      vertex -9.23492 11.8202 12.3
    endloop
  endfacet
  facet normal -0.642774 0.766056 0
    outer loop
      vertex -10.037 11.1472 12.3
      vertex -9.23492 11.8202 11.3
      vertex -10.037 11.1472 11.3
    endloop
  endfacet
  facet normal -0.139162 -0.99027 0
    outer loop
      vertex -2.60472 -14.7721 11.3
      vertex -1.56793 -14.9178 12.3
      vertex -2.60472 -14.7721 12.3
    endloop
  endfacet
  facet normal -0.139162 -0.99027 -0
    outer loop
      vertex -1.56793 -14.9178 12.3
      vertex -2.60472 -14.7721 11.3
      vertex -1.56793 -14.9178 11.3
    endloop
  endfacet
  facet normal 0.898781 0.438397 0
    outer loop
      vertex 13.7032 6.10105 12.3
      vertex 13.2442 7.04207 11.3
      vertex 13.2442 7.04207 12.3
    endloop
  endfacet
  facet normal 0.898781 0.438397 0
    outer loop
      vertex 13.2442 7.04207 11.3
      vertex 13.7032 6.10105 12.3
      vertex 13.7032 6.10105 11.3
    endloop
  endfacet
  facet normal -0.788003 -0.615671 0
    outer loop
      vertex -11.4907 -9.64181 11.3
      vertex -12.1353 -8.81678 12.3
      vertex -12.1353 -8.81678 11.3
    endloop
  endfacet
  facet normal -0.788003 -0.615671 0
    outer loop
      vertex -12.1353 -8.81678 12.3
      vertex -11.4907 -9.64181 11.3
      vertex -11.4907 -9.64181 12.3
    endloop
  endfacet
  facet normal 0.642774 -0.766056 0
    outer loop
      vertex 9.23492 -11.8202 11.3
      vertex 10.037 -11.1472 12.3
      vertex 9.23492 -11.8202 12.3
    endloop
  endfacet
  facet normal 0.642774 -0.766056 0
    outer loop
      vertex 10.037 -11.1472 12.3
      vertex 9.23492 -11.8202 11.3
      vertex 10.037 -11.1472 11.3
    endloop
  endfacet
  facet normal 0.529909 -0.848055 0
    outer loop
      vertex 7.5 -12.9904 11.3
      vertex 8.38789 -12.4356 12.3
      vertex 7.5 -12.9904 12.3
    endloop
  endfacet
  facet normal 0.529909 -0.848055 0
    outer loop
      vertex 8.38789 -12.4356 12.3
      vertex 7.5 -12.9904 11.3
      vertex 8.38789 -12.4356 11.3
    endloop
  endfacet
  facet normal 0.406778 -0.913527 0
    outer loop
      vertex 5.6191 -13.9078 11.3
      vertex 6.57557 -13.4819 12.3
      vertex 5.6191 -13.9078 12.3
    endloop
  endfacet
  facet normal 0.406778 -0.913527 0
    outer loop
      vertex 6.57557 -13.4819 12.3
      vertex 5.6191 -13.9078 11.3
      vertex 6.57557 -13.4819 11.3
    endloop
  endfacet
  facet normal 0.829067 -0.559149 0
    outer loop
      vertex 12.1353 -8.81678 12.3
      vertex 12.7207 -7.94879 11.3
      vertex 12.7207 -7.94879 12.3
    endloop
  endfacet
  facet normal 0.829067 -0.559149 0
    outer loop
      vertex 12.7207 -7.94879 11.3
      vertex 12.1353 -8.81678 12.3
      vertex 12.1353 -8.81678 11.3
    endloop
  endfacet
  facet normal 0.069819 -0.99756 0
    outer loop
      vertex 0.523492 -14.9909 11.3
      vertex 1.56793 -14.9178 12.3
      vertex 0.523492 -14.9909 12.3
    endloop
  endfacet
  facet normal 0.069819 -0.99756 0
    outer loop
      vertex 1.56793 -14.9178 12.3
      vertex 0.523492 -14.9909 11.3
      vertex 1.56793 -14.9178 11.3
    endloop
  endfacet
  facet normal 0 0 -1
    outer loop
      vertex 14.9535 -1.04485 11.3
      vertex 15 0 11.3
      vertex 14.9635 -1.04635 11.3
    endloop
  endfacet
  facet normal -0 0 -1
    outer loop
      vertex 15 0 11.3
      vertex 14.9535 -1.04485 11.3
      vertex 14.99 0 11.3
    endloop
  endfacet
  facet normal 0 0 -1
    outer loop
      vertex 14.9635 -1.04635 11.3
      vertex 14.9535 -1.04565 11.3
      vertex 14.9535 -1.04485 11.3
    endloop
  endfacet
  facet normal -0 0 -1
    outer loop
      vertex 14.9635 -1.04635 11.3
      vertex 14.9534 -1.04644 11.3
      vertex 14.9535 -1.04565 11.3
    endloop
  endfacet
  facet normal 0 0 -1
    outer loop
      vertex 14.854 -2.0876 11.3
      vertex 14.9534 -1.04644 11.3
      vertex 14.9635 -1.04635 11.3
    endloop
  endfacet
  facet normal 0 0 -1
    outer loop
      vertex 14.854 -2.0876 11.3
      vertex 14.8441 -2.08621 11.3
      vertex 14.9534 -1.04644 11.3
    endloop
  endfacet
  facet normal 0 0 -1
    outer loop
      vertex 14.6626 -3.11581 11.3
      vertex 14.854 -2.0876 11.3
      vertex 14.6722 -3.11868 11.3
    endloop
  endfacet
  facet normal -0 0 -1
    outer loop
      vertex 14.854 -2.0876 11.3
      vertex 14.6626 -3.11581 11.3
      vertex 14.8441 -2.08621 11.3
    endloop
  endfacet
  facet normal 0 0 -1
    outer loop
      vertex 14.6722 -3.11868 11.3
      vertex 14.6624 -3.1166 11.3
      vertex 14.6626 -3.11581 11.3
    endloop
  endfacet
  facet normal 0 0 -1
    outer loop
      vertex 14.6722 -3.11868 11.3
      vertex 14.6623 -3.11737 11.3
      vertex 14.6624 -3.1166 11.3
    endloop
  endfacet
  facet normal 0 0 -1
    outer loop
      vertex 14.4189 -4.13456 11.3
      vertex 14.6623 -3.11737 11.3
      vertex 14.6722 -3.11868 11.3
    endloop
  endfacet
  facet normal 0 0 -1
    outer loop
      vertex 14.4189 -4.13456 11.3
      vertex 14.4093 -4.13181 11.3
      vertex 14.6623 -3.11737 11.3
    endloop
  endfacet
  facet normal 0 0 -1
    outer loop
      vertex 14.4189 -4.13456 11.3
      vertex 14.4091 -4.13256 11.3
      vertex 14.4093 -4.13181 11.3
    endloop
  endfacet
  facet normal 0 0 -1
    outer loop
      vertex 14.0954 -5.1303 11.3
      vertex 14.4091 -4.13256 11.3
      vertex 14.4189 -4.13456 11.3
    endloop
  endfacet
  facet normal 0 0 -1
    outer loop
      vertex 14.0954 -5.1303 11.3
      vertex 14.086 -5.12689 11.3
      vertex 14.4091 -4.13256 11.3
    endloop
  endfacet
  facet normal 0 0 -1
    outer loop
      vertex 13.6944 -6.09625 11.3
      vertex 14.0954 -5.1303 11.3
      vertex 13.7032 -6.10105 11.3
    endloop
  endfacet
  facet normal -0 0 -1
    outer loop
      vertex 14.0954 -5.1303 11.3
      vertex 13.6944 -6.09625 11.3
      vertex 14.086 -5.12689 11.3
    endloop
  endfacet
  facet normal 0 0 -1
    outer loop
      vertex 13.7032 -6.10105 11.3
      vertex 13.6941 -6.09699 11.3
      vertex 13.6944 -6.09625 11.3
    endloop
  endfacet
  facet normal 0 0 -1
    outer loop
      vertex 13.7032 -6.10105 11.3
      vertex 13.6937 -6.0977 11.3
      vertex 13.6941 -6.09699 11.3
    endloop
  endfacet
  facet normal 0 0 -1
    outer loop
      vertex 13.2442 -7.04207 11.3
      vertex 13.6937 -6.0977 11.3
      vertex 13.7032 -6.10105 11.3
    endloop
  endfacet
  facet normal 0 0 -1
    outer loop
      vertex 13.2442 -7.04207 11.3
      vertex 13.2354 -7.03738 11.3
      vertex 13.6937 -6.0977 11.3
    endloop
  endfacet
  facet normal 0 0 -1
    outer loop
      vertex 12.7127 -7.94281 11.3
      vertex 13.2442 -7.04207 11.3
      vertex 12.7207 -7.94879 11.3
    endloop
  endfacet
  facet normal -0 0 -1
    outer loop
      vertex 13.2442 -7.04207 11.3
      vertex 12.7127 -7.94281 11.3
      vertex 13.2354 -7.03738 11.3
    endloop
  endfacet
  facet normal 0 0 -1
    outer loop
      vertex 12.7207 -7.94879 11.3
      vertex 12.7123 -7.9435 11.3
      vertex 12.7127 -7.94281 11.3
    endloop
  endfacet
  facet normal 0 0 -1
    outer loop
      vertex 12.7207 -7.94879 11.3
      vertex 12.7118 -7.94416 11.3
      vertex 12.7123 -7.9435 11.3
    endloop
  endfacet
  facet normal 0 0 -1
    outer loop
      vertex 12.1353 -8.81678 11.3
      vertex 12.7118 -7.94416 11.3
      vertex 12.7207 -7.94879 11.3
    endloop
  endfacet
  facet normal 0 0 -1
    outer loop
      vertex 12.1353 -8.81678 11.3
      vertex 12.1272 -8.81091 11.3
      vertex 12.7118 -7.94416 11.3
    endloop
  endfacet
  facet normal 0 0 -1
    outer loop
      vertex 11.4835 -9.63477 11.3
      vertex 12.1353 -8.81678 11.3
      vertex 11.4907 -9.64181 11.3
    endloop
  endfacet
  facet normal -0 0 -1
    outer loop
      vertex 12.1353 -8.81678 11.3
      vertex 11.4835 -9.63477 11.3
      vertex 12.1272 -8.81091 11.3
    endloop
  endfacet
  facet normal 0 0 -1
    outer loop
      vertex 11.4907 -9.64181 11.3
      vertex 11.483 -9.63539 11.3
      vertex 11.4835 -9.63477 11.3
    endloop
  endfacet
  facet normal 0 0 -1
    outer loop
      vertex 10.7834 -10.4123 11.3
      vertex 11.4907 -9.64181 11.3
      vertex 10.7901 -10.4199 11.3
    endloop
  endfacet
  facet normal -0 0 -1
    outer loop
      vertex 11.4907 -9.64181 11.3
      vertex 10.7834 -10.4123 11.3
      vertex 11.483 -9.63539 11.3
    endloop
  endfacet
  facet normal 0 0 -1
    outer loop
      vertex 10.7901 -10.4199 11.3
      vertex 10.7829 -10.4129 11.3
      vertex 10.7834 -10.4123 11.3
    endloop
  endfacet
  facet normal 0 0 -1
    outer loop
      vertex 10.7901 -10.4199 11.3
      vertex 10.7823 -10.4135 11.3
      vertex 10.7829 -10.4129 11.3
    endloop
  endfacet
  facet normal 0 0 -1
    outer loop
      vertex 10.037 -11.1472 11.3
      vertex 10.7823 -10.4135 11.3
      vertex 10.7901 -10.4199 11.3
    endloop
  endfacet
  facet normal 0 0 -1
    outer loop
      vertex 10.037 -11.1472 11.3
      vertex 10.0303 -11.1398 11.3
      vertex 10.7823 -10.4135 11.3
    endloop
  endfacet
  facet normal 0 0 -1
    outer loop
      vertex 10.037 -11.1472 11.3
      vertex 10.0297 -11.1403 11.3
      vertex 10.0303 -11.1398 11.3
    endloop
  endfacet
  facet normal 0 0 -1
    outer loop
      vertex 9.23492 -11.8202 11.3
      vertex 10.0297 -11.1403 11.3
      vertex 10.037 -11.1472 11.3
    endloop
  endfacet
  facet normal 0 0 -1
    outer loop
      vertex 9.23492 -11.8202 11.3
      vertex 9.22877 -11.8123 11.3
      vertex 10.0297 -11.1403 11.3
    endloop
  endfacet
  facet normal 0 0 -1
    outer loop
      vertex 9.23492 -11.8202 11.3
      vertex 9.22813 -11.8128 11.3
      vertex 9.22877 -11.8123 11.3
    endloop
  endfacet
  facet normal 0 0 -1
    outer loop
      vertex 8.38789 -12.4356 11.3
      vertex 9.22813 -11.8128 11.3
      vertex 9.23492 -11.8202 11.3
    endloop
  endfacet
  facet normal 0 0 -1
    outer loop
      vertex 8.38789 -12.4356 11.3
      vertex 8.38231 -12.4273 11.3
      vertex 9.22813 -11.8128 11.3
    endloop
  endfacet
  facet normal 0 0 -1
    outer loop
      vertex 7.49568 -12.9813 11.3
      vertex 8.38789 -12.4356 11.3
      vertex 7.5 -12.9904 11.3
    endloop
  endfacet
  facet normal -0 0 -1
    outer loop
      vertex 8.38789 -12.4356 11.3
      vertex 7.49568 -12.9813 11.3
      vertex 8.38231 -12.4273 11.3
    endloop
  endfacet
  facet normal 0 0 -1
    outer loop
      vertex 7.5 -12.9904 11.3
      vertex 7.49501 -12.9817 11.3
      vertex 7.49568 -12.9813 11.3
    endloop
  endfacet
  facet normal 0 0 -1
    outer loop
      vertex 6.57189 -13.4726 11.3
      vertex 7.5 -12.9904 11.3
      vertex 6.57557 -13.4819 11.3
    endloop
  endfacet
  facet normal -0 0 -1
    outer loop
      vertex 7.5 -12.9904 11.3
      vertex 6.57189 -13.4726 11.3
      vertex 7.49501 -12.9817 11.3
    endloop
  endfacet
  facet normal 0 0 -1
    outer loop
      vertex 6.57557 -13.4819 11.3
      vertex 6.57119 -13.4729 11.3
      vertex 6.57189 -13.4726 11.3
    endloop
  endfacet
  facet normal 0 0 -1
    outer loop
      vertex 5.61609 -13.8982 11.3
      vertex 6.57557 -13.4819 11.3
      vertex 5.6191 -13.9078 11.3
    endloop
  endfacet
  facet normal -0 0 -1
    outer loop
      vertex 6.57557 -13.4819 11.3
      vertex 5.61609 -13.8982 11.3
      vertex 6.57119 -13.4729 11.3
    endloop
  endfacet
  facet normal 0 0 -1
    outer loop
      vertex 5.6191 -13.9078 11.3
      vertex 5.61536 -13.8985 11.3
      vertex 5.61609 -13.8982 11.3
    endloop
  endfacet
  facet normal 0 0 -1
    outer loop
      vertex 5.6191 -13.9078 11.3
      vertex 5.61461 -13.8988 11.3
      vertex 5.61536 -13.8985 11.3
    endloop
  endfacet
  facet normal 0 0 -1
    outer loop
      vertex 4.63525 -14.2658 11.3
      vertex 5.61461 -13.8988 11.3
      vertex 5.6191 -13.9078 11.3
    endloop
  endfacet
  facet normal 0 0 -1
    outer loop
      vertex 4.63525 -14.2658 11.3
      vertex 4.63217 -14.2563 11.3
      vertex 5.61461 -13.8988 11.3
    endloop
  endfacet
  facet normal 0 0 -1
    outer loop
      vertex 3.62718 -14.5445 11.3
      vertex 4.63525 -14.2658 11.3
      vertex 3.62883 -14.5544 11.3
    endloop
  endfacet
  facet normal -0 0 -1
    outer loop
      vertex 4.63525 -14.2658 11.3
      vertex 3.62718 -14.5445 11.3
      vertex 4.63217 -14.2563 11.3
    endloop
  endfacet
  facet normal 0 0 -1
    outer loop
      vertex 3.62883 -14.5544 11.3
      vertex 3.62641 -14.5447 11.3
      vertex 3.62718 -14.5445 11.3
    endloop
  endfacet
  facet normal 0 0 -1
    outer loop
      vertex 3.62883 -14.5544 11.3
      vertex 3.62563 -14.5449 11.3
      vertex 3.62641 -14.5447 11.3
    endloop
  endfacet
  facet normal 0 0 -1
    outer loop
      vertex 2.60472 -14.7721 11.3
      vertex 3.62563 -14.5449 11.3
      vertex 3.62883 -14.5544 11.3
    endloop
  endfacet
  facet normal 0 0 -1
    outer loop
      vertex 2.60472 -14.7721 11.3
      vertex 2.60299 -14.7623 11.3
      vertex 3.62563 -14.5449 11.3
    endloop
  endfacet
  facet normal 0 0 -1
    outer loop
      vertex 2.60472 -14.7721 11.3
      vertex 2.6022 -14.7624 11.3
      vertex 2.60299 -14.7623 11.3
    endloop
  endfacet
  facet normal 0 0 -1
    outer loop
      vertex 1.56793 -14.9178 11.3
      vertex 2.6022 -14.7624 11.3
      vertex 2.60472 -14.7721 11.3
    endloop
  endfacet
  facet normal 0 0 -1
    outer loop
      vertex 1.56793 -14.9178 11.3
      vertex 1.56688 -14.9079 11.3
      vertex 2.6022 -14.7624 11.3
    endloop
  endfacet
  facet normal -0 0 -1
    outer loop
      vertex 1.56793 -14.9178 11.3
      vertex 0.523938 -14.9808 11.3
      vertex 1.56688 -14.9079 11.3
    endloop
  endfacet
  facet normal 0 0 -1
    outer loop
      vertex 0.523492 -14.9909 11.3
      vertex 0.523938 -14.9808 11.3
      vertex 1.56793 -14.9178 11.3
    endloop
  endfacet
  facet normal 0 0 -1
    outer loop
      vertex 0.523492 -14.9909 11.3
      vertex 0.523143 -14.9809 11.3
      vertex 0.523938 -14.9808 11.3
    endloop
  endfacet
  facet normal 0 0 -1
    outer loop
      vertex 0.523492 -14.9909 11.3
      vertex -0.523143 -14.9809 11.3
      vertex 0.523143 -14.9809 11.3
    endloop
  endfacet
  facet normal 0 0 -1
    outer loop
      vertex -0.523492 -14.9909 11.3
      vertex -0.523143 -14.9809 11.3
      vertex 0.523492 -14.9909 11.3
    endloop
  endfacet
  facet normal 0 0 -1
    outer loop
      vertex -0.523492 -14.9909 11.3
      vertex -0.523938 -14.9808 11.3
      vertex -0.523143 -14.9809 11.3
    endloop
  endfacet
  facet normal 0 0 -1
    outer loop
      vertex -1.56793 -14.9178 11.3
      vertex -0.523938 -14.9808 11.3
      vertex -0.523492 -14.9909 11.3
    endloop
  endfacet
  facet normal 0 0 -1
    outer loop
      vertex -0.523938 -14.9808 11.3
      vertex -1.56793 -14.9178 11.3
      vertex -1.56688 -14.9079 11.3
    endloop
  endfacet
  facet normal 0 0 -1
    outer loop
      vertex -1.56793 -14.9178 11.3
      vertex -2.6022 -14.7624 11.3
      vertex -1.56688 -14.9079 11.3
    endloop
  endfacet
  facet normal 0 0 -1
    outer loop
      vertex -2.60472 -14.7721 11.3
      vertex -2.6022 -14.7624 11.3
      vertex -1.56793 -14.9178 11.3
    endloop
  endfacet
  facet normal -0 0 -1
    outer loop
      vertex -2.6022 -14.7624 11.3
      vertex -2.60472 -14.7721 11.3
      vertex -2.60299 -14.7623 11.3
    endloop
  endfacet
  facet normal 0 0 -1
    outer loop
      vertex -2.60472 -14.7721 11.3
      vertex -3.62563 -14.5449 11.3
      vertex -2.60299 -14.7623 11.3
    endloop
  endfacet
  facet normal 0 0 -1
    outer loop
      vertex -3.62883 -14.5544 11.3
      vertex -3.62563 -14.5449 11.3
      vertex -2.60472 -14.7721 11.3
    endloop
  endfacet
  facet normal -0 0 -1
    outer loop
      vertex -3.62563 -14.5449 11.3
      vertex -3.62883 -14.5544 11.3
      vertex -3.62641 -14.5447 11.3
    endloop
  endfacet
  facet normal 0 0 -1
    outer loop
      vertex -3.62883 -14.5544 11.3
      vertex -3.62718 -14.5445 11.3
      vertex -3.62641 -14.5447 11.3
    endloop
  endfacet
  facet normal 0 0 -1
    outer loop
      vertex -4.63525 -14.2658 11.3
      vertex -3.62718 -14.5445 11.3
      vertex -3.62883 -14.5544 11.3
    endloop
  endfacet
  facet normal 0 0 -1
    outer loop
      vertex -3.62718 -14.5445 11.3
      vertex -4.63525 -14.2658 11.3
      vertex -4.63217 -14.2563 11.3
    endloop
  endfacet
  facet normal 0 0 -1
    outer loop
      vertex -4.63525 -14.2658 11.3
      vertex -5.61461 -13.8988 11.3
      vertex -4.63217 -14.2563 11.3
    endloop
  endfacet
  facet normal 0 0 -1
    outer loop
      vertex -5.6191 -13.9078 11.3
      vertex -5.61461 -13.8988 11.3
      vertex -4.63525 -14.2658 11.3
    endloop
  endfacet
  facet normal -0 0 -1
    outer loop
      vertex -5.61461 -13.8988 11.3
      vertex -5.6191 -13.9078 11.3
      vertex -5.61536 -13.8985 11.3
    endloop
  endfacet
  facet normal 0 0 -1
    outer loop
      vertex -5.6191 -13.9078 11.3
      vertex -5.61609 -13.8982 11.3
      vertex -5.61536 -13.8985 11.3
    endloop
  endfacet
  facet normal 0 0 -1
    outer loop
      vertex -6.57557 -13.4819 11.3
      vertex -5.61609 -13.8982 11.3
      vertex -5.6191 -13.9078 11.3
    endloop
  endfacet
  facet normal 0 0 -1
    outer loop
      vertex -5.61609 -13.8982 11.3
      vertex -6.57557 -13.4819 11.3
      vertex -6.57119 -13.4729 11.3
    endloop
  endfacet
  facet normal 0 0 -1
    outer loop
      vertex -6.57557 -13.4819 11.3
      vertex -6.57189 -13.4726 11.3
      vertex -6.57119 -13.4729 11.3
    endloop
  endfacet
  facet normal 0 0 -1
    outer loop
      vertex -7.5 -12.9904 11.3
      vertex -6.57189 -13.4726 11.3
      vertex -6.57557 -13.4819 11.3
    endloop
  endfacet
  facet normal 0 0 -1
    outer loop
      vertex -6.57189 -13.4726 11.3
      vertex -7.5 -12.9904 11.3
      vertex -7.49501 -12.9817 11.3
    endloop
  endfacet
  facet normal 0 0 -1
    outer loop
      vertex -7.5 -12.9904 11.3
      vertex -7.49568 -12.9813 11.3
      vertex -7.49501 -12.9817 11.3
    endloop
  endfacet
  facet normal 0 0 -1
    outer loop
      vertex -8.38789 -12.4356 11.3
      vertex -7.49568 -12.9813 11.3
      vertex -7.5 -12.9904 11.3
    endloop
  endfacet
  facet normal 0 0 -1
    outer loop
      vertex -7.49568 -12.9813 11.3
      vertex -8.38789 -12.4356 11.3
      vertex -8.38231 -12.4273 11.3
    endloop
  endfacet
  facet normal 0 0 -1
    outer loop
      vertex -8.38789 -12.4356 11.3
      vertex -9.22813 -11.8128 11.3
      vertex -8.38231 -12.4273 11.3
    endloop
  endfacet
  facet normal 0 0 -1
    outer loop
      vertex -9.23492 -11.8202 11.3
      vertex -9.22813 -11.8128 11.3
      vertex -8.38789 -12.4356 11.3
    endloop
  endfacet
  facet normal -0 0 -1
    outer loop
      vertex -9.22813 -11.8128 11.3
      vertex -9.23492 -11.8202 11.3
      vertex -9.22877 -11.8123 11.3
    endloop
  endfacet
  facet normal 0 0 -1
    outer loop
      vertex -9.23492 -11.8202 11.3
      vertex -10.0297 -11.1403 11.3
      vertex -9.22877 -11.8123 11.3
    endloop
  endfacet
  facet normal 0 0 -1
    outer loop
      vertex -10.037 -11.1472 11.3
      vertex -10.0297 -11.1403 11.3
      vertex -9.23492 -11.8202 11.3
    endloop
  endfacet
  facet normal -0 0 -1
    outer loop
      vertex -10.0297 -11.1403 11.3
      vertex -10.037 -11.1472 11.3
      vertex -10.0303 -11.1398 11.3
    endloop
  endfacet
  facet normal 0 0 -1
    outer loop
      vertex -10.037 -11.1472 11.3
      vertex -10.7823 -10.4135 11.3
      vertex -10.0303 -11.1398 11.3
    endloop
  endfacet
  facet normal 0 0 -1
    outer loop
      vertex -10.7901 -10.4199 11.3
      vertex -10.7823 -10.4135 11.3
      vertex -10.037 -11.1472 11.3
    endloop
  endfacet
  facet normal -0 0 -1
    outer loop
      vertex -10.7823 -10.4135 11.3
      vertex -10.7901 -10.4199 11.3
      vertex -10.7829 -10.4129 11.3
    endloop
  endfacet
  facet normal 0 0 -1
    outer loop
      vertex -10.7901 -10.4199 11.3
      vertex -10.7834 -10.4123 11.3
      vertex -10.7829 -10.4129 11.3
    endloop
  endfacet
  facet normal 0 0 -1
    outer loop
      vertex -11.4907 -9.64181 11.3
      vertex -10.7834 -10.4123 11.3
      vertex -10.7901 -10.4199 11.3
    endloop
  endfacet
  facet normal 0 0 -1
    outer loop
      vertex -10.7834 -10.4123 11.3
      vertex -11.4907 -9.64181 11.3
      vertex -11.483 -9.63539 11.3
    endloop
  endfacet
  facet normal 0 0 -1
    outer loop
      vertex -11.4907 -9.64181 11.3
      vertex -11.4835 -9.63477 11.3
      vertex -11.483 -9.63539 11.3
    endloop
  endfacet
  facet normal 0 0 -1
    outer loop
      vertex -12.1353 -8.81678 11.3
      vertex -11.4835 -9.63477 11.3
      vertex -11.4907 -9.64181 11.3
    endloop
  endfacet
  facet normal 0 0 -1
    outer loop
      vertex -11.4835 -9.63477 11.3
      vertex -12.1353 -8.81678 11.3
      vertex -12.1272 -8.81091 11.3
    endloop
  endfacet
  facet normal 0 0 -1
    outer loop
      vertex -12.1353 -8.81678 11.3
      vertex -12.7118 -7.94416 11.3
      vertex -12.1272 -8.81091 11.3
    endloop
  endfacet
  facet normal 0 0 -1
    outer loop
      vertex -12.7207 -7.94879 11.3
      vertex -12.7118 -7.94416 11.3
      vertex -12.1353 -8.81678 11.3
    endloop
  endfacet
  facet normal -0 0 -1
    outer loop
      vertex -12.7118 -7.94416 11.3
      vertex -12.7207 -7.94879 11.3
      vertex -12.7123 -7.9435 11.3
    endloop
  endfacet
  facet normal 0 0 -1
    outer loop
      vertex -12.7207 -7.94879 11.3
      vertex -12.7127 -7.94281 11.3
      vertex -12.7123 -7.9435 11.3
    endloop
  endfacet
  facet normal 0 0 -1
    outer loop
      vertex -13.2442 -7.04207 11.3
      vertex -12.7127 -7.94281 11.3
      vertex -12.7207 -7.94879 11.3
    endloop
  endfacet
  facet normal 0 0 -1
    outer loop
      vertex -12.7127 -7.94281 11.3
      vertex -13.2442 -7.04207 11.3
      vertex -13.2354 -7.03738 11.3
    endloop
  endfacet
  facet normal 0 0 -1
    outer loop
      vertex -13.2442 -7.04207 11.3
      vertex -13.6937 -6.0977 11.3
      vertex -13.2354 -7.03738 11.3
    endloop
  endfacet
  facet normal 0 0 -1
    outer loop
      vertex -13.7032 -6.10105 11.3
      vertex -13.6937 -6.0977 11.3
      vertex -13.2442 -7.04207 11.3
    endloop
  endfacet
  facet normal -0 0 -1
    outer loop
      vertex -13.6937 -6.0977 11.3
      vertex -13.7032 -6.10105 11.3
      vertex -13.6941 -6.09699 11.3
    endloop
  endfacet
  facet normal 0 0 -1
    outer loop
      vertex -13.7032 -6.10105 11.3
      vertex -13.6944 -6.09625 11.3
      vertex -13.6941 -6.09699 11.3
    endloop
  endfacet
  facet normal 0 0 -1
    outer loop
      vertex -14.0954 -5.1303 11.3
      vertex -13.6944 -6.09625 11.3
      vertex -13.7032 -6.10105 11.3
    endloop
  endfacet
  facet normal 0 0 -1
    outer loop
      vertex -13.6944 -6.09625 11.3
      vertex -14.0954 -5.1303 11.3
      vertex -14.086 -5.12689 11.3
    endloop
  endfacet
  facet normal 0 0 -1
    outer loop
      vertex -14.0954 -5.1303 11.3
      vertex -14.4091 -4.13256 11.3
      vertex -14.086 -5.12689 11.3
    endloop
  endfacet
  facet normal 0 0 -1
    outer loop
      vertex -14.4189 -4.13456 11.3
      vertex -14.4091 -4.13256 11.3
      vertex -14.0954 -5.1303 11.3
    endloop
  endfacet
  facet normal -0 0 -1
    outer loop
      vertex -14.4091 -4.13256 11.3
      vertex -14.4189 -4.13456 11.3
      vertex -14.4093 -4.13181 11.3
    endloop
  endfacet
  facet normal 0 0 -1
    outer loop
      vertex -14.4189 -4.13456 11.3
      vertex -14.6623 -3.11737 11.3
      vertex -14.4093 -4.13181 11.3
    endloop
  endfacet
  facet normal 0 0 -1
    outer loop
      vertex -14.6722 -3.11868 11.3
      vertex -14.6623 -3.11737 11.3
      vertex -14.4189 -4.13456 11.3
    endloop
  endfacet
  facet normal -0 0 -1
    outer loop
      vertex -14.6623 -3.11737 11.3
      vertex -14.6722 -3.11868 11.3
      vertex -14.6624 -3.1166 11.3
    endloop
  endfacet
  facet normal 0 0 -1
    outer loop
      vertex -14.6722 -3.11868 11.3
      vertex -14.6626 -3.11581 11.3
      vertex -14.6624 -3.1166 11.3
    endloop
  endfacet
  facet normal 0 0 -1
    outer loop
      vertex -14.854 -2.0876 11.3
      vertex -14.6626 -3.11581 11.3
      vertex -14.6722 -3.11868 11.3
    endloop
  endfacet
  facet normal 0 0 -1
    outer loop
      vertex -14.6626 -3.11581 11.3
      vertex -14.854 -2.0876 11.3
      vertex -14.8441 -2.08621 11.3
    endloop
  endfacet
  facet normal 0 0 -1
    outer loop
      vertex -14.854 -2.0876 11.3
      vertex -14.9534 -1.04644 11.3
      vertex -14.8441 -2.08621 11.3
    endloop
  endfacet
  facet normal 0 0 -1
    outer loop
      vertex -14.9635 -1.04635 11.3
      vertex -14.9534 -1.04644 11.3
      vertex -14.854 -2.0876 11.3
    endloop
  endfacet
  facet normal 0 0 -1
    outer loop
      vertex -14.9534 -1.04644 11.3
      vertex -14.9635 -1.04635 11.3
      vertex -14.9535 -1.04565 11.3
    endloop
  endfacet
  facet normal 0 0 -1
    outer loop
      vertex -14.9635 -1.04635 11.3
      vertex -14.9535 -1.04485 11.3
      vertex -14.9535 -1.04565 11.3
    endloop
  endfacet
  facet normal 0 0 -1
    outer loop
      vertex -15 0 11.3
      vertex -14.9535 -1.04485 11.3
      vertex -14.9635 -1.04635 11.3
    endloop
  endfacet
  facet normal 0 0 -1
    outer loop
      vertex -14.9535 -1.04485 11.3
      vertex -15 0 11.3
      vertex -14.99 0 11.3
    endloop
  endfacet
  facet normal 0 0 -1
    outer loop
      vertex 14.9535 1.04485 11.3
      vertex 15 0 11.3
      vertex 14.99 0 11.3
    endloop
  endfacet
  facet normal 0 0 -1
    outer loop
      vertex 15 0 11.3
      vertex 14.9535 1.04485 11.3
      vertex 14.9635 1.04635 11.3
    endloop
  endfacet
  facet normal 0 0 -1
    outer loop
      vertex 14.9535 1.04565 11.3
      vertex 14.9635 1.04635 11.3
      vertex 14.9535 1.04485 11.3
    endloop
  endfacet
  facet normal 0 0 -1
    outer loop
      vertex 14.9534 1.04644 11.3
      vertex 14.9635 1.04635 11.3
      vertex 14.9535 1.04565 11.3
    endloop
  endfacet
  facet normal 0 0 -1
    outer loop
      vertex 14.9534 1.04644 11.3
      vertex 14.854 2.0876 11.3
      vertex 14.9635 1.04635 11.3
    endloop
  endfacet
  facet normal 0 0 -1
    outer loop
      vertex 14.8441 2.08621 11.3
      vertex 14.854 2.0876 11.3
      vertex 14.9534 1.04644 11.3
    endloop
  endfacet
  facet normal 0 0 -1
    outer loop
      vertex 14.6626 3.11581 11.3
      vertex 14.854 2.0876 11.3
      vertex 14.8441 2.08621 11.3
    endloop
  endfacet
  facet normal 0 0 -1
    outer loop
      vertex 14.854 2.0876 11.3
      vertex 14.6626 3.11581 11.3
      vertex 14.6722 3.11868 11.3
    endloop
  endfacet
  facet normal 0 0 -1
    outer loop
      vertex 14.6624 3.1166 11.3
      vertex 14.6722 3.11868 11.3
      vertex 14.6626 3.11581 11.3
    endloop
  endfacet
  facet normal 0 0 -1
    outer loop
      vertex 14.6623 3.11737 11.3
      vertex 14.6722 3.11868 11.3
      vertex 14.6624 3.1166 11.3
    endloop
  endfacet
  facet normal 0 0 -1
    outer loop
      vertex 14.6623 3.11737 11.3
      vertex 14.4189 4.13456 11.3
      vertex 14.6722 3.11868 11.3
    endloop
  endfacet
  facet normal 0 0 -1
    outer loop
      vertex 14.4093 4.13181 11.3
      vertex 14.4189 4.13456 11.3
      vertex 14.6623 3.11737 11.3
    endloop
  endfacet
  facet normal 0 0 -1
    outer loop
      vertex 14.4091 4.13256 11.3
      vertex 14.4189 4.13456 11.3
      vertex 14.4093 4.13181 11.3
    endloop
  endfacet
  facet normal 0 0 -1
    outer loop
      vertex 14.4091 4.13256 11.3
      vertex 14.0954 5.1303 11.3
      vertex 14.4189 4.13456 11.3
    endloop
  endfacet
  facet normal 0 0 -1
    outer loop
      vertex 14.086 5.12689 11.3
      vertex 14.0954 5.1303 11.3
      vertex 14.4091 4.13256 11.3
    endloop
  endfacet
  facet normal 0 0 -1
    outer loop
      vertex 13.6944 6.09625 11.3
      vertex 14.0954 5.1303 11.3
      vertex 14.086 5.12689 11.3
    endloop
  endfacet
  facet normal 0 0 -1
    outer loop
      vertex 14.0954 5.1303 11.3
      vertex 13.6944 6.09625 11.3
      vertex 13.7032 6.10105 11.3
    endloop
  endfacet
  facet normal 0 0 -1
    outer loop
      vertex 13.6941 6.09699 11.3
      vertex 13.7032 6.10105 11.3
      vertex 13.6944 6.09625 11.3
    endloop
  endfacet
  facet normal 0 0 -1
    outer loop
      vertex 13.6937 6.0977 11.3
      vertex 13.7032 6.10105 11.3
      vertex 13.6941 6.09699 11.3
    endloop
  endfacet
  facet normal 0 0 -1
    outer loop
      vertex 13.6937 6.0977 11.3
      vertex 13.2442 7.04207 11.3
      vertex 13.7032 6.10105 11.3
    endloop
  endfacet
  facet normal 0 0 -1
    outer loop
      vertex 13.2354 7.03738 11.3
      vertex 13.2442 7.04207 11.3
      vertex 13.6937 6.0977 11.3
    endloop
  endfacet
  facet normal 0 0 -1
    outer loop
      vertex 12.7127 7.94281 11.3
      vertex 13.2442 7.04207 11.3
      vertex 13.2354 7.03738 11.3
    endloop
  endfacet
  facet normal 0 0 -1
    outer loop
      vertex 13.2442 7.04207 11.3
      vertex 12.7127 7.94281 11.3
      vertex 12.7207 7.94879 11.3
    endloop
  endfacet
  facet normal 0 0 -1
    outer loop
      vertex 12.7123 7.9435 11.3
      vertex 12.7207 7.94879 11.3
      vertex 12.7127 7.94281 11.3
    endloop
  endfacet
  facet normal 0 0 -1
    outer loop
      vertex 12.7118 7.94416 11.3
      vertex 12.7207 7.94879 11.3
      vertex 12.7123 7.9435 11.3
    endloop
  endfacet
  facet normal 0 0 -1
    outer loop
      vertex 12.7118 7.94416 11.3
      vertex 12.1353 8.81678 11.3
      vertex 12.7207 7.94879 11.3
    endloop
  endfacet
  facet normal 0 0 -1
    outer loop
      vertex 12.1272 8.81091 11.3
      vertex 12.1353 8.81678 11.3
      vertex 12.7118 7.94416 11.3
    endloop
  endfacet
  facet normal 0 0 -1
    outer loop
      vertex 11.4835 9.63477 11.3
      vertex 12.1353 8.81678 11.3
      vertex 12.1272 8.81091 11.3
    endloop
  endfacet
  facet normal 0 0 -1
    outer loop
      vertex 12.1353 8.81678 11.3
      vertex 11.4835 9.63477 11.3
      vertex 11.4907 9.64181 11.3
    endloop
  endfacet
  facet normal 0 0 -1
    outer loop
      vertex 11.483 9.63539 11.3
      vertex 11.4907 9.64181 11.3
      vertex 11.4835 9.63477 11.3
    endloop
  endfacet
  facet normal 0 0 -1
    outer loop
      vertex 10.7834 10.4123 11.3
      vertex 11.4907 9.64181 11.3
      vertex 11.483 9.63539 11.3
    endloop
  endfacet
  facet normal 0 0 -1
    outer loop
      vertex 11.4907 9.64181 11.3
      vertex 10.7834 10.4123 11.3
      vertex 10.7901 10.4199 11.3
    endloop
  endfacet
  facet normal 0 0 -1
    outer loop
      vertex 10.7829 10.4129 11.3
      vertex 10.7901 10.4199 11.3
      vertex 10.7834 10.4123 11.3
    endloop
  endfacet
  facet normal 0 0 -1
    outer loop
      vertex 10.7823 10.4135 11.3
      vertex 10.7901 10.4199 11.3
      vertex 10.7829 10.4129 11.3
    endloop
  endfacet
  facet normal 0 0 -1
    outer loop
      vertex 10.7823 10.4135 11.3
      vertex 10.037 11.1472 11.3
      vertex 10.7901 10.4199 11.3
    endloop
  endfacet
  facet normal 0 0 -1
    outer loop
      vertex 10.0303 11.1398 11.3
      vertex 10.037 11.1472 11.3
      vertex 10.7823 10.4135 11.3
    endloop
  endfacet
  facet normal 0 0 -1
    outer loop
      vertex 10.0297 11.1403 11.3
      vertex 10.037 11.1472 11.3
      vertex 10.0303 11.1398 11.3
    endloop
  endfacet
  facet normal 0 0 -1
    outer loop
      vertex 10.0297 11.1403 11.3
      vertex 9.23492 11.8202 11.3
      vertex 10.037 11.1472 11.3
    endloop
  endfacet
  facet normal 0 0 -1
    outer loop
      vertex 9.22877 11.8123 11.3
      vertex 9.23492 11.8202 11.3
      vertex 10.0297 11.1403 11.3
    endloop
  endfacet
  facet normal 0 0 -1
    outer loop
      vertex 9.22813 11.8128 11.3
      vertex 9.23492 11.8202 11.3
      vertex 9.22877 11.8123 11.3
    endloop
  endfacet
  facet normal 0 0 -1
    outer loop
      vertex 9.22813 11.8128 11.3
      vertex 8.38789 12.4356 11.3
      vertex 9.23492 11.8202 11.3
    endloop
  endfacet
  facet normal 0 0 -1
    outer loop
      vertex 8.38231 12.4273 11.3
      vertex 8.38789 12.4356 11.3
      vertex 9.22813 11.8128 11.3
    endloop
  endfacet
  facet normal 0 0 -1
    outer loop
      vertex 7.49568 12.9813 11.3
      vertex 8.38789 12.4356 11.3
      vertex 8.38231 12.4273 11.3
    endloop
  endfacet
  facet normal 0 0 -1
    outer loop
      vertex 8.38789 12.4356 11.3
      vertex 7.49568 12.9813 11.3
      vertex 7.5 12.9904 11.3
    endloop
  endfacet
  facet normal 0 0 -1
    outer loop
      vertex 7.49501 12.9817 11.3
      vertex 7.5 12.9904 11.3
      vertex 7.49568 12.9813 11.3
    endloop
  endfacet
  facet normal 0 0 -1
    outer loop
      vertex 6.57189 13.4726 11.3
      vertex 7.5 12.9904 11.3
      vertex 7.49501 12.9817 11.3
    endloop
  endfacet
  facet normal 0 0 -1
    outer loop
      vertex 7.5 12.9904 11.3
      vertex 6.57189 13.4726 11.3
      vertex 6.57557 13.4819 11.3
    endloop
  endfacet
  facet normal 0 0 -1
    outer loop
      vertex 6.57119 13.4729 11.3
      vertex 6.57557 13.4819 11.3
      vertex 6.57189 13.4726 11.3
    endloop
  endfacet
  facet normal 0 0 -1
    outer loop
      vertex 5.61609 13.8982 11.3
      vertex 6.57557 13.4819 11.3
      vertex 6.57119 13.4729 11.3
    endloop
  endfacet
  facet normal 0 0 -1
    outer loop
      vertex 6.57557 13.4819 11.3
      vertex 5.61609 13.8982 11.3
      vertex 5.6191 13.9078 11.3
    endloop
  endfacet
  facet normal 0 0 -1
    outer loop
      vertex 5.61536 13.8985 11.3
      vertex 5.6191 13.9078 11.3
      vertex 5.61609 13.8982 11.3
    endloop
  endfacet
  facet normal 0 0 -1
    outer loop
      vertex 5.61461 13.8988 11.3
      vertex 5.6191 13.9078 11.3
      vertex 5.61536 13.8985 11.3
    endloop
  endfacet
  facet normal 0 0 -1
    outer loop
      vertex 5.61461 13.8988 11.3
      vertex 4.63525 14.2658 11.3
      vertex 5.6191 13.9078 11.3
    endloop
  endfacet
  facet normal 0 0 -1
    outer loop
      vertex 4.63217 14.2563 11.3
      vertex 4.63525 14.2658 11.3
      vertex 5.61461 13.8988 11.3
    endloop
  endfacet
  facet normal 0 0 -1
    outer loop
      vertex 3.62718 14.5445 11.3
      vertex 4.63525 14.2658 11.3
      vertex 4.63217 14.2563 11.3
    endloop
  endfacet
  facet normal 0 0 -1
    outer loop
      vertex 4.63525 14.2658 11.3
      vertex 3.62718 14.5445 11.3
      vertex 3.62883 14.5544 11.3
    endloop
  endfacet
  facet normal 0 0 -1
    outer loop
      vertex 3.62641 14.5447 11.3
      vertex 3.62883 14.5544 11.3
      vertex 3.62718 14.5445 11.3
    endloop
  endfacet
  facet normal 0 0 -1
    outer loop
      vertex 3.62563 14.5449 11.3
      vertex 3.62883 14.5544 11.3
      vertex 3.62641 14.5447 11.3
    endloop
  endfacet
  facet normal 0 0 -1
    outer loop
      vertex 3.62563 14.5449 11.3
      vertex 2.60472 14.7721 11.3
      vertex 3.62883 14.5544 11.3
    endloop
  endfacet
  facet normal 0 0 -1
    outer loop
      vertex 2.60299 14.7623 11.3
      vertex 2.60472 14.7721 11.3
      vertex 3.62563 14.5449 11.3
    endloop
  endfacet
  facet normal 0 0 -1
    outer loop
      vertex 2.6022 14.7624 11.3
      vertex 2.60472 14.7721 11.3
      vertex 2.60299 14.7623 11.3
    endloop
  endfacet
  facet normal 0 0 -1
    outer loop
      vertex 2.6022 14.7624 11.3
      vertex 1.56793 14.9178 11.3
      vertex 2.60472 14.7721 11.3
    endloop
  endfacet
  facet normal 0 0 -1
    outer loop
      vertex 1.56688 14.9079 11.3
      vertex 1.56793 14.9178 11.3
      vertex 2.6022 14.7624 11.3
    endloop
  endfacet
  facet normal 0 0 -1
    outer loop
      vertex 0.523938 14.9808 11.3
      vertex 1.56793 14.9178 11.3
      vertex 1.56688 14.9079 11.3
    endloop
  endfacet
  facet normal 0 0 -1
    outer loop
      vertex 0.523938 14.9808 11.3
      vertex 0.523492 14.9909 11.3
      vertex 1.56793 14.9178 11.3
    endloop
  endfacet
  facet normal 0 0 -1
    outer loop
      vertex 0.523143 14.9809 11.3
      vertex 0.523492 14.9909 11.3
      vertex 0.523938 14.9808 11.3
    endloop
  endfacet
  facet normal 0 0 -1
    outer loop
      vertex -0.523143 14.9809 11.3
      vertex 0.523492 14.9909 11.3
      vertex 0.523143 14.9809 11.3
    endloop
  endfacet
  facet normal 0 0 -1
    outer loop
      vertex -0.523143 14.9809 11.3
      vertex -0.523492 14.9909 11.3
      vertex 0.523492 14.9909 11.3
    endloop
  endfacet
  facet normal 0 0 -1
    outer loop
      vertex -0.523938 14.9808 11.3
      vertex -0.523492 14.9909 11.3
      vertex -0.523143 14.9809 11.3
    endloop
  endfacet
  facet normal 0 0 -1
    outer loop
      vertex -1.56793 14.9178 11.3
      vertex -0.523938 14.9808 11.3
      vertex -1.56688 14.9079 11.3
    endloop
  endfacet
  facet normal -0 0 -1
    outer loop
      vertex -0.523938 14.9808 11.3
      vertex -1.56793 14.9178 11.3
      vertex -0.523492 14.9909 11.3
    endloop
  endfacet
  facet normal 0 0 -1
    outer loop
      vertex -2.6022 14.7624 11.3
      vertex -1.56793 14.9178 11.3
      vertex -1.56688 14.9079 11.3
    endloop
  endfacet
  facet normal 0 0 -1
    outer loop
      vertex -2.60472 14.7721 11.3
      vertex -2.6022 14.7624 11.3
      vertex -2.60299 14.7623 11.3
    endloop
  endfacet
  facet normal 0 0 -1
    outer loop
      vertex -2.6022 14.7624 11.3
      vertex -2.60472 14.7721 11.3
      vertex -1.56793 14.9178 11.3
    endloop
  endfacet
  facet normal 0 0 -1
    outer loop
      vertex -3.62563 14.5449 11.3
      vertex -2.60472 14.7721 11.3
      vertex -2.60299 14.7623 11.3
    endloop
  endfacet
  facet normal 0 0 -1
    outer loop
      vertex -3.62883 14.5544 11.3
      vertex -3.62563 14.5449 11.3
      vertex -3.62641 14.5447 11.3
    endloop
  endfacet
  facet normal 0 0 -1
    outer loop
      vertex -3.62563 14.5449 11.3
      vertex -3.62883 14.5544 11.3
      vertex -2.60472 14.7721 11.3
    endloop
  endfacet
  facet normal 0 0 -1
    outer loop
      vertex -3.62718 14.5445 11.3
      vertex -3.62883 14.5544 11.3
      vertex -3.62641 14.5447 11.3
    endloop
  endfacet
  facet normal 0 0 -1
    outer loop
      vertex -4.63525 14.2658 11.3
      vertex -3.62718 14.5445 11.3
      vertex -4.63217 14.2563 11.3
    endloop
  endfacet
  facet normal -0 0 -1
    outer loop
      vertex -3.62718 14.5445 11.3
      vertex -4.63525 14.2658 11.3
      vertex -3.62883 14.5544 11.3
    endloop
  endfacet
  facet normal 0 0 -1
    outer loop
      vertex -5.61461 13.8988 11.3
      vertex -4.63525 14.2658 11.3
      vertex -4.63217 14.2563 11.3
    endloop
  endfacet
  facet normal 0 0 -1
    outer loop
      vertex -5.6191 13.9078 11.3
      vertex -5.61461 13.8988 11.3
      vertex -5.61536 13.8985 11.3
    endloop
  endfacet
  facet normal 0 0 -1
    outer loop
      vertex -5.61461 13.8988 11.3
      vertex -5.6191 13.9078 11.3
      vertex -4.63525 14.2658 11.3
    endloop
  endfacet
  facet normal 0 0 -1
    outer loop
      vertex -5.61609 13.8982 11.3
      vertex -5.6191 13.9078 11.3
      vertex -5.61536 13.8985 11.3
    endloop
  endfacet
  facet normal 0 0 -1
    outer loop
      vertex -6.57557 13.4819 11.3
      vertex -5.61609 13.8982 11.3
      vertex -6.57119 13.4729 11.3
    endloop
  endfacet
  facet normal -0 0 -1
    outer loop
      vertex -5.61609 13.8982 11.3
      vertex -6.57557 13.4819 11.3
      vertex -5.6191 13.9078 11.3
    endloop
  endfacet
  facet normal 0 0 -1
    outer loop
      vertex -6.57189 13.4726 11.3
      vertex -6.57557 13.4819 11.3
      vertex -6.57119 13.4729 11.3
    endloop
  endfacet
  facet normal 0 0 -1
    outer loop
      vertex -7.5 12.9904 11.3
      vertex -6.57189 13.4726 11.3
      vertex -7.49501 12.9817 11.3
    endloop
  endfacet
  facet normal -0 0 -1
    outer loop
      vertex -6.57189 13.4726 11.3
      vertex -7.5 12.9904 11.3
      vertex -6.57557 13.4819 11.3
    endloop
  endfacet
  facet normal 0 0 -1
    outer loop
      vertex -7.49568 12.9813 11.3
      vertex -7.5 12.9904 11.3
      vertex -7.49501 12.9817 11.3
    endloop
  endfacet
  facet normal 0 0 -1
    outer loop
      vertex -8.38789 12.4356 11.3
      vertex -7.49568 12.9813 11.3
      vertex -8.38231 12.4273 11.3
    endloop
  endfacet
  facet normal -0 0 -1
    outer loop
      vertex -7.49568 12.9813 11.3
      vertex -8.38789 12.4356 11.3
      vertex -7.5 12.9904 11.3
    endloop
  endfacet
  facet normal 0 0 -1
    outer loop
      vertex -9.22813 11.8128 11.3
      vertex -8.38789 12.4356 11.3
      vertex -8.38231 12.4273 11.3
    endloop
  endfacet
  facet normal 0 0 -1
    outer loop
      vertex -9.23492 11.8202 11.3
      vertex -9.22813 11.8128 11.3
      vertex -9.22877 11.8123 11.3
    endloop
  endfacet
  facet normal 0 0 -1
    outer loop
      vertex -9.22813 11.8128 11.3
      vertex -9.23492 11.8202 11.3
      vertex -8.38789 12.4356 11.3
    endloop
  endfacet
  facet normal 0 0 -1
    outer loop
      vertex -10.0297 11.1403 11.3
      vertex -9.23492 11.8202 11.3
      vertex -9.22877 11.8123 11.3
    endloop
  endfacet
  facet normal 0 0 -1
    outer loop
      vertex -10.037 11.1472 11.3
      vertex -10.0297 11.1403 11.3
      vertex -10.0303 11.1398 11.3
    endloop
  endfacet
  facet normal 0 0 -1
    outer loop
      vertex -10.0297 11.1403 11.3
      vertex -10.037 11.1472 11.3
      vertex -9.23492 11.8202 11.3
    endloop
  endfacet
  facet normal 0 0 -1
    outer loop
      vertex -10.7823 10.4135 11.3
      vertex -10.037 11.1472 11.3
      vertex -10.0303 11.1398 11.3
    endloop
  endfacet
  facet normal 0 0 -1
    outer loop
      vertex -10.7901 10.4199 11.3
      vertex -10.7823 10.4135 11.3
      vertex -10.7829 10.4129 11.3
    endloop
  endfacet
  facet normal 0 0 -1
    outer loop
      vertex -10.7823 10.4135 11.3
      vertex -10.7901 10.4199 11.3
      vertex -10.037 11.1472 11.3
    endloop
  endfacet
  facet normal 0 0 -1
    outer loop
      vertex -10.7834 10.4123 11.3
      vertex -10.7901 10.4199 11.3
      vertex -10.7829 10.4129 11.3
    endloop
  endfacet
  facet normal 0 0 -1
    outer loop
      vertex -11.4907 9.64181 11.3
      vertex -10.7834 10.4123 11.3
      vertex -11.483 9.63539 11.3
    endloop
  endfacet
  facet normal -0 0 -1
    outer loop
      vertex -10.7834 10.4123 11.3
      vertex -11.4907 9.64181 11.3
      vertex -10.7901 10.4199 11.3
    endloop
  endfacet
  facet normal 0 0 -1
    outer loop
      vertex -11.4835 9.63477 11.3
      vertex -11.4907 9.64181 11.3
      vertex -11.483 9.63539 11.3
    endloop
  endfacet
  facet normal 0 0 -1
    outer loop
      vertex -12.1353 8.81678 11.3
      vertex -11.4835 9.63477 11.3
      vertex -12.1272 8.81091 11.3
    endloop
  endfacet
  facet normal -0 0 -1
    outer loop
      vertex -11.4835 9.63477 11.3
      vertex -12.1353 8.81678 11.3
      vertex -11.4907 9.64181 11.3
    endloop
  endfacet
  facet normal 0 0 -1
    outer loop
      vertex -12.7118 7.94416 11.3
      vertex -12.1353 8.81678 11.3
      vertex -12.1272 8.81091 11.3
    endloop
  endfacet
  facet normal 0 0 -1
    outer loop
      vertex -12.7207 7.94879 11.3
      vertex -12.7118 7.94416 11.3
      vertex -12.7123 7.9435 11.3
    endloop
  endfacet
  facet normal 0 0 -1
    outer loop
      vertex -12.7118 7.94416 11.3
      vertex -12.7207 7.94879 11.3
      vertex -12.1353 8.81678 11.3
    endloop
  endfacet
  facet normal 0 0 -1
    outer loop
      vertex -12.7127 7.94281 11.3
      vertex -12.7207 7.94879 11.3
      vertex -12.7123 7.9435 11.3
    endloop
  endfacet
  facet normal 0 0 -1
    outer loop
      vertex -13.2442 7.04207 11.3
      vertex -12.7127 7.94281 11.3
      vertex -13.2354 7.03738 11.3
    endloop
  endfacet
  facet normal -0 0 -1
    outer loop
      vertex -12.7127 7.94281 11.3
      vertex -13.2442 7.04207 11.3
      vertex -12.7207 7.94879 11.3
    endloop
  endfacet
  facet normal 0 0 -1
    outer loop
      vertex -13.6937 6.0977 11.3
      vertex -13.2442 7.04207 11.3
      vertex -13.2354 7.03738 11.3
    endloop
  endfacet
  facet normal 0 0 -1
    outer loop
      vertex -13.7032 6.10105 11.3
      vertex -13.6937 6.0977 11.3
      vertex -13.6941 6.09699 11.3
    endloop
  endfacet
  facet normal 0 0 -1
    outer loop
      vertex -13.6937 6.0977 11.3
      vertex -13.7032 6.10105 11.3
      vertex -13.2442 7.04207 11.3
    endloop
  endfacet
  facet normal 0 0 -1
    outer loop
      vertex -13.6944 6.09625 11.3
      vertex -13.7032 6.10105 11.3
      vertex -13.6941 6.09699 11.3
    endloop
  endfacet
  facet normal 0 0 -1
    outer loop
      vertex -14.0954 5.1303 11.3
      vertex -13.6944 6.09625 11.3
      vertex -14.086 5.12689 11.3
    endloop
  endfacet
  facet normal -0 0 -1
    outer loop
      vertex -13.6944 6.09625 11.3
      vertex -14.0954 5.1303 11.3
      vertex -13.7032 6.10105 11.3
    endloop
  endfacet
  facet normal 0 0 -1
    outer loop
      vertex -14.4091 4.13256 11.3
      vertex -14.0954 5.1303 11.3
      vertex -14.086 5.12689 11.3
    endloop
  endfacet
  facet normal 0 0 -1
    outer loop
      vertex -14.4189 4.13456 11.3
      vertex -14.4091 4.13256 11.3
      vertex -14.4093 4.13181 11.3
    endloop
  endfacet
  facet normal 0 0 -1
    outer loop
      vertex -14.4091 4.13256 11.3
      vertex -14.4189 4.13456 11.3
      vertex -14.0954 5.1303 11.3
    endloop
  endfacet
  facet normal 0 0 -1
    outer loop
      vertex -14.6623 3.11737 11.3
      vertex -14.4189 4.13456 11.3
      vertex -14.4093 4.13181 11.3
    endloop
  endfacet
  facet normal 0 0 -1
    outer loop
      vertex -14.6722 3.11868 11.3
      vertex -14.6623 3.11737 11.3
      vertex -14.6624 3.1166 11.3
    endloop
  endfacet
  facet normal 0 0 -1
    outer loop
      vertex -14.6623 3.11737 11.3
      vertex -14.6722 3.11868 11.3
      vertex -14.4189 4.13456 11.3
    endloop
  endfacet
  facet normal 0 0 -1
    outer loop
      vertex -14.6626 3.11581 11.3
      vertex -14.6722 3.11868 11.3
      vertex -14.6624 3.1166 11.3
    endloop
  endfacet
  facet normal 0 0 -1
    outer loop
      vertex -14.854 2.0876 11.3
      vertex -14.6626 3.11581 11.3
      vertex -14.8441 2.08621 11.3
    endloop
  endfacet
  facet normal -0 0 -1
    outer loop
      vertex -14.6626 3.11581 11.3
      vertex -14.854 2.0876 11.3
      vertex -14.6722 3.11868 11.3
    endloop
  endfacet
  facet normal 0 0 -1
    outer loop
      vertex -14.9534 1.04644 11.3
      vertex -14.854 2.0876 11.3
      vertex -14.8441 2.08621 11.3
    endloop
  endfacet
  facet normal 0 0 -1
    outer loop
      vertex -14.9635 1.04635 11.3
      vertex -14.9534 1.04644 11.3
      vertex -14.9535 1.04565 11.3
    endloop
  endfacet
  facet normal -0 0 -1
    outer loop
      vertex -14.9534 1.04644 11.3
      vertex -14.9635 1.04635 11.3
      vertex -14.854 2.0876 11.3
    endloop
  endfacet
  facet normal 0 0 -1
    outer loop
      vertex -14.9535 1.04485 11.3
      vertex -14.9635 1.04635 11.3
      vertex -14.9535 1.04565 11.3
    endloop
  endfacet
  facet normal 0 0 -1
    outer loop
      vertex -15 0 11.3
      vertex -14.9535 1.04485 11.3
      vertex -14.99 0 11.3
    endloop
  endfacet
  facet normal -0 0 -1
    outer loop
      vertex -14.9535 1.04485 11.3
      vertex -15 0 11.3
      vertex -14.9635 1.04635 11.3
    endloop
  endfacet
  facet normal -0.139162 0.99027 0
    outer loop
      vertex -1.56793 14.9178 11.3
      vertex -2.60472 14.7721 12.3
      vertex -1.56793 14.9178 12.3
    endloop
  endfacet
  facet normal -0.139162 0.99027 0
    outer loop
      vertex -2.60472 14.7721 12.3
      vertex -1.56793 14.9178 11.3
      vertex -2.60472 14.7721 11.3
    endloop
  endfacet
  facet normal 0 -1 0
    outer loop
      vertex -0.523492 -14.9909 11.3
      vertex 0.523492 -14.9909 12.3
      vertex -0.523492 -14.9909 12.3
    endloop
  endfacet
  facet normal 0 -1 -0
    outer loop
      vertex 0.523492 -14.9909 12.3
      vertex -0.523492 -14.9909 11.3
      vertex 0.523492 -14.9909 11.3
    endloop
  endfacet
  facet normal 0.951066 -0.308986 0
    outer loop
      vertex 14.0954 -5.1303 12.3
      vertex 14.4189 -4.13456 11.3
      vertex 14.4189 -4.13456 12.3
    endloop
  endfacet
  facet normal 0.951066 -0.308986 0
    outer loop
      vertex 14.4189 -4.13456 11.3
      vertex 14.0954 -5.1303 12.3
      vertex 14.0954 -5.1303 11.3
    endloop
  endfacet
  facet normal -0.587783 0.809019 0
    outer loop
      vertex -8.38789 12.4356 11.3
      vertex -9.23492 11.8202 12.3
      vertex -8.38789 12.4356 12.3
    endloop
  endfacet
  facet normal -0.587783 0.809019 0
    outer loop
      vertex -9.23492 11.8202 12.3
      vertex -8.38789 12.4356 11.3
      vertex -9.23492 11.8202 11.3
    endloop
  endfacet
  facet normal -0.469451 -0.882959 0
    outer loop
      vertex -7.5 -12.9904 11.3
      vertex -6.57557 -13.4819 12.3
      vertex -7.5 -12.9904 12.3
    endloop
  endfacet
  facet normal -0.469451 -0.882959 -0
    outer loop
      vertex -6.57557 -13.4819 12.3
      vertex -7.5 -12.9904 11.3
      vertex -6.57557 -13.4819 11.3
    endloop
  endfacet
  facet normal -0.275649 0.961258 0
    outer loop
      vertex -3.62883 14.5544 11.3
      vertex -4.63525 14.2658 12.3
      vertex -3.62883 14.5544 12.3
    endloop
  endfacet
  facet normal -0.275649 0.961258 0
    outer loop
      vertex -4.63525 14.2658 12.3
      vertex -3.62883 14.5544 11.3
      vertex -4.63525 14.2658 11.3
    endloop
  endfacet
  facet normal -0.341942 0.939721 0
    outer loop
      vertex -4.63525 14.2658 11.3
      vertex -5.6191 13.9078 12.3
      vertex -4.63525 14.2658 12.3
    endloop
  endfacet
  facet normal -0.341942 0.939721 0
    outer loop
      vertex -5.6191 13.9078 12.3
      vertex -4.63525 14.2658 11.3
      vertex -5.6191 13.9078 11.3
    endloop
  endfacet
  facet normal -0.743143 0.669133 0
    outer loop
      vertex -11.4907 9.64181 11.3
      vertex -10.7901 10.4199 12.3
      vertex -10.7901 10.4199 11.3
    endloop
  endfacet
  facet normal -0.743143 0.669133 0
    outer loop
      vertex -10.7901 10.4199 12.3
      vertex -11.4907 9.64181 11.3
      vertex -11.4907 9.64181 12.3
    endloop
  endfacet
  facet normal 0.788003 -0.615671 0
    outer loop
      vertex 11.4907 -9.64181 12.3
      vertex 12.1353 -8.81678 11.3
      vertex 12.1353 -8.81678 12.3
    endloop
  endfacet
  facet normal 0.788003 -0.615671 0
    outer loop
      vertex 12.1353 -8.81678 11.3
      vertex 11.4907 -9.64181 12.3
      vertex 11.4907 -9.64181 11.3
    endloop
  endfacet
  facet normal 0.139162 0.99027 -0
    outer loop
      vertex 2.60472 14.7721 11.3
      vertex 1.56793 14.9178 12.3
      vertex 2.60472 14.7721 12.3
    endloop
  endfacet
  facet normal 0.139162 0.99027 0
    outer loop
      vertex 1.56793 14.9178 12.3
      vertex 2.60472 14.7721 11.3
      vertex 1.56793 14.9178 11.3
    endloop
  endfacet
  facet normal 0.994516 -0.104585 0
    outer loop
      vertex 14.854 -2.0876 12.3
      vertex 14.9635 -1.04635 11.3
      vertex 14.9635 -1.04635 12.3
    endloop
  endfacet
  facet normal 0.994516 -0.104585 0
    outer loop
      vertex 14.9635 -1.04635 11.3
      vertex 14.854 -2.0876 12.3
      vertex 14.854 -2.0876 11.3
    endloop
  endfacet
  facet normal 0.927187 -0.3746 0
    outer loop
      vertex 13.7032 -6.10105 12.3
      vertex 14.0954 -5.1303 11.3
      vertex 14.0954 -5.1303 12.3
    endloop
  endfacet
  facet normal 0.927187 -0.3746 0
    outer loop
      vertex 14.0954 -5.1303 11.3
      vertex 13.7032 -6.10105 12.3
      vertex 13.7032 -6.10105 11.3
    endloop
  endfacet
  facet normal 0 0 1
    outer loop
      vertex 2.25 0 12.3
      vertex 15 0 12.3
      vertex 14.9635 1.04635 12.3
    endloop
  endfacet
  facet normal 0 0 1
    outer loop
      vertex 2.24452 0.156952 12.3
      vertex 14.9635 1.04635 12.3
      vertex 14.854 2.0876 12.3
    endloop
  endfacet
  facet normal 0 0 1
    outer loop
      vertex 15 0 12.3
      vertex 2.25 0 12.3
      vertex 14.9635 -1.04635 12.3
    endloop
  endfacet
  facet normal 0 0 1
    outer loop
      vertex 2.2281 0.313139 12.3
      vertex 14.854 2.0876 12.3
      vertex 14.6722 3.11868 12.3
    endloop
  endfacet
  facet normal -0 0 1
    outer loop
      vertex 2.24452 -0.156952 12.3
      vertex 14.9635 -1.04635 12.3
      vertex 2.25 0 12.3
    endloop
  endfacet
  facet normal 0 0 1
    outer loop
      vertex 2.20083 0.467801 12.3
      vertex 14.6722 3.11868 12.3
      vertex 14.4189 4.13456 12.3
    endloop
  endfacet
  facet normal 0 0 1
    outer loop
      vertex 14.9635 -1.04635 12.3
      vertex 2.24452 -0.156952 12.3
      vertex 14.854 -2.0876 12.3
    endloop
  endfacet
  facet normal 0 0 1
    outer loop
      vertex 2.16284 0.620184 12.3
      vertex 14.4189 4.13456 12.3
      vertex 14.0954 5.1303 12.3
    endloop
  endfacet
  facet normal -0 0 1
    outer loop
      vertex 2.2281 -0.313139 12.3
      vertex 14.854 -2.0876 12.3
      vertex 2.24452 -0.156952 12.3
    endloop
  endfacet
  facet normal 0 0 1
    outer loop
      vertex 2.11431 0.769545 12.3
      vertex 14.0954 5.1303 12.3
      vertex 13.7032 6.10105 12.3
    endloop
  endfacet
  facet normal 0 0 1
    outer loop
      vertex 14.854 -2.0876 12.3
      vertex 2.2281 -0.313139 12.3
      vertex 14.6722 -3.11868 12.3
    endloop
  endfacet
  facet normal 0 0 1
    outer loop
      vertex 2.05548 0.915157 12.3
      vertex 13.7032 6.10105 12.3
      vertex 13.2442 7.04207 12.3
    endloop
  endfacet
  facet normal -0 0 1
    outer loop
      vertex 2.20083 -0.467801 12.3
      vertex 14.6722 -3.11868 12.3
      vertex 2.2281 -0.313139 12.3
    endloop
  endfacet
  facet normal 0 0 1
    outer loop
      vertex 1.98663 1.05631 12.3
      vertex 13.2442 7.04207 12.3
      vertex 12.7207 7.94879 12.3
    endloop
  endfacet
  facet normal 0 0 1
    outer loop
      vertex 14.6722 -3.11868 12.3
      vertex 2.20083 -0.467801 12.3
      vertex 14.4189 -4.13456 12.3
    endloop
  endfacet
  facet normal 0 0 1
    outer loop
      vertex 1.90811 1.19232 12.3
      vertex 12.7207 7.94879 12.3
      vertex 12.1353 8.81678 12.3
    endloop
  endfacet
  facet normal -0 0 1
    outer loop
      vertex 2.16284 -0.620184 12.3
      vertex 14.4189 -4.13456 12.3
      vertex 2.20083 -0.467801 12.3
    endloop
  endfacet
  facet normal 0 0 1
    outer loop
      vertex 1.82029 1.32252 12.3
      vertex 12.1353 8.81678 12.3
      vertex 11.4907 9.64181 12.3
    endloop
  endfacet
  facet normal 0 0 1
    outer loop
      vertex 14.4189 -4.13456 12.3
      vertex 2.16284 -0.620184 12.3
      vertex 14.0954 -5.1303 12.3
    endloop
  endfacet
  facet normal 0 0 1
    outer loop
      vertex 1.7236 1.44627 12.3
      vertex 11.4907 9.64181 12.3
      vertex 10.7901 10.4199 12.3
    endloop
  endfacet
  facet normal -0 0 1
    outer loop
      vertex 2.11431 -0.769545 12.3
      vertex 14.0954 -5.1303 12.3
      vertex 2.16284 -0.620184 12.3
    endloop
  endfacet
  facet normal 0 0 1
    outer loop
      vertex 1.61851 1.56298 12.3
      vertex 10.7901 10.4199 12.3
      vertex 10.037 11.1472 12.3
    endloop
  endfacet
  facet normal 0 0 1
    outer loop
      vertex 14.0954 -5.1303 12.3
      vertex 2.11431 -0.769545 12.3
      vertex 13.7032 -6.10105 12.3
    endloop
  endfacet
  facet normal 0 0 1
    outer loop
      vertex 1.50554 1.67208 12.3
      vertex 10.037 11.1472 12.3
      vertex 9.23492 11.8202 12.3
    endloop
  endfacet
  facet normal -0 0 1
    outer loop
      vertex 2.05548 -0.915157 12.3
      vertex 13.7032 -6.10105 12.3
      vertex 2.11431 -0.769545 12.3
    endloop
  endfacet
  facet normal 0 0 1
    outer loop
      vertex 1.38524 1.77302 12.3
      vertex 9.23492 11.8202 12.3
      vertex 8.38789 12.4356 12.3
    endloop
  endfacet
  facet normal 0 0 1
    outer loop
      vertex 13.7032 -6.10105 12.3
      vertex 2.05548 -0.915157 12.3
      vertex 13.2442 -7.04207 12.3
    endloop
  endfacet
  facet normal 0 0 1
    outer loop
      vertex 1.25818 1.86533 12.3
      vertex 8.38789 12.4356 12.3
      vertex 7.5 12.9904 12.3
    endloop
  endfacet
  facet normal -0 0 1
    outer loop
      vertex 1.98663 -1.05631 12.3
      vertex 13.2442 -7.04207 12.3
      vertex 2.05548 -0.915157 12.3
    endloop
  endfacet
  facet normal 0 0 1
    outer loop
      vertex 1.125 1.94856 12.3
      vertex 7.5 12.9904 12.3
      vertex 6.57557 13.4819 12.3
    endloop
  endfacet
  facet normal 0 0 1
    outer loop
      vertex 13.2442 -7.04207 12.3
      vertex 1.98663 -1.05631 12.3
      vertex 12.7207 -7.94879 12.3
    endloop
  endfacet
  facet normal 0 0 1
    outer loop
      vertex 0.986335 2.02229 12.3
      vertex 6.57557 13.4819 12.3
      vertex 5.6191 13.9078 12.3
    endloop
  endfacet
  facet normal -0 0 1
    outer loop
      vertex 1.90811 -1.19232 12.3
      vertex 12.7207 -7.94879 12.3
      vertex 1.98663 -1.05631 12.3
    endloop
  endfacet
  facet normal 0 0 1
    outer loop
      vertex 0.842864 2.08616 12.3
      vertex 5.6191 13.9078 12.3
      vertex 4.63525 14.2658 12.3
    endloop
  endfacet
  facet normal 0 0 1
    outer loop
      vertex 12.7207 -7.94879 12.3
      vertex 1.90811 -1.19232 12.3
      vertex 12.1353 -8.81678 12.3
    endloop
  endfacet
  facet normal 0 0 1
    outer loop
      vertex 0.695288 2.13988 12.3
      vertex 4.63525 14.2658 12.3
      vertex 3.62883 14.5544 12.3
    endloop
  endfacet
  facet normal -0 0 1
    outer loop
      vertex 1.82029 -1.32252 12.3
      vertex 12.1353 -8.81678 12.3
      vertex 1.90811 -1.19232 12.3
    endloop
  endfacet
  facet normal 0 0 1
    outer loop
      vertex 0.544324 2.18316 12.3
      vertex 3.62883 14.5544 12.3
      vertex 2.60472 14.7721 12.3
    endloop
  endfacet
  facet normal 0 0 1
    outer loop
      vertex 12.1353 -8.81678 12.3
      vertex 1.82029 -1.32252 12.3
      vertex 11.4907 -9.64181 12.3
    endloop
  endfacet
  facet normal -0 0 1
    outer loop
      vertex 1.7236 -1.44627 12.3
      vertex 11.4907 -9.64181 12.3
      vertex 1.82029 -1.32252 12.3
    endloop
  endfacet
  facet normal 0 0 1
    outer loop
      vertex 14.9635 1.04635 12.3
      vertex 2.24452 0.156952 12.3
      vertex 2.25 0 12.3
    endloop
  endfacet
  facet normal 0 0 1
    outer loop
      vertex 14.854 2.0876 12.3
      vertex 2.2281 0.313139 12.3
      vertex 2.24452 0.156952 12.3
    endloop
  endfacet
  facet normal 0 0 1
    outer loop
      vertex 14.6722 3.11868 12.3
      vertex 2.20083 0.467801 12.3
      vertex 2.2281 0.313139 12.3
    endloop
  endfacet
  facet normal 0 0 1
    outer loop
      vertex 14.4189 4.13456 12.3
      vertex 2.16284 0.620184 12.3
      vertex 2.20083 0.467801 12.3
    endloop
  endfacet
  facet normal 0 0 1
    outer loop
      vertex 14.0954 5.1303 12.3
      vertex 2.11431 0.769545 12.3
      vertex 2.16284 0.620184 12.3
    endloop
  endfacet
  facet normal 0 0 1
    outer loop
      vertex 13.7032 6.10105 12.3
      vertex 2.05548 0.915157 12.3
      vertex 2.11431 0.769545 12.3
    endloop
  endfacet
  facet normal 0 0 1
    outer loop
      vertex 13.2442 7.04207 12.3
      vertex 1.98663 1.05631 12.3
      vertex 2.05548 0.915157 12.3
    endloop
  endfacet
  facet normal 0 0 1
    outer loop
      vertex 12.7207 7.94879 12.3
      vertex 1.90811 1.19232 12.3
      vertex 1.98663 1.05631 12.3
    endloop
  endfacet
  facet normal 0 0 1
    outer loop
      vertex 12.1353 8.81678 12.3
      vertex 1.82029 1.32252 12.3
      vertex 1.90811 1.19232 12.3
    endloop
  endfacet
  facet normal 0 0 1
    outer loop
      vertex 11.4907 9.64181 12.3
      vertex 1.7236 1.44627 12.3
      vertex 1.82029 1.32252 12.3
    endloop
  endfacet
  facet normal 0 0 1
    outer loop
      vertex 10.7901 10.4199 12.3
      vertex 1.61851 1.56298 12.3
      vertex 1.7236 1.44627 12.3
    endloop
  endfacet
  facet normal 0 0 1
    outer loop
      vertex 0.390708 2.21582 12.3
      vertex 2.60472 14.7721 12.3
      vertex 1.56793 14.9178 12.3
    endloop
  endfacet
  facet normal 0 0 1
    outer loop
      vertex 10.037 11.1472 12.3
      vertex 1.50554 1.67208 12.3
      vertex 1.61851 1.56298 12.3
    endloop
  endfacet
  facet normal 0 0 1
    outer loop
      vertex 9.23492 11.8202 12.3
      vertex 1.38524 1.77302 12.3
      vertex 1.50554 1.67208 12.3
    endloop
  endfacet
  facet normal 0 0 1
    outer loop
      vertex 8.38789 12.4356 12.3
      vertex 1.25818 1.86533 12.3
      vertex 1.38524 1.77302 12.3
    endloop
  endfacet
  facet normal 0 0 1
    outer loop
      vertex 7.5 12.9904 12.3
      vertex 1.125 1.94856 12.3
      vertex 1.25818 1.86533 12.3
    endloop
  endfacet
  facet normal 0 0 1
    outer loop
      vertex 6.57557 13.4819 12.3
      vertex 0.986335 2.02229 12.3
      vertex 1.125 1.94856 12.3
    endloop
  endfacet
  facet normal 0 0 1
    outer loop
      vertex 5.6191 13.9078 12.3
      vertex 0.842864 2.08616 12.3
      vertex 0.986335 2.02229 12.3
    endloop
  endfacet
  facet normal 0 0 1
    outer loop
      vertex 4.63525 14.2658 12.3
      vertex 0.695288 2.13988 12.3
      vertex 0.842864 2.08616 12.3
    endloop
  endfacet
  facet normal 0 0 1
    outer loop
      vertex 3.62883 14.5544 12.3
      vertex 0.544324 2.18316 12.3
      vertex 0.695288 2.13988 12.3
    endloop
  endfacet
  facet normal 0 0 1
    outer loop
      vertex 0.235188 2.23767 12.3
      vertex 1.56793 14.9178 12.3
      vertex 0.523492 14.9909 12.3
    endloop
  endfacet
  facet normal 0 0 1
    outer loop
      vertex 2.60472 14.7721 12.3
      vertex 0.390708 2.21582 12.3
      vertex 0.544324 2.18316 12.3
    endloop
  endfacet
  facet normal 0 0 1
    outer loop
      vertex 1.56793 14.9178 12.3
      vertex 0.235188 2.23767 12.3
      vertex 0.390708 2.21582 12.3
    endloop
  endfacet
  facet normal 0 0 1
    outer loop
      vertex 0.523492 14.9909 12.3
      vertex 0.0785236 2.24863 12.3
      vertex 0.235188 2.23767 12.3
    endloop
  endfacet
  facet normal 0 0 1
    outer loop
      vertex 0.523492 14.9909 12.3
      vertex -0.0785236 2.24863 12.3
      vertex 0.0785236 2.24863 12.3
    endloop
  endfacet
  facet normal -0 0 1
    outer loop
      vertex -0.523492 14.9909 12.3
      vertex -0.0785236 2.24863 12.3
      vertex 0.523492 14.9909 12.3
    endloop
  endfacet
  facet normal 0 0 1
    outer loop
      vertex -0.0785236 2.24863 12.3
      vertex -0.523492 14.9909 12.3
      vertex -0.235188 2.23767 12.3
    endloop
  endfacet
  facet normal -0 0 1
    outer loop
      vertex -1.56793 14.9178 12.3
      vertex -0.235188 2.23767 12.3
      vertex -0.523492 14.9909 12.3
    endloop
  endfacet
  facet normal 0 0 1
    outer loop
      vertex -0.235188 2.23767 12.3
      vertex -1.56793 14.9178 12.3
      vertex -0.390708 2.21582 12.3
    endloop
  endfacet
  facet normal -0 0 1
    outer loop
      vertex -2.60472 14.7721 12.3
      vertex -0.390708 2.21582 12.3
      vertex -1.56793 14.9178 12.3
    endloop
  endfacet
  facet normal 0 0 1
    outer loop
      vertex -0.390708 2.21582 12.3
      vertex -2.60472 14.7721 12.3
      vertex -0.544324 2.18316 12.3
    endloop
  endfacet
  facet normal -0 0 1
    outer loop
      vertex -3.62883 14.5544 12.3
      vertex -0.544324 2.18316 12.3
      vertex -2.60472 14.7721 12.3
    endloop
  endfacet
  facet normal 0 0 1
    outer loop
      vertex -0.544324 2.18316 12.3
      vertex -3.62883 14.5544 12.3
      vertex -0.695288 2.13988 12.3
    endloop
  endfacet
  facet normal -0 0 1
    outer loop
      vertex -4.63525 14.2658 12.3
      vertex -0.695288 2.13988 12.3
      vertex -3.62883 14.5544 12.3
    endloop
  endfacet
  facet normal 0 0 1
    outer loop
      vertex -0.695288 2.13988 12.3
      vertex -4.63525 14.2658 12.3
      vertex -0.842864 2.08616 12.3
    endloop
  endfacet
  facet normal -0 0 1
    outer loop
      vertex -5.6191 13.9078 12.3
      vertex -0.842864 2.08616 12.3
      vertex -4.63525 14.2658 12.3
    endloop
  endfacet
  facet normal 0 0 1
    outer loop
      vertex -0.842864 2.08616 12.3
      vertex -5.6191 13.9078 12.3
      vertex -0.986335 2.02229 12.3
    endloop
  endfacet
  facet normal -0 0 1
    outer loop
      vertex -6.57557 13.4819 12.3
      vertex -0.986335 2.02229 12.3
      vertex -5.6191 13.9078 12.3
    endloop
  endfacet
  facet normal 0 0 1
    outer loop
      vertex -0.986335 2.02229 12.3
      vertex -6.57557 13.4819 12.3
      vertex -1.125 1.94856 12.3
    endloop
  endfacet
  facet normal -0 0 1
    outer loop
      vertex -7.5 12.9904 12.3
      vertex -1.125 1.94856 12.3
      vertex -6.57557 13.4819 12.3
    endloop
  endfacet
  facet normal 0 0 1
    outer loop
      vertex -1.125 1.94856 12.3
      vertex -7.5 12.9904 12.3
      vertex -1.25818 1.86533 12.3
    endloop
  endfacet
  facet normal -0 0 1
    outer loop
      vertex -8.38789 12.4356 12.3
      vertex -1.25818 1.86533 12.3
      vertex -7.5 12.9904 12.3
    endloop
  endfacet
  facet normal 0 0 1
    outer loop
      vertex -1.25818 1.86533 12.3
      vertex -8.38789 12.4356 12.3
      vertex -1.38524 1.77302 12.3
    endloop
  endfacet
  facet normal -0 0 1
    outer loop
      vertex -9.23492 11.8202 12.3
      vertex -1.38524 1.77302 12.3
      vertex -8.38789 12.4356 12.3
    endloop
  endfacet
  facet normal 0 0 1
    outer loop
      vertex -1.38524 1.77302 12.3
      vertex -9.23492 11.8202 12.3
      vertex -1.50554 1.67208 12.3
    endloop
  endfacet
  facet normal -0 0 1
    outer loop
      vertex -10.037 11.1472 12.3
      vertex -1.50554 1.67208 12.3
      vertex -9.23492 11.8202 12.3
    endloop
  endfacet
  facet normal 0 0 1
    outer loop
      vertex -1.50554 1.67208 12.3
      vertex -10.037 11.1472 12.3
      vertex -1.61851 1.56298 12.3
    endloop
  endfacet
  facet normal -0 0 1
    outer loop
      vertex -10.7901 10.4199 12.3
      vertex -1.61851 1.56298 12.3
      vertex -10.037 11.1472 12.3
    endloop
  endfacet
  facet normal -0 0 1
    outer loop
      vertex -11.4907 9.64181 12.3
      vertex -1.7236 1.44627 12.3
      vertex -10.7901 10.4199 12.3
    endloop
  endfacet
  facet normal 0 0 1
    outer loop
      vertex -1.61851 1.56298 12.3
      vertex -10.7901 10.4199 12.3
      vertex -1.7236 1.44627 12.3
    endloop
  endfacet
  facet normal 0 0 1
    outer loop
      vertex 11.4907 -9.64181 12.3
      vertex 1.7236 -1.44627 12.3
      vertex 10.7901 -10.4199 12.3
    endloop
  endfacet
  facet normal -0 0 1
    outer loop
      vertex 1.61851 -1.56298 12.3
      vertex 10.7901 -10.4199 12.3
      vertex 1.7236 -1.44627 12.3
    endloop
  endfacet
  facet normal 0 0 1
    outer loop
      vertex 10.7901 -10.4199 12.3
      vertex 1.61851 -1.56298 12.3
      vertex 10.037 -11.1472 12.3
    endloop
  endfacet
  facet normal -0 0 1
    outer loop
      vertex 1.50554 -1.67208 12.3
      vertex 10.037 -11.1472 12.3
      vertex 1.61851 -1.56298 12.3
    endloop
  endfacet
  facet normal 0 0 1
    outer loop
      vertex 10.037 -11.1472 12.3
      vertex 1.50554 -1.67208 12.3
      vertex 9.23492 -11.8202 12.3
    endloop
  endfacet
  facet normal -0 0 1
    outer loop
      vertex 1.38524 -1.77302 12.3
      vertex 9.23492 -11.8202 12.3
      vertex 1.50554 -1.67208 12.3
    endloop
  endfacet
  facet normal 0 0 1
    outer loop
      vertex 9.23492 -11.8202 12.3
      vertex 1.38524 -1.77302 12.3
      vertex 8.38789 -12.4356 12.3
    endloop
  endfacet
  facet normal -0 0 1
    outer loop
      vertex 1.25818 -1.86533 12.3
      vertex 8.38789 -12.4356 12.3
      vertex 1.38524 -1.77302 12.3
    endloop
  endfacet
  facet normal 0 0 1
    outer loop
      vertex 8.38789 -12.4356 12.3
      vertex 1.25818 -1.86533 12.3
      vertex 7.5 -12.9904 12.3
    endloop
  endfacet
  facet normal -0 0 1
    outer loop
      vertex 1.125 -1.94856 12.3
      vertex 7.5 -12.9904 12.3
      vertex 1.25818 -1.86533 12.3
    endloop
  endfacet
  facet normal 0 0 1
    outer loop
      vertex 7.5 -12.9904 12.3
      vertex 1.125 -1.94856 12.3
      vertex 6.57557 -13.4819 12.3
    endloop
  endfacet
  facet normal -0 0 1
    outer loop
      vertex 0.986335 -2.02229 12.3
      vertex 6.57557 -13.4819 12.3
      vertex 1.125 -1.94856 12.3
    endloop
  endfacet
  facet normal 0 0 1
    outer loop
      vertex 6.57557 -13.4819 12.3
      vertex 0.986335 -2.02229 12.3
      vertex 5.6191 -13.9078 12.3
    endloop
  endfacet
  facet normal -0 0 1
    outer loop
      vertex 0.842864 -2.08616 12.3
      vertex 5.6191 -13.9078 12.3
      vertex 0.986335 -2.02229 12.3
    endloop
  endfacet
  facet normal 0 0 1
    outer loop
      vertex 5.6191 -13.9078 12.3
      vertex 0.842864 -2.08616 12.3
      vertex 4.63525 -14.2658 12.3
    endloop
  endfacet
  facet normal -0 0 1
    outer loop
      vertex 0.695288 -2.13988 12.3
      vertex 4.63525 -14.2658 12.3
      vertex 0.842864 -2.08616 12.3
    endloop
  endfacet
  facet normal 0 0 1
    outer loop
      vertex 4.63525 -14.2658 12.3
      vertex 0.695288 -2.13988 12.3
      vertex 3.62883 -14.5544 12.3
    endloop
  endfacet
  facet normal -0 0 1
    outer loop
      vertex 0.544324 -2.18316 12.3
      vertex 3.62883 -14.5544 12.3
      vertex 0.695288 -2.13988 12.3
    endloop
  endfacet
  facet normal 0 0 1
    outer loop
      vertex 3.62883 -14.5544 12.3
      vertex 0.544324 -2.18316 12.3
      vertex 2.60472 -14.7721 12.3
    endloop
  endfacet
  facet normal -0 0 1
    outer loop
      vertex 0.390708 -2.21582 12.3
      vertex 2.60472 -14.7721 12.3
      vertex 0.544324 -2.18316 12.3
    endloop
  endfacet
  facet normal 0 0 1
    outer loop
      vertex 2.60472 -14.7721 12.3
      vertex 0.390708 -2.21582 12.3
      vertex 1.56793 -14.9178 12.3
    endloop
  endfacet
  facet normal -0 0 1
    outer loop
      vertex 0.235188 -2.23767 12.3
      vertex 1.56793 -14.9178 12.3
      vertex 0.390708 -2.21582 12.3
    endloop
  endfacet
  facet normal 0 0 1
    outer loop
      vertex 1.56793 -14.9178 12.3
      vertex 0.235188 -2.23767 12.3
      vertex 0.523492 -14.9909 12.3
    endloop
  endfacet
  facet normal -0 0 1
    outer loop
      vertex 0.0785236 -2.24863 12.3
      vertex 0.523492 -14.9909 12.3
      vertex 0.235188 -2.23767 12.3
    endloop
  endfacet
  facet normal -0 0 1
    outer loop
      vertex -0.0785236 -2.24863 12.3
      vertex 0.523492 -14.9909 12.3
      vertex 0.0785236 -2.24863 12.3
    endloop
  endfacet
  facet normal 0 0 1
    outer loop
      vertex -0.523492 -14.9909 12.3
      vertex -0.0785236 -2.24863 12.3
      vertex -0.235188 -2.23767 12.3
    endloop
  endfacet
  facet normal 0 0 1
    outer loop
      vertex -1.56793 -14.9178 12.3
      vertex -0.235188 -2.23767 12.3
      vertex -0.390708 -2.21582 12.3
    endloop
  endfacet
  facet normal 0 0 1
    outer loop
      vertex -0.0785236 -2.24863 12.3
      vertex -0.523492 -14.9909 12.3
      vertex 0.523492 -14.9909 12.3
    endloop
  endfacet
  facet normal 0 0 1
    outer loop
      vertex -2.60472 -14.7721 12.3
      vertex -0.390708 -2.21582 12.3
      vertex -0.544324 -2.18316 12.3
    endloop
  endfacet
  facet normal 0 0 1
    outer loop
      vertex -3.62883 -14.5544 12.3
      vertex -0.544324 -2.18316 12.3
      vertex -0.695288 -2.13988 12.3
    endloop
  endfacet
  facet normal 0 0 1
    outer loop
      vertex -4.63525 -14.2658 12.3
      vertex -0.695288 -2.13988 12.3
      vertex -0.842864 -2.08616 12.3
    endloop
  endfacet
  facet normal 0 0 1
    outer loop
      vertex -5.6191 -13.9078 12.3
      vertex -0.842864 -2.08616 12.3
      vertex -0.986335 -2.02229 12.3
    endloop
  endfacet
  facet normal 0 0 1
    outer loop
      vertex -6.57557 -13.4819 12.3
      vertex -0.986335 -2.02229 12.3
      vertex -1.125 -1.94856 12.3
    endloop
  endfacet
  facet normal 0 0 1
    outer loop
      vertex -7.5 -12.9904 12.3
      vertex -1.125 -1.94856 12.3
      vertex -1.25818 -1.86533 12.3
    endloop
  endfacet
  facet normal 0 0 1
    outer loop
      vertex -8.38789 -12.4356 12.3
      vertex -1.25818 -1.86533 12.3
      vertex -1.38524 -1.77302 12.3
    endloop
  endfacet
  facet normal 0 0 1
    outer loop
      vertex -9.23492 -11.8202 12.3
      vertex -1.38524 -1.77302 12.3
      vertex -1.50554 -1.67208 12.3
    endloop
  endfacet
  facet normal 0 0 1
    outer loop
      vertex -0.235188 -2.23767 12.3
      vertex -1.56793 -14.9178 12.3
      vertex -0.523492 -14.9909 12.3
    endloop
  endfacet
  facet normal 0 0 1
    outer loop
      vertex -10.037 -11.1472 12.3
      vertex -1.50554 -1.67208 12.3
      vertex -1.61851 -1.56298 12.3
    endloop
  endfacet
  facet normal 0 0 1
    outer loop
      vertex -10.7901 -10.4199 12.3
      vertex -1.61851 -1.56298 12.3
      vertex -1.7236 -1.44627 12.3
    endloop
  endfacet
  facet normal 0 0 1
    outer loop
      vertex -11.4907 -9.64181 12.3
      vertex -1.7236 -1.44627 12.3
      vertex -1.82029 -1.32252 12.3
    endloop
  endfacet
  facet normal 0 0 1
    outer loop
      vertex -12.1353 -8.81678 12.3
      vertex -1.82029 -1.32252 12.3
      vertex -1.90811 -1.19232 12.3
    endloop
  endfacet
  facet normal 0 0 1
    outer loop
      vertex -12.7207 -7.94879 12.3
      vertex -1.90811 -1.19232 12.3
      vertex -1.98663 -1.05631 12.3
    endloop
  endfacet
  facet normal 0 0 1
    outer loop
      vertex -13.2442 -7.04207 12.3
      vertex -1.98663 -1.05631 12.3
      vertex -2.05548 -0.915157 12.3
    endloop
  endfacet
  facet normal 0 0 1
    outer loop
      vertex -13.7032 -6.10105 12.3
      vertex -2.05548 -0.915157 12.3
      vertex -2.11431 -0.769545 12.3
    endloop
  endfacet
  facet normal 0 0 1
    outer loop
      vertex -14.0954 -5.1303 12.3
      vertex -2.11431 -0.769545 12.3
      vertex -2.16284 -0.620184 12.3
    endloop
  endfacet
  facet normal 0 0 1
    outer loop
      vertex -14.4189 -4.13456 12.3
      vertex -2.16284 -0.620184 12.3
      vertex -2.20083 -0.467801 12.3
    endloop
  endfacet
  facet normal 0 0 1
    outer loop
      vertex -14.6722 -3.11868 12.3
      vertex -2.20083 -0.467801 12.3
      vertex -2.2281 -0.313139 12.3
    endloop
  endfacet
  facet normal 0 0 1
    outer loop
      vertex -14.854 -2.0876 12.3
      vertex -2.2281 -0.313139 12.3
      vertex -2.24452 -0.156952 12.3
    endloop
  endfacet
  facet normal 0 0 1
    outer loop
      vertex -0.390708 -2.21582 12.3
      vertex -2.60472 -14.7721 12.3
      vertex -1.56793 -14.9178 12.3
    endloop
  endfacet
  facet normal 0 0 1
    outer loop
      vertex -14.9635 -1.04635 12.3
      vertex -2.24452 -0.156952 12.3
      vertex -2.25 0 12.3
    endloop
  endfacet
  facet normal 0 0 1
    outer loop
      vertex -1.7236 1.44627 12.3
      vertex -11.4907 9.64181 12.3
      vertex -1.82029 1.32252 12.3
    endloop
  endfacet
  facet normal -0 0 1
    outer loop
      vertex -12.1353 8.81678 12.3
      vertex -1.82029 1.32252 12.3
      vertex -11.4907 9.64181 12.3
    endloop
  endfacet
  facet normal 0 0 1
    outer loop
      vertex -0.544324 -2.18316 12.3
      vertex -3.62883 -14.5544 12.3
      vertex -2.60472 -14.7721 12.3
    endloop
  endfacet
  facet normal 0 0 1
    outer loop
      vertex -1.82029 1.32252 12.3
      vertex -12.1353 8.81678 12.3
      vertex -1.90811 1.19232 12.3
    endloop
  endfacet
  facet normal 0 0 1
    outer loop
      vertex -0.695288 -2.13988 12.3
      vertex -4.63525 -14.2658 12.3
      vertex -3.62883 -14.5544 12.3
    endloop
  endfacet
  facet normal -0 0 1
    outer loop
      vertex -12.7207 7.94879 12.3
      vertex -1.90811 1.19232 12.3
      vertex -12.1353 8.81678 12.3
    endloop
  endfacet
  facet normal 0 0 1
    outer loop
      vertex -0.842864 -2.08616 12.3
      vertex -5.6191 -13.9078 12.3
      vertex -4.63525 -14.2658 12.3
    endloop
  endfacet
  facet normal 0 0 1
    outer loop
      vertex -1.90811 1.19232 12.3
      vertex -12.7207 7.94879 12.3
      vertex -1.98663 1.05631 12.3
    endloop
  endfacet
  facet normal 0 0 1
    outer loop
      vertex -0.986335 -2.02229 12.3
      vertex -6.57557 -13.4819 12.3
      vertex -5.6191 -13.9078 12.3
    endloop
  endfacet
  facet normal -0 0 1
    outer loop
      vertex -13.2442 7.04207 12.3
      vertex -1.98663 1.05631 12.3
      vertex -12.7207 7.94879 12.3
    endloop
  endfacet
  facet normal 0 0 1
    outer loop
      vertex -1.125 -1.94856 12.3
      vertex -7.5 -12.9904 12.3
      vertex -6.57557 -13.4819 12.3
    endloop
  endfacet
  facet normal 0 0 1
    outer loop
      vertex -1.98663 1.05631 12.3
      vertex -13.2442 7.04207 12.3
      vertex -2.05548 0.915157 12.3
    endloop
  endfacet
  facet normal 0 0 1
    outer loop
      vertex -1.25818 -1.86533 12.3
      vertex -8.38789 -12.4356 12.3
      vertex -7.5 -12.9904 12.3
    endloop
  endfacet
  facet normal -0 0 1
    outer loop
      vertex -13.7032 6.10105 12.3
      vertex -2.05548 0.915157 12.3
      vertex -13.2442 7.04207 12.3
    endloop
  endfacet
  facet normal 0 0 1
    outer loop
      vertex -1.38524 -1.77302 12.3
      vertex -9.23492 -11.8202 12.3
      vertex -8.38789 -12.4356 12.3
    endloop
  endfacet
  facet normal 0 0 1
    outer loop
      vertex -2.05548 0.915157 12.3
      vertex -13.7032 6.10105 12.3
      vertex -2.11431 0.769545 12.3
    endloop
  endfacet
  facet normal 0 0 1
    outer loop
      vertex -1.50554 -1.67208 12.3
      vertex -10.037 -11.1472 12.3
      vertex -9.23492 -11.8202 12.3
    endloop
  endfacet
  facet normal -0 0 1
    outer loop
      vertex -14.0954 5.1303 12.3
      vertex -2.11431 0.769545 12.3
      vertex -13.7032 6.10105 12.3
    endloop
  endfacet
  facet normal 0 0 1
    outer loop
      vertex -1.61851 -1.56298 12.3
      vertex -10.7901 -10.4199 12.3
      vertex -10.037 -11.1472 12.3
    endloop
  endfacet
  facet normal 0 0 1
    outer loop
      vertex -2.11431 0.769545 12.3
      vertex -14.0954 5.1303 12.3
      vertex -2.16284 0.620184 12.3
    endloop
  endfacet
  facet normal 0 0 1
    outer loop
      vertex -1.7236 -1.44627 12.3
      vertex -11.4907 -9.64181 12.3
      vertex -10.7901 -10.4199 12.3
    endloop
  endfacet
  facet normal -0 0 1
    outer loop
      vertex -14.4189 4.13456 12.3
      vertex -2.16284 0.620184 12.3
      vertex -14.0954 5.1303 12.3
    endloop
  endfacet
  facet normal 0 0 1
    outer loop
      vertex -1.82029 -1.32252 12.3
      vertex -12.1353 -8.81678 12.3
      vertex -11.4907 -9.64181 12.3
    endloop
  endfacet
  facet normal 0 0 1
    outer loop
      vertex -2.16284 0.620184 12.3
      vertex -14.4189 4.13456 12.3
      vertex -2.20083 0.467801 12.3
    endloop
  endfacet
  facet normal 0 0 1
    outer loop
      vertex -1.90811 -1.19232 12.3
      vertex -12.7207 -7.94879 12.3
      vertex -12.1353 -8.81678 12.3
    endloop
  endfacet
  facet normal -0 0 1
    outer loop
      vertex -14.6722 3.11868 12.3
      vertex -2.20083 0.467801 12.3
      vertex -14.4189 4.13456 12.3
    endloop
  endfacet
  facet normal 0 0 1
    outer loop
      vertex -1.98663 -1.05631 12.3
      vertex -13.2442 -7.04207 12.3
      vertex -12.7207 -7.94879 12.3
    endloop
  endfacet
  facet normal 0 0 1
    outer loop
      vertex -2.20083 0.467801 12.3
      vertex -14.6722 3.11868 12.3
      vertex -2.2281 0.313139 12.3
    endloop
  endfacet
  facet normal 0 0 1
    outer loop
      vertex -2.05548 -0.915157 12.3
      vertex -13.7032 -6.10105 12.3
      vertex -13.2442 -7.04207 12.3
    endloop
  endfacet
  facet normal -0 0 1
    outer loop
      vertex -14.854 2.0876 12.3
      vertex -2.2281 0.313139 12.3
      vertex -14.6722 3.11868 12.3
    endloop
  endfacet
  facet normal 0 0 1
    outer loop
      vertex -2.11431 -0.769545 12.3
      vertex -14.0954 -5.1303 12.3
      vertex -13.7032 -6.10105 12.3
    endloop
  endfacet
  facet normal 0 0 1
    outer loop
      vertex -2.2281 0.313139 12.3
      vertex -14.854 2.0876 12.3
      vertex -2.24452 0.156952 12.3
    endloop
  endfacet
  facet normal 0 0 1
    outer loop
      vertex -2.16284 -0.620184 12.3
      vertex -14.4189 -4.13456 12.3
      vertex -14.0954 -5.1303 12.3
    endloop
  endfacet
  facet normal -0 0 1
    outer loop
      vertex -14.9635 1.04635 12.3
      vertex -2.24452 0.156952 12.3
      vertex -14.854 2.0876 12.3
    endloop
  endfacet
  facet normal 0 0 1
    outer loop
      vertex -2.20083 -0.467801 12.3
      vertex -14.6722 -3.11868 12.3
      vertex -14.4189 -4.13456 12.3
    endloop
  endfacet
  facet normal 0 0 1
    outer loop
      vertex -2.24452 0.156952 12.3
      vertex -14.9635 1.04635 12.3
      vertex -2.25 0 12.3
    endloop
  endfacet
  facet normal 0 0 1
    outer loop
      vertex -2.2281 -0.313139 12.3
      vertex -14.854 -2.0876 12.3
      vertex -14.6722 -3.11868 12.3
    endloop
  endfacet
  facet normal 0 0 1
    outer loop
      vertex -15 0 12.3
      vertex -2.25 0 12.3
      vertex -14.9635 1.04635 12.3
    endloop
  endfacet
  facet normal 0 0 1
    outer loop
      vertex -2.24452 -0.156952 12.3
      vertex -14.9635 -1.04635 12.3
      vertex -14.854 -2.0876 12.3
    endloop
  endfacet
  facet normal 0 0 1
    outer loop
      vertex -2.25 0 12.3
      vertex -15 0 12.3
      vertex -14.9635 -1.04635 12.3
    endloop
  endfacet
  facet normal 0.139162 -0.99027 0
    outer loop
      vertex 1.56793 -14.9178 11.3
      vertex 2.60472 -14.7721 12.3
      vertex 1.56793 -14.9178 12.3
    endloop
  endfacet
  facet normal 0.139162 -0.99027 0
    outer loop
      vertex 2.60472 -14.7721 12.3
      vertex 1.56793 -14.9178 11.3
      vertex 2.60472 -14.7721 11.3
    endloop
  endfacet
  facet normal 0.275649 0.961258 -0
    outer loop
      vertex 4.63525 14.2658 11.3
      vertex 3.62883 14.5544 12.3
      vertex 4.63525 14.2658 12.3
    endloop
  endfacet
  facet normal 0.275649 0.961258 0
    outer loop
      vertex 3.62883 14.5544 12.3
      vertex 4.63525 14.2658 11.3
      vertex 3.62883 14.5544 11.3
    endloop
  endfacet
  facet normal 0.984809 -0.173641 0
    outer loop
      vertex 14.6722 -3.11868 12.3
      vertex 14.854 -2.0876 11.3
      vertex 14.854 -2.0876 12.3
    endloop
  endfacet
  facet normal 0.984809 -0.173641 0
    outer loop
      vertex 14.854 -2.0876 11.3
      vertex 14.6722 -3.11868 12.3
      vertex 14.6722 -3.11868 11.3
    endloop
  endfacet
  facet normal -0.069819 0.99756 0
    outer loop
      vertex -0.523492 14.9909 11.3
      vertex -1.56793 14.9178 12.3
      vertex -0.523492 14.9909 12.3
    endloop
  endfacet
  facet normal -0.069819 0.99756 0
    outer loop
      vertex -1.56793 14.9178 12.3
      vertex -0.523492 14.9909 11.3
      vertex -1.56793 14.9178 11.3
    endloop
  endfacet
  facet normal 0.341942 0.939721 -0
    outer loop
      vertex 5.6191 13.9078 11.3
      vertex 4.63525 14.2658 12.3
      vertex 5.6191 13.9078 12.3
    endloop
  endfacet
  facet normal 0.341942 0.939721 0
    outer loop
      vertex 4.63525 14.2658 12.3
      vertex 5.6191 13.9078 11.3
      vertex 4.63525 14.2658 11.3
    endloop
  endfacet
  facet normal -0.898781 0.438397 0
    outer loop
      vertex -13.7032 6.10105 11.3
      vertex -13.2442 7.04207 12.3
      vertex -13.2442 7.04207 11.3
    endloop
  endfacet
  facet normal -0.898781 0.438397 0
    outer loop
      vertex -13.2442 7.04207 12.3
      vertex -13.7032 6.10105 11.3
      vertex -13.7032 6.10105 12.3
    endloop
  endfacet
  facet normal -0.406778 -0.913527 0
    outer loop
      vertex -6.57557 -13.4819 11.3
      vertex -5.6191 -13.9078 12.3
      vertex -6.57557 -13.4819 12.3
    endloop
  endfacet
  facet normal -0.406778 -0.913527 -0
    outer loop
      vertex -5.6191 -13.9078 12.3
      vertex -6.57557 -13.4819 11.3
      vertex -5.6191 -13.9078 11.3
    endloop
  endfacet
  facet normal 0.587783 -0.809019 0
    outer loop
      vertex 8.38789 -12.4356 11.3
      vertex 9.23492 -11.8202 12.3
      vertex 8.38789 -12.4356 12.3
    endloop
  endfacet
  facet normal 0.587783 -0.809019 0
    outer loop
      vertex 9.23492 -11.8202 12.3
      vertex 8.38789 -12.4356 11.3
      vertex 9.23492 -11.8202 11.3
    endloop
  endfacet
  facet normal -0.970293 -0.241933 0
    outer loop
      vertex -14.4189 -4.13456 11.3
      vertex -14.6722 -3.11868 12.3
      vertex -14.6722 -3.11868 11.3
    endloop
  endfacet
  facet normal -0.970293 -0.241933 0
    outer loop
      vertex -14.6722 -3.11868 12.3
      vertex -14.4189 -4.13456 11.3
      vertex -14.4189 -4.13456 12.3
    endloop
  endfacet
  facet normal -0.970293 0.241933 0
    outer loop
      vertex -14.6722 3.11868 11.3
      vertex -14.4189 4.13456 12.3
      vertex -14.4189 4.13456 11.3
    endloop
  endfacet
  facet normal -0.970293 0.241933 0
    outer loop
      vertex -14.4189 4.13456 12.3
      vertex -14.6722 3.11868 11.3
      vertex -14.6722 3.11868 12.3
    endloop
  endfacet
  facet normal -0.275649 -0.961258 0
    outer loop
      vertex -4.63525 -14.2658 11.3
      vertex -3.62883 -14.5544 12.3
      vertex -4.63525 -14.2658 12.3
    endloop
  endfacet
  facet normal -0.275649 -0.961258 -0
    outer loop
      vertex -3.62883 -14.5544 12.3
      vertex -4.63525 -14.2658 11.3
      vertex -3.62883 -14.5544 11.3
    endloop
  endfacet
  facet normal 0.587783 0.809019 -0
    outer loop
      vertex 9.23492 11.8202 11.3
      vertex 8.38789 12.4356 12.3
      vertex 9.23492 11.8202 12.3
    endloop
  endfacet
  facet normal 0.587783 0.809019 0
    outer loop
      vertex 8.38789 12.4356 12.3
      vertex 9.23492 11.8202 11.3
      vertex 8.38789 12.4356 11.3
    endloop
  endfacet
  facet normal -0.694678 0.719321 0
    outer loop
      vertex -10.037 11.1472 11.3
      vertex -10.7901 10.4199 12.3
      vertex -10.037 11.1472 12.3
    endloop
  endfacet
  facet normal -0.694678 0.719321 0
    outer loop
      vertex -10.7901 10.4199 12.3
      vertex -10.037 11.1472 11.3
      vertex -10.7901 10.4199 11.3
    endloop
  endfacet
  facet normal 0 1 -0
    outer loop
      vertex 0.523492 14.9909 11.3
      vertex -0.523492 14.9909 12.3
      vertex 0.523492 14.9909 12.3
    endloop
  endfacet
  facet normal 0 1 0
    outer loop
      vertex -0.523492 14.9909 12.3
      vertex 0.523492 14.9909 11.3
      vertex -0.523492 14.9909 11.3
    endloop
  endfacet
  facet normal 0.743143 0.669133 0
    outer loop
      vertex 11.4907 9.64181 12.3
      vertex 10.7901 10.4199 11.3
      vertex 10.7901 10.4199 12.3
    endloop
  endfacet
  facet normal 0.743143 0.669133 0
    outer loop
      vertex 10.7901 10.4199 11.3
      vertex 11.4907 9.64181 12.3
      vertex 11.4907 9.64181 11.3
    endloop
  endfacet
  facet normal 0.866023 0.500004 0
    outer loop
      vertex 13.2442 7.04207 12.3
      vertex 12.7207 7.94879 11.3
      vertex 12.7207 7.94879 12.3
    endloop
  endfacet
  facet normal 0.866023 0.500004 0
    outer loop
      vertex 12.7207 7.94879 11.3
      vertex 13.2442 7.04207 12.3
      vertex 13.2442 7.04207 11.3
    endloop
  endfacet
  facet normal -0.529909 0.848055 0
    outer loop
      vertex -7.5 12.9904 11.3
      vertex -8.38789 12.4356 12.3
      vertex -7.5 12.9904 12.3
    endloop
  endfacet
  facet normal -0.529909 0.848055 0
    outer loop
      vertex -8.38789 12.4356 12.3
      vertex -7.5 12.9904 11.3
      vertex -8.38789 12.4356 11.3
    endloop
  endfacet
  facet normal 0.275649 -0.961258 0
    outer loop
      vertex 3.62883 -14.5544 11.3
      vertex 4.63525 -14.2658 12.3
      vertex 3.62883 -14.5544 12.3
    endloop
  endfacet
  facet normal 0.275649 -0.961258 0
    outer loop
      vertex 4.63525 -14.2658 12.3
      vertex 3.62883 -14.5544 11.3
      vertex 4.63525 -14.2658 11.3
    endloop
  endfacet
  facet normal 0.469451 -0.882959 0
    outer loop
      vertex 6.57557 -13.4819 11.3
      vertex 7.5 -12.9904 12.3
      vertex 6.57557 -13.4819 12.3
    endloop
  endfacet
  facet normal 0.469451 -0.882959 0
    outer loop
      vertex 7.5 -12.9904 12.3
      vertex 6.57557 -13.4819 11.3
      vertex 7.5 -12.9904 11.3
    endloop
  endfacet
  facet normal -0.529909 -0.848055 0
    outer loop
      vertex -8.38789 -12.4356 11.3
      vertex -7.5 -12.9904 12.3
      vertex -8.38789 -12.4356 12.3
    endloop
  endfacet
  facet normal -0.529909 -0.848055 -0
    outer loop
      vertex -7.5 -12.9904 12.3
      vertex -8.38789 -12.4356 11.3
      vertex -7.5 -12.9904 11.3
    endloop
  endfacet
  facet normal 0.694678 0.719321 -0
    outer loop
      vertex 10.7901 10.4199 11.3
      vertex 10.037 11.1472 12.3
      vertex 10.7901 10.4199 12.3
    endloop
  endfacet
  facet normal 0.694678 0.719321 0
    outer loop
      vertex 10.037 11.1472 12.3
      vertex 10.7901 10.4199 11.3
      vertex 10.037 11.1472 11.3
    endloop
  endfacet
  facet normal -0.694678 -0.719321 0
    outer loop
      vertex -10.7901 -10.4199 11.3
      vertex -10.037 -11.1472 12.3
      vertex -10.7901 -10.4199 12.3
    endloop
  endfacet
  facet normal -0.694678 -0.719321 -0
    outer loop
      vertex -10.037 -11.1472 12.3
      vertex -10.7901 -10.4199 11.3
      vertex -10.037 -11.1472 11.3
    endloop
  endfacet
  facet normal -0.743143 -0.669133 0
    outer loop
      vertex -10.7901 -10.4199 11.3
      vertex -11.4907 -9.64181 12.3
      vertex -11.4907 -9.64181 11.3
    endloop
  endfacet
  facet normal -0.743143 -0.669133 0
    outer loop
      vertex -11.4907 -9.64181 12.3
      vertex -10.7901 -10.4199 11.3
      vertex -10.7901 -10.4199 12.3
    endloop
  endfacet
  facet normal -0.951066 -0.308986 0
    outer loop
      vertex -14.0954 -5.1303 11.3
      vertex -14.4189 -4.13456 12.3
      vertex -14.4189 -4.13456 11.3
    endloop
  endfacet
  facet normal -0.951066 -0.308986 0
    outer loop
      vertex -14.4189 -4.13456 12.3
      vertex -14.0954 -5.1303 11.3
      vertex -14.0954 -5.1303 12.3
    endloop
  endfacet
  facet normal -0.984809 0.173641 0
    outer loop
      vertex -14.854 2.0876 11.3
      vertex -14.6722 3.11868 12.3
      vertex -14.6722 3.11868 11.3
    endloop
  endfacet
  facet normal -0.984809 0.173641 0
    outer loop
      vertex -14.6722 3.11868 12.3
      vertex -14.854 2.0876 11.3
      vertex -14.854 2.0876 12.3
    endloop
  endfacet
  facet normal 0.866023 -0.500004 0
    outer loop
      vertex 12.7207 -7.94879 12.3
      vertex 13.2442 -7.04207 11.3
      vertex 13.2442 -7.04207 12.3
    endloop
  endfacet
  facet normal 0.866023 -0.500004 0
    outer loop
      vertex 13.2442 -7.04207 11.3
      vertex 12.7207 -7.94879 12.3
      vertex 12.7207 -7.94879 11.3
    endloop
  endfacet
  facet normal -0.999392 -0.034862 0
    outer loop
      vertex -14.9635 -1.04635 11.3
      vertex -15 0 12.3
      vertex -15 0 11.3
    endloop
  endfacet
  facet normal -0.999392 -0.034862 0
    outer loop
      vertex -15 0 12.3
      vertex -14.9635 -1.04635 11.3
      vertex -14.9635 -1.04635 12.3
    endloop
  endfacet
  facet normal -0.927187 -0.3746 0
    outer loop
      vertex -13.7032 -6.10105 11.3
      vertex -14.0954 -5.1303 12.3
      vertex -14.0954 -5.1303 11.3
    endloop
  endfacet
  facet normal -0.927187 -0.3746 0
    outer loop
      vertex -14.0954 -5.1303 12.3
      vertex -13.7032 -6.10105 11.3
      vertex -13.7032 -6.10105 12.3
    endloop
  endfacet
  facet normal 0.341942 -0.939721 0
    outer loop
      vertex 4.63525 -14.2658 11.3
      vertex 5.6191 -13.9078 12.3
      vertex 4.63525 -14.2658 12.3
    endloop
  endfacet
  facet normal 0.341942 -0.939721 0
    outer loop
      vertex 5.6191 -13.9078 12.3
      vertex 4.63525 -14.2658 11.3
      vertex 5.6191 -13.9078 11.3
    endloop
  endfacet
  facet normal -0.469451 0.882959 0
    outer loop
      vertex -6.57557 13.4819 11.3
      vertex -7.5 12.9904 12.3
      vertex -6.57557 13.4819 12.3
    endloop
  endfacet
  facet normal -0.469451 0.882959 0
    outer loop
      vertex -7.5 12.9904 12.3
      vertex -6.57557 13.4819 11.3
      vertex -7.5 12.9904 11.3
    endloop
  endfacet
  facet normal -0.866023 0.500004 0
    outer loop
      vertex -13.2442 7.04207 11.3
      vertex -12.7207 7.94879 12.3
      vertex -12.7207 7.94879 11.3
    endloop
  endfacet
  facet normal -0.866023 0.500004 0
    outer loop
      vertex -12.7207 7.94879 12.3
      vertex -13.2442 7.04207 11.3
      vertex -13.2442 7.04207 12.3
    endloop
  endfacet
  facet normal 0.743143 -0.669133 0
    outer loop
      vertex 10.7901 -10.4199 12.3
      vertex 11.4907 -9.64181 11.3
      vertex 11.4907 -9.64181 12.3
    endloop
  endfacet
  facet normal 0.743143 -0.669133 0
    outer loop
      vertex 11.4907 -9.64181 11.3
      vertex 10.7901 -10.4199 12.3
      vertex 10.7901 -10.4199 11.3
    endloop
  endfacet
  facet normal -0.927187 0.3746 0
    outer loop
      vertex -14.0954 5.1303 11.3
      vertex -13.7032 6.10105 12.3
      vertex -13.7032 6.10105 11.3
    endloop
  endfacet
  facet normal -0.927187 0.3746 0
    outer loop
      vertex -13.7032 6.10105 12.3
      vertex -14.0954 5.1303 11.3
      vertex -14.0954 5.1303 12.3
    endloop
  endfacet
  facet normal -0.951066 0.308986 0
    outer loop
      vertex -14.4189 4.13456 11.3
      vertex -14.0954 5.1303 12.3
      vertex -14.0954 5.1303 11.3
    endloop
  endfacet
  facet normal -0.951066 0.308986 0
    outer loop
      vertex -14.0954 5.1303 12.3
      vertex -14.4189 4.13456 11.3
      vertex -14.4189 4.13456 12.3
    endloop
  endfacet
  facet normal -0.994516 -0.104585 0
    outer loop
      vertex -14.854 -2.0876 11.3
      vertex -14.9635 -1.04635 12.3
      vertex -14.9635 -1.04635 11.3
    endloop
  endfacet
  facet normal -0.994516 -0.104585 0
    outer loop
      vertex -14.9635 -1.04635 12.3
      vertex -14.854 -2.0876 11.3
      vertex -14.854 -2.0876 12.3
    endloop
  endfacet
  facet normal -0.994516 0.104585 0
    outer loop
      vertex -14.9635 1.04635 11.3
      vertex -14.854 2.0876 12.3
      vertex -14.854 2.0876 11.3
    endloop
  endfacet
  facet normal -0.994516 0.104585 0
    outer loop
      vertex -14.854 2.0876 12.3
      vertex -14.9635 1.04635 11.3
      vertex -14.9635 1.04635 12.3
    endloop
  endfacet
  facet normal -0.207929 -0.978144 0
    outer loop
      vertex -3.62883 -14.5544 11.3
      vertex -2.60472 -14.7721 12.3
      vertex -3.62883 -14.5544 12.3
    endloop
  endfacet
  facet normal -0.207929 -0.978144 -0
    outer loop
      vertex -2.60472 -14.7721 12.3
      vertex -3.62883 -14.5544 11.3
      vertex -2.60472 -14.7721 11.3
    endloop
  endfacet
  facet normal -0.829067 0.559149 0
    outer loop
      vertex -12.7207 7.94879 11.3
      vertex -12.1353 8.81678 12.3
      vertex -12.1353 8.81678 11.3
    endloop
  endfacet
  facet normal -0.829067 0.559149 0
    outer loop
      vertex -12.1353 8.81678 12.3
      vertex -12.7207 7.94879 11.3
      vertex -12.7207 7.94879 12.3
    endloop
  endfacet
  facet normal -0.642774 -0.766056 0
    outer loop
      vertex -10.037 -11.1472 11.3
      vertex -9.23492 -11.8202 12.3
      vertex -10.037 -11.1472 12.3
    endloop
  endfacet
  facet normal -0.642774 -0.766056 -0
    outer loop
      vertex -9.23492 -11.8202 12.3
      vertex -10.037 -11.1472 11.3
      vertex -9.23492 -11.8202 11.3
    endloop
  endfacet
  facet normal -0.406778 0.913527 0
    outer loop
      vertex -5.6191 13.9078 11.3
      vertex -6.57557 13.4819 12.3
      vertex -5.6191 13.9078 12.3
    endloop
  endfacet
  facet normal -0.406778 0.913527 0
    outer loop
      vertex -6.57557 13.4819 12.3
      vertex -5.6191 13.9078 11.3
      vertex -6.57557 13.4819 11.3
    endloop
  endfacet
  facet normal -0.898781 -0.438397 0
    outer loop
      vertex -13.2442 -7.04207 11.3
      vertex -13.7032 -6.10105 12.3
      vertex -13.7032 -6.10105 11.3
    endloop
  endfacet
  facet normal -0.898781 -0.438397 0
    outer loop
      vertex -13.7032 -6.10105 12.3
      vertex -13.2442 -7.04207 11.3
      vertex -13.2442 -7.04207 12.3
    endloop
  endfacet
  facet normal -0.866023 -0.500004 0
    outer loop
      vertex -12.7207 -7.94879 11.3
      vertex -13.2442 -7.04207 12.3
      vertex -13.2442 -7.04207 11.3
    endloop
  endfacet
  facet normal -0.866023 -0.500004 0
    outer loop
      vertex -13.2442 -7.04207 12.3
      vertex -12.7207 -7.94879 11.3
      vertex -12.7207 -7.94879 12.3
    endloop
  endfacet
  facet normal 0.984812 0 -0.173622
    outer loop
      vertex -3.66805 -47.91 36.7797
      vertex -3.7135 -47.9 36.5219
      vertex -3.66805 -47.9 36.7797
    endloop
  endfacet
  facet normal 0.984812 0 -0.173622
    outer loop
      vertex -3.7135 -47.9 36.5219
      vertex -3.66805 -47.91 36.7797
      vertex -3.7135 -47.91 36.5219
    endloop
  endfacet
  facet normal -0.994521 0 -0.104534
    outer loop
      vertex 3.74086 -47.91 36.2616
      vertex 3.7135 -47.9 36.5219
      vertex 3.74086 -47.9 36.2616
    endloop
  endfacet
  facet normal -0.994521 -0 -0.104534
    outer loop
      vertex 3.7135 -47.9 36.5219
      vertex 3.74086 -47.91 36.2616
      vertex 3.7135 -47.91 36.5219
    endloop
  endfacet
  facet normal -0.99939 0 -0.0349175
    outer loop
      vertex 3.75 -47.91 36
      vertex 3.74086 -47.9 36.2616
      vertex 3.75 -47.9 36
    endloop
  endfacet
  facet normal -0.99939 -0 -0.0349175
    outer loop
      vertex 3.74086 -47.9 36.2616
      vertex 3.75 -47.91 36
      vertex 3.74086 -47.91 36.2616
    endloop
  endfacet
  facet normal -0.0695342 0 0.99758
    outer loop
      vertex 0.130873 -47.9 32.2523
      vertex 0.391981 -47.91 32.2705
      vertex 0.391981 -47.9 32.2705
    endloop
  endfacet
  facet normal -0.0695342 0 0.99758
    outer loop
      vertex 0.391981 -47.91 32.2705
      vertex 0.130873 -47.9 32.2523
      vertex 0.130873 -47.91 32.2523
    endloop
  endfacet
  facet normal -0.406535 0 -0.913635
    outer loop
      vertex 1.40477 -47.91 39.4769
      vertex 1.64389 -47.9 39.3705
      vertex 1.64389 -47.91 39.3705
    endloop
  endfacet
  facet normal -0.406535 0 -0.913635
    outer loop
      vertex 1.64389 -47.9 39.3705
      vertex 1.40477 -47.91 39.4769
      vertex 1.40477 -47.9 39.4769
    endloop
  endfacet
  facet normal 0.694619 0 -0.719378
    outer loop
      vertex -2.69752 -47.91 38.605
      vertex -2.50924 -47.9 38.7868
      vertex -2.50924 -47.91 38.7868
    endloop
  endfacet
  facet normal 0.694619 0 -0.719378
    outer loop
      vertex -2.50924 -47.9 38.7868
      vertex -2.69752 -47.91 38.605
      vertex -2.69752 -47.9 38.605
    endloop
  endfacet
  facet normal 0 1 0
    outer loop
      vertex 0.130873 -47.91 39.7477
      vertex 0.130524 -47.91 39.7377
      vertex -0.130873 -47.91 39.7477
    endloop
  endfacet
  facet normal 0 1 -0
    outer loop
      vertex 0.388369 -47.91 39.7197
      vertex 0.130873 -47.91 39.7477
      vertex 0.391981 -47.91 39.7295
    endloop
  endfacet
  facet normal 0 1 0
    outer loop
      vertex 0.130873 -47.91 39.7477
      vertex 0.388369 -47.91 39.7197
      vertex 0.130524 -47.91 39.7377
    endloop
  endfacet
  facet normal 0 1 0
    outer loop
      vertex 0.391981 -47.91 39.7295
      vertex 0.390936 -47.91 39.7195
      vertex 0.388369 -47.91 39.7197
    endloop
  endfacet
  facet normal 0 1 0
    outer loop
      vertex 0.391981 -47.91 39.7295
      vertex 0.393485 -47.91 39.7192
      vertex 0.390936 -47.91 39.7195
    endloop
  endfacet
  facet normal 0 1 0
    outer loop
      vertex 0.65118 -47.91 39.693
      vertex 0.393485 -47.91 39.7192
      vertex 0.391981 -47.91 39.7295
    endloop
  endfacet
  facet normal 0 1 0
    outer loop
      vertex 0.65118 -47.91 39.693
      vertex 0.649444 -47.91 39.6832
      vertex 0.393485 -47.91 39.7192
    endloop
  endfacet
  facet normal 0 1 -0
    outer loop
      vertex 0.90227 -47.91 39.6294
      vertex 0.65118 -47.91 39.693
      vertex 0.907207 -47.91 39.6386
    endloop
  endfacet
  facet normal 0 1 0
    outer loop
      vertex 0.65118 -47.91 39.693
      vertex 0.90227 -47.91 39.6294
      vertex 0.649444 -47.91 39.6832
    endloop
  endfacet
  facet normal 0 1 0
    outer loop
      vertex 0.907207 -47.91 39.6386
      vertex 0.904787 -47.91 39.6289
      vertex 0.90227 -47.91 39.6294
    endloop
  endfacet
  facet normal 0 1 0
    outer loop
      vertex 0.907207 -47.91 39.6386
      vertex 0.907261 -47.91 39.6282
      vertex 0.904787 -47.91 39.6289
    endloop
  endfacet
  facet normal 0 1 0
    outer loop
      vertex 1.15881 -47.91 39.5665
      vertex 0.907261 -47.91 39.6282
      vertex 0.907207 -47.91 39.6386
    endloop
  endfacet
  facet normal 0 1 0
    outer loop
      vertex 1.15881 -47.91 39.5665
      vertex 1.15572 -47.91 39.557
      vertex 0.907261 -47.91 39.6282
    endloop
  endfacet
  facet normal 0 1 0
    outer loop
      vertex 1.15881 -47.91 39.5665
      vertex 1.15814 -47.91 39.5561
      vertex 1.15572 -47.91 39.557
    endloop
  endfacet
  facet normal 0 1 0
    outer loop
      vertex 1.40477 -47.91 39.4769
      vertex 1.15814 -47.91 39.5561
      vertex 1.15881 -47.91 39.5665
    endloop
  endfacet
  facet normal 0 1 0
    outer loop
      vertex 1.40477 -47.91 39.4769
      vertex 1.40103 -47.91 39.4677
      vertex 1.15814 -47.91 39.5561
    endloop
  endfacet
  facet normal 0 1 -0
    outer loop
      vertex 1.63716 -47.91 39.3625
      vertex 1.40477 -47.91 39.4769
      vertex 1.64389 -47.91 39.3705
    endloop
  endfacet
  facet normal 0 1 0
    outer loop
      vertex 1.40477 -47.91 39.4769
      vertex 1.63716 -47.91 39.3625
      vertex 1.40103 -47.91 39.4677
    endloop
  endfacet
  facet normal 0 1 0
    outer loop
      vertex 1.64389 -47.91 39.3705
      vertex 1.63951 -47.91 39.3615
      vertex 1.63716 -47.91 39.3625
    endloop
  endfacet
  facet normal 0 1 -0
    outer loop
      vertex 1.86773 -47.91 39.2401
      vertex 1.64389 -47.91 39.3705
      vertex 1.875 -47.91 39.2476
    endloop
  endfacet
  facet normal 0 1 0
    outer loop
      vertex 1.64389 -47.91 39.3705
      vertex 1.86773 -47.91 39.2401
      vertex 1.63951 -47.91 39.3615
    endloop
  endfacet
  facet normal 0 1 0
    outer loop
      vertex 1.875 -47.91 39.2476
      vertex 1.87 -47.91 39.2389
      vertex 1.86773 -47.91 39.2401
    endloop
  endfacet
  facet normal 0 1 0
    outer loop
      vertex 1.875 -47.91 39.2476
      vertex 1.87218 -47.91 39.2376
      vertex 1.87 -47.91 39.2389
    endloop
  endfacet
  facet normal 0 1 0
    outer loop
      vertex 2.09697 -47.91 39.1089
      vertex 1.87218 -47.91 39.2376
      vertex 1.875 -47.91 39.2476
    endloop
  endfacet
  facet normal 0 1 0
    outer loop
      vertex 2.09697 -47.91 39.1089
      vertex 2.09138 -47.91 39.1006
      vertex 1.87218 -47.91 39.2376
    endloop
  endfacet
  facet normal 0 1 0
    outer loop
      vertex 2.09697 -47.91 39.1089
      vertex 2.09346 -47.91 39.0991
      vertex 2.09138 -47.91 39.1006
    endloop
  endfacet
  facet normal 0 1 0
    outer loop
      vertex 2.30873 -47.91 38.955
      vertex 2.09346 -47.91 39.0991
      vertex 2.09697 -47.91 39.1089
    endloop
  endfacet
  facet normal 0 1 0
    outer loop
      vertex 2.30873 -47.91 38.955
      vertex 2.30257 -47.91 38.9472
      vertex 2.09346 -47.91 39.0991
    endloop
  endfacet
  facet normal 0 1 -0
    outer loop
      vertex 2.50058 -47.91 38.781
      vertex 2.30873 -47.91 38.955
      vertex 2.50924 -47.91 38.7868
    endloop
  endfacet
  facet normal 0 1 0
    outer loop
      vertex 2.30873 -47.91 38.955
      vertex 2.50058 -47.91 38.781
      vertex 2.30257 -47.91 38.9472
    endloop
  endfacet
  facet normal 0 1 0
    outer loop
      vertex 2.50924 -47.91 38.7868
      vertex 2.50255 -47.91 38.7794
      vertex 2.50058 -47.91 38.781
    endloop
  endfacet
  facet normal 0 1 0
    outer loop
      vertex 2.50924 -47.91 38.7868
      vertex 2.5044 -47.91 38.7776
      vertex 2.50255 -47.91 38.7794
    endloop
  endfacet
  facet normal 0 1 0
    outer loop
      vertex 2.69752 -47.91 38.605
      vertex 2.5044 -47.91 38.7776
      vertex 2.50924 -47.91 38.7868
    endloop
  endfacet
  facet normal 0 1 0
    outer loop
      vertex 2.69752 -47.91 38.605
      vertex 2.69033 -47.91 38.598
      vertex 2.5044 -47.91 38.7776
    endloop
  endfacet
  facet normal 0 1 -0
    outer loop
      vertex 2.86328 -47.91 38.4059
      vertex 2.69752 -47.91 38.605
      vertex 2.87267 -47.91 38.4105
    endloop
  endfacet
  facet normal 0 1 0
    outer loop
      vertex 2.69752 -47.91 38.605
      vertex 2.86328 -47.91 38.4059
      vertex 2.69033 -47.91 38.598
    endloop
  endfacet
  facet normal 0 1 0
    outer loop
      vertex 2.87267 -47.91 38.4105
      vertex 2.86501 -47.91 38.404
      vertex 2.86328 -47.91 38.4059
    endloop
  endfacet
  facet normal 0 1 -0
    outer loop
      vertex 3.02414 -47.91 38.2003
      vertex 2.87267 -47.91 38.4105
      vertex 3.03381 -47.91 38.2042
    endloop
  endfacet
  facet normal 0 1 0
    outer loop
      vertex 2.87267 -47.91 38.4105
      vertex 3.02414 -47.91 38.2003
      vertex 2.86501 -47.91 38.404
    endloop
  endfacet
  facet normal 0 1 0
    outer loop
      vertex 3.03381 -47.91 38.2042
      vertex 3.02572 -47.91 38.1983
      vertex 3.02414 -47.91 38.2003
    endloop
  endfacet
  facet normal 0 1 0
    outer loop
      vertex 3.03381 -47.91 38.2042
      vertex 3.02716 -47.91 38.1962
      vertex 3.02572 -47.91 38.1983
    endloop
  endfacet
  facet normal 0 1 0
    outer loop
      vertex 3.18018 -47.91 37.9872
      vertex 3.02716 -47.91 38.1962
      vertex 3.03381 -47.91 38.2042
    endloop
  endfacet
  facet normal 0 1 0
    outer loop
      vertex 3.18018 -47.91 37.9872
      vertex 3.1717 -47.91 37.9819
      vertex 3.02716 -47.91 38.1962
    endloop
  endfacet
  facet normal 0 1 0
    outer loop
      vertex 3.18018 -47.91 37.9872
      vertex 3.17299 -47.91 37.9797
      vertex 3.1717 -47.91 37.9819
    endloop
  endfacet
  facet normal 0 1 0
    outer loop
      vertex 3.31105 -47.91 37.7605
      vertex 3.17299 -47.91 37.9797
      vertex 3.18018 -47.91 37.9872
    endloop
  endfacet
  facet normal 0 1 0
    outer loop
      vertex 3.31105 -47.91 37.7605
      vertex 3.30222 -47.91 37.7558
      vertex 3.17299 -47.91 37.9797
    endloop
  endfacet
  facet normal 0 1 0
    outer loop
      vertex 3.31105 -47.91 37.7605
      vertex 3.30335 -47.91 37.7535
      vertex 3.30222 -47.91 37.7558
    endloop
  endfacet
  facet normal 0 1 0
    outer loop
      vertex 3.42579 -47.91 37.5253
      vertex 3.30335 -47.91 37.7535
      vertex 3.31105 -47.91 37.7605
    endloop
  endfacet
  facet normal 0 1 0
    outer loop
      vertex 3.42579 -47.91 37.5253
      vertex 3.41666 -47.91 37.5212
      vertex 3.30335 -47.91 37.7535
    endloop
  endfacet
  facet normal 0 1 -0
    outer loop
      vertex 3.51349 -47.91 37.2815
      vertex 3.42579 -47.91 37.5253
      vertex 3.52385 -47.91 37.2826
    endloop
  endfacet
  facet normal 0 1 0
    outer loop
      vertex 3.42579 -47.91 37.5253
      vertex 3.51349 -47.91 37.2815
      vertex 3.41666 -47.91 37.5212
    endloop
  endfacet
  facet normal 0 1 0
    outer loop
      vertex 3.52385 -47.91 37.2826
      vertex 3.51445 -47.91 37.2792
      vertex 3.51349 -47.91 37.2815
    endloop
  endfacet
  facet normal 0 1 0
    outer loop
      vertex 3.52385 -47.91 37.2826
      vertex 3.51525 -47.91 37.2767
      vertex 3.51445 -47.91 37.2792
    endloop
  endfacet
  facet normal 0 1 0
    outer loop
      vertex 3.60473 -47.91 37.0336
      vertex 3.51525 -47.91 37.2767
      vertex 3.52385 -47.91 37.2826
    endloop
  endfacet
  facet normal 0 1 0
    outer loop
      vertex 3.60473 -47.91 37.0336
      vertex 3.59512 -47.91 37.0309
      vertex 3.51525 -47.91 37.2767
    endloop
  endfacet
  facet normal 0 1 0
    outer loop
      vertex 3.60473 -47.91 37.0336
      vertex 3.59574 -47.91 37.0284
      vertex 3.59512 -47.91 37.0309
    endloop
  endfacet
  facet normal 0 1 0
    outer loop
      vertex 3.66805 -47.91 36.7797
      vertex 3.59574 -47.91 37.0284
      vertex 3.60473 -47.91 37.0336
    endloop
  endfacet
  facet normal 0 1 0
    outer loop
      vertex 3.66805 -47.91 36.7797
      vertex 3.65827 -47.91 36.7776
      vertex 3.59574 -47.91 37.0284
    endloop
  endfacet
  facet normal 0 1 0
    outer loop
      vertex 3.66805 -47.91 36.7797
      vertex 3.70316 -47.91 36.523
      vertex 3.65827 -47.91 36.7776
    endloop
  endfacet
  facet normal 0 1 0
    outer loop
      vertex 3.7135 -47.91 36.5219
      vertex 3.70316 -47.91 36.523
      vertex 3.66805 -47.91 36.7797
    endloop
  endfacet
  facet normal 0 1 0
    outer loop
      vertex 3.7135 -47.91 36.5219
      vertex 3.7036 -47.91 36.5205
      vertex 3.70316 -47.91 36.523
    endloop
  endfacet
  facet normal 0 1 0
    outer loop
      vertex 3.7135 -47.91 36.5219
      vertex 3.70387 -47.91 36.5179
      vertex 3.7036 -47.91 36.5205
    endloop
  endfacet
  facet normal 0 1 0
    outer loop
      vertex 3.74086 -47.91 36.2616
      vertex 3.70387 -47.91 36.5179
      vertex 3.7135 -47.91 36.5219
    endloop
  endfacet
  facet normal 0 1 0
    outer loop
      vertex 3.74086 -47.91 36.2616
      vertex 3.73089 -47.91 36.2609
      vertex 3.70387 -47.91 36.5179
    endloop
  endfacet
  facet normal 0 1 0
    outer loop
      vertex 3.74086 -47.91 36.2616
      vertex 3.73991 -47.91 36.0026
      vertex 3.73089 -47.91 36.2609
    endloop
  endfacet
  facet normal 0 1 0
    outer loop
      vertex 3.75 -47.91 36
      vertex 3.73991 -47.91 36.0026
      vertex 3.74086 -47.91 36.2616
    endloop
  endfacet
  facet normal 0 1 0
    outer loop
      vertex 3.75 -47.91 36
      vertex 3.74 -47.91 36
      vertex 3.73991 -47.91 36.0026
    endloop
  endfacet
  facet normal 0 1 0
    outer loop
      vertex 3.75 -47.91 36
      vertex 3.73991 -47.91 35.9974
      vertex 3.74 -47.91 36
    endloop
  endfacet
  facet normal 0 1 -0
    outer loop
      vertex 3.74086 -47.91 35.7384
      vertex 3.73991 -47.91 35.9974
      vertex 3.75 -47.91 36
    endloop
  endfacet
  facet normal 0 1 0
    outer loop
      vertex 3.73991 -47.91 35.9974
      vertex 3.74086 -47.91 35.7384
      vertex 3.73089 -47.91 35.7391
    endloop
  endfacet
  facet normal 0 1 0
    outer loop
      vertex 3.74086 -47.91 35.7384
      vertex 3.70387 -47.91 35.4821
      vertex 3.73089 -47.91 35.7391
    endloop
  endfacet
  facet normal 0 1 -0
    outer loop
      vertex 3.7135 -47.91 35.4781
      vertex 3.70387 -47.91 35.4821
      vertex 3.74086 -47.91 35.7384
    endloop
  endfacet
  facet normal 0 1 0
    outer loop
      vertex 3.70387 -47.91 35.4821
      vertex 3.7135 -47.91 35.4781
      vertex 3.7036 -47.91 35.4795
    endloop
  endfacet
  facet normal 0 1 0
    outer loop
      vertex 3.7135 -47.91 35.4781
      vertex 3.70316 -47.91 35.477
      vertex 3.7036 -47.91 35.4795
    endloop
  endfacet
  facet normal 0 1 0
    outer loop
      vertex 3.66805 -47.91 35.2203
      vertex 3.70316 -47.91 35.477
      vertex 3.7135 -47.91 35.4781
    endloop
  endfacet
  facet normal 0 1 0
    outer loop
      vertex 3.70316 -47.91 35.477
      vertex 3.66805 -47.91 35.2203
      vertex 3.65827 -47.91 35.2224
    endloop
  endfacet
  facet normal 0 1 0
    outer loop
      vertex 3.66805 -47.91 35.2203
      vertex 3.59574 -47.91 34.9716
      vertex 3.65827 -47.91 35.2224
    endloop
  endfacet
  facet normal 0 1 -0
    outer loop
      vertex 3.60473 -47.91 34.9664
      vertex 3.59574 -47.91 34.9716
      vertex 3.66805 -47.91 35.2203
    endloop
  endfacet
  facet normal 0 1 0
    outer loop
      vertex 3.59574 -47.91 34.9716
      vertex 3.60473 -47.91 34.9664
      vertex 3.59512 -47.91 34.9691
    endloop
  endfacet
  facet normal 0 1 0
    outer loop
      vertex 3.60473 -47.91 34.9664
      vertex 3.51525 -47.91 34.7233
      vertex 3.59512 -47.91 34.9691
    endloop
  endfacet
  facet normal 0 1 -0
    outer loop
      vertex 3.52385 -47.91 34.7174
      vertex 3.51525 -47.91 34.7233
      vertex 3.60473 -47.91 34.9664
    endloop
  endfacet
  facet normal 0 1 0
    outer loop
      vertex 3.51525 -47.91 34.7233
      vertex 3.52385 -47.91 34.7174
      vertex 3.51445 -47.91 34.7208
    endloop
  endfacet
  facet normal 0 1 0
    outer loop
      vertex 3.52385 -47.91 34.7174
      vertex 3.51349 -47.91 34.7185
      vertex 3.51445 -47.91 34.7208
    endloop
  endfacet
  facet normal 0 1 0
    outer loop
      vertex 3.42579 -47.91 34.4747
      vertex 3.51349 -47.91 34.7185
      vertex 3.52385 -47.91 34.7174
    endloop
  endfacet
  facet normal 0 1 0
    outer loop
      vertex 3.51349 -47.91 34.7185
      vertex 3.42579 -47.91 34.4747
      vertex 3.41666 -47.91 34.4788
    endloop
  endfacet
  facet normal 0 1 0
    outer loop
      vertex 3.42579 -47.91 34.4747
      vertex 3.30335 -47.91 34.2465
      vertex 3.41666 -47.91 34.4788
    endloop
  endfacet
  facet normal 0 1 -0
    outer loop
      vertex 3.31105 -47.91 34.2395
      vertex 3.30335 -47.91 34.2465
      vertex 3.42579 -47.91 34.4747
    endloop
  endfacet
  facet normal 0 1 0
    outer loop
      vertex 3.30335 -47.91 34.2465
      vertex 3.31105 -47.91 34.2395
      vertex 3.30222 -47.91 34.2442
    endloop
  endfacet
  facet normal 0 1 0
    outer loop
      vertex 3.31105 -47.91 34.2395
      vertex 3.17299 -47.91 34.0203
      vertex 3.30222 -47.91 34.2442
    endloop
  endfacet
  facet normal 0 1 -0
    outer loop
      vertex 3.18018 -47.91 34.0128
      vertex 3.17299 -47.91 34.0203
      vertex 3.31105 -47.91 34.2395
    endloop
  endfacet
  facet normal 0 1 0
    outer loop
      vertex 3.17299 -47.91 34.0203
      vertex 3.18018 -47.91 34.0128
      vertex 3.1717 -47.91 34.0181
    endloop
  endfacet
  facet normal 0 1 0
    outer loop
      vertex 3.18018 -47.91 34.0128
      vertex 3.02716 -47.91 33.8038
      vertex 3.1717 -47.91 34.0181
    endloop
  endfacet
  facet normal 0 1 -0
    outer loop
      vertex 3.03381 -47.91 33.7958
      vertex 3.02716 -47.91 33.8038
      vertex 3.18018 -47.91 34.0128
    endloop
  endfacet
  facet normal 0 1 0
    outer loop
      vertex 3.02716 -47.91 33.8038
      vertex 3.03381 -47.91 33.7958
      vertex 3.02572 -47.91 33.8017
    endloop
  endfacet
  facet normal 0 1 0
    outer loop
      vertex 3.03381 -47.91 33.7958
      vertex 3.02414 -47.91 33.7997
      vertex 3.02572 -47.91 33.8017
    endloop
  endfacet
  facet normal 0 1 0
    outer loop
      vertex 2.87267 -47.91 33.5895
      vertex 3.02414 -47.91 33.7997
      vertex 3.03381 -47.91 33.7958
    endloop
  endfacet
  facet normal 0 1 0
    outer loop
      vertex 3.02414 -47.91 33.7997
      vertex 2.87267 -47.91 33.5895
      vertex 2.86501 -47.91 33.596
    endloop
  endfacet
  facet normal 0 1 0
    outer loop
      vertex 2.87267 -47.91 33.5895
      vertex 2.86328 -47.91 33.5941
      vertex 2.86501 -47.91 33.596
    endloop
  endfacet
  facet normal 0 1 0
    outer loop
      vertex 2.69752 -47.91 33.395
      vertex 2.86328 -47.91 33.5941
      vertex 2.87267 -47.91 33.5895
    endloop
  endfacet
  facet normal 0 1 0
    outer loop
      vertex 2.86328 -47.91 33.5941
      vertex 2.69752 -47.91 33.395
      vertex 2.69033 -47.91 33.402
    endloop
  endfacet
  facet normal 0 1 0
    outer loop
      vertex 2.69752 -47.91 33.395
      vertex 2.5044 -47.91 33.2224
      vertex 2.69033 -47.91 33.402
    endloop
  endfacet
  facet normal 0 1 -0
    outer loop
      vertex 2.50924 -47.91 33.2132
      vertex 2.5044 -47.91 33.2224
      vertex 2.69752 -47.91 33.395
    endloop
  endfacet
  facet normal 0 1 0
    outer loop
      vertex 2.5044 -47.91 33.2224
      vertex 2.50924 -47.91 33.2132
      vertex 2.50255 -47.91 33.2206
    endloop
  endfacet
  facet normal 0 1 0
    outer loop
      vertex 2.50924 -47.91 33.2132
      vertex 2.50058 -47.91 33.219
      vertex 2.50255 -47.91 33.2206
    endloop
  endfacet
  facet normal 0 1 0
    outer loop
      vertex 2.30873 -47.91 33.045
      vertex 2.50058 -47.91 33.219
      vertex 2.50924 -47.91 33.2132
    endloop
  endfacet
  facet normal 0 1 0
    outer loop
      vertex 2.50058 -47.91 33.219
      vertex 2.30873 -47.91 33.045
      vertex 2.30257 -47.91 33.0528
    endloop
  endfacet
  facet normal 0 1 0
    outer loop
      vertex 2.30873 -47.91 33.045
      vertex 2.09346 -47.91 32.9009
      vertex 2.30257 -47.91 33.0528
    endloop
  endfacet
  facet normal 0 1 -0
    outer loop
      vertex 2.09697 -47.91 32.8911
      vertex 2.09346 -47.91 32.9009
      vertex 2.30873 -47.91 33.045
    endloop
  endfacet
  facet normal 0 1 0
    outer loop
      vertex 2.09346 -47.91 32.9009
      vertex 2.09697 -47.91 32.8911
      vertex 2.09138 -47.91 32.8994
    endloop
  endfacet
  facet normal 0 1 0
    outer loop
      vertex 2.09697 -47.91 32.8911
      vertex 1.87218 -47.91 32.7624
      vertex 2.09138 -47.91 32.8994
    endloop
  endfacet
  facet normal 0 1 -0
    outer loop
      vertex 1.875 -47.91 32.7524
      vertex 1.87218 -47.91 32.7624
      vertex 2.09697 -47.91 32.8911
    endloop
  endfacet
  facet normal 0 1 0
    outer loop
      vertex 1.87218 -47.91 32.7624
      vertex 1.875 -47.91 32.7524
      vertex 1.87 -47.91 32.7611
    endloop
  endfacet
  facet normal 0 1 0
    outer loop
      vertex 1.875 -47.91 32.7524
      vertex 1.86773 -47.91 32.7599
      vertex 1.87 -47.91 32.7611
    endloop
  endfacet
  facet normal 0 1 0
    outer loop
      vertex 1.64389 -47.91 32.6295
      vertex 1.86773 -47.91 32.7599
      vertex 1.875 -47.91 32.7524
    endloop
  endfacet
  facet normal 0 1 0
    outer loop
      vertex 1.86773 -47.91 32.7599
      vertex 1.64389 -47.91 32.6295
      vertex 1.63951 -47.91 32.6385
    endloop
  endfacet
  facet normal 0 1 0
    outer loop
      vertex 1.64389 -47.91 32.6295
      vertex 1.63716 -47.91 32.6375
      vertex 1.63951 -47.91 32.6385
    endloop
  endfacet
  facet normal 0 1 0
    outer loop
      vertex 1.40477 -47.91 32.5231
      vertex 1.63716 -47.91 32.6375
      vertex 1.64389 -47.91 32.6295
    endloop
  endfacet
  facet normal 0 1 0
    outer loop
      vertex 1.63716 -47.91 32.6375
      vertex 1.40477 -47.91 32.5231
      vertex 1.40103 -47.91 32.5323
    endloop
  endfacet
  facet normal 0 1 0
    outer loop
      vertex 1.40477 -47.91 32.5231
      vertex 1.15814 -47.91 32.4439
      vertex 1.40103 -47.91 32.5323
    endloop
  endfacet
  facet normal 0 1 -0
    outer loop
      vertex 1.15881 -47.91 32.4335
      vertex 1.15814 -47.91 32.4439
      vertex 1.40477 -47.91 32.5231
    endloop
  endfacet
  facet normal 0 1 0
    outer loop
      vertex 1.15814 -47.91 32.4439
      vertex 1.15881 -47.91 32.4335
      vertex 1.15572 -47.91 32.443
    endloop
  endfacet
  facet normal 0 1 0
    outer loop
      vertex 1.15881 -47.91 32.4335
      vertex 0.907261 -47.91 32.3718
      vertex 1.15572 -47.91 32.443
    endloop
  endfacet
  facet normal 0 1 0
    outer loop
      vertex 0.907207 -47.91 32.3614
      vertex 0.907261 -47.91 32.3718
      vertex 1.15881 -47.91 32.4335
    endloop
  endfacet
  facet normal 0 1 0
    outer loop
      vertex 0.907261 -47.91 32.3718
      vertex 0.907207 -47.91 32.3614
      vertex 0.904787 -47.91 32.3711
    endloop
  endfacet
  facet normal 0 1 0
    outer loop
      vertex 0.907207 -47.91 32.3614
      vertex 0.90227 -47.91 32.3706
      vertex 0.904787 -47.91 32.3711
    endloop
  endfacet
  facet normal 0 1 0
    outer loop
      vertex 0.65118 -47.91 32.307
      vertex 0.90227 -47.91 32.3706
      vertex 0.907207 -47.91 32.3614
    endloop
  endfacet
  facet normal 0 1 0
    outer loop
      vertex 0.90227 -47.91 32.3706
      vertex 0.65118 -47.91 32.307
      vertex 0.649444 -47.91 32.3168
    endloop
  endfacet
  facet normal 0 1 0
    outer loop
      vertex 0.65118 -47.91 32.307
      vertex 0.393485 -47.91 32.2808
      vertex 0.649444 -47.91 32.3168
    endloop
  endfacet
  facet normal 0 1 0
    outer loop
      vertex 0.391981 -47.91 32.2705
      vertex 0.393485 -47.91 32.2808
      vertex 0.65118 -47.91 32.307
    endloop
  endfacet
  facet normal 0 1 0
    outer loop
      vertex 0.393485 -47.91 32.2808
      vertex 0.391981 -47.91 32.2705
      vertex 0.390936 -47.91 32.2805
    endloop
  endfacet
  facet normal 0 1 0
    outer loop
      vertex 0.391981 -47.91 32.2705
      vertex 0.388369 -47.91 32.2803
      vertex 0.390936 -47.91 32.2805
    endloop
  endfacet
  facet normal 0 1 0
    outer loop
      vertex 0.130873 -47.91 32.2523
      vertex 0.388369 -47.91 32.2803
      vertex 0.391981 -47.91 32.2705
    endloop
  endfacet
  facet normal 0 1 0
    outer loop
      vertex 0.130524 -47.91 32.2623
      vertex 0.130873 -47.91 32.2523
      vertex -0.130524 -47.91 32.2623
    endloop
  endfacet
  facet normal 0 1 0
    outer loop
      vertex 0.388369 -47.91 32.2803
      vertex 0.130873 -47.91 32.2523
      vertex 0.130524 -47.91 32.2623
    endloop
  endfacet
  facet normal 0 1 -0
    outer loop
      vertex -0.130524 -47.91 39.7377
      vertex -0.130873 -47.91 39.7477
      vertex 0.130524 -47.91 39.7377
    endloop
  endfacet
  facet normal 0 1 0
    outer loop
      vertex -0.388369 -47.91 39.7197
      vertex -0.130873 -47.91 39.7477
      vertex -0.130524 -47.91 39.7377
    endloop
  endfacet
  facet normal 0 1 0
    outer loop
      vertex -0.130873 -47.91 39.7477
      vertex -0.388369 -47.91 39.7197
      vertex -0.391981 -47.91 39.7295
    endloop
  endfacet
  facet normal 0 1 -0
    outer loop
      vertex -0.390936 -47.91 39.7195
      vertex -0.391981 -47.91 39.7295
      vertex -0.388369 -47.91 39.7197
    endloop
  endfacet
  facet normal 0 1 0
    outer loop
      vertex -0.393485 -47.91 39.7192
      vertex -0.391981 -47.91 39.7295
      vertex -0.390936 -47.91 39.7195
    endloop
  endfacet
  facet normal 0 1 -0
    outer loop
      vertex -0.393485 -47.91 39.7192
      vertex -0.65118 -47.91 39.693
      vertex -0.391981 -47.91 39.7295
    endloop
  endfacet
  facet normal 0 1 -0
    outer loop
      vertex -0.649444 -47.91 39.6832
      vertex -0.65118 -47.91 39.693
      vertex -0.393485 -47.91 39.7192
    endloop
  endfacet
  facet normal 0 1 0
    outer loop
      vertex -0.90227 -47.91 39.6294
      vertex -0.65118 -47.91 39.693
      vertex -0.649444 -47.91 39.6832
    endloop
  endfacet
  facet normal 0 1 0
    outer loop
      vertex -0.65118 -47.91 39.693
      vertex -0.90227 -47.91 39.6294
      vertex -0.907207 -47.91 39.6386
    endloop
  endfacet
  facet normal 0 1 -0
    outer loop
      vertex -0.904787 -47.91 39.6289
      vertex -0.907207 -47.91 39.6386
      vertex -0.90227 -47.91 39.6294
    endloop
  endfacet
  facet normal 0 1 0
    outer loop
      vertex -0.907261 -47.91 39.6282
      vertex -0.907207 -47.91 39.6386
      vertex -0.904787 -47.91 39.6289
    endloop
  endfacet
  facet normal 0 1 -0
    outer loop
      vertex -0.907261 -47.91 39.6282
      vertex -1.15881 -47.91 39.5665
      vertex -0.907207 -47.91 39.6386
    endloop
  endfacet
  facet normal 0 1 -0
    outer loop
      vertex -1.15572 -47.91 39.557
      vertex -1.15881 -47.91 39.5665
      vertex -0.907261 -47.91 39.6282
    endloop
  endfacet
  facet normal 0 1 -0
    outer loop
      vertex -1.15814 -47.91 39.5561
      vertex -1.15881 -47.91 39.5665
      vertex -1.15572 -47.91 39.557
    endloop
  endfacet
  facet normal 0 1 0
    outer loop
      vertex -1.15814 -47.91 39.5561
      vertex -1.40477 -47.91 39.4769
      vertex -1.15881 -47.91 39.5665
    endloop
  endfacet
  facet normal 0 1 -0
    outer loop
      vertex -1.40103 -47.91 39.4677
      vertex -1.40477 -47.91 39.4769
      vertex -1.15814 -47.91 39.5561
    endloop
  endfacet
  facet normal 0 1 0
    outer loop
      vertex -1.63716 -47.91 39.3625
      vertex -1.40477 -47.91 39.4769
      vertex -1.40103 -47.91 39.4677
    endloop
  endfacet
  facet normal 0 1 0
    outer loop
      vertex -1.40477 -47.91 39.4769
      vertex -1.63716 -47.91 39.3625
      vertex -1.64389 -47.91 39.3705
    endloop
  endfacet
  facet normal 0 1 -0
    outer loop
      vertex -1.63951 -47.91 39.3615
      vertex -1.64389 -47.91 39.3705
      vertex -1.63716 -47.91 39.3625
    endloop
  endfacet
  facet normal 0 1 0
    outer loop
      vertex -1.86773 -47.91 39.2401
      vertex -1.64389 -47.91 39.3705
      vertex -1.63951 -47.91 39.3615
    endloop
  endfacet
  facet normal 0 1 0
    outer loop
      vertex -1.64389 -47.91 39.3705
      vertex -1.86773 -47.91 39.2401
      vertex -1.875 -47.91 39.2476
    endloop
  endfacet
  facet normal 0 1 -0
    outer loop
      vertex -1.87 -47.91 39.2389
      vertex -1.875 -47.91 39.2476
      vertex -1.86773 -47.91 39.2401
    endloop
  endfacet
  facet normal 0 1 -0
    outer loop
      vertex -1.87218 -47.91 39.2376
      vertex -1.875 -47.91 39.2476
      vertex -1.87 -47.91 39.2389
    endloop
  endfacet
  facet normal 0 1 0
    outer loop
      vertex -1.87218 -47.91 39.2376
      vertex -2.09697 -47.91 39.1089
      vertex -1.875 -47.91 39.2476
    endloop
  endfacet
  facet normal 0 1 -0
    outer loop
      vertex -2.09138 -47.91 39.1006
      vertex -2.09697 -47.91 39.1089
      vertex -1.87218 -47.91 39.2376
    endloop
  endfacet
  facet normal 0 1 -0
    outer loop
      vertex -2.09346 -47.91 39.0991
      vertex -2.09697 -47.91 39.1089
      vertex -2.09138 -47.91 39.1006
    endloop
  endfacet
  facet normal 0 1 0
    outer loop
      vertex -2.09346 -47.91 39.0991
      vertex -2.30873 -47.91 38.955
      vertex -2.09697 -47.91 39.1089
    endloop
  endfacet
  facet normal 0 1 -0
    outer loop
      vertex -2.30257 -47.91 38.9472
      vertex -2.30873 -47.91 38.955
      vertex -2.09346 -47.91 39.0991
    endloop
  endfacet
  facet normal 0 1 0
    outer loop
      vertex -2.50058 -47.91 38.781
      vertex -2.30873 -47.91 38.955
      vertex -2.30257 -47.91 38.9472
    endloop
  endfacet
  facet normal 0 1 0
    outer loop
      vertex -2.30873 -47.91 38.955
      vertex -2.50058 -47.91 38.781
      vertex -2.50924 -47.91 38.7868
    endloop
  endfacet
  facet normal 0 1 -0
    outer loop
      vertex -2.50255 -47.91 38.7794
      vertex -2.50924 -47.91 38.7868
      vertex -2.50058 -47.91 38.781
    endloop
  endfacet
  facet normal 0 1 -0
    outer loop
      vertex -2.5044 -47.91 38.7776
      vertex -2.50924 -47.91 38.7868
      vertex -2.50255 -47.91 38.7794
    endloop
  endfacet
  facet normal 0 1 0
    outer loop
      vertex -2.5044 -47.91 38.7776
      vertex -2.69752 -47.91 38.605
      vertex -2.50924 -47.91 38.7868
    endloop
  endfacet
  facet normal 0 1 -0
    outer loop
      vertex -2.69033 -47.91 38.598
      vertex -2.69752 -47.91 38.605
      vertex -2.5044 -47.91 38.7776
    endloop
  endfacet
  facet normal 0 1 0
    outer loop
      vertex -2.86328 -47.91 38.4059
      vertex -2.69752 -47.91 38.605
      vertex -2.69033 -47.91 38.598
    endloop
  endfacet
  facet normal 0 1 0
    outer loop
      vertex -2.69752 -47.91 38.605
      vertex -2.86328 -47.91 38.4059
      vertex -2.87267 -47.91 38.4105
    endloop
  endfacet
  facet normal 0 1 -0
    outer loop
      vertex -2.86501 -47.91 38.404
      vertex -2.87267 -47.91 38.4105
      vertex -2.86328 -47.91 38.4059
    endloop
  endfacet
  facet normal 0 1 0
    outer loop
      vertex -3.02414 -47.91 38.2003
      vertex -2.87267 -47.91 38.4105
      vertex -2.86501 -47.91 38.404
    endloop
  endfacet
  facet normal 0 1 0
    outer loop
      vertex -2.87267 -47.91 38.4105
      vertex -3.02414 -47.91 38.2003
      vertex -3.03381 -47.91 38.2042
    endloop
  endfacet
  facet normal 0 1 -0
    outer loop
      vertex -3.02572 -47.91 38.1983
      vertex -3.03381 -47.91 38.2042
      vertex -3.02414 -47.91 38.2003
    endloop
  endfacet
  facet normal 0 1 -0
    outer loop
      vertex -3.02716 -47.91 38.1962
      vertex -3.03381 -47.91 38.2042
      vertex -3.02572 -47.91 38.1983
    endloop
  endfacet
  facet normal 0 1 0
    outer loop
      vertex -3.02716 -47.91 38.1962
      vertex -3.18018 -47.91 37.9872
      vertex -3.03381 -47.91 38.2042
    endloop
  endfacet
  facet normal 0 1 -0
    outer loop
      vertex -3.1717 -47.91 37.9819
      vertex -3.18018 -47.91 37.9872
      vertex -3.02716 -47.91 38.1962
    endloop
  endfacet
  facet normal 0 1 -0
    outer loop
      vertex -3.17299 -47.91 37.9797
      vertex -3.18018 -47.91 37.9872
      vertex -3.1717 -47.91 37.9819
    endloop
  endfacet
  facet normal 0 1 0
    outer loop
      vertex -3.17299 -47.91 37.9797
      vertex -3.31105 -47.91 37.7605
      vertex -3.18018 -47.91 37.9872
    endloop
  endfacet
  facet normal 0 1 -0
    outer loop
      vertex -3.30222 -47.91 37.7558
      vertex -3.31105 -47.91 37.7605
      vertex -3.17299 -47.91 37.9797
    endloop
  endfacet
  facet normal 0 1 -0
    outer loop
      vertex -3.30335 -47.91 37.7535
      vertex -3.31105 -47.91 37.7605
      vertex -3.30222 -47.91 37.7558
    endloop
  endfacet
  facet normal 0 1 0
    outer loop
      vertex -3.30335 -47.91 37.7535
      vertex -3.42579 -47.91 37.5253
      vertex -3.31105 -47.91 37.7605
    endloop
  endfacet
  facet normal 0 1 -0
    outer loop
      vertex -3.41666 -47.91 37.5212
      vertex -3.42579 -47.91 37.5253
      vertex -3.30335 -47.91 37.7535
    endloop
  endfacet
  facet normal 0 1 0
    outer loop
      vertex -3.51349 -47.91 37.2815
      vertex -3.42579 -47.91 37.5253
      vertex -3.41666 -47.91 37.5212
    endloop
  endfacet
  facet normal 0 1 0
    outer loop
      vertex -3.42579 -47.91 37.5253
      vertex -3.51349 -47.91 37.2815
      vertex -3.52385 -47.91 37.2826
    endloop
  endfacet
  facet normal 0 1 -0
    outer loop
      vertex -3.51445 -47.91 37.2792
      vertex -3.52385 -47.91 37.2826
      vertex -3.51349 -47.91 37.2815
    endloop
  endfacet
  facet normal 0 1 -0
    outer loop
      vertex -3.51525 -47.91 37.2767
      vertex -3.52385 -47.91 37.2826
      vertex -3.51445 -47.91 37.2792
    endloop
  endfacet
  facet normal 0 1 0
    outer loop
      vertex -3.51525 -47.91 37.2767
      vertex -3.60473 -47.91 37.0336
      vertex -3.52385 -47.91 37.2826
    endloop
  endfacet
  facet normal 0 1 -0
    outer loop
      vertex -3.59512 -47.91 37.0309
      vertex -3.60473 -47.91 37.0336
      vertex -3.51525 -47.91 37.2767
    endloop
  endfacet
  facet normal 0 1 -0
    outer loop
      vertex -3.59574 -47.91 37.0284
      vertex -3.60473 -47.91 37.0336
      vertex -3.59512 -47.91 37.0309
    endloop
  endfacet
  facet normal 0 1 0
    outer loop
      vertex -3.59574 -47.91 37.0284
      vertex -3.66805 -47.91 36.7797
      vertex -3.60473 -47.91 37.0336
    endloop
  endfacet
  facet normal 0 1 -0
    outer loop
      vertex -3.65827 -47.91 36.7776
      vertex -3.66805 -47.91 36.7797
      vertex -3.59574 -47.91 37.0284
    endloop
  endfacet
  facet normal 0 1 0
    outer loop
      vertex -3.70316 -47.91 36.523
      vertex -3.66805 -47.91 36.7797
      vertex -3.65827 -47.91 36.7776
    endloop
  endfacet
  facet normal 0 1 -0
    outer loop
      vertex -3.70316 -47.91 36.523
      vertex -3.7135 -47.91 36.5219
      vertex -3.66805 -47.91 36.7797
    endloop
  endfacet
  facet normal 0 1 -0
    outer loop
      vertex -3.7036 -47.91 36.5205
      vertex -3.7135 -47.91 36.5219
      vertex -3.70316 -47.91 36.523
    endloop
  endfacet
  facet normal 0 1 -0
    outer loop
      vertex -3.70387 -47.91 36.5179
      vertex -3.7135 -47.91 36.5219
      vertex -3.7036 -47.91 36.5205
    endloop
  endfacet
  facet normal 0 1 0
    outer loop
      vertex -3.70387 -47.91 36.5179
      vertex -3.74086 -47.91 36.2616
      vertex -3.7135 -47.91 36.5219
    endloop
  endfacet
  facet normal 0 1 -0
    outer loop
      vertex -3.73089 -47.91 36.2609
      vertex -3.74086 -47.91 36.2616
      vertex -3.70387 -47.91 36.5179
    endloop
  endfacet
  facet normal 0 1 -0
    outer loop
      vertex -3.73991 -47.91 36.0026
      vertex -3.74086 -47.91 36.2616
      vertex -3.73089 -47.91 36.2609
    endloop
  endfacet
  facet normal 0 1 0
    outer loop
      vertex -3.75 -47.91 36
      vertex -3.73991 -47.91 36.0026
      vertex -3.74 -47.91 36
    endloop
  endfacet
  facet normal 0 1 0
    outer loop
      vertex -3.73991 -47.91 36.0026
      vertex -3.75 -47.91 36
      vertex -3.74086 -47.91 36.2616
    endloop
  endfacet
  facet normal 0 1 0
    outer loop
      vertex -3.73991 -47.91 35.9974
      vertex -3.75 -47.91 36
      vertex -3.74 -47.91 36
    endloop
  endfacet
  facet normal 0 1 0
    outer loop
      vertex -3.74086 -47.91 35.7384
      vertex -3.73991 -47.91 35.9974
      vertex -3.73089 -47.91 35.7391
    endloop
  endfacet
  facet normal 0 1 0
    outer loop
      vertex -3.73991 -47.91 35.9974
      vertex -3.74086 -47.91 35.7384
      vertex -3.75 -47.91 36
    endloop
  endfacet
  facet normal 0 1 0
    outer loop
      vertex -3.70387 -47.91 35.4821
      vertex -3.74086 -47.91 35.7384
      vertex -3.73089 -47.91 35.7391
    endloop
  endfacet
  facet normal 0 1 0
    outer loop
      vertex -3.7135 -47.91 35.4781
      vertex -3.70387 -47.91 35.4821
      vertex -3.7036 -47.91 35.4795
    endloop
  endfacet
  facet normal 0 1 0
    outer loop
      vertex -3.70387 -47.91 35.4821
      vertex -3.7135 -47.91 35.4781
      vertex -3.74086 -47.91 35.7384
    endloop
  endfacet
  facet normal 0 1 0
    outer loop
      vertex -3.70316 -47.91 35.477
      vertex -3.7135 -47.91 35.4781
      vertex -3.7036 -47.91 35.4795
    endloop
  endfacet
  facet normal 0 1 -0
    outer loop
      vertex -3.66805 -47.91 35.2203
      vertex -3.70316 -47.91 35.477
      vertex -3.65827 -47.91 35.2224
    endloop
  endfacet
  facet normal 0 1 0
    outer loop
      vertex -3.70316 -47.91 35.477
      vertex -3.66805 -47.91 35.2203
      vertex -3.7135 -47.91 35.4781
    endloop
  endfacet
  facet normal 0 1 0
    outer loop
      vertex -3.59574 -47.91 34.9716
      vertex -3.66805 -47.91 35.2203
      vertex -3.65827 -47.91 35.2224
    endloop
  endfacet
  facet normal 0 1 0
    outer loop
      vertex -3.60473 -47.91 34.9664
      vertex -3.59574 -47.91 34.9716
      vertex -3.59512 -47.91 34.9691
    endloop
  endfacet
  facet normal 0 1 0
    outer loop
      vertex -3.59574 -47.91 34.9716
      vertex -3.60473 -47.91 34.9664
      vertex -3.66805 -47.91 35.2203
    endloop
  endfacet
  facet normal 0 1 0
    outer loop
      vertex -3.51525 -47.91 34.7233
      vertex -3.60473 -47.91 34.9664
      vertex -3.59512 -47.91 34.9691
    endloop
  endfacet
  facet normal 0 1 0
    outer loop
      vertex -3.52385 -47.91 34.7174
      vertex -3.51525 -47.91 34.7233
      vertex -3.51445 -47.91 34.7208
    endloop
  endfacet
  facet normal 0 1 0
    outer loop
      vertex -3.51525 -47.91 34.7233
      vertex -3.52385 -47.91 34.7174
      vertex -3.60473 -47.91 34.9664
    endloop
  endfacet
  facet normal 0 1 0
    outer loop
      vertex -3.51349 -47.91 34.7185
      vertex -3.52385 -47.91 34.7174
      vertex -3.51445 -47.91 34.7208
    endloop
  endfacet
  facet normal 0 1 -0
    outer loop
      vertex -3.42579 -47.91 34.4747
      vertex -3.51349 -47.91 34.7185
      vertex -3.41666 -47.91 34.4788
    endloop
  endfacet
  facet normal 0 1 0
    outer loop
      vertex -3.51349 -47.91 34.7185
      vertex -3.42579 -47.91 34.4747
      vertex -3.52385 -47.91 34.7174
    endloop
  endfacet
  facet normal 0 1 0
    outer loop
      vertex -3.30335 -47.91 34.2465
      vertex -3.42579 -47.91 34.4747
      vertex -3.41666 -47.91 34.4788
    endloop
  endfacet
  facet normal 0 1 0
    outer loop
      vertex -3.31105 -47.91 34.2395
      vertex -3.30335 -47.91 34.2465
      vertex -3.30222 -47.91 34.2442
    endloop
  endfacet
  facet normal 0 1 0
    outer loop
      vertex -3.30335 -47.91 34.2465
      vertex -3.31105 -47.91 34.2395
      vertex -3.42579 -47.91 34.4747
    endloop
  endfacet
  facet normal 0 1 0
    outer loop
      vertex -3.17299 -47.91 34.0203
      vertex -3.31105 -47.91 34.2395
      vertex -3.30222 -47.91 34.2442
    endloop
  endfacet
  facet normal 0 1 0
    outer loop
      vertex -3.18018 -47.91 34.0128
      vertex -3.17299 -47.91 34.0203
      vertex -3.1717 -47.91 34.0181
    endloop
  endfacet
  facet normal 0 1 0
    outer loop
      vertex -3.17299 -47.91 34.0203
      vertex -3.18018 -47.91 34.0128
      vertex -3.31105 -47.91 34.2395
    endloop
  endfacet
  facet normal 0 1 0
    outer loop
      vertex -3.02716 -47.91 33.8038
      vertex -3.18018 -47.91 34.0128
      vertex -3.1717 -47.91 34.0181
    endloop
  endfacet
  facet normal 0 1 0
    outer loop
      vertex -3.03381 -47.91 33.7958
      vertex -3.02716 -47.91 33.8038
      vertex -3.02572 -47.91 33.8017
    endloop
  endfacet
  facet normal 0 1 0
    outer loop
      vertex -3.02716 -47.91 33.8038
      vertex -3.03381 -47.91 33.7958
      vertex -3.18018 -47.91 34.0128
    endloop
  endfacet
  facet normal 0 1 0
    outer loop
      vertex -3.02414 -47.91 33.7997
      vertex -3.03381 -47.91 33.7958
      vertex -3.02572 -47.91 33.8017
    endloop
  endfacet
  facet normal 0 1 -0
    outer loop
      vertex -2.87267 -47.91 33.5895
      vertex -3.02414 -47.91 33.7997
      vertex -2.86501 -47.91 33.596
    endloop
  endfacet
  facet normal 0 1 0
    outer loop
      vertex -3.02414 -47.91 33.7997
      vertex -2.87267 -47.91 33.5895
      vertex -3.03381 -47.91 33.7958
    endloop
  endfacet
  facet normal 0 1 0
    outer loop
      vertex -2.86328 -47.91 33.5941
      vertex -2.87267 -47.91 33.5895
      vertex -2.86501 -47.91 33.596
    endloop
  endfacet
  facet normal 0 1 -0
    outer loop
      vertex -2.69752 -47.91 33.395
      vertex -2.86328 -47.91 33.5941
      vertex -2.69033 -47.91 33.402
    endloop
  endfacet
  facet normal 0 1 0
    outer loop
      vertex -2.86328 -47.91 33.5941
      vertex -2.69752 -47.91 33.395
      vertex -2.87267 -47.91 33.5895
    endloop
  endfacet
  facet normal 0 1 0
    outer loop
      vertex -2.5044 -47.91 33.2224
      vertex -2.69752 -47.91 33.395
      vertex -2.69033 -47.91 33.402
    endloop
  endfacet
  facet normal 0 1 0
    outer loop
      vertex -2.50924 -47.91 33.2132
      vertex -2.5044 -47.91 33.2224
      vertex -2.50255 -47.91 33.2206
    endloop
  endfacet
  facet normal 0 1 0
    outer loop
      vertex -2.5044 -47.91 33.2224
      vertex -2.50924 -47.91 33.2132
      vertex -2.69752 -47.91 33.395
    endloop
  endfacet
  facet normal 0 1 0
    outer loop
      vertex -2.50058 -47.91 33.219
      vertex -2.50924 -47.91 33.2132
      vertex -2.50255 -47.91 33.2206
    endloop
  endfacet
  facet normal 0 1 -0
    outer loop
      vertex -2.30873 -47.91 33.045
      vertex -2.50058 -47.91 33.219
      vertex -2.30257 -47.91 33.0528
    endloop
  endfacet
  facet normal 0 1 0
    outer loop
      vertex -2.50058 -47.91 33.219
      vertex -2.30873 -47.91 33.045
      vertex -2.50924 -47.91 33.2132
    endloop
  endfacet
  facet normal 0 1 0
    outer loop
      vertex -2.09346 -47.91 32.9009
      vertex -2.30873 -47.91 33.045
      vertex -2.30257 -47.91 33.0528
    endloop
  endfacet
  facet normal 0 1 0
    outer loop
      vertex -2.09697 -47.91 32.8911
      vertex -2.09346 -47.91 32.9009
      vertex -2.09138 -47.91 32.8994
    endloop
  endfacet
  facet normal 0 1 0
    outer loop
      vertex -2.09346 -47.91 32.9009
      vertex -2.09697 -47.91 32.8911
      vertex -2.30873 -47.91 33.045
    endloop
  endfacet
  facet normal 0 1 0
    outer loop
      vertex -1.87218 -47.91 32.7624
      vertex -2.09697 -47.91 32.8911
      vertex -2.09138 -47.91 32.8994
    endloop
  endfacet
  facet normal 0 1 0
    outer loop
      vertex -1.875 -47.91 32.7524
      vertex -1.87218 -47.91 32.7624
      vertex -1.87 -47.91 32.7611
    endloop
  endfacet
  facet normal 0 1 0
    outer loop
      vertex -1.87218 -47.91 32.7624
      vertex -1.875 -47.91 32.7524
      vertex -2.09697 -47.91 32.8911
    endloop
  endfacet
  facet normal 0 1 0
    outer loop
      vertex -1.86773 -47.91 32.7599
      vertex -1.875 -47.91 32.7524
      vertex -1.87 -47.91 32.7611
    endloop
  endfacet
  facet normal 0 1 -0
    outer loop
      vertex -1.64389 -47.91 32.6295
      vertex -1.86773 -47.91 32.7599
      vertex -1.63951 -47.91 32.6385
    endloop
  endfacet
  facet normal 0 1 0
    outer loop
      vertex -1.86773 -47.91 32.7599
      vertex -1.64389 -47.91 32.6295
      vertex -1.875 -47.91 32.7524
    endloop
  endfacet
  facet normal 0 1 0
    outer loop
      vertex -1.63716 -47.91 32.6375
      vertex -1.64389 -47.91 32.6295
      vertex -1.63951 -47.91 32.6385
    endloop
  endfacet
  facet normal 0 1 -0
    outer loop
      vertex -1.40477 -47.91 32.5231
      vertex -1.63716 -47.91 32.6375
      vertex -1.40103 -47.91 32.5323
    endloop
  endfacet
  facet normal 0 1 0
    outer loop
      vertex -1.63716 -47.91 32.6375
      vertex -1.40477 -47.91 32.5231
      vertex -1.64389 -47.91 32.6295
    endloop
  endfacet
  facet normal 0 1 0
    outer loop
      vertex -1.15814 -47.91 32.4439
      vertex -1.40477 -47.91 32.5231
      vertex -1.40103 -47.91 32.5323
    endloop
  endfacet
  facet normal 0 1 0
    outer loop
      vertex -1.15881 -47.91 32.4335
      vertex -1.15814 -47.91 32.4439
      vertex -1.15572 -47.91 32.443
    endloop
  endfacet
  facet normal 0 1 0
    outer loop
      vertex -1.15814 -47.91 32.4439
      vertex -1.15881 -47.91 32.4335
      vertex -1.40477 -47.91 32.5231
    endloop
  endfacet
  facet normal 0 1 0
    outer loop
      vertex -0.907261 -47.91 32.3718
      vertex -1.15881 -47.91 32.4335
      vertex -1.15572 -47.91 32.443
    endloop
  endfacet
  facet normal 0 1 -0
    outer loop
      vertex -0.907207 -47.91 32.3614
      vertex -0.907261 -47.91 32.3718
      vertex -0.904787 -47.91 32.3711
    endloop
  endfacet
  facet normal 0 1 0
    outer loop
      vertex -0.907261 -47.91 32.3718
      vertex -0.907207 -47.91 32.3614
      vertex -1.15881 -47.91 32.4335
    endloop
  endfacet
  facet normal 0 1 0
    outer loop
      vertex -0.90227 -47.91 32.3706
      vertex -0.907207 -47.91 32.3614
      vertex -0.904787 -47.91 32.3711
    endloop
  endfacet
  facet normal 0 1 -0
    outer loop
      vertex -0.65118 -47.91 32.307
      vertex -0.90227 -47.91 32.3706
      vertex -0.649444 -47.91 32.3168
    endloop
  endfacet
  facet normal 0 1 0
    outer loop
      vertex -0.90227 -47.91 32.3706
      vertex -0.65118 -47.91 32.307
      vertex -0.907207 -47.91 32.3614
    endloop
  endfacet
  facet normal 0 1 0
    outer loop
      vertex -0.393485 -47.91 32.2808
      vertex -0.65118 -47.91 32.307
      vertex -0.649444 -47.91 32.3168
    endloop
  endfacet
  facet normal 0 1 -0
    outer loop
      vertex -0.391981 -47.91 32.2705
      vertex -0.393485 -47.91 32.2808
      vertex -0.390936 -47.91 32.2805
    endloop
  endfacet
  facet normal 0 1 0
    outer loop
      vertex -0.393485 -47.91 32.2808
      vertex -0.391981 -47.91 32.2705
      vertex -0.65118 -47.91 32.307
    endloop
  endfacet
  facet normal 0 1 0
    outer loop
      vertex -0.388369 -47.91 32.2803
      vertex -0.391981 -47.91 32.2705
      vertex -0.390936 -47.91 32.2805
    endloop
  endfacet
  facet normal 0 1 -0
    outer loop
      vertex -0.130873 -47.91 32.2523
      vertex -0.388369 -47.91 32.2803
      vertex -0.130524 -47.91 32.2623
    endloop
  endfacet
  facet normal 0 1 0
    outer loop
      vertex -0.130873 -47.91 32.2523
      vertex -0.130524 -47.91 32.2623
      vertex 0.130873 -47.91 32.2523
    endloop
  endfacet
  facet normal 0 1 0
    outer loop
      vertex -0.388369 -47.91 32.2803
      vertex -0.130873 -47.91 32.2523
      vertex -0.391981 -47.91 32.2705
    endloop
  endfacet
  facet normal 0.743104 -0 0.669176
    outer loop
      vertex -2.87267 -47.91 33.5895
      vertex -2.69752 -47.9 33.395
      vertex -2.87267 -47.9 33.5895
    endloop
  endfacet
  facet normal 0.743104 0 0.669176
    outer loop
      vertex -2.69752 -47.9 33.395
      vertex -2.87267 -47.91 33.5895
      vertex -2.69752 -47.91 33.395
    endloop
  endfacet
  facet normal 0.139443 0 -0.99023
    outer loop
      vertex -0.65118 -47.91 39.693
      vertex -0.391981 -47.9 39.7295
      vertex -0.391981 -47.91 39.7295
    endloop
  endfacet
  facet normal 0.139443 0 -0.99023
    outer loop
      vertex -0.391981 -47.9 39.7295
      vertex -0.65118 -47.91 39.693
      vertex -0.65118 -47.9 39.693
    endloop
  endfacet
  facet normal -0.529913 0 -0.848052
    outer loop
      vertex 1.875 -47.91 39.2476
      vertex 2.09697 -47.9 39.1089
      vertex 2.09697 -47.91 39.1089
    endloop
  endfacet
  facet normal -0.529913 0 -0.848052
    outer loop
      vertex 2.09697 -47.9 39.1089
      vertex 1.875 -47.91 39.2476
      vertex 1.875 -47.9 39.2476
    endloop
  endfacet
  facet normal -0.829035 0 -0.559197
    outer loop
      vertex 3.18018 -47.91 37.9872
      vertex 3.03381 -47.9 38.2042
      vertex 3.18018 -47.9 37.9872
    endloop
  endfacet
  facet normal -0.829035 -0 -0.559197
    outer loop
      vertex 3.03381 -47.9 38.2042
      vertex 3.18018 -47.91 37.9872
      vertex 3.03381 -47.91 38.2042
    endloop
  endfacet
  facet normal -0.139443 0 0.99023
    outer loop
      vertex 0.391981 -47.9 32.2705
      vertex 0.65118 -47.91 32.307
      vertex 0.65118 -47.9 32.307
    endloop
  endfacet
  facet normal -0.139443 0 0.99023
    outer loop
      vertex 0.65118 -47.91 32.307
      vertex 0.391981 -47.9 32.2705
      vertex 0.391981 -47.91 32.2705
    endloop
  endfacet
  facet normal 0.92718 -0 0.374616
    outer loop
      vertex -3.52385 -47.91 34.7174
      vertex -3.42579 -47.9 34.4747
      vertex -3.52385 -47.9 34.7174
    endloop
  endfacet
  facet normal 0.92718 0 0.374616
    outer loop
      vertex -3.42579 -47.9 34.4747
      vertex -3.52385 -47.91 34.7174
      vertex -3.42579 -47.91 34.4747
    endloop
  endfacet
  facet normal 0.64268 0 -0.766134
    outer loop
      vertex -2.50924 -47.91 38.7868
      vertex -2.30873 -47.9 38.955
      vertex -2.30873 -47.91 38.955
    endloop
  endfacet
  facet normal 0.64268 0 -0.766134
    outer loop
      vertex -2.30873 -47.9 38.955
      vertex -2.50924 -47.91 38.7868
      vertex -2.50924 -47.9 38.7868
    endloop
  endfacet
  facet normal -0.275475 0 0.961308
    outer loop
      vertex 0.907207 -47.9 32.3614
      vertex 1.15881 -47.91 32.4335
      vertex 1.15881 -47.9 32.4335
    endloop
  endfacet
  facet normal -0.275475 0 0.961308
    outer loop
      vertex 1.15881 -47.91 32.4335
      vertex 0.907207 -47.9 32.3614
      vertex 0.907207 -47.91 32.3614
    endloop
  endfacet
  facet normal 0.529913 0 -0.848052
    outer loop
      vertex -2.09697 -47.91 39.1089
      vertex -1.875 -47.9 39.2476
      vertex -1.875 -47.91 39.2476
    endloop
  endfacet
  facet normal 0.529913 0 -0.848052
    outer loop
      vertex -1.875 -47.9 39.2476
      vertex -2.09697 -47.91 39.1089
      vertex -2.09697 -47.9 39.1089
    endloop
  endfacet
  facet normal -0.469521 0 0.882921
    outer loop
      vertex 1.64389 -47.9 32.6295
      vertex 1.875 -47.91 32.7524
      vertex 1.875 -47.9 32.7524
    endloop
  endfacet
  facet normal -0.469521 0 0.882921
    outer loop
      vertex 1.875 -47.91 32.7524
      vertex 1.64389 -47.9 32.6295
      vertex 1.64389 -47.91 32.6295
    endloop
  endfacet
  facet normal -0.970282 0 0.241978
    outer loop
      vertex 3.60473 -47.91 34.9664
      vertex 3.66805 -47.9 35.2203
      vertex 3.60473 -47.9 34.9664
    endloop
  endfacet
  facet normal -0.970282 0 0.241978
    outer loop
      vertex 3.66805 -47.9 35.2203
      vertex 3.60473 -47.91 34.9664
      vertex 3.66805 -47.91 35.2203
    endloop
  endfacet
  facet normal -0.994521 0 0.104534
    outer loop
      vertex 3.7135 -47.91 35.4781
      vertex 3.74086 -47.9 35.7384
      vertex 3.7135 -47.9 35.4781
    endloop
  endfacet
  facet normal -0.994521 0 0.104534
    outer loop
      vertex 3.74086 -47.9 35.7384
      vertex 3.7135 -47.91 35.4781
      vertex 3.74086 -47.91 35.7384
    endloop
  endfacet
  facet normal -0.275475 0 -0.961308
    outer loop
      vertex 0.907207 -47.91 39.6386
      vertex 1.15881 -47.9 39.5665
      vertex 1.15881 -47.91 39.5665
    endloop
  endfacet
  facet normal -0.275475 0 -0.961308
    outer loop
      vertex 1.15881 -47.9 39.5665
      vertex 0.907207 -47.91 39.6386
      vertex 0.907207 -47.9 39.6386
    endloop
  endfacet
  facet normal -0.64268 0 -0.766134
    outer loop
      vertex 2.30873 -47.91 38.955
      vertex 2.50924 -47.9 38.7868
      vertex 2.50924 -47.91 38.7868
    endloop
  endfacet
  facet normal -0.64268 0 -0.766134
    outer loop
      vertex 2.50924 -47.9 38.7868
      vertex 2.30873 -47.91 38.955
      vertex 2.30873 -47.9 38.955
    endloop
  endfacet
  facet normal -0 0 1
    outer loop
      vertex -0.130873 -47.9 32.2523
      vertex 0.130873 -47.91 32.2523
      vertex 0.130873 -47.9 32.2523
    endloop
  endfacet
  facet normal 0 0 1
    outer loop
      vertex 0.130873 -47.91 32.2523
      vertex -0.130873 -47.9 32.2523
      vertex -0.130873 -47.91 32.2523
    endloop
  endfacet
  facet normal 0.275475 0 -0.961308
    outer loop
      vertex -1.15881 -47.91 39.5665
      vertex -0.907207 -47.9 39.6386
      vertex -0.907207 -47.91 39.6386
    endloop
  endfacet
  facet normal 0.275475 0 -0.961308
    outer loop
      vertex -0.907207 -47.9 39.6386
      vertex -1.15881 -47.91 39.5665
      vertex -1.15881 -47.9 39.5665
    endloop
  endfacet
  facet normal 0.406535 0 0.913635
    outer loop
      vertex -1.64389 -47.9 32.6295
      vertex -1.40477 -47.91 32.5231
      vertex -1.40477 -47.9 32.5231
    endloop
  endfacet
  facet normal 0.406535 0 0.913635
    outer loop
      vertex -1.40477 -47.91 32.5231
      vertex -1.64389 -47.9 32.6295
      vertex -1.64389 -47.91 32.6295
    endloop
  endfacet
  facet normal -0.139443 0 -0.99023
    outer loop
      vertex 0.391981 -47.91 39.7295
      vertex 0.65118 -47.9 39.693
      vertex 0.65118 -47.91 39.693
    endloop
  endfacet
  facet normal -0.139443 0 -0.99023
    outer loop
      vertex 0.65118 -47.9 39.693
      vertex 0.391981 -47.91 39.7295
      vertex 0.391981 -47.9 39.7295
    endloop
  endfacet
  facet normal 0 0 -1
    outer loop
      vertex -0.130873 -47.91 39.7477
      vertex 0.130873 -47.9 39.7477
      vertex 0.130873 -47.91 39.7477
    endloop
  endfacet
  facet normal -0 0 -1
    outer loop
      vertex 0.130873 -47.9 39.7477
      vertex -0.130873 -47.91 39.7477
      vertex -0.130873 -47.9 39.7477
    endloop
  endfacet
  facet normal 0.788083 0 -0.615568
    outer loop
      vertex -2.87267 -47.91 38.4105
      vertex -3.03381 -47.9 38.2042
      vertex -2.87267 -47.9 38.4105
    endloop
  endfacet
  facet normal 0.788083 0 -0.615568
    outer loop
      vertex -3.03381 -47.9 38.2042
      vertex -2.87267 -47.91 38.4105
      vertex -3.03381 -47.91 38.2042
    endloop
  endfacet
  facet normal 0.898756 -0 0.438449
    outer loop
      vertex -3.42579 -47.91 34.4747
      vertex -3.31105 -47.9 34.2395
      vertex -3.42579 -47.9 34.4747
    endloop
  endfacet
  facet normal 0.898756 0 0.438449
    outer loop
      vertex -3.31105 -47.9 34.2395
      vertex -3.42579 -47.91 34.4747
      vertex -3.31105 -47.91 34.2395
    endloop
  endfacet
  facet normal 0.984812 -0 0.173622
    outer loop
      vertex -3.7135 -47.91 35.4781
      vertex -3.66805 -47.9 35.2203
      vertex -3.7135 -47.9 35.4781
    endloop
  endfacet
  facet normal 0.984812 0 0.173622
    outer loop
      vertex -3.66805 -47.9 35.2203
      vertex -3.7135 -47.91 35.4781
      vertex -3.66805 -47.91 35.2203
    endloop
  endfacet
  facet normal -0.99939 0 0.0349175
    outer loop
      vertex 3.74086 -47.91 35.7384
      vertex 3.75 -47.9 36
      vertex 3.74086 -47.9 35.7384
    endloop
  endfacet
  facet normal -0.99939 0 0.0349175
    outer loop
      vertex 3.75 -47.9 36
      vertex 3.74086 -47.91 35.7384
      vertex 3.75 -47.91 36
    endloop
  endfacet
  facet normal -0.64268 0 0.766134
    outer loop
      vertex 2.30873 -47.9 33.045
      vertex 2.50924 -47.91 33.2132
      vertex 2.50924 -47.9 33.2132
    endloop
  endfacet
  facet normal -0.64268 0 0.766134
    outer loop
      vertex 2.50924 -47.91 33.2132
      vertex 2.30873 -47.9 33.045
      vertex 2.30873 -47.91 33.045
    endloop
  endfacet
  facet normal -0.207838 0 0.978163
    outer loop
      vertex 0.65118 -47.9 32.307
      vertex 0.907207 -47.91 32.3614
      vertex 0.907207 -47.9 32.3614
    endloop
  endfacet
  facet normal -0.207838 0 0.978163
    outer loop
      vertex 0.907207 -47.91 32.3614
      vertex 0.65118 -47.9 32.307
      vertex 0.65118 -47.91 32.307
    endloop
  endfacet
  facet normal 0.207838 0 -0.978163
    outer loop
      vertex -0.907207 -47.91 39.6386
      vertex -0.65118 -47.9 39.693
      vertex -0.65118 -47.91 39.693
    endloop
  endfacet
  facet normal 0.207838 0 -0.978163
    outer loop
      vertex -0.65118 -47.9 39.693
      vertex -0.907207 -47.91 39.6386
      vertex -0.907207 -47.9 39.6386
    endloop
  endfacet
  facet normal 0.64268 0 0.766134
    outer loop
      vertex -2.50924 -47.9 33.2132
      vertex -2.30873 -47.91 33.045
      vertex -2.30873 -47.9 33.045
    endloop
  endfacet
  facet normal 0.64268 0 0.766134
    outer loop
      vertex -2.30873 -47.91 33.045
      vertex -2.50924 -47.9 33.2132
      vertex -2.50924 -47.91 33.2132
    endloop
  endfacet
  facet normal -0.694619 0 -0.719378
    outer loop
      vertex 2.50924 -47.91 38.7868
      vertex 2.69752 -47.9 38.605
      vertex 2.69752 -47.91 38.605
    endloop
  endfacet
  facet normal -0.694619 0 -0.719378
    outer loop
      vertex 2.69752 -47.9 38.605
      vertex 2.50924 -47.91 38.7868
      vertex 2.50924 -47.9 38.7868
    endloop
  endfacet
  facet normal 0.587904 0 -0.808931
    outer loop
      vertex -2.30873 -47.91 38.955
      vertex -2.09697 -47.9 39.1089
      vertex -2.09697 -47.91 39.1089
    endloop
  endfacet
  facet normal 0.587904 0 -0.808931
    outer loop
      vertex -2.09697 -47.9 39.1089
      vertex -2.30873 -47.91 38.955
      vertex -2.30873 -47.9 38.955
    endloop
  endfacet
  facet normal -0.898756 0 -0.438449
    outer loop
      vertex 3.42579 -47.91 37.5253
      vertex 3.31105 -47.9 37.7605
      vertex 3.42579 -47.9 37.5253
    endloop
  endfacet
  facet normal -0.898756 -0 -0.438449
    outer loop
      vertex 3.31105 -47.9 37.7605
      vertex 3.42579 -47.91 37.5253
      vertex 3.31105 -47.91 37.7605
    endloop
  endfacet
  facet normal -0.984812 0 0.173622
    outer loop
      vertex 3.66805 -47.91 35.2203
      vertex 3.7135 -47.9 35.4781
      vertex 3.66805 -47.9 35.2203
    endloop
  endfacet
  facet normal -0.984812 0 0.173622
    outer loop
      vertex 3.7135 -47.9 35.4781
      vertex 3.66805 -47.91 35.2203
      vertex 3.7135 -47.91 35.4781
    endloop
  endfacet
  facet normal -0.951085 0 -0.308931
    outer loop
      vertex 3.60473 -47.91 37.0336
      vertex 3.52385 -47.9 37.2826
      vertex 3.60473 -47.9 37.0336
    endloop
  endfacet
  facet normal -0.951085 -0 -0.308931
    outer loop
      vertex 3.52385 -47.9 37.2826
      vertex 3.60473 -47.91 37.0336
      vertex 3.52385 -47.91 37.2826
    endloop
  endfacet
  facet normal -0.951085 0 0.308931
    outer loop
      vertex 3.52385 -47.91 34.7174
      vertex 3.60473 -47.9 34.9664
      vertex 3.52385 -47.9 34.7174
    endloop
  endfacet
  facet normal -0.951085 0 0.308931
    outer loop
      vertex 3.60473 -47.9 34.9664
      vertex 3.52385 -47.91 34.7174
      vertex 3.60473 -47.91 34.9664
    endloop
  endfacet
  facet normal 0.994521 0 -0.104534
    outer loop
      vertex -3.7135 -47.91 36.5219
      vertex -3.74086 -47.9 36.2616
      vertex -3.7135 -47.9 36.5219
    endloop
  endfacet
  facet normal 0.994521 0 -0.104534
    outer loop
      vertex -3.74086 -47.9 36.2616
      vertex -3.7135 -47.91 36.5219
      vertex -3.74086 -47.91 36.2616
    endloop
  endfacet
  facet normal -0.469521 0 -0.882921
    outer loop
      vertex 1.64389 -47.91 39.3705
      vertex 1.875 -47.9 39.2476
      vertex 1.875 -47.91 39.2476
    endloop
  endfacet
  facet normal -0.469521 0 -0.882921
    outer loop
      vertex 1.875 -47.9 39.2476
      vertex 1.64389 -47.91 39.3705
      vertex 1.64389 -47.9 39.3705
    endloop
  endfacet
  facet normal -0.342283 0 0.939597
    outer loop
      vertex 1.15881 -47.9 32.4335
      vertex 1.40477 -47.91 32.5231
      vertex 1.40477 -47.9 32.5231
    endloop
  endfacet
  facet normal -0.342283 0 0.939597
    outer loop
      vertex 1.40477 -47.91 32.5231
      vertex 1.15881 -47.9 32.4335
      vertex 1.15881 -47.91 32.4335
    endloop
  endfacet
  facet normal -0.866051 0 -0.499956
    outer loop
      vertex 3.31105 -47.91 37.7605
      vertex 3.18018 -47.9 37.9872
      vertex 3.31105 -47.9 37.7605
    endloop
  endfacet
  facet normal -0.866051 -0 -0.499956
    outer loop
      vertex 3.18018 -47.9 37.9872
      vertex 3.31105 -47.91 37.7605
      vertex 3.18018 -47.91 37.9872
    endloop
  endfacet
  facet normal -0.788083 0 -0.615568
    outer loop
      vertex 3.03381 -47.91 38.2042
      vertex 2.87267 -47.9 38.4105
      vertex 3.03381 -47.9 38.2042
    endloop
  endfacet
  facet normal -0.788083 -0 -0.615568
    outer loop
      vertex 2.87267 -47.9 38.4105
      vertex 3.03381 -47.91 38.2042
      vertex 2.87267 -47.91 38.4105
    endloop
  endfacet
  facet normal -0.743104 0 0.669176
    outer loop
      vertex 2.69752 -47.91 33.395
      vertex 2.87267 -47.9 33.5895
      vertex 2.69752 -47.9 33.395
    endloop
  endfacet
  facet normal -0.743104 0 0.669176
    outer loop
      vertex 2.87267 -47.9 33.5895
      vertex 2.69752 -47.91 33.395
      vertex 2.87267 -47.91 33.5895
    endloop
  endfacet
  facet normal 0.866051 -0 0.499956
    outer loop
      vertex -3.31105 -47.91 34.2395
      vertex -3.18018 -47.9 34.0128
      vertex -3.31105 -47.9 34.2395
    endloop
  endfacet
  facet normal 0.866051 0 0.499956
    outer loop
      vertex -3.18018 -47.9 34.0128
      vertex -3.31105 -47.91 34.2395
      vertex -3.18018 -47.91 34.0128
    endloop
  endfacet
  facet normal 0.951085 -0 0.308931
    outer loop
      vertex -3.60473 -47.91 34.9664
      vertex -3.52385 -47.9 34.7174
      vertex -3.60473 -47.9 34.9664
    endloop
  endfacet
  facet normal 0.951085 0 0.308931
    outer loop
      vertex -3.52385 -47.9 34.7174
      vertex -3.60473 -47.91 34.9664
      vertex -3.52385 -47.91 34.7174
    endloop
  endfacet
  facet normal 0.342283 0 0.939597
    outer loop
      vertex -1.40477 -47.9 32.5231
      vertex -1.15881 -47.91 32.4335
      vertex -1.15881 -47.9 32.4335
    endloop
  endfacet
  facet normal 0.342283 0 0.939597
    outer loop
      vertex -1.15881 -47.91 32.4335
      vertex -1.40477 -47.9 32.5231
      vertex -1.40477 -47.91 32.5231
    endloop
  endfacet
  facet normal 0.342283 0 -0.939597
    outer loop
      vertex -1.40477 -47.91 39.4769
      vertex -1.15881 -47.9 39.5665
      vertex -1.15881 -47.91 39.5665
    endloop
  endfacet
  facet normal 0.342283 0 -0.939597
    outer loop
      vertex -1.15881 -47.9 39.5665
      vertex -1.40477 -47.91 39.4769
      vertex -1.40477 -47.9 39.4769
    endloop
  endfacet
  facet normal 0.0695342 0 0.99758
    outer loop
      vertex -0.391981 -47.9 32.2705
      vertex -0.130873 -47.91 32.2523
      vertex -0.130873 -47.9 32.2523
    endloop
  endfacet
  facet normal 0.0695342 0 0.99758
    outer loop
      vertex -0.130873 -47.91 32.2523
      vertex -0.391981 -47.9 32.2705
      vertex -0.391981 -47.91 32.2705
    endloop
  endfacet
  facet normal -0.866051 0 0.499956
    outer loop
      vertex 3.18018 -47.91 34.0128
      vertex 3.31105 -47.9 34.2395
      vertex 3.18018 -47.9 34.0128
    endloop
  endfacet
  facet normal -0.866051 0 0.499956
    outer loop
      vertex 3.31105 -47.9 34.2395
      vertex 3.18018 -47.91 34.0128
      vertex 3.31105 -47.91 34.2395
    endloop
  endfacet
  facet normal 0.207838 0 0.978163
    outer loop
      vertex -0.907207 -47.9 32.3614
      vertex -0.65118 -47.91 32.307
      vertex -0.65118 -47.9 32.307
    endloop
  endfacet
  facet normal 0.207838 0 0.978163
    outer loop
      vertex -0.65118 -47.91 32.307
      vertex -0.907207 -47.9 32.3614
      vertex -0.907207 -47.91 32.3614
    endloop
  endfacet
  facet normal 0.0695342 0 -0.99758
    outer loop
      vertex -0.391981 -47.91 39.7295
      vertex -0.130873 -47.9 39.7477
      vertex -0.130873 -47.91 39.7477
    endloop
  endfacet
  facet normal 0.0695342 0 -0.99758
    outer loop
      vertex -0.130873 -47.9 39.7477
      vertex -0.391981 -47.91 39.7295
      vertex -0.391981 -47.9 39.7295
    endloop
  endfacet
  facet normal 0.469521 0 -0.882921
    outer loop
      vertex -1.875 -47.91 39.2476
      vertex -1.64389 -47.9 39.3705
      vertex -1.64389 -47.91 39.3705
    endloop
  endfacet
  facet normal 0.469521 0 -0.882921
    outer loop
      vertex -1.64389 -47.9 39.3705
      vertex -1.875 -47.91 39.2476
      vertex -1.875 -47.9 39.2476
    endloop
  endfacet
  facet normal 0.743104 0 -0.669176
    outer loop
      vertex -2.69752 -47.91 38.605
      vertex -2.87267 -47.9 38.4105
      vertex -2.69752 -47.9 38.605
    endloop
  endfacet
  facet normal 0.743104 0 -0.669176
    outer loop
      vertex -2.87267 -47.9 38.4105
      vertex -2.69752 -47.91 38.605
      vertex -2.87267 -47.91 38.4105
    endloop
  endfacet
  facet normal -0.587904 0 -0.808931
    outer loop
      vertex 2.09697 -47.91 39.1089
      vertex 2.30873 -47.9 38.955
      vertex 2.30873 -47.91 38.955
    endloop
  endfacet
  facet normal -0.587904 0 -0.808931
    outer loop
      vertex 2.30873 -47.9 38.955
      vertex 2.09697 -47.91 39.1089
      vertex 2.09697 -47.9 39.1089
    endloop
  endfacet
  facet normal 0.970282 0 -0.241978
    outer loop
      vertex -3.60473 -47.91 37.0336
      vertex -3.66805 -47.9 36.7797
      vertex -3.60473 -47.9 37.0336
    endloop
  endfacet
  facet normal 0.970282 0 -0.241978
    outer loop
      vertex -3.66805 -47.9 36.7797
      vertex -3.60473 -47.91 37.0336
      vertex -3.66805 -47.91 36.7797
    endloop
  endfacet
  facet normal 0.970282 -0 0.241978
    outer loop
      vertex -3.66805 -47.91 35.2203
      vertex -3.60473 -47.9 34.9664
      vertex -3.66805 -47.9 35.2203
    endloop
  endfacet
  facet normal 0.970282 0 0.241978
    outer loop
      vertex -3.60473 -47.9 34.9664
      vertex -3.66805 -47.91 35.2203
      vertex -3.60473 -47.91 34.9664
    endloop
  endfacet
  facet normal 0.529913 0 0.848052
    outer loop
      vertex -2.09697 -47.9 32.8911
      vertex -1.875 -47.91 32.7524
      vertex -1.875 -47.9 32.7524
    endloop
  endfacet
  facet normal 0.529913 0 0.848052
    outer loop
      vertex -1.875 -47.91 32.7524
      vertex -2.09697 -47.9 32.8911
      vertex -2.09697 -47.91 32.8911
    endloop
  endfacet
  facet normal -0.207838 0 -0.978163
    outer loop
      vertex 0.65118 -47.91 39.693
      vertex 0.907207 -47.9 39.6386
      vertex 0.907207 -47.91 39.6386
    endloop
  endfacet
  facet normal -0.207838 0 -0.978163
    outer loop
      vertex 0.907207 -47.9 39.6386
      vertex 0.65118 -47.91 39.693
      vertex 0.65118 -47.9 39.693
    endloop
  endfacet
  facet normal 0.788083 -0 0.615568
    outer loop
      vertex -3.03381 -47.91 33.7958
      vertex -2.87267 -47.9 33.5895
      vertex -3.03381 -47.9 33.7958
    endloop
  endfacet
  facet normal 0.788083 0 0.615568
    outer loop
      vertex -2.87267 -47.9 33.5895
      vertex -3.03381 -47.91 33.7958
      vertex -2.87267 -47.91 33.5895
    endloop
  endfacet
  facet normal 0.275475 0 0.961308
    outer loop
      vertex -1.15881 -47.9 32.4335
      vertex -0.907207 -47.91 32.3614
      vertex -0.907207 -47.9 32.3614
    endloop
  endfacet
  facet normal 0.275475 0 0.961308
    outer loop
      vertex -0.907207 -47.91 32.3614
      vertex -1.15881 -47.9 32.4335
      vertex -1.15881 -47.91 32.4335
    endloop
  endfacet
  facet normal -0.970282 0 -0.241978
    outer loop
      vertex 3.66805 -47.91 36.7797
      vertex 3.60473 -47.9 37.0336
      vertex 3.66805 -47.9 36.7797
    endloop
  endfacet
  facet normal -0.970282 -0 -0.241978
    outer loop
      vertex 3.60473 -47.9 37.0336
      vertex 3.66805 -47.91 36.7797
      vertex 3.60473 -47.91 37.0336
    endloop
  endfacet
  facet normal -0.529913 0 0.848052
    outer loop
      vertex 1.875 -47.9 32.7524
      vertex 2.09697 -47.91 32.8911
      vertex 2.09697 -47.9 32.8911
    endloop
  endfacet
  facet normal -0.529913 0 0.848052
    outer loop
      vertex 2.09697 -47.91 32.8911
      vertex 1.875 -47.9 32.7524
      vertex 1.875 -47.91 32.7524
    endloop
  endfacet
  facet normal -0.406535 0 0.913635
    outer loop
      vertex 1.40477 -47.9 32.5231
      vertex 1.64389 -47.91 32.6295
      vertex 1.64389 -47.9 32.6295
    endloop
  endfacet
  facet normal -0.406535 0 0.913635
    outer loop
      vertex 1.64389 -47.91 32.6295
      vertex 1.40477 -47.9 32.5231
      vertex 1.40477 -47.91 32.5231
    endloop
  endfacet
  facet normal -0.92718 0 0.374616
    outer loop
      vertex 3.42579 -47.91 34.4747
      vertex 3.52385 -47.9 34.7174
      vertex 3.42579 -47.9 34.4747
    endloop
  endfacet
  facet normal -0.92718 0 0.374616
    outer loop
      vertex 3.52385 -47.9 34.7174
      vertex 3.42579 -47.91 34.4747
      vertex 3.52385 -47.91 34.7174
    endloop
  endfacet
  facet normal 0.866051 0 -0.499956
    outer loop
      vertex -3.18018 -47.91 37.9872
      vertex -3.31105 -47.9 37.7605
      vertex -3.18018 -47.9 37.9872
    endloop
  endfacet
  facet normal 0.866051 0 -0.499956
    outer loop
      vertex -3.31105 -47.9 37.7605
      vertex -3.18018 -47.91 37.9872
      vertex -3.31105 -47.91 37.7605
    endloop
  endfacet
  facet normal -0.984812 0 -0.173622
    outer loop
      vertex 3.7135 -47.91 36.5219
      vertex 3.66805 -47.9 36.7797
      vertex 3.7135 -47.9 36.5219
    endloop
  endfacet
  facet normal -0.984812 -0 -0.173622
    outer loop
      vertex 3.66805 -47.9 36.7797
      vertex 3.7135 -47.91 36.5219
      vertex 3.66805 -47.91 36.7797
    endloop
  endfacet
  facet normal 0.898756 0 -0.438449
    outer loop
      vertex -3.31105 -47.91 37.7605
      vertex -3.42579 -47.9 37.5253
      vertex -3.31105 -47.9 37.7605
    endloop
  endfacet
  facet normal 0.898756 0 -0.438449
    outer loop
      vertex -3.42579 -47.9 37.5253
      vertex -3.31105 -47.91 37.7605
      vertex -3.42579 -47.91 37.5253
    endloop
  endfacet
  facet normal -0.92718 0 -0.374616
    outer loop
      vertex 3.52385 -47.91 37.2826
      vertex 3.42579 -47.9 37.5253
      vertex 3.52385 -47.9 37.2826
    endloop
  endfacet
  facet normal -0.92718 -0 -0.374616
    outer loop
      vertex 3.42579 -47.9 37.5253
      vertex 3.52385 -47.91 37.2826
      vertex 3.42579 -47.91 37.5253
    endloop
  endfacet
  facet normal 0.469521 0 0.882921
    outer loop
      vertex -1.875 -47.9 32.7524
      vertex -1.64389 -47.91 32.6295
      vertex -1.64389 -47.9 32.6295
    endloop
  endfacet
  facet normal 0.469521 0 0.882921
    outer loop
      vertex -1.64389 -47.91 32.6295
      vertex -1.875 -47.9 32.7524
      vertex -1.875 -47.91 32.7524
    endloop
  endfacet
  facet normal 0.829035 0 -0.559197
    outer loop
      vertex -3.03381 -47.91 38.2042
      vertex -3.18018 -47.9 37.9872
      vertex -3.03381 -47.9 38.2042
    endloop
  endfacet
  facet normal 0.829035 0 -0.559197
    outer loop
      vertex -3.18018 -47.9 37.9872
      vertex -3.03381 -47.91 38.2042
      vertex -3.18018 -47.91 37.9872
    endloop
  endfacet
  facet normal -0.694619 0 0.719378
    outer loop
      vertex 2.50924 -47.9 33.2132
      vertex 2.69752 -47.91 33.395
      vertex 2.69752 -47.9 33.395
    endloop
  endfacet
  facet normal -0.694619 0 0.719378
    outer loop
      vertex 2.69752 -47.91 33.395
      vertex 2.50924 -47.9 33.2132
      vertex 2.50924 -47.91 33.2132
    endloop
  endfacet
  facet normal -0.788083 0 0.615568
    outer loop
      vertex 2.87267 -47.91 33.5895
      vertex 3.03381 -47.9 33.7958
      vertex 2.87267 -47.9 33.5895
    endloop
  endfacet
  facet normal -0.788083 0 0.615568
    outer loop
      vertex 3.03381 -47.9 33.7958
      vertex 2.87267 -47.91 33.5895
      vertex 3.03381 -47.91 33.7958
    endloop
  endfacet
  facet normal 0.994521 -0 0.104534
    outer loop
      vertex -3.74086 -47.91 35.7384
      vertex -3.7135 -47.9 35.4781
      vertex -3.74086 -47.9 35.7384
    endloop
  endfacet
  facet normal 0.994521 0 0.104534
    outer loop
      vertex -3.7135 -47.9 35.4781
      vertex -3.74086 -47.91 35.7384
      vertex -3.7135 -47.91 35.4781
    endloop
  endfacet
  facet normal 0.99939 -0 0.0349175
    outer loop
      vertex -3.75 -47.91 36
      vertex -3.74086 -47.9 35.7384
      vertex -3.75 -47.9 36
    endloop
  endfacet
  facet normal 0.99939 0 0.0349175
    outer loop
      vertex -3.74086 -47.9 35.7384
      vertex -3.75 -47.91 36
      vertex -3.74086 -47.91 35.7384
    endloop
  endfacet
  facet normal 0.587904 0 0.808931
    outer loop
      vertex -2.30873 -47.9 33.045
      vertex -2.09697 -47.91 32.8911
      vertex -2.09697 -47.9 32.8911
    endloop
  endfacet
  facet normal 0.587904 0 0.808931
    outer loop
      vertex -2.09697 -47.91 32.8911
      vertex -2.30873 -47.9 33.045
      vertex -2.30873 -47.91 33.045
    endloop
  endfacet
  facet normal -0.829035 0 0.559197
    outer loop
      vertex 3.03381 -47.91 33.7958
      vertex 3.18018 -47.9 34.0128
      vertex 3.03381 -47.9 33.7958
    endloop
  endfacet
  facet normal -0.829035 0 0.559197
    outer loop
      vertex 3.18018 -47.9 34.0128
      vertex 3.03381 -47.91 33.7958
      vertex 3.18018 -47.91 34.0128
    endloop
  endfacet
  facet normal -0.0695342 0 -0.99758
    outer loop
      vertex 0.130873 -47.91 39.7477
      vertex 0.391981 -47.9 39.7295
      vertex 0.391981 -47.91 39.7295
    endloop
  endfacet
  facet normal -0.0695342 0 -0.99758
    outer loop
      vertex 0.391981 -47.9 39.7295
      vertex 0.130873 -47.91 39.7477
      vertex 0.130873 -47.9 39.7477
    endloop
  endfacet
  facet normal -0.587904 0 0.808931
    outer loop
      vertex 2.09697 -47.9 32.8911
      vertex 2.30873 -47.91 33.045
      vertex 2.30873 -47.9 33.045
    endloop
  endfacet
  facet normal -0.587904 0 0.808931
    outer loop
      vertex 2.30873 -47.91 33.045
      vertex 2.09697 -47.9 32.8911
      vertex 2.09697 -47.91 32.8911
    endloop
  endfacet
  facet normal 0.829035 -0 0.559197
    outer loop
      vertex -3.18018 -47.91 34.0128
      vertex -3.03381 -47.9 33.7958
      vertex -3.18018 -47.9 34.0128
    endloop
  endfacet
  facet normal 0.829035 0 0.559197
    outer loop
      vertex -3.03381 -47.9 33.7958
      vertex -3.18018 -47.91 34.0128
      vertex -3.03381 -47.91 33.7958
    endloop
  endfacet
  facet normal -0.743104 0 -0.669176
    outer loop
      vertex 2.87267 -47.91 38.4105
      vertex 2.69752 -47.9 38.605
      vertex 2.87267 -47.9 38.4105
    endloop
  endfacet
  facet normal -0.743104 -0 -0.669176
    outer loop
      vertex 2.69752 -47.9 38.605
      vertex 2.87267 -47.91 38.4105
      vertex 2.69752 -47.91 38.605
    endloop
  endfacet
  facet normal 0.92718 0 -0.374616
    outer loop
      vertex -3.42579 -47.91 37.5253
      vertex -3.52385 -47.9 37.2826
      vertex -3.42579 -47.9 37.5253
    endloop
  endfacet
  facet normal 0.92718 0 -0.374616
    outer loop
      vertex -3.52385 -47.9 37.2826
      vertex -3.42579 -47.91 37.5253
      vertex -3.52385 -47.91 37.2826
    endloop
  endfacet
  facet normal -0.342283 0 -0.939597
    outer loop
      vertex 1.15881 -47.91 39.5665
      vertex 1.40477 -47.9 39.4769
      vertex 1.40477 -47.91 39.4769
    endloop
  endfacet
  facet normal -0.342283 0 -0.939597
    outer loop
      vertex 1.40477 -47.9 39.4769
      vertex 1.15881 -47.91 39.5665
      vertex 1.15881 -47.9 39.5665
    endloop
  endfacet
  facet normal 0.951085 0 -0.308931
    outer loop
      vertex -3.52385 -47.91 37.2826
      vertex -3.60473 -47.9 37.0336
      vertex -3.52385 -47.9 37.2826
    endloop
  endfacet
  facet normal 0.951085 0 -0.308931
    outer loop
      vertex -3.60473 -47.9 37.0336
      vertex -3.52385 -47.91 37.2826
      vertex -3.60473 -47.91 37.0336
    endloop
  endfacet
  facet normal 0.694619 0 0.719378
    outer loop
      vertex -2.69752 -47.9 33.395
      vertex -2.50924 -47.91 33.2132
      vertex -2.50924 -47.9 33.2132
    endloop
  endfacet
  facet normal 0.694619 0 0.719378
    outer loop
      vertex -2.50924 -47.91 33.2132
      vertex -2.69752 -47.9 33.395
      vertex -2.69752 -47.91 33.395
    endloop
  endfacet
  facet normal 0.99939 0 -0.0349175
    outer loop
      vertex -3.74086 -47.91 36.2616
      vertex -3.75 -47.9 36
      vertex -3.74086 -47.9 36.2616
    endloop
  endfacet
  facet normal 0.99939 0 -0.0349175
    outer loop
      vertex -3.75 -47.9 36
      vertex -3.74086 -47.91 36.2616
      vertex -3.75 -47.91 36
    endloop
  endfacet
  facet normal -0.898756 0 0.438449
    outer loop
      vertex 3.31105 -47.91 34.2395
      vertex 3.42579 -47.9 34.4747
      vertex 3.31105 -47.9 34.2395
    endloop
  endfacet
  facet normal -0.898756 0 0.438449
    outer loop
      vertex 3.42579 -47.9 34.4747
      vertex 3.31105 -47.91 34.2395
      vertex 3.42579 -47.91 34.4747
    endloop
  endfacet
  facet normal 0.139443 0 0.99023
    outer loop
      vertex -0.65118 -47.9 32.307
      vertex -0.391981 -47.91 32.2705
      vertex -0.391981 -47.9 32.2705
    endloop
  endfacet
  facet normal 0.139443 0 0.99023
    outer loop
      vertex -0.391981 -47.91 32.2705
      vertex -0.65118 -47.9 32.307
      vertex -0.65118 -47.91 32.307
    endloop
  endfacet
  facet normal 0.406535 0 -0.913635
    outer loop
      vertex -1.64389 -47.91 39.3705
      vertex -1.40477 -47.9 39.4769
      vertex -1.40477 -47.91 39.4769
    endloop
  endfacet
  facet normal 0.406535 0 -0.913635
    outer loop
      vertex -1.40477 -47.9 39.4769
      vertex -1.64389 -47.91 39.3705
      vertex -1.64389 -47.9 39.3705
    endloop
  endfacet
  facet normal -0.246579 0.706823 -0.663023
    outer loop
      vertex 1.15814 -47.91 39.5561
      vertex 0.9116 -48.7 38.8056
      vertex 1.15572 -47.91 39.557
    endloop
  endfacet
  facet normal -0.241837 0.706911 -0.664674
    outer loop
      vertex 0.9116 -48.7 38.8056
      vertex 1.15814 -47.91 39.5561
      vertex 1.10509 -48.7 38.7352
    endloop
  endfacet
  facet normal 0.332172 0.706911 0.62445
    outer loop
      vertex -1.29319 -48.7 33.3486
      vertex -1.63951 -47.91 32.6385
      vertex -1.86773 -47.91 32.7599
    endloop
  endfacet
  facet normal -0.706895 0.706895 -0.0244694
    outer loop
      vertex 2.95 -48.7 36
      vertex 3.73991 -47.91 36.0026
      vertex 3.74 -47.91 36
    endloop
  endfacet
  facet normal -0.706891 0.706891 -0.0246965
    outer loop
      vertex 3.73991 -47.91 36.0026
      vertex 2.95 -48.7 36
      vertex 2.94281 -48.7 36.2058
    endloop
  endfacet
  facet normal -0.706889 0.706893 -0.024685
    outer loop
      vertex 3.73089 -47.91 36.2609
      vertex 3.73991 -47.91 36.0026
      vertex 2.94281 -48.7 36.2058
    endloop
  endfacet
  facet normal 0.331894 0.706861 -0.624655
    outer loop
      vertex -1.475 -48.7 38.5548
      vertex -1.86773 -47.91 39.2401
      vertex -1.29319 -48.7 38.6514
    endloop
  endfacet
  facet normal 0.330593 0.706837 -0.625372
    outer loop
      vertex -1.86773 -47.91 39.2401
      vertex -1.475 -48.7 38.5548
      vertex -1.87 -47.91 39.2389
    endloop
  endfacet
  facet normal -0.612603 0.706893 0.353581
    outer loop
      vertex 3.30222 -47.91 34.2442
      vertex 3.17299 -47.91 34.0203
      vertex 2.6047 -48.7 34.6151
    endloop
  endfacet
  facet normal 0.454724 0.706913 0.541756
    outer loop
      vertex -1.8162 -48.7 33.6754
      vertex -2.30257 -47.91 33.0528
      vertex -2.50058 -47.91 33.219
    endloop
  endfacet
  facet normal -0.374787 0.706893 0.599865
    outer loop
      vertex 1.87218 -47.91 32.7624
      vertex 1.475 -48.7 33.4452
      vertex 1.64962 -48.7 33.5543
    endloop
  endfacet
  facet normal -0.362193 0.707048 0.60737
    outer loop
      vertex 1.475 -48.7 33.4452
      vertex 1.87218 -47.91 32.7624
      vertex 1.87 -47.91 32.7611
    endloop
  endfacet
  facet normal -0.703444 0.706893 0.0739574
    outer loop
      vertex 3.73089 -47.91 35.7391
      vertex 3.70387 -47.91 35.4821
      vertex 2.94281 -48.7 35.7942
    endloop
  endfacet
  facet normal -0.446077 0.706653 -0.549233
    outer loop
      vertex 1.97394 -48.7 38.1923
      vertex 2.50058 -47.91 38.781
      vertex 2.50255 -47.91 38.7794
    endloop
  endfacet
  facet normal -0.454548 0.706875 -0.541953
    outer loop
      vertex 2.50058 -47.91 38.781
      vertex 1.97394 -48.7 38.1923
      vertex 1.8162 -48.7 38.3246
    endloop
  endfacet
  facet normal -0.523056 0.706818 0.476257
    outer loop
      vertex 2.86328 -47.91 33.5941
      vertex 2.25983 -48.7 34.1038
      vertex 2.86501 -47.91 33.596
    endloop
  endfacet
  facet normal -0.525616 0.706885 0.47333
    outer loop
      vertex 2.25983 -48.7 34.1038
      vertex 2.86328 -47.91 33.5941
      vertex 2.12205 -48.7 33.9508
    endloop
  endfacet
  facet normal 0.655836 0.706887 0.264934
    outer loop
      vertex -2.69496 -48.7 34.8001
      vertex -3.41666 -47.91 34.4788
      vertex -3.51349 -47.91 34.7185
    endloop
  endfacet
  facet normal -0.195108 0.706879 0.679894
    outer loop
      vertex 0.907261 -47.91 32.3718
      vertex 0.713669 -48.7 33.1376
      vertex 0.9116 -48.7 33.1944
    endloop
  endfacet
  facet normal -0.192564 0.706918 0.680578
    outer loop
      vertex 0.713669 -48.7 33.1376
      vertex 0.907261 -47.91 32.3718
      vertex 0.904787 -47.91 32.3711
    endloop
  endfacet
  facet normal 0.557401 0.706892 0.43544
    outer loop
      vertex -2.25983 -48.7 34.1038
      vertex -2.86501 -47.91 33.596
      vertex -3.02414 -47.91 33.7997
    endloop
  endfacet
  facet normal -0.696577 0.706892 0.122818
    outer loop
      vertex 3.70316 -47.91 35.477
      vertex 3.65827 -47.91 35.2224
      vertex 2.88554 -48.7 35.3867
    endloop
  endfacet
  facet normal -0.612603 0.706893 -0.353581
    outer loop
      vertex 3.17299 -47.91 37.9797
      vertex 3.30222 -47.91 37.7558
      vertex 2.6047 -48.7 37.3849
    endloop
  endfacet
  facet normal -0.703444 0.706893 -0.0739574
    outer loop
      vertex 3.70387 -47.91 36.5179
      vertex 3.73089 -47.91 36.2609
      vertex 2.94281 -48.7 36.2058
    endloop
  endfacet
  facet normal -0.493286 0.706846 -0.506988
    outer loop
      vertex 2.5044 -47.91 38.7776
      vertex 1.97394 -48.7 38.1923
      vertex 2.50255 -47.91 38.7794
    endloop
  endfacet
  facet normal -0.491477 0.706888 -0.508684
    outer loop
      vertex 1.97394 -48.7 38.1923
      vertex 2.5044 -47.91 38.7776
      vertex 2.12205 -48.7 38.0492
    endloop
  endfacet
  facet normal 0.194845 0.706917 0.679929
    outer loop
      vertex -0.9116 -48.7 33.1944
      vertex -0.907261 -47.91 32.3718
      vertex -1.15572 -47.91 32.443
    endloop
  endfacet
  facet normal 0.241903 0.706902 0.66466
    outer loop
      vertex -1.10509 -48.7 33.2648
      vertex -1.15814 -47.91 32.4439
      vertex -1.40103 -47.91 32.5323
    endloop
  endfacet
  facet normal 0.374787 0.706893 0.599865
    outer loop
      vertex -1.475 -48.7 33.4452
      vertex -1.87218 -47.91 32.7624
      vertex -1.64962 -48.7 33.5543
    endloop
  endfacet
  facet normal 0.362193 0.707048 0.60737
    outer loop
      vertex -1.87218 -47.91 32.7624
      vertex -1.475 -48.7 33.4452
      vertex -1.87 -47.91 32.7611
    endloop
  endfacet
  facet normal -0.612619 0.70689 0.353561
    outer loop
      vertex 3.17299 -47.91 34.0203
      vertex 2.50174 -48.7 34.4367
      vertex 2.6047 -48.7 34.6151
    endloop
  endfacet
  facet normal -0.610105 0.706959 0.357744
    outer loop
      vertex 2.50174 -48.7 34.4367
      vertex 3.17299 -47.91 34.0203
      vertex 3.1717 -47.91 34.0181
    endloop
  endfacet
  facet normal 0.0492583 0.706884 -0.705612
    outer loop
      vertex -0.130524 -47.91 39.7377
      vertex -0.102953 -48.7 38.9482
      vertex -0.388369 -47.91 39.7197
    endloop
  endfacet
  facet normal -0.523056 0.706818 -0.476257
    outer loop
      vertex 2.25983 -48.7 37.8962
      vertex 2.86328 -47.91 38.4059
      vertex 2.86501 -47.91 38.404
    endloop
  endfacet
  facet normal -0.525616 0.706885 -0.47333
    outer loop
      vertex 2.86328 -47.91 38.4059
      vertex 2.25983 -48.7 37.8962
      vertex 2.12205 -48.7 38.0492
    endloop
  endfacet
  facet normal 0.374888 0.706877 0.59982
    outer loop
      vertex -1.64962 -48.7 33.5543
      vertex -1.87218 -47.91 32.7624
      vertex -2.09138 -47.91 32.8994
    endloop
  endfacet
  facet normal 0.686303 0.706897 0.171129
    outer loop
      vertex -2.83572 -48.7 35.1869
      vertex -3.59574 -47.91 34.9716
      vertex -2.88554 -48.7 35.3867
    endloop
  endfacet
  facet normal 0.686534 0.706882 0.17026
    outer loop
      vertex -3.59574 -47.91 34.9716
      vertex -2.83572 -48.7 35.1869
      vertex -3.59512 -47.91 34.9691
    endloop
  endfacet
  facet normal -0.706889 0.706893 0.024685
    outer loop
      vertex 3.73991 -47.91 35.9974
      vertex 3.73089 -47.91 35.7391
      vertex 2.94281 -48.7 35.7942
    endloop
  endfacet
  facet normal -0.241903 0.706902 -0.66466
    outer loop
      vertex 1.15814 -47.91 39.5561
      vertex 1.40103 -47.91 39.4677
      vertex 1.10509 -48.7 38.7352
    endloop
  endfacet
  facet normal -0.192564 0.706918 -0.680578
    outer loop
      vertex 0.907261 -47.91 39.6282
      vertex 0.713669 -48.7 38.8624
      vertex 0.904787 -47.91 39.6289
    endloop
  endfacet
  facet normal -0.195108 0.706879 -0.679894
    outer loop
      vertex 0.713669 -48.7 38.8624
      vertex 0.907261 -47.91 39.6282
      vertex 0.9116 -48.7 38.8056
    endloop
  endfacet
  facet normal -0.0985132 0.706893 0.700426
    outer loop
      vertex 0.512261 -48.7 33.0948
      vertex 0.649444 -47.91 32.3168
      vertex 0.393485 -47.91 32.2808
    endloop
  endfacet
  facet normal 0.246579 0.706823 -0.663023
    outer loop
      vertex -0.9116 -48.7 38.8056
      vertex -1.15814 -47.91 39.5561
      vertex -1.15572 -47.91 39.557
    endloop
  endfacet
  facet normal 0.241837 0.706911 -0.664674
    outer loop
      vertex -1.15814 -47.91 39.5561
      vertex -0.9116 -48.7 38.8056
      vertex -1.10509 -48.7 38.7352
    endloop
  endfacet
  facet normal 0.147032 0.706861 -0.691903
    outer loop
      vertex -0.713669 -48.7 38.8624
      vertex -0.90227 -47.91 39.6294
      vertex -0.512261 -48.7 38.9052
    endloop
  endfacet
  facet normal 0.137857 0.70668 -0.693973
    outer loop
      vertex -0.90227 -47.91 39.6294
      vertex -0.713669 -48.7 38.8624
      vertex -0.904787 -47.91 39.6289
    endloop
  endfacet
  facet normal 0.525662 0.706897 0.47326
    outer loop
      vertex -2.12205 -48.7 33.9508
      vertex -2.69033 -47.91 33.402
      vertex -2.86328 -47.91 33.5941
    endloop
  endfacet
  facet normal -0.0982435 0.706932 0.700425
    outer loop
      vertex 0.393485 -47.91 32.2808
      vertex 0.308358 -48.7 33.0662
      vertex 0.512261 -48.7 33.0948
    endloop
  endfacet
  facet normal -0.082653 0.707092 0.702275
    outer loop
      vertex 0.308358 -48.7 33.0662
      vertex 0.393485 -47.91 32.2808
      vertex 0.390936 -47.91 32.2805
    endloop
  endfacet
  facet normal -0.686303 0.706897 0.171129
    outer loop
      vertex 3.59574 -47.91 34.9716
      vertex 2.83572 -48.7 35.1869
      vertex 2.88554 -48.7 35.3867
    endloop
  endfacet
  facet normal -0.686534 0.706882 0.17026
    outer loop
      vertex 2.83572 -48.7 35.1869
      vertex 3.59574 -47.91 34.9716
      vertex 3.59512 -47.91 34.9691
    endloop
  endfacet
  facet normal -0.610105 0.706959 -0.357744
    outer loop
      vertex 3.17299 -47.91 37.9797
      vertex 2.50174 -48.7 37.5633
      vertex 3.1717 -47.91 37.9819
    endloop
  endfacet
  facet normal -0.612619 0.70689 -0.353561
    outer loop
      vertex 2.50174 -48.7 37.5633
      vertex 3.17299 -47.91 37.9797
      vertex 2.6047 -48.7 37.3849
    endloop
  endfacet
  facet normal 0.195108 0.706879 0.679894
    outer loop
      vertex -0.713669 -48.7 33.1376
      vertex -0.907261 -47.91 32.3718
      vertex -0.9116 -48.7 33.1944
    endloop
  endfacet
  facet normal 0.192564 0.706918 0.680578
    outer loop
      vertex -0.907261 -47.91 32.3718
      vertex -0.713669 -48.7 33.1376
      vertex -0.904787 -47.91 32.3711
    endloop
  endfacet
  facet normal 0.331894 0.706861 0.624655
    outer loop
      vertex -1.86773 -47.91 32.7599
      vertex -1.475 -48.7 33.4452
      vertex -1.29319 -48.7 33.3486
    endloop
  endfacet
  facet normal 0.330593 0.706837 0.625372
    outer loop
      vertex -1.475 -48.7 33.4452
      vertex -1.86773 -47.91 32.7599
      vertex -1.87 -47.91 32.7611
    endloop
  endfacet
  facet normal 0.525616 0.706885 0.47333
    outer loop
      vertex -2.86328 -47.91 33.5941
      vertex -2.25983 -48.7 34.1038
      vertex -2.12205 -48.7 33.9508
    endloop
  endfacet
  facet normal 0.523056 0.706818 0.476257
    outer loop
      vertex -2.25983 -48.7 34.1038
      vertex -2.86328 -47.91 33.5941
      vertex -2.86501 -47.91 33.596
    endloop
  endfacet
  facet normal -0.241903 0.706902 0.66466
    outer loop
      vertex 1.40103 -47.91 32.5323
      vertex 1.15814 -47.91 32.4439
      vertex 1.10509 -48.7 33.2648
    endloop
  endfacet
  facet normal 0.0982435 0.706932 0.700425
    outer loop
      vertex -0.308358 -48.7 33.0662
      vertex -0.393485 -47.91 32.2808
      vertex -0.512261 -48.7 33.0948
    endloop
  endfacet
  facet normal 0.082653 0.707092 0.702275
    outer loop
      vertex -0.393485 -47.91 32.2808
      vertex -0.308358 -48.7 33.0662
      vertex -0.390936 -47.91 32.2805
    endloop
  endfacet
  facet normal -0.672692 0.706899 -0.218584
    outer loop
      vertex 3.51525 -47.91 37.2767
      vertex 3.59512 -47.91 37.0309
      vertex 2.83572 -48.7 36.8131
    endloop
  endfacet
  facet normal -0.454724 0.706913 -0.541756
    outer loop
      vertex 2.30257 -47.91 38.9472
      vertex 2.50058 -47.91 38.781
      vertex 1.8162 -48.7 38.3246
    endloop
  endfacet
  facet normal 0.493286 0.706846 -0.506988
    outer loop
      vertex -1.97394 -48.7 38.1923
      vertex -2.5044 -47.91 38.7776
      vertex -2.50255 -47.91 38.7794
    endloop
  endfacet
  facet normal 0.491477 0.706888 -0.508684
    outer loop
      vertex -2.5044 -47.91 38.7776
      vertex -1.97394 -48.7 38.1923
      vertex -2.12205 -48.7 38.0492
    endloop
  endfacet
  facet normal 0.635731 0.706886 0.310093
    outer loop
      vertex -2.69496 -48.7 34.8001
      vertex -3.30335 -47.91 34.2465
      vertex -3.41666 -47.91 34.4788
    endloop
  endfacet
  facet normal -0.557401 0.706892 -0.43544
    outer loop
      vertex 2.86501 -47.91 38.404
      vertex 3.02414 -47.91 38.2003
      vertex 2.25983 -48.7 37.8962
    endloop
  endfacet
  facet normal -0.082653 0.707092 -0.702275
    outer loop
      vertex 0.393485 -47.91 39.7192
      vertex 0.308358 -48.7 38.9338
      vertex 0.390936 -47.91 39.7195
    endloop
  endfacet
  facet normal -0.0982435 0.706932 -0.700425
    outer loop
      vertex 0.308358 -48.7 38.9338
      vertex 0.393485 -47.91 39.7192
      vertex 0.512261 -48.7 38.9052
    endloop
  endfacet
  facet normal 0.241903 0.706902 -0.66466
    outer loop
      vertex -1.15814 -47.91 39.5561
      vertex -1.10509 -48.7 38.7352
      vertex -1.40103 -47.91 39.4677
    endloop
  endfacet
  facet normal -0.287847 0.706899 0.646095
    outer loop
      vertex 1.63716 -47.91 32.6375
      vertex 1.40103 -47.91 32.5323
      vertex 1.10509 -48.7 33.2648
    endloop
  endfacet
  facet normal -0.415925 0.706877 0.572129
    outer loop
      vertex 2.09346 -47.91 32.9009
      vertex 1.64962 -48.7 33.5543
      vertex 1.8162 -48.7 33.6754
    endloop
  endfacet
  facet normal -0.413712 0.706918 0.573681
    outer loop
      vertex 1.64962 -48.7 33.5543
      vertex 2.09346 -47.91 32.9009
      vertex 2.09138 -47.91 32.8994
    endloop
  endfacet
  facet normal 0.332172 0.706911 -0.62445
    outer loop
      vertex -1.63951 -47.91 39.3615
      vertex -1.29319 -48.7 38.6514
      vertex -1.86773 -47.91 39.2401
    endloop
  endfacet
  facet normal -0.686534 0.706882 -0.17026
    outer loop
      vertex 3.59574 -47.91 37.0284
      vertex 2.83572 -48.7 36.8131
      vertex 3.59512 -47.91 37.0309
    endloop
  endfacet
  facet normal -0.686303 0.706897 -0.171129
    outer loop
      vertex 2.83572 -48.7 36.8131
      vertex 3.59574 -47.91 37.0284
      vertex 2.88554 -48.7 36.6133
    endloop
  endfacet
  facet normal -0.287847 0.706899 -0.646095
    outer loop
      vertex 1.40103 -47.91 39.4677
      vertex 1.63716 -47.91 39.3625
      vertex 1.10509 -48.7 38.7352
    endloop
  endfacet
  facet normal 0.41569 0.706915 -0.572252
    outer loop
      vertex -2.09346 -47.91 39.0991
      vertex -1.8162 -48.7 38.3246
      vertex -2.30257 -47.91 38.9472
    endloop
  endfacet
  facet normal 0.612603 0.706893 0.353581
    outer loop
      vertex -2.6047 -48.7 34.6151
      vertex -3.17299 -47.91 34.0203
      vertex -3.30222 -47.91 34.2442
    endloop
  endfacet
  facet normal 0.635693 0.706896 0.310149
    outer loop
      vertex -2.6047 -48.7 34.6151
      vertex -3.30335 -47.91 34.2465
      vertex -2.69496 -48.7 34.8001
    endloop
  endfacet
  facet normal 0.63481 0.706925 0.311885
    outer loop
      vertex -3.30335 -47.91 34.2465
      vertex -2.6047 -48.7 34.6151
      vertex -3.30222 -47.91 34.2442
    endloop
  endfacet
  facet normal -0.491411 0.7069 -0.508731
    outer loop
      vertex 2.5044 -47.91 38.7776
      vertex 2.69033 -47.91 38.598
      vertex 2.12205 -48.7 38.0492
    endloop
  endfacet
  facet normal 0.586399 0.706886 0.395536
    outer loop
      vertex -2.3866 -48.7 34.266
      vertex -3.02716 -47.91 33.8038
      vertex -2.50174 -48.7 34.4367
    endloop
  endfacet
  facet normal 0.583291 0.706962 0.399971
    outer loop
      vertex -3.02716 -47.91 33.8038
      vertex -2.3866 -48.7 34.266
      vertex -3.02572 -47.91 33.8017
    endloop
  endfacet
  facet normal -0.0492583 0.706884 -0.705612
    outer loop
      vertex 0.130524 -47.91 39.7377
      vertex 0.388369 -47.91 39.7197
      vertex 0.102953 -48.7 38.9482
    endloop
  endfacet
  facet normal -0.706891 0.706891 0.0246965
    outer loop
      vertex 2.95 -48.7 36
      vertex 3.73991 -47.91 35.9974
      vertex 2.94281 -48.7 35.7942
    endloop
  endfacet
  facet normal -0.706895 0.706895 0.0244694
    outer loop
      vertex 3.73991 -47.91 35.9974
      vertex 2.95 -48.7 36
      vertex 3.74 -47.91 36
    endloop
  endfacet
  facet normal 0.655826 0.70688 -0.264976
    outer loop
      vertex -2.77209 -48.7 37.009
      vertex -3.51349 -47.91 37.2815
      vertex -2.69496 -48.7 37.1999
    endloop
  endfacet
  facet normal 0.652895 0.706729 -0.272513
    outer loop
      vertex -3.51349 -47.91 37.2815
      vertex -2.77209 -48.7 37.009
      vertex -3.51445 -47.91 37.2792
    endloop
  endfacet
  facet normal -0.635731 0.706886 -0.310093
    outer loop
      vertex 3.30335 -47.91 37.7535
      vertex 3.41666 -47.91 37.5212
      vertex 2.69496 -48.7 37.1999
    endloop
  endfacet
  facet normal 0 0.706883 -0.707331
    outer loop
      vertex -0.102953 -48.7 38.9482
      vertex 0.130524 -47.91 39.7377
      vertex 0.102953 -48.7 38.9482
    endloop
  endfacet
  facet normal 0 0.706883 -0.707331
    outer loop
      vertex 0.130524 -47.91 39.7377
      vertex -0.102953 -48.7 38.9482
      vertex -0.130524 -47.91 39.7377
    endloop
  endfacet
  facet normal -0.68631 0.706894 0.171112
    outer loop
      vertex 3.65827 -47.91 35.2224
      vertex 3.59574 -47.91 34.9716
      vertex 2.88554 -48.7 35.3867
    endloop
  endfacet
  facet normal -0.672692 0.706899 0.218584
    outer loop
      vertex 3.59512 -47.91 34.9691
      vertex 3.51525 -47.91 34.7233
      vertex 2.83572 -48.7 35.1869
    endloop
  endfacet
  facet normal 0 0.706883 0.707331
    outer loop
      vertex 0.130524 -47.91 32.2623
      vertex -0.102953 -48.7 33.0518
      vertex 0.102953 -48.7 33.0518
    endloop
  endfacet
  facet normal 0 0.706883 0.707331
    outer loop
      vertex -0.102953 -48.7 33.0518
      vertex 0.130524 -47.91 32.2623
      vertex -0.130524 -47.91 32.2623
    endloop
  endfacet
  facet normal 0.147218 0.706889 0.691834
    outer loop
      vertex -0.512261 -48.7 33.0948
      vertex -0.649444 -47.91 32.3168
      vertex -0.90227 -47.91 32.3706
    endloop
  endfacet
  facet normal -0.330593 0.706837 0.625372
    outer loop
      vertex 1.86773 -47.91 32.7599
      vertex 1.475 -48.7 33.4452
      vertex 1.87 -47.91 32.7611
    endloop
  endfacet
  facet normal -0.331894 0.706861 0.624655
    outer loop
      vertex 1.475 -48.7 33.4452
      vertex 1.86773 -47.91 32.7599
      vertex 1.29319 -48.7 33.3486
    endloop
  endfacet
  facet normal 0.706889 0.706893 0.024685
    outer loop
      vertex -2.94281 -48.7 35.7942
      vertex -3.73089 -47.91 35.7391
      vertex -3.73991 -47.91 35.9974
    endloop
  endfacet
  facet normal 0.287847 0.706899 0.646095
    outer loop
      vertex -1.10509 -48.7 33.2648
      vertex -1.40103 -47.91 32.5323
      vertex -1.63716 -47.91 32.6375
    endloop
  endfacet
  facet normal -0.67273 0.706887 0.218508
    outer loop
      vertex 3.51525 -47.91 34.7233
      vertex 2.77209 -48.7 34.991
      vertex 2.83572 -48.7 35.1869
    endloop
  endfacet
  facet normal -0.673725 0.706835 0.215592
    outer loop
      vertex 2.77209 -48.7 34.991
      vertex 3.51525 -47.91 34.7233
      vertex 3.51445 -47.91 34.7208
    endloop
  endfacet
  facet normal -0.655836 0.706887 0.264934
    outer loop
      vertex 3.51349 -47.91 34.7185
      vertex 3.41666 -47.91 34.4788
      vertex 2.69496 -48.7 34.8001
    endloop
  endfacet
  facet normal -0.696616 0.706891 0.122604
    outer loop
      vertex 3.70316 -47.91 35.477
      vertex 2.92129 -48.7 35.5894
      vertex 3.7036 -47.91 35.4795
    endloop
  endfacet
  facet normal -0.696576 0.706887 0.122854
    outer loop
      vertex 2.92129 -48.7 35.5894
      vertex 3.70316 -47.91 35.477
      vertex 2.88554 -48.7 35.3867
    endloop
  endfacet
  facet normal 0.706895 0.706895 0.0244694
    outer loop
      vertex -2.95 -48.7 36
      vertex -3.73991 -47.91 35.9974
      vertex -3.74 -47.91 36
    endloop
  endfacet
  facet normal 0.706891 0.706891 0.0246965
    outer loop
      vertex -3.73991 -47.91 35.9974
      vertex -2.95 -48.7 36
      vertex -2.94281 -48.7 35.7942
    endloop
  endfacet
  facet normal 0.655836 0.706887 -0.264934
    outer loop
      vertex -3.41666 -47.91 37.5212
      vertex -2.69496 -48.7 37.1999
      vertex -3.51349 -47.91 37.2815
    endloop
  endfacet
  facet normal 0.703444 0.706893 0.0739574
    outer loop
      vertex -2.94281 -48.7 35.7942
      vertex -3.70387 -47.91 35.4821
      vertex -3.73089 -47.91 35.7391
    endloop
  endfacet
  facet normal 0.672692 0.706899 0.218584
    outer loop
      vertex -2.83572 -48.7 35.1869
      vertex -3.51525 -47.91 34.7233
      vertex -3.59512 -47.91 34.9691
    endloop
  endfacet
  facet normal -0.525662 0.706897 -0.47326
    outer loop
      vertex 2.69033 -47.91 38.598
      vertex 2.86328 -47.91 38.4059
      vertex 2.12205 -48.7 38.0492
    endloop
  endfacet
  facet normal 0.672692 0.706899 -0.218584
    outer loop
      vertex -3.51525 -47.91 37.2767
      vertex -2.83572 -48.7 36.8131
      vertex -3.59512 -47.91 37.0309
    endloop
  endfacet
  facet normal -0.586412 0.706883 -0.395521
    outer loop
      vertex 3.02716 -47.91 38.1962
      vertex 3.1717 -47.91 37.9819
      vertex 2.50174 -48.7 37.5633
    endloop
  endfacet
  facet normal -0.0549346 0.706991 -0.705086
    outer loop
      vertex 0.308358 -48.7 38.9338
      vertex 0.388369 -47.91 39.7197
      vertex 0.390936 -47.91 39.7195
    endloop
  endfacet
  facet normal -0.0494641 0.706915 -0.705567
    outer loop
      vertex 0.388369 -47.91 39.7197
      vertex 0.308358 -48.7 38.9338
      vertex 0.102953 -48.7 38.9482
    endloop
  endfacet
  facet normal 0.41569 0.706915 0.572252
    outer loop
      vertex -1.8162 -48.7 33.6754
      vertex -2.09346 -47.91 32.9009
      vertex -2.30257 -47.91 33.0528
    endloop
  endfacet
  facet normal -0.332172 0.706911 0.62445
    outer loop
      vertex 1.86773 -47.91 32.7599
      vertex 1.63951 -47.91 32.6385
      vertex 1.29319 -48.7 33.3486
    endloop
  endfacet
  facet normal 0.68631 0.706894 0.171112
    outer loop
      vertex -2.88554 -48.7 35.3867
      vertex -3.59574 -47.91 34.9716
      vertex -3.65827 -47.91 35.2224
    endloop
  endfacet
  facet normal 0.703454 0.706887 0.0739176
    outer loop
      vertex -2.92129 -48.7 35.5894
      vertex -3.70387 -47.91 35.4821
      vertex -2.94281 -48.7 35.7942
    endloop
  endfacet
  facet normal 0.703557 0.706873 0.0730617
    outer loop
      vertex -3.70387 -47.91 35.4821
      vertex -2.92129 -48.7 35.5894
      vertex -3.7036 -47.91 35.4795
    endloop
  endfacet
  facet normal 0.241837 0.706911 0.664674
    outer loop
      vertex -0.9116 -48.7 33.1944
      vertex -1.15814 -47.91 32.4439
      vertex -1.10509 -48.7 33.2648
    endloop
  endfacet
  facet normal 0.246579 0.706823 0.663023
    outer loop
      vertex -1.15814 -47.91 32.4439
      vertex -0.9116 -48.7 33.1944
      vertex -1.15572 -47.91 32.443
    endloop
  endfacet
  facet normal 0.703557 0.706873 -0.0730617
    outer loop
      vertex -2.92129 -48.7 36.4106
      vertex -3.70387 -47.91 36.5179
      vertex -3.7036 -47.91 36.5205
    endloop
  endfacet
  facet normal 0.703454 0.706887 -0.0739176
    outer loop
      vertex -3.70387 -47.91 36.5179
      vertex -2.92129 -48.7 36.4106
      vertex -2.94281 -48.7 36.2058
    endloop
  endfacet
  facet normal 0.696577 0.706892 0.122818
    outer loop
      vertex -2.88554 -48.7 35.3867
      vertex -3.65827 -47.91 35.2224
      vertex -3.70316 -47.91 35.477
    endloop
  endfacet
  facet normal 0.68631 0.706894 -0.171112
    outer loop
      vertex -3.59574 -47.91 37.0284
      vertex -2.88554 -48.7 36.6133
      vertex -3.65827 -47.91 36.7776
    endloop
  endfacet
  facet normal -0.703454 0.706887 0.0739176
    outer loop
      vertex 3.70387 -47.91 35.4821
      vertex 2.92129 -48.7 35.5894
      vertex 2.94281 -48.7 35.7942
    endloop
  endfacet
  facet normal -0.703557 0.706873 0.0730617
    outer loop
      vertex 2.92129 -48.7 35.5894
      vertex 3.70387 -47.91 35.4821
      vertex 3.7036 -47.91 35.4795
    endloop
  endfacet
  facet normal -0.137857 0.70668 0.693973
    outer loop
      vertex 0.90227 -47.91 32.3706
      vertex 0.713669 -48.7 33.1376
      vertex 0.904787 -47.91 32.3711
    endloop
  endfacet
  facet normal -0.147032 0.706861 0.691903
    outer loop
      vertex 0.713669 -48.7 33.1376
      vertex 0.90227 -47.91 32.3706
      vertex 0.512261 -48.7 33.0948
    endloop
  endfacet
  facet normal 0.287847 0.706899 -0.646095
    outer loop
      vertex -1.40103 -47.91 39.4677
      vertex -1.10509 -48.7 38.7352
      vertex -1.63716 -47.91 39.3625
    endloop
  endfacet
  facet normal -0.557401 0.706892 0.43544
    outer loop
      vertex 3.02414 -47.91 33.7997
      vertex 2.86501 -47.91 33.596
      vertex 2.25983 -48.7 34.1038
    endloop
  endfacet
  facet normal -0.652895 0.706729 -0.272513
    outer loop
      vertex 2.77209 -48.7 37.009
      vertex 3.51349 -47.91 37.2815
      vertex 3.51445 -47.91 37.2792
    endloop
  endfacet
  facet normal -0.655826 0.70688 -0.264976
    outer loop
      vertex 3.51349 -47.91 37.2815
      vertex 2.77209 -48.7 37.009
      vertex 2.69496 -48.7 37.1999
    endloop
  endfacet
  facet normal -0.673725 0.706835 -0.215592
    outer loop
      vertex 3.51525 -47.91 37.2767
      vertex 2.77209 -48.7 37.009
      vertex 3.51445 -47.91 37.2792
    endloop
  endfacet
  facet normal -0.67273 0.706887 -0.218508
    outer loop
      vertex 2.77209 -48.7 37.009
      vertex 3.51525 -47.91 37.2767
      vertex 2.83572 -48.7 36.8131
    endloop
  endfacet
  facet normal 0.706889 0.706893 -0.024685
    outer loop
      vertex -3.73089 -47.91 36.2609
      vertex -2.94281 -48.7 36.2058
      vertex -3.73991 -47.91 36.0026
    endloop
  endfacet
  facet normal 0.525662 0.706897 -0.47326
    outer loop
      vertex -2.69033 -47.91 38.598
      vertex -2.12205 -48.7 38.0492
      vertex -2.86328 -47.91 38.4059
    endloop
  endfacet
  facet normal -0.652895 0.706729 0.272513
    outer loop
      vertex 3.51349 -47.91 34.7185
      vertex 2.77209 -48.7 34.991
      vertex 3.51445 -47.91 34.7208
    endloop
  endfacet
  facet normal -0.655826 0.70688 0.264976
    outer loop
      vertex 2.77209 -48.7 34.991
      vertex 3.51349 -47.91 34.7185
      vertex 2.69496 -48.7 34.8001
    endloop
  endfacet
  facet normal -0.635731 0.706886 0.310093
    outer loop
      vertex 3.41666 -47.91 34.4788
      vertex 3.30335 -47.91 34.2465
      vertex 2.69496 -48.7 34.8001
    endloop
  endfacet
  facet normal 0.287842 0.706898 0.646098
    outer loop
      vertex -1.63716 -47.91 32.6375
      vertex -1.29319 -48.7 33.3486
      vertex -1.10509 -48.7 33.2648
    endloop
  endfacet
  facet normal 0.277046 0.706661 0.651057
    outer loop
      vertex -1.29319 -48.7 33.3486
      vertex -1.63716 -47.91 32.6375
      vertex -1.63951 -47.91 32.6385
    endloop
  endfacet
  facet normal 0.583291 0.706962 -0.399971
    outer loop
      vertex -2.3866 -48.7 37.734
      vertex -3.02716 -47.91 38.1962
      vertex -3.02572 -47.91 38.1983
    endloop
  endfacet
  facet normal 0.586399 0.706886 -0.395536
    outer loop
      vertex -3.02716 -47.91 38.1962
      vertex -2.3866 -48.7 37.734
      vertex -2.50174 -48.7 37.5633
    endloop
  endfacet
  facet normal 0.612603 0.706893 -0.353581
    outer loop
      vertex -3.17299 -47.91 37.9797
      vertex -2.6047 -48.7 37.3849
      vertex -3.30222 -47.91 37.7558
    endloop
  endfacet
  facet normal 0.0494641 0.706915 0.705567
    outer loop
      vertex -0.388369 -47.91 32.2803
      vertex -0.308358 -48.7 33.0662
      vertex -0.102953 -48.7 33.0518
    endloop
  endfacet
  facet normal 0.0549346 0.706991 0.705086
    outer loop
      vertex -0.308358 -48.7 33.0662
      vertex -0.388369 -47.91 32.2803
      vertex -0.390936 -47.91 32.2805
    endloop
  endfacet
  facet normal 0.0492583 0.706884 0.705612
    outer loop
      vertex -0.102953 -48.7 33.0518
      vertex -0.130524 -47.91 32.2623
      vertex -0.388369 -47.91 32.2803
    endloop
  endfacet
  facet normal -0.655836 0.706887 -0.264934
    outer loop
      vertex 3.41666 -47.91 37.5212
      vertex 3.51349 -47.91 37.2815
      vertex 2.69496 -48.7 37.1999
    endloop
  endfacet
  facet normal -0.68631 0.706894 -0.171112
    outer loop
      vertex 3.59574 -47.91 37.0284
      vertex 3.65827 -47.91 36.7776
      vertex 2.88554 -48.7 36.6133
    endloop
  endfacet
  facet normal 0.0985132 0.706893 0.700426
    outer loop
      vertex -0.512261 -48.7 33.0948
      vertex -0.393485 -47.91 32.2808
      vertex -0.649444 -47.91 32.3168
    endloop
  endfacet
  facet normal 0.0494641 0.706915 -0.705567
    outer loop
      vertex -0.308358 -48.7 38.9338
      vertex -0.388369 -47.91 39.7197
      vertex -0.102953 -48.7 38.9482
    endloop
  endfacet
  facet normal 0.0549346 0.706991 -0.705086
    outer loop
      vertex -0.388369 -47.91 39.7197
      vertex -0.308358 -48.7 38.9338
      vertex -0.390936 -47.91 39.7195
    endloop
  endfacet
  facet normal -0.454724 0.706913 0.541756
    outer loop
      vertex 2.50058 -47.91 33.219
      vertex 2.30257 -47.91 33.0528
      vertex 1.8162 -48.7 33.6754
    endloop
  endfacet
  facet normal -0.374888 0.706877 -0.59982
    outer loop
      vertex 1.87218 -47.91 39.2376
      vertex 2.09138 -47.91 39.1006
      vertex 1.64962 -48.7 38.4457
    endloop
  endfacet
  facet normal -0.277046 0.706661 -0.651057
    outer loop
      vertex 1.29319 -48.7 38.6514
      vertex 1.63716 -47.91 39.3625
      vertex 1.63951 -47.91 39.3615
    endloop
  endfacet
  facet normal -0.287842 0.706898 -0.646098
    outer loop
      vertex 1.63716 -47.91 39.3625
      vertex 1.29319 -48.7 38.6514
      vertex 1.10509 -48.7 38.7352
    endloop
  endfacet
  facet normal 0.67273 0.706887 0.218508
    outer loop
      vertex -2.77209 -48.7 34.991
      vertex -3.51525 -47.91 34.7233
      vertex -2.83572 -48.7 35.1869
    endloop
  endfacet
  facet normal 0.673725 0.706835 0.215592
    outer loop
      vertex -3.51525 -47.91 34.7233
      vertex -2.77209 -48.7 34.991
      vertex -3.51445 -47.91 34.7208
    endloop
  endfacet
  facet normal -0.194845 0.706917 -0.679929
    outer loop
      vertex 1.15572 -47.91 39.557
      vertex 0.9116 -48.7 38.8056
      vertex 0.907261 -47.91 39.6282
    endloop
  endfacet
  facet normal -0.147218 0.706889 -0.691834
    outer loop
      vertex 0.649444 -47.91 39.6832
      vertex 0.90227 -47.91 39.6294
      vertex 0.512261 -48.7 38.9052
    endloop
  endfacet
  facet normal -0.0985132 0.706893 -0.700426
    outer loop
      vertex 0.649444 -47.91 39.6832
      vertex 0.512261 -48.7 38.9052
      vertex 0.393485 -47.91 39.7192
    endloop
  endfacet
  facet normal -0.696577 0.706892 -0.122818
    outer loop
      vertex 3.65827 -47.91 36.7776
      vertex 3.70316 -47.91 36.523
      vertex 2.88554 -48.7 36.6133
    endloop
  endfacet
  facet normal 0.413712 0.706918 -0.573681
    outer loop
      vertex -1.64962 -48.7 38.4457
      vertex -2.09346 -47.91 39.0991
      vertex -2.09138 -47.91 39.1006
    endloop
  endfacet
  facet normal 0.415925 0.706877 -0.572129
    outer loop
      vertex -2.09346 -47.91 39.0991
      vertex -1.64962 -48.7 38.4457
      vertex -1.8162 -48.7 38.3246
    endloop
  endfacet
  facet normal -0.277046 0.706661 0.651057
    outer loop
      vertex 1.63716 -47.91 32.6375
      vertex 1.29319 -48.7 33.3486
      vertex 1.63951 -47.91 32.6385
    endloop
  endfacet
  facet normal -0.287842 0.706898 0.646098
    outer loop
      vertex 1.29319 -48.7 33.3486
      vertex 1.63716 -47.91 32.6375
      vertex 1.10509 -48.7 33.2648
    endloop
  endfacet
  facet normal -0.41569 0.706915 -0.572252
    outer loop
      vertex 2.09346 -47.91 39.0991
      vertex 2.30257 -47.91 38.9472
      vertex 1.8162 -48.7 38.3246
    endloop
  endfacet
  facet normal 0.415925 0.706877 0.572129
    outer loop
      vertex -1.64962 -48.7 33.5543
      vertex -2.09346 -47.91 32.9009
      vertex -1.8162 -48.7 33.6754
    endloop
  endfacet
  facet normal 0.413712 0.706918 0.573681
    outer loop
      vertex -2.09346 -47.91 32.9009
      vertex -1.64962 -48.7 33.5543
      vertex -2.09138 -47.91 32.8994
    endloop
  endfacet
  facet normal -0.491411 0.7069 0.508731
    outer loop
      vertex 2.69033 -47.91 33.402
      vertex 2.5044 -47.91 33.2224
      vertex 2.12205 -48.7 33.9508
    endloop
  endfacet
  facet normal -0.583291 0.706962 -0.399971
    outer loop
      vertex 3.02716 -47.91 38.1962
      vertex 2.3866 -48.7 37.734
      vertex 3.02572 -47.91 38.1983
    endloop
  endfacet
  facet normal -0.586399 0.706886 -0.395536
    outer loop
      vertex 2.3866 -48.7 37.734
      vertex 3.02716 -47.91 38.1962
      vertex 2.50174 -48.7 37.5633
    endloop
  endfacet
  facet normal -0.555091 0.706804 -0.438522
    outer loop
      vertex 2.3866 -48.7 37.734
      vertex 3.02414 -47.91 38.2003
      vertex 3.02572 -47.91 38.1983
    endloop
  endfacet
  facet normal -0.55732 0.706868 -0.435582
    outer loop
      vertex 3.02414 -47.91 38.2003
      vertex 2.3866 -48.7 37.734
      vertex 2.25983 -48.7 37.8962
    endloop
  endfacet
  facet normal 0.703444 0.706893 -0.0739574
    outer loop
      vertex -3.70387 -47.91 36.5179
      vertex -2.94281 -48.7 36.2058
      vertex -3.73089 -47.91 36.2609
    endloop
  endfacet
  facet normal 0.454548 0.706875 0.541953
    outer loop
      vertex -2.50058 -47.91 33.219
      vertex -1.97394 -48.7 33.8077
      vertex -1.8162 -48.7 33.6754
    endloop
  endfacet
  facet normal 0.446077 0.706653 0.549233
    outer loop
      vertex -1.97394 -48.7 33.8077
      vertex -2.50058 -47.91 33.219
      vertex -2.50255 -47.91 33.2206
    endloop
  endfacet
  facet normal 0.147032 0.706861 0.691903
    outer loop
      vertex -0.90227 -47.91 32.3706
      vertex -0.713669 -48.7 33.1376
      vertex -0.512261 -48.7 33.0948
    endloop
  endfacet
  facet normal 0.137857 0.70668 0.693973
    outer loop
      vertex -0.713669 -48.7 33.1376
      vertex -0.90227 -47.91 32.3706
      vertex -0.904787 -47.91 32.3711
    endloop
  endfacet
  facet normal 0.287842 0.706898 -0.646098
    outer loop
      vertex -1.29319 -48.7 38.6514
      vertex -1.63716 -47.91 39.3625
      vertex -1.10509 -48.7 38.7352
    endloop
  endfacet
  facet normal 0.277046 0.706661 -0.651057
    outer loop
      vertex -1.63716 -47.91 39.3625
      vertex -1.29319 -48.7 38.6514
      vertex -1.63951 -47.91 39.3615
    endloop
  endfacet
  facet normal 0.635731 0.706886 -0.310093
    outer loop
      vertex -3.30335 -47.91 37.7535
      vertex -2.69496 -48.7 37.1999
      vertex -3.41666 -47.91 37.5212
    endloop
  endfacet
  facet normal -0.0549346 0.706991 0.705086
    outer loop
      vertex 0.388369 -47.91 32.2803
      vertex 0.308358 -48.7 33.0662
      vertex 0.390936 -47.91 32.2805
    endloop
  endfacet
  facet normal -0.0494641 0.706915 0.705567
    outer loop
      vertex 0.308358 -48.7 33.0662
      vertex 0.388369 -47.91 32.2803
      vertex 0.102953 -48.7 33.0518
    endloop
  endfacet
  facet normal 0.491477 0.706888 0.508684
    outer loop
      vertex -1.97394 -48.7 33.8077
      vertex -2.5044 -47.91 33.2224
      vertex -2.12205 -48.7 33.9508
    endloop
  endfacet
  facet normal 0.493286 0.706846 0.506988
    outer loop
      vertex -2.5044 -47.91 33.2224
      vertex -1.97394 -48.7 33.8077
      vertex -2.50255 -47.91 33.2206
    endloop
  endfacet
  facet normal 0.696616 0.706891 0.122604
    outer loop
      vertex -2.92129 -48.7 35.5894
      vertex -3.70316 -47.91 35.477
      vertex -3.7036 -47.91 35.4795
    endloop
  endfacet
  facet normal 0.696576 0.706887 0.122854
    outer loop
      vertex -3.70316 -47.91 35.477
      vertex -2.92129 -48.7 35.5894
      vertex -2.88554 -48.7 35.3867
    endloop
  endfacet
  facet normal 0.612619 0.70689 0.353561
    outer loop
      vertex -2.50174 -48.7 34.4367
      vertex -3.17299 -47.91 34.0203
      vertex -2.6047 -48.7 34.6151
    endloop
  endfacet
  facet normal 0.610105 0.706959 0.357744
    outer loop
      vertex -3.17299 -47.91 34.0203
      vertex -2.50174 -48.7 34.4367
      vertex -3.1717 -47.91 34.0181
    endloop
  endfacet
  facet normal 0.706891 0.706891 -0.0246965
    outer loop
      vertex -2.95 -48.7 36
      vertex -3.73991 -47.91 36.0026
      vertex -2.94281 -48.7 36.2058
    endloop
  endfacet
  facet normal 0.706895 0.706895 -0.0244694
    outer loop
      vertex -3.73991 -47.91 36.0026
      vertex -2.95 -48.7 36
      vertex -3.74 -47.91 36
    endloop
  endfacet
  facet normal 0.491411 0.7069 0.508731
    outer loop
      vertex -2.12205 -48.7 33.9508
      vertex -2.5044 -47.91 33.2224
      vertex -2.69033 -47.91 33.402
    endloop
  endfacet
  facet normal -0.525662 0.706897 0.47326
    outer loop
      vertex 2.86328 -47.91 33.5941
      vertex 2.69033 -47.91 33.402
      vertex 2.12205 -48.7 33.9508
    endloop
  endfacet
  facet normal -0.635693 0.706896 0.310149
    outer loop
      vertex 3.30335 -47.91 34.2465
      vertex 2.6047 -48.7 34.6151
      vertex 2.69496 -48.7 34.8001
    endloop
  endfacet
  facet normal -0.63481 0.706925 0.311885
    outer loop
      vertex 2.6047 -48.7 34.6151
      vertex 3.30335 -47.91 34.2465
      vertex 3.30222 -47.91 34.2442
    endloop
  endfacet
  facet normal 0.686534 0.706882 -0.17026
    outer loop
      vertex -2.83572 -48.7 36.8131
      vertex -3.59574 -47.91 37.0284
      vertex -3.59512 -47.91 37.0309
    endloop
  endfacet
  facet normal 0.686303 0.706897 -0.171129
    outer loop
      vertex -3.59574 -47.91 37.0284
      vertex -2.83572 -48.7 36.8131
      vertex -2.88554 -48.7 36.6133
    endloop
  endfacet
  facet normal -0.0492583 0.706884 0.705612
    outer loop
      vertex 0.388369 -47.91 32.2803
      vertex 0.130524 -47.91 32.2623
      vertex 0.102953 -48.7 33.0518
    endloop
  endfacet
  facet normal 0.696576 0.706887 -0.122854
    outer loop
      vertex -2.92129 -48.7 36.4106
      vertex -3.70316 -47.91 36.523
      vertex -2.88554 -48.7 36.6133
    endloop
  endfacet
  facet normal 0.696616 0.706891 -0.122604
    outer loop
      vertex -3.70316 -47.91 36.523
      vertex -2.92129 -48.7 36.4106
      vertex -3.7036 -47.91 36.5205
    endloop
  endfacet
  facet normal -0.241837 0.706911 0.664674
    outer loop
      vertex 1.15814 -47.91 32.4439
      vertex 0.9116 -48.7 33.1944
      vertex 1.10509 -48.7 33.2648
    endloop
  endfacet
  facet normal -0.246579 0.706823 0.663023
    outer loop
      vertex 0.9116 -48.7 33.1944
      vertex 1.15814 -47.91 32.4439
      vertex 1.15572 -47.91 32.443
    endloop
  endfacet
  facet normal -0.194845 0.706917 0.679929
    outer loop
      vertex 0.9116 -48.7 33.1944
      vertex 1.15572 -47.91 32.443
      vertex 0.907261 -47.91 32.3718
    endloop
  endfacet
  facet normal -0.586399 0.706886 0.395536
    outer loop
      vertex 3.02716 -47.91 33.8038
      vertex 2.3866 -48.7 34.266
      vertex 2.50174 -48.7 34.4367
    endloop
  endfacet
  facet normal -0.583291 0.706962 0.399971
    outer loop
      vertex 2.3866 -48.7 34.266
      vertex 3.02716 -47.91 33.8038
      vertex 3.02572 -47.91 33.8017
    endloop
  endfacet
  facet normal -0.137857 0.70668 -0.693973
    outer loop
      vertex 0.713669 -48.7 38.8624
      vertex 0.90227 -47.91 39.6294
      vertex 0.904787 -47.91 39.6289
    endloop
  endfacet
  facet normal -0.147032 0.706861 -0.691903
    outer loop
      vertex 0.90227 -47.91 39.6294
      vertex 0.713669 -48.7 38.8624
      vertex 0.512261 -48.7 38.9052
    endloop
  endfacet
  facet normal 0.63481 0.706925 -0.311885
    outer loop
      vertex -2.6047 -48.7 37.3849
      vertex -3.30335 -47.91 37.7535
      vertex -3.30222 -47.91 37.7558
    endloop
  endfacet
  facet normal 0.635693 0.706896 -0.310149
    outer loop
      vertex -3.30335 -47.91 37.7535
      vertex -2.6047 -48.7 37.3849
      vertex -2.69496 -48.7 37.1999
    endloop
  endfacet
  facet normal 0.557401 0.706892 -0.43544
    outer loop
      vertex -2.86501 -47.91 38.404
      vertex -2.25983 -48.7 37.8962
      vertex -3.02414 -47.91 38.2003
    endloop
  endfacet
  facet normal -0.147218 0.706889 0.691834
    outer loop
      vertex 0.90227 -47.91 32.3706
      vertex 0.649444 -47.91 32.3168
      vertex 0.512261 -48.7 33.0948
    endloop
  endfacet
  facet normal -0.446077 0.706653 0.549233
    outer loop
      vertex 2.50058 -47.91 33.219
      vertex 1.97394 -48.7 33.8077
      vertex 2.50255 -47.91 33.2206
    endloop
  endfacet
  facet normal -0.454548 0.706875 0.541953
    outer loop
      vertex 1.97394 -48.7 33.8077
      vertex 2.50058 -47.91 33.219
      vertex 1.8162 -48.7 33.6754
    endloop
  endfacet
  facet normal -0.491477 0.706888 0.508684
    outer loop
      vertex 2.5044 -47.91 33.2224
      vertex 1.97394 -48.7 33.8077
      vertex 2.12205 -48.7 33.9508
    endloop
  endfacet
  facet normal -0.493286 0.706846 0.506988
    outer loop
      vertex 1.97394 -48.7 33.8077
      vertex 2.5044 -47.91 33.2224
      vertex 2.50255 -47.91 33.2206
    endloop
  endfacet
  facet normal -0.41569 0.706915 0.572252
    outer loop
      vertex 2.30257 -47.91 33.0528
      vertex 2.09346 -47.91 32.9009
      vertex 1.8162 -48.7 33.6754
    endloop
  endfacet
  facet normal -0.374888 0.706877 0.59982
    outer loop
      vertex 2.09138 -47.91 32.8994
      vertex 1.87218 -47.91 32.7624
      vertex 1.64962 -48.7 33.5543
    endloop
  endfacet
  facet normal -0.586412 0.706883 0.395521
    outer loop
      vertex 3.1717 -47.91 34.0181
      vertex 3.02716 -47.91 33.8038
      vertex 2.50174 -48.7 34.4367
    endloop
  endfacet
  facet normal -0.362193 0.707048 -0.60737
    outer loop
      vertex 1.87218 -47.91 39.2376
      vertex 1.475 -48.7 38.5548
      vertex 1.87 -47.91 39.2389
    endloop
  endfacet
  facet normal -0.374787 0.706893 -0.599865
    outer loop
      vertex 1.475 -48.7 38.5548
      vertex 1.87218 -47.91 39.2376
      vertex 1.64962 -48.7 38.4457
    endloop
  endfacet
  facet normal 0.0985132 0.706893 -0.700426
    outer loop
      vertex -0.393485 -47.91 39.7192
      vertex -0.512261 -48.7 38.9052
      vertex -0.649444 -47.91 39.6832
    endloop
  endfacet
  facet normal 0.374888 0.706877 -0.59982
    outer loop
      vertex -1.87218 -47.91 39.2376
      vertex -1.64962 -48.7 38.4457
      vertex -2.09138 -47.91 39.1006
    endloop
  endfacet
  facet normal -0.555091 0.706804 0.438522
    outer loop
      vertex 3.02414 -47.91 33.7997
      vertex 2.3866 -48.7 34.266
      vertex 3.02572 -47.91 33.8017
    endloop
  endfacet
  facet normal -0.55732 0.706868 0.435582
    outer loop
      vertex 2.3866 -48.7 34.266
      vertex 3.02414 -47.91 33.7997
      vertex 2.25983 -48.7 34.1038
    endloop
  endfacet
  facet normal -0.413712 0.706918 -0.573681
    outer loop
      vertex 2.09346 -47.91 39.0991
      vertex 1.64962 -48.7 38.4457
      vertex 2.09138 -47.91 39.1006
    endloop
  endfacet
  facet normal -0.415925 0.706877 -0.572129
    outer loop
      vertex 1.64962 -48.7 38.4457
      vertex 2.09346 -47.91 39.0991
      vertex 1.8162 -48.7 38.3246
    endloop
  endfacet
  facet normal 0.491411 0.7069 -0.508731
    outer loop
      vertex -2.5044 -47.91 38.7776
      vertex -2.12205 -48.7 38.0492
      vertex -2.69033 -47.91 38.598
    endloop
  endfacet
  facet normal -0.330593 0.706837 -0.625372
    outer loop
      vertex 1.475 -48.7 38.5548
      vertex 1.86773 -47.91 39.2401
      vertex 1.87 -47.91 39.2389
    endloop
  endfacet
  facet normal -0.331894 0.706861 -0.624655
    outer loop
      vertex 1.86773 -47.91 39.2401
      vertex 1.475 -48.7 38.5548
      vertex 1.29319 -48.7 38.6514
    endloop
  endfacet
  facet normal -0.332172 0.706911 -0.62445
    outer loop
      vertex 1.63951 -47.91 39.3615
      vertex 1.86773 -47.91 39.2401
      vertex 1.29319 -48.7 38.6514
    endloop
  endfacet
  facet normal -0.63481 0.706925 -0.311885
    outer loop
      vertex 3.30335 -47.91 37.7535
      vertex 2.6047 -48.7 37.3849
      vertex 3.30222 -47.91 37.7558
    endloop
  endfacet
  facet normal -0.635693 0.706896 -0.310149
    outer loop
      vertex 2.6047 -48.7 37.3849
      vertex 3.30335 -47.91 37.7535
      vertex 2.69496 -48.7 37.1999
    endloop
  endfacet
  facet normal 0.147218 0.706889 -0.691834
    outer loop
      vertex -0.649444 -47.91 39.6832
      vertex -0.512261 -48.7 38.9052
      vertex -0.90227 -47.91 39.6294
    endloop
  endfacet
  facet normal 0.655826 0.70688 0.264976
    outer loop
      vertex -3.51349 -47.91 34.7185
      vertex -2.77209 -48.7 34.991
      vertex -2.69496 -48.7 34.8001
    endloop
  endfacet
  facet normal 0.652895 0.706729 0.272513
    outer loop
      vertex -2.77209 -48.7 34.991
      vertex -3.51349 -47.91 34.7185
      vertex -3.51445 -47.91 34.7208
    endloop
  endfacet
  facet normal 0.454548 0.706875 -0.541953
    outer loop
      vertex -1.97394 -48.7 38.1923
      vertex -2.50058 -47.91 38.781
      vertex -1.8162 -48.7 38.3246
    endloop
  endfacet
  facet normal 0.446077 0.706653 -0.549233
    outer loop
      vertex -2.50058 -47.91 38.781
      vertex -1.97394 -48.7 38.1923
      vertex -2.50255 -47.91 38.7794
    endloop
  endfacet
  facet normal 0.194845 0.706917 -0.679929
    outer loop
      vertex -0.907261 -47.91 39.6282
      vertex -0.9116 -48.7 38.8056
      vertex -1.15572 -47.91 39.557
    endloop
  endfacet
  facet normal 0.192564 0.706918 -0.680578
    outer loop
      vertex -0.713669 -48.7 38.8624
      vertex -0.907261 -47.91 39.6282
      vertex -0.904787 -47.91 39.6289
    endloop
  endfacet
  facet normal 0.195108 0.706879 -0.679894
    outer loop
      vertex -0.907261 -47.91 39.6282
      vertex -0.713669 -48.7 38.8624
      vertex -0.9116 -48.7 38.8056
    endloop
  endfacet
  facet normal 0.454724 0.706913 -0.541756
    outer loop
      vertex -2.30257 -47.91 38.9472
      vertex -1.8162 -48.7 38.3246
      vertex -2.50058 -47.91 38.781
    endloop
  endfacet
  facet normal 0.525616 0.706885 -0.47333
    outer loop
      vertex -2.25983 -48.7 37.8962
      vertex -2.86328 -47.91 38.4059
      vertex -2.12205 -48.7 38.0492
    endloop
  endfacet
  facet normal 0.523056 0.706818 -0.476257
    outer loop
      vertex -2.86328 -47.91 38.4059
      vertex -2.25983 -48.7 37.8962
      vertex -2.86501 -47.91 38.404
    endloop
  endfacet
  facet normal 0.082653 0.707092 -0.702275
    outer loop
      vertex -0.308358 -48.7 38.9338
      vertex -0.393485 -47.91 39.7192
      vertex -0.390936 -47.91 39.7195
    endloop
  endfacet
  facet normal 0.0982435 0.706932 -0.700425
    outer loop
      vertex -0.393485 -47.91 39.7192
      vertex -0.308358 -48.7 38.9338
      vertex -0.512261 -48.7 38.9052
    endloop
  endfacet
  facet normal 0.362193 0.707048 -0.60737
    outer loop
      vertex -1.475 -48.7 38.5548
      vertex -1.87218 -47.91 39.2376
      vertex -1.87 -47.91 39.2389
    endloop
  endfacet
  facet normal 0.374787 0.706893 -0.599865
    outer loop
      vertex -1.87218 -47.91 39.2376
      vertex -1.475 -48.7 38.5548
      vertex -1.64962 -48.7 38.4457
    endloop
  endfacet
  facet normal -0.703557 0.706873 -0.0730617
    outer loop
      vertex 3.70387 -47.91 36.5179
      vertex 2.92129 -48.7 36.4106
      vertex 3.7036 -47.91 36.5205
    endloop
  endfacet
  facet normal -0.703454 0.706887 -0.0739176
    outer loop
      vertex 2.92129 -48.7 36.4106
      vertex 3.70387 -47.91 36.5179
      vertex 2.94281 -48.7 36.2058
    endloop
  endfacet
  facet normal 0.586412 0.706883 0.395521
    outer loop
      vertex -2.50174 -48.7 34.4367
      vertex -3.02716 -47.91 33.8038
      vertex -3.1717 -47.91 34.0181
    endloop
  endfacet
  facet normal 0.673725 0.706835 -0.215592
    outer loop
      vertex -2.77209 -48.7 37.009
      vertex -3.51525 -47.91 37.2767
      vertex -3.51445 -47.91 37.2792
    endloop
  endfacet
  facet normal 0.67273 0.706887 -0.218508
    outer loop
      vertex -3.51525 -47.91 37.2767
      vertex -2.77209 -48.7 37.009
      vertex -2.83572 -48.7 36.8131
    endloop
  endfacet
  facet normal 0.696577 0.706892 -0.122818
    outer loop
      vertex -3.65827 -47.91 36.7776
      vertex -2.88554 -48.7 36.6133
      vertex -3.70316 -47.91 36.523
    endloop
  endfacet
  facet normal 0.55732 0.706868 -0.435582
    outer loop
      vertex -2.3866 -48.7 37.734
      vertex -3.02414 -47.91 38.2003
      vertex -2.25983 -48.7 37.8962
    endloop
  endfacet
  facet normal 0.555091 0.706804 -0.438522
    outer loop
      vertex -3.02414 -47.91 38.2003
      vertex -2.3866 -48.7 37.734
      vertex -3.02572 -47.91 38.1983
    endloop
  endfacet
  facet normal 0.610105 0.706959 -0.357744
    outer loop
      vertex -2.50174 -48.7 37.5633
      vertex -3.17299 -47.91 37.9797
      vertex -3.1717 -47.91 37.9819
    endloop
  endfacet
  facet normal 0.612619 0.70689 -0.353561
    outer loop
      vertex -3.17299 -47.91 37.9797
      vertex -2.50174 -48.7 37.5633
      vertex -2.6047 -48.7 37.3849
    endloop
  endfacet
  facet normal 0.55732 0.706868 0.435582
    outer loop
      vertex -3.02414 -47.91 33.7997
      vertex -2.3866 -48.7 34.266
      vertex -2.25983 -48.7 34.1038
    endloop
  endfacet
  facet normal 0.555091 0.706804 0.438522
    outer loop
      vertex -2.3866 -48.7 34.266
      vertex -3.02414 -47.91 33.7997
      vertex -3.02572 -47.91 33.8017
    endloop
  endfacet
  facet normal -0.696616 0.706891 -0.122604
    outer loop
      vertex 2.92129 -48.7 36.4106
      vertex 3.70316 -47.91 36.523
      vertex 3.7036 -47.91 36.5205
    endloop
  endfacet
  facet normal -0.696576 0.706887 -0.122854
    outer loop
      vertex 3.70316 -47.91 36.523
      vertex 2.92129 -48.7 36.4106
      vertex 2.88554 -48.7 36.6133
    endloop
  endfacet
  facet normal 0.586412 0.706883 -0.395521
    outer loop
      vertex -3.02716 -47.91 38.1962
      vertex -2.50174 -48.7 37.5633
      vertex -3.1717 -47.91 37.9819
    endloop
  endfacet
  facet normal -0.207862 0 0.978158
    outer loop
      vertex 0.512261 -48.7 33.0948
      vertex 0.713669 -52.2 33.1376
      vertex 0.713669 -48.7 33.1376
    endloop
  endfacet
  facet normal -0.207862 0 0.978158
    outer loop
      vertex 0.713669 -52.2 33.1376
      vertex 0.512261 -48.7 33.0948
      vertex 0.512261 -52.2 33.0948
    endloop
  endfacet
  facet normal 0.927182 0 -0.374612
    outer loop
      vertex -2.69496 -52.2 37.1999
      vertex -2.77209 -48.7 37.009
      vertex -2.69496 -48.7 37.1999
    endloop
  endfacet
  facet normal 0.927182 0 -0.374612
    outer loop
      vertex -2.77209 -48.7 37.009
      vertex -2.69496 -52.2 37.1999
      vertex -2.77209 -52.2 37.009
    endloop
  endfacet
  facet normal 0.138903 0 -0.990306
    outer loop
      vertex -0.512261 -52.2 38.9052
      vertex -0.308358 -48.7 38.9338
      vertex -0.308358 -52.2 38.9338
    endloop
  endfacet
  facet normal 0.138903 0 -0.990306
    outer loop
      vertex -0.308358 -48.7 38.9338
      vertex -0.512261 -52.2 38.9052
      vertex -0.512261 -48.7 38.9052
    endloop
  endfacet
  facet normal -0.951088 0 0.308921
    outer loop
      vertex 2.77209 -52.2 34.991
      vertex 2.83572 -48.7 35.1869
      vertex 2.77209 -48.7 34.991
    endloop
  endfacet
  facet normal -0.951088 0 0.308921
    outer loop
      vertex 2.83572 -48.7 35.1869
      vertex 2.77209 -52.2 34.991
      vertex 2.83572 -52.2 35.1869
    endloop
  endfacet
  facet normal -0.984801 0 -0.173688
    outer loop
      vertex 2.92129 -52.2 36.4106
      vertex 2.88554 -48.7 36.6133
      vertex 2.92129 -48.7 36.4106
    endloop
  endfacet
  facet normal -0.984801 -0 -0.173688
    outer loop
      vertex 2.88554 -48.7 36.6133
      vertex 2.92129 -52.2 36.4106
      vertex 2.88554 -52.2 36.6133
    endloop
  endfacet
  facet normal -0.99939 0 -0.0349155
    outer loop
      vertex 2.95 -52.2 36
      vertex 2.94281 -48.7 36.2058
      vertex 2.95 -48.7 36
    endloop
  endfacet
  facet normal -0.99939 -0 -0.0349155
    outer loop
      vertex 2.94281 -48.7 36.2058
      vertex 2.95 -52.2 36
      vertex 2.94281 -52.2 36.2058
    endloop
  endfacet
  facet normal 0.787904 -0 0.615799
    outer loop
      vertex -2.3866 -52.2 34.266
      vertex -2.25983 -48.7 34.1038
      vertex -2.3866 -48.7 34.266
    endloop
  endfacet
  facet normal 0.787904 0 0.615799
    outer loop
      vertex -2.25983 -48.7 34.1038
      vertex -2.3866 -52.2 34.266
      vertex -2.25983 -52.2 34.1038
    endloop
  endfacet
  facet normal -0.406949 0 0.913451
    outer loop
      vertex 1.10509 -48.7 33.2648
      vertex 1.29319 -52.2 33.3486
      vertex 1.29319 -48.7 33.3486
    endloop
  endfacet
  facet normal -0.406949 0 0.913451
    outer loop
      vertex 1.29319 -52.2 33.3486
      vertex 1.10509 -48.7 33.2648
      vertex 1.10509 -52.2 33.2648
    endloop
  endfacet
  facet normal -0.743101 0 0.669179
    outer loop
      vertex 2.12205 -52.2 33.9508
      vertex 2.25983 -48.7 34.1038
      vertex 2.12205 -48.7 33.9508
    endloop
  endfacet
  facet normal -0.743101 0 0.669179
    outer loop
      vertex 2.25983 -48.7 34.1038
      vertex 2.12205 -52.2 33.9508
      vertex 2.25983 -52.2 34.1038
    endloop
  endfacet
  facet normal -0.743101 0 -0.669179
    outer loop
      vertex 2.25983 -52.2 37.8962
      vertex 2.12205 -48.7 38.0492
      vertex 2.25983 -48.7 37.8962
    endloop
  endfacet
  facet normal -0.743101 -0 -0.669179
    outer loop
      vertex 2.12205 -48.7 38.0492
      vertex 2.25983 -52.2 37.8962
      vertex 2.12205 -52.2 38.0492
    endloop
  endfacet
  facet normal 0.927182 -0 0.374612
    outer loop
      vertex -2.77209 -52.2 34.991
      vertex -2.69496 -48.7 34.8001
      vertex -2.77209 -48.7 34.991
    endloop
  endfacet
  facet normal 0.927182 0 0.374612
    outer loop
      vertex -2.69496 -48.7 34.8001
      vertex -2.77209 -52.2 34.991
      vertex -2.69496 -52.2 34.8001
    endloop
  endfacet
  facet normal -0.898738 0 0.438487
    outer loop
      vertex 2.6047 -52.2 34.6151
      vertex 2.69496 -48.7 34.8001
      vertex 2.6047 -48.7 34.6151
    endloop
  endfacet
  facet normal -0.898738 0 0.438487
    outer loop
      vertex 2.69496 -48.7 34.8001
      vertex 2.6047 -52.2 34.6151
      vertex 2.69496 -52.2 34.8001
    endloop
  endfacet
  facet normal -0.866108 0 0.499857
    outer loop
      vertex 2.50174 -52.2 34.4367
      vertex 2.6047 -48.7 34.6151
      vertex 2.50174 -48.7 34.4367
    endloop
  endfacet
  facet normal -0.866108 0 0.499857
    outer loop
      vertex 2.6047 -48.7 34.6151
      vertex 2.50174 -52.2 34.4367
      vertex 2.6047 -52.2 34.6151
    endloop
  endfacet
  facet normal 0.99939 -0 0.0349155
    outer loop
      vertex -2.95 -52.2 36
      vertex -2.94281 -48.7 35.7942
      vertex -2.95 -48.7 36
    endloop
  endfacet
  facet normal 0.99939 0 0.0349155
    outer loop
      vertex -2.94281 -48.7 35.7942
      vertex -2.95 -52.2 36
      vertex -2.94281 -52.2 35.7942
    endloop
  endfacet
  facet normal -0.951088 0 -0.308921
    outer loop
      vertex 2.83572 -52.2 36.8131
      vertex 2.77209 -48.7 37.009
      vertex 2.83572 -48.7 36.8131
    endloop
  endfacet
  facet normal -0.951088 -0 -0.308921
    outer loop
      vertex 2.77209 -48.7 37.009
      vertex 2.83572 -52.2 36.8131
      vertex 2.77209 -52.2 37.009
    endloop
  endfacet
  facet normal 0.529868 0 -0.84808
    outer loop
      vertex -1.64962 -52.2 38.4457
      vertex -1.475 -48.7 38.5548
      vertex -1.475 -52.2 38.5548
    endloop
  endfacet
  facet normal 0.529868 0 -0.84808
    outer loop
      vertex -1.475 -48.7 38.5548
      vertex -1.64962 -52.2 38.4457
      vertex -1.64962 -48.7 38.4457
    endloop
  endfacet
  facet normal 0.951088 -0 0.308921
    outer loop
      vertex -2.83572 -52.2 35.1869
      vertex -2.77209 -48.7 34.991
      vertex -2.83572 -48.7 35.1869
    endloop
  endfacet
  facet normal 0.951088 0 0.308921
    outer loop
      vertex -2.77209 -48.7 34.991
      vertex -2.83572 -52.2 35.1869
      vertex -2.77209 -52.2 34.991
    endloop
  endfacet
  facet normal 0.829034 0 -0.559198
    outer loop
      vertex -2.3866 -52.2 37.734
      vertex -2.50174 -48.7 37.5633
      vertex -2.3866 -48.7 37.734
    endloop
  endfacet
  facet normal 0.829034 0 -0.559198
    outer loop
      vertex -2.50174 -48.7 37.5633
      vertex -2.3866 -52.2 37.734
      vertex -2.50174 -52.2 37.5633
    endloop
  endfacet
  facet normal 0.588016 0 0.808849
    outer loop
      vertex -1.8162 -48.7 33.6754
      vertex -1.64962 -52.2 33.5543
      vertex -1.64962 -48.7 33.5543
    endloop
  endfacet
  facet normal 0.588016 0 0.808849
    outer loop
      vertex -1.64962 -52.2 33.5543
      vertex -1.8162 -48.7 33.6754
      vertex -1.8162 -52.2 33.6754
    endloop
  endfacet
  facet normal -0.970291 0 -0.241941
    outer loop
      vertex 2.88554 -52.2 36.6133
      vertex 2.83572 -48.7 36.8131
      vertex 2.88554 -48.7 36.6133
    endloop
  endfacet
  facet normal -0.970291 -0 -0.241941
    outer loop
      vertex 2.83572 -48.7 36.8131
      vertex 2.88554 -52.2 36.6133
      vertex 2.83572 -52.2 36.8131
    endloop
  endfacet
  facet normal 0.341915 0 -0.939731
    outer loop
      vertex -1.10509 -52.2 38.7352
      vertex -0.9116 -48.7 38.8056
      vertex -0.9116 -52.2 38.8056
    endloop
  endfacet
  facet normal 0.341915 0 -0.939731
    outer loop
      vertex -0.9116 -48.7 38.8056
      vertex -1.10509 -52.2 38.7352
      vertex -1.10509 -48.7 38.7352
    endloop
  endfacet
  facet normal -0.694839 0 -0.719165
    outer loop
      vertex 1.97394 -52.2 38.1923
      vertex 2.12205 -48.7 38.0492
      vertex 2.12205 -52.2 38.0492
    endloop
  endfacet
  facet normal -0.694839 0 -0.719165
    outer loop
      vertex 2.12205 -48.7 38.0492
      vertex 1.97394 -52.2 38.1923
      vertex 1.97394 -48.7 38.1923
    endloop
  endfacet
  facet normal -0.927182 0 -0.374612
    outer loop
      vertex 2.77209 -52.2 37.009
      vertex 2.69496 -48.7 37.1999
      vertex 2.77209 -48.7 37.009
    endloop
  endfacet
  facet normal -0.927182 -0 -0.374612
    outer loop
      vertex 2.69496 -48.7 37.1999
      vertex 2.77209 -52.2 37.009
      vertex 2.69496 -52.2 37.1999
    endloop
  endfacet
  facet normal 0.743101 -0 0.669179
    outer loop
      vertex -2.25983 -52.2 34.1038
      vertex -2.12205 -48.7 33.9508
      vertex -2.25983 -48.7 34.1038
    endloop
  endfacet
  facet normal 0.743101 0 0.669179
    outer loop
      vertex -2.12205 -48.7 33.9508
      vertex -2.25983 -52.2 34.1038
      vertex -2.12205 -52.2 33.9508
    endloop
  endfacet
  facet normal -0.927182 0 0.374612
    outer loop
      vertex 2.69496 -52.2 34.8001
      vertex 2.77209 -48.7 34.991
      vertex 2.69496 -48.7 34.8001
    endloop
  endfacet
  facet normal -0.927182 0 0.374612
    outer loop
      vertex 2.77209 -48.7 34.991
      vertex 2.69496 -52.2 34.8001
      vertex 2.77209 -52.2 34.991
    endloop
  endfacet
  facet normal -0.970291 0 0.241941
    outer loop
      vertex 2.83572 -52.2 35.1869
      vertex 2.88554 -48.7 35.3867
      vertex 2.83572 -48.7 35.1869
    endloop
  endfacet
  facet normal -0.970291 0 0.241941
    outer loop
      vertex 2.88554 -48.7 35.3867
      vertex 2.83572 -52.2 35.1869
      vertex 2.88554 -52.2 35.3867
    endloop
  endfacet
  facet normal 0.469206 0 0.883089
    outer loop
      vertex -1.475 -48.7 33.4452
      vertex -1.29319 -52.2 33.3486
      vertex -1.29319 -48.7 33.3486
    endloop
  endfacet
  facet normal 0.469206 0 0.883089
    outer loop
      vertex -1.29319 -52.2 33.3486
      vertex -1.475 -48.7 33.4452
      vertex -1.475 -52.2 33.4452
    endloop
  endfacet
  facet normal -0.138903 0 0.990306
    outer loop
      vertex 0.308358 -48.7 33.0662
      vertex 0.512261 -52.2 33.0948
      vertex 0.512261 -48.7 33.0948
    endloop
  endfacet
  facet normal -0.138903 0 0.990306
    outer loop
      vertex 0.512261 -52.2 33.0948
      vertex 0.308358 -48.7 33.0662
      vertex 0.308358 -52.2 33.0662
    endloop
  endfacet
  facet normal 0.866108 0 -0.499857
    outer loop
      vertex -2.50174 -52.2 37.5633
      vertex -2.6047 -48.7 37.3849
      vertex -2.50174 -48.7 37.5633
    endloop
  endfacet
  facet normal 0.866108 0 -0.499857
    outer loop
      vertex -2.6047 -48.7 37.3849
      vertex -2.50174 -52.2 37.5633
      vertex -2.6047 -52.2 37.3849
    endloop
  endfacet
  facet normal -0.898738 0 -0.438487
    outer loop
      vertex 2.69496 -52.2 37.1999
      vertex 2.6047 -48.7 37.3849
      vertex 2.69496 -48.7 37.1999
    endloop
  endfacet
  facet normal -0.898738 -0 -0.438487
    outer loop
      vertex 2.6047 -48.7 37.3849
      vertex 2.69496 -52.2 37.1999
      vertex 2.6047 -52.2 37.3849
    endloop
  endfacet
  facet normal -0.99939 0 0.0349155
    outer loop
      vertex 2.94281 -52.2 35.7942
      vertex 2.95 -48.7 36
      vertex 2.94281 -48.7 35.7942
    endloop
  endfacet
  facet normal -0.99939 0 0.0349155
    outer loop
      vertex 2.95 -48.7 36
      vertex 2.94281 -52.2 35.7942
      vertex 2.95 -52.2 36
    endloop
  endfacet
  facet normal -0.829034 0 0.559198
    outer loop
      vertex 2.3866 -52.2 34.266
      vertex 2.50174 -48.7 34.4367
      vertex 2.3866 -48.7 34.266
    endloop
  endfacet
  facet normal -0.829034 0 0.559198
    outer loop
      vertex 2.50174 -48.7 34.4367
      vertex 2.3866 -52.2 34.266
      vertex 2.50174 -52.2 34.4367
    endloop
  endfacet
  facet normal -0.0699338 0 0.997552
    outer loop
      vertex 0.102953 -48.7 33.0518
      vertex 0.308358 -52.2 33.0662
      vertex 0.308358 -48.7 33.0662
    endloop
  endfacet
  facet normal -0.0699338 0 0.997552
    outer loop
      vertex 0.308358 -52.2 33.0662
      vertex 0.102953 -48.7 33.0518
      vertex 0.102953 -52.2 33.0518
    endloop
  endfacet
  facet normal -0.341915 0 0.939731
    outer loop
      vertex 0.9116 -48.7 33.1944
      vertex 1.10509 -52.2 33.2648
      vertex 1.10509 -48.7 33.2648
    endloop
  endfacet
  facet normal -0.341915 0 0.939731
    outer loop
      vertex 1.10509 -52.2 33.2648
      vertex 0.9116 -48.7 33.1944
      vertex 0.9116 -52.2 33.1944
    endloop
  endfacet
  facet normal -0.341915 0 -0.939731
    outer loop
      vertex 0.9116 -52.2 38.8056
      vertex 1.10509 -48.7 38.7352
      vertex 1.10509 -52.2 38.7352
    endloop
  endfacet
  facet normal -0.341915 0 -0.939731
    outer loop
      vertex 1.10509 -48.7 38.7352
      vertex 0.9116 -52.2 38.8056
      vertex 0.9116 -48.7 38.8056
    endloop
  endfacet
  facet normal -0.994525 0 -0.104503
    outer loop
      vertex 2.94281 -52.2 36.2058
      vertex 2.92129 -48.7 36.4106
      vertex 2.94281 -48.7 36.2058
    endloop
  endfacet
  facet normal -0.994525 -0 -0.104503
    outer loop
      vertex 2.92129 -48.7 36.4106
      vertex 2.94281 -52.2 36.2058
      vertex 2.92129 -52.2 36.4106
    endloop
  endfacet
  facet normal -0.787904 0 0.615799
    outer loop
      vertex 2.25983 -52.2 34.1038
      vertex 2.3866 -48.7 34.266
      vertex 2.25983 -48.7 34.1038
    endloop
  endfacet
  facet normal -0.787904 0 0.615799
    outer loop
      vertex 2.3866 -48.7 34.266
      vertex 2.25983 -52.2 34.1038
      vertex 2.3866 -52.2 34.266
    endloop
  endfacet
  facet normal -0.588016 0 -0.808849
    outer loop
      vertex 1.64962 -52.2 38.4457
      vertex 1.8162 -48.7 38.3246
      vertex 1.8162 -52.2 38.3246
    endloop
  endfacet
  facet normal -0.588016 0 -0.808849
    outer loop
      vertex 1.8162 -48.7 38.3246
      vertex 1.64962 -52.2 38.4457
      vertex 1.64962 -48.7 38.4457
    endloop
  endfacet
  facet normal 0.994525 0 -0.104503
    outer loop
      vertex -2.92129 -52.2 36.4106
      vertex -2.94281 -48.7 36.2058
      vertex -2.92129 -48.7 36.4106
    endloop
  endfacet
  facet normal 0.994525 0 -0.104503
    outer loop
      vertex -2.94281 -48.7 36.2058
      vertex -2.92129 -52.2 36.4106
      vertex -2.94281 -52.2 36.2058
    endloop
  endfacet
  facet normal 0.694839 0 -0.719165
    outer loop
      vertex -2.12205 -52.2 38.0492
      vertex -1.97394 -48.7 38.1923
      vertex -1.97394 -52.2 38.1923
    endloop
  endfacet
  facet normal 0.694839 0 -0.719165
    outer loop
      vertex -1.97394 -48.7 38.1923
      vertex -2.12205 -52.2 38.0492
      vertex -2.12205 -48.7 38.0492
    endloop
  endfacet
  facet normal -0.787904 0 -0.615799
    outer loop
      vertex 2.3866 -52.2 37.734
      vertex 2.25983 -48.7 37.8962
      vertex 2.3866 -48.7 37.734
    endloop
  endfacet
  facet normal -0.787904 -0 -0.615799
    outer loop
      vertex 2.25983 -48.7 37.8962
      vertex 2.3866 -52.2 37.734
      vertex 2.25983 -52.2 37.8962
    endloop
  endfacet
  facet normal -0.588016 0 0.808849
    outer loop
      vertex 1.64962 -48.7 33.5543
      vertex 1.8162 -52.2 33.6754
      vertex 1.8162 -48.7 33.6754
    endloop
  endfacet
  facet normal -0.588016 0 0.808849
    outer loop
      vertex 1.8162 -52.2 33.6754
      vertex 1.64962 -48.7 33.5543
      vertex 1.64962 -52.2 33.5543
    endloop
  endfacet
  facet normal 0.207862 0 0.978158
    outer loop
      vertex -0.713669 -48.7 33.1376
      vertex -0.512261 -52.2 33.0948
      vertex -0.512261 -48.7 33.0948
    endloop
  endfacet
  facet normal 0.207862 0 0.978158
    outer loop
      vertex -0.512261 -52.2 33.0948
      vertex -0.713669 -48.7 33.1376
      vertex -0.713669 -52.2 33.1376
    endloop
  endfacet
  facet normal 0.275836 0 -0.961205
    outer loop
      vertex -0.9116 -52.2 38.8056
      vertex -0.713669 -48.7 38.8624
      vertex -0.713669 -52.2 38.8624
    endloop
  endfacet
  facet normal 0.275836 0 -0.961205
    outer loop
      vertex -0.713669 -48.7 38.8624
      vertex -0.9116 -52.2 38.8056
      vertex -0.9116 -48.7 38.8056
    endloop
  endfacet
  facet normal 0.787904 0 -0.615799
    outer loop
      vertex -2.25983 -52.2 37.8962
      vertex -2.3866 -48.7 37.734
      vertex -2.25983 -48.7 37.8962
    endloop
  endfacet
  facet normal 0.787904 0 -0.615799
    outer loop
      vertex -2.3866 -48.7 37.734
      vertex -2.25983 -52.2 37.8962
      vertex -2.3866 -52.2 37.734
    endloop
  endfacet
  facet normal -0.138903 0 -0.990306
    outer loop
      vertex 0.308358 -52.2 38.9338
      vertex 0.512261 -48.7 38.9052
      vertex 0.512261 -52.2 38.9052
    endloop
  endfacet
  facet normal -0.138903 0 -0.990306
    outer loop
      vertex 0.512261 -48.7 38.9052
      vertex 0.308358 -52.2 38.9338
      vertex 0.308358 -48.7 38.9338
    endloop
  endfacet
  facet normal 0.138903 0 0.990306
    outer loop
      vertex -0.512261 -48.7 33.0948
      vertex -0.308358 -52.2 33.0662
      vertex -0.308358 -48.7 33.0662
    endloop
  endfacet
  facet normal 0.138903 0 0.990306
    outer loop
      vertex -0.308358 -52.2 33.0662
      vertex -0.512261 -48.7 33.0948
      vertex -0.512261 -52.2 33.0948
    endloop
  endfacet
  facet normal -0.529868 0 -0.84808
    outer loop
      vertex 1.475 -52.2 38.5548
      vertex 1.64962 -48.7 38.4457
      vertex 1.64962 -52.2 38.4457
    endloop
  endfacet
  facet normal -0.529868 0 -0.84808
    outer loop
      vertex 1.64962 -48.7 38.4457
      vertex 1.475 -52.2 38.5548
      vertex 1.475 -48.7 38.5548
    endloop
  endfacet
  facet normal 0.588016 0 -0.808849
    outer loop
      vertex -1.8162 -52.2 38.3246
      vertex -1.64962 -48.7 38.4457
      vertex -1.64962 -52.2 38.4457
    endloop
  endfacet
  facet normal 0.588016 0 -0.808849
    outer loop
      vertex -1.64962 -48.7 38.4457
      vertex -1.8162 -52.2 38.3246
      vertex -1.8162 -48.7 38.3246
    endloop
  endfacet
  facet normal -0.642618 0 -0.766187
    outer loop
      vertex 1.8162 -52.2 38.3246
      vertex 1.97394 -48.7 38.1923
      vertex 1.97394 -52.2 38.1923
    endloop
  endfacet
  facet normal -0.642618 0 -0.766187
    outer loop
      vertex 1.97394 -48.7 38.1923
      vertex 1.8162 -52.2 38.3246
      vertex 1.8162 -48.7 38.3246
    endloop
  endfacet
  facet normal -0.642618 0 0.766187
    outer loop
      vertex 1.8162 -48.7 33.6754
      vertex 1.97394 -52.2 33.8077
      vertex 1.97394 -48.7 33.8077
    endloop
  endfacet
  facet normal -0.642618 0 0.766187
    outer loop
      vertex 1.97394 -52.2 33.8077
      vertex 1.8162 -48.7 33.6754
      vertex 1.8162 -52.2 33.6754
    endloop
  endfacet
  facet normal 0.99939 0 -0.0349155
    outer loop
      vertex -2.94281 -52.2 36.2058
      vertex -2.95 -48.7 36
      vertex -2.94281 -48.7 36.2058
    endloop
  endfacet
  facet normal 0.99939 0 -0.0349155
    outer loop
      vertex -2.95 -48.7 36
      vertex -2.94281 -52.2 36.2058
      vertex -2.95 -52.2 36
    endloop
  endfacet
  facet normal 0.951088 0 -0.308921
    outer loop
      vertex -2.77209 -52.2 37.009
      vertex -2.83572 -48.7 36.8131
      vertex -2.77209 -48.7 37.009
    endloop
  endfacet
  facet normal 0.951088 0 -0.308921
    outer loop
      vertex -2.83572 -48.7 36.8131
      vertex -2.77209 -52.2 37.009
      vertex -2.83572 -52.2 36.8131
    endloop
  endfacet
  facet normal 0.0699338 0 0.997552
    outer loop
      vertex -0.308358 -48.7 33.0662
      vertex -0.102953 -52.2 33.0518
      vertex -0.102953 -48.7 33.0518
    endloop
  endfacet
  facet normal 0.0699338 0 0.997552
    outer loop
      vertex -0.102953 -52.2 33.0518
      vertex -0.308358 -48.7 33.0662
      vertex -0.308358 -52.2 33.0662
    endloop
  endfacet
  facet normal 0.0699338 0 -0.997552
    outer loop
      vertex -0.308358 -52.2 38.9338
      vertex -0.102953 -48.7 38.9482
      vertex -0.102953 -52.2 38.9482
    endloop
  endfacet
  facet normal 0.0699338 0 -0.997552
    outer loop
      vertex -0.102953 -48.7 38.9482
      vertex -0.308358 -52.2 38.9338
      vertex -0.308358 -48.7 38.9338
    endloop
  endfacet
  facet normal -0.469206 0 -0.883089
    outer loop
      vertex 1.29319 -52.2 38.6514
      vertex 1.475 -48.7 38.5548
      vertex 1.475 -52.2 38.5548
    endloop
  endfacet
  facet normal -0.469206 0 -0.883089
    outer loop
      vertex 1.475 -48.7 38.5548
      vertex 1.29319 -52.2 38.6514
      vertex 1.29319 -48.7 38.6514
    endloop
  endfacet
  facet normal -0 0 1
    outer loop
      vertex -0.102953 -48.7 33.0518
      vertex 0.102953 -52.2 33.0518
      vertex 0.102953 -48.7 33.0518
    endloop
  endfacet
  facet normal 0 0 1
    outer loop
      vertex 0.102953 -52.2 33.0518
      vertex -0.102953 -48.7 33.0518
      vertex -0.102953 -52.2 33.0518
    endloop
  endfacet
  facet normal 0.529868 0 0.84808
    outer loop
      vertex -1.64962 -48.7 33.5543
      vertex -1.475 -52.2 33.4452
      vertex -1.475 -48.7 33.4452
    endloop
  endfacet
  facet normal 0.529868 0 0.84808
    outer loop
      vertex -1.475 -52.2 33.4452
      vertex -1.64962 -48.7 33.5543
      vertex -1.64962 -52.2 33.5543
    endloop
  endfacet
  facet normal -0.866108 0 -0.499857
    outer loop
      vertex 2.6047 -52.2 37.3849
      vertex 2.50174 -48.7 37.5633
      vertex 2.6047 -48.7 37.3849
    endloop
  endfacet
  facet normal -0.866108 -0 -0.499857
    outer loop
      vertex 2.50174 -48.7 37.5633
      vertex 2.6047 -52.2 37.3849
      vertex 2.50174 -52.2 37.5633
    endloop
  endfacet
  facet normal 0.970291 0 -0.241941
    outer loop
      vertex -2.83572 -52.2 36.8131
      vertex -2.88554 -48.7 36.6133
      vertex -2.83572 -48.7 36.8131
    endloop
  endfacet
  facet normal 0.970291 0 -0.241941
    outer loop
      vertex -2.88554 -48.7 36.6133
      vertex -2.83572 -52.2 36.8131
      vertex -2.88554 -52.2 36.6133
    endloop
  endfacet
  facet normal 0 0 -1
    outer loop
      vertex -0.102953 -52.2 38.9482
      vertex 0.102953 -48.7 38.9482
      vertex 0.102953 -52.2 38.9482
    endloop
  endfacet
  facet normal -0 0 -1
    outer loop
      vertex 0.102953 -48.7 38.9482
      vertex -0.102953 -52.2 38.9482
      vertex -0.102953 -48.7 38.9482
    endloop
  endfacet
  facet normal -0.275836 0 0.961205
    outer loop
      vertex 0.713669 -48.7 33.1376
      vertex 0.9116 -52.2 33.1944
      vertex 0.9116 -48.7 33.1944
    endloop
  endfacet
  facet normal -0.275836 0 0.961205
    outer loop
      vertex 0.9116 -52.2 33.1944
      vertex 0.713669 -48.7 33.1376
      vertex 0.713669 -52.2 33.1376
    endloop
  endfacet
  facet normal 0 1 0
    outer loop
      vertex 0.0872478 -52.2 38.4985
      vertex 0.102953 -52.2 38.9482
      vertex 0.308358 -52.2 38.9338
    endloop
  endfacet
  facet normal 0 1 0
    outer loop
      vertex 0.102953 -52.2 38.9482
      vertex 0.0872478 -52.2 38.4985
      vertex -0.102953 -52.2 38.9482
    endloop
  endfacet
  facet normal 0 1 0
    outer loop
      vertex 0.261321 -52.2 38.4863
      vertex 0.308358 -52.2 38.9338
      vertex 0.512261 -52.2 38.9052
    endloop
  endfacet
  facet normal 0 1 -0
    outer loop
      vertex -0.0872478 -52.2 38.4985
      vertex -0.102953 -52.2 38.9482
      vertex 0.0872478 -52.2 38.4985
    endloop
  endfacet
  facet normal 0 1 0
    outer loop
      vertex 0.43412 -52.2 38.462
      vertex 0.512261 -52.2 38.9052
      vertex 0.713669 -52.2 38.8624
    endloop
  endfacet
  facet normal 0 1 0
    outer loop
      vertex -0.102953 -52.2 38.9482
      vertex -0.0872478 -52.2 38.4985
      vertex -0.308358 -52.2 38.9338
    endloop
  endfacet
  facet normal 0 1 0
    outer loop
      vertex 0.604804 -52.2 38.4257
      vertex 0.713669 -52.2 38.8624
      vertex 0.9116 -52.2 38.8056
    endloop
  endfacet
  facet normal 0 1 -0
    outer loop
      vertex -0.261321 -52.2 38.4863
      vertex -0.308358 -52.2 38.9338
      vertex -0.0872478 -52.2 38.4985
    endloop
  endfacet
  facet normal 0 1 0
    outer loop
      vertex 0.772542 -52.2 38.3776
      vertex 0.9116 -52.2 38.8056
      vertex 1.10509 -52.2 38.7352
    endloop
  endfacet
  facet normal 0 1 0
    outer loop
      vertex -0.308358 -52.2 38.9338
      vertex -0.261321 -52.2 38.4863
      vertex -0.512261 -52.2 38.9052
    endloop
  endfacet
  facet normal 0 1 0
    outer loop
      vertex 0.936516 -52.2 38.318
      vertex 1.10509 -52.2 38.7352
      vertex 1.29319 -52.2 38.6514
    endloop
  endfacet
  facet normal 0 1 -0
    outer loop
      vertex -0.43412 -52.2 38.462
      vertex -0.512261 -52.2 38.9052
      vertex -0.261321 -52.2 38.4863
    endloop
  endfacet
  facet normal 0 1 0
    outer loop
      vertex 1.09593 -52.2 38.247
      vertex 1.29319 -52.2 38.6514
      vertex 1.475 -52.2 38.5548
    endloop
  endfacet
  facet normal 0 1 0
    outer loop
      vertex -0.512261 -52.2 38.9052
      vertex -0.43412 -52.2 38.462
      vertex -0.713669 -52.2 38.8624
    endloop
  endfacet
  facet normal 0 1 -0
    outer loop
      vertex -0.604804 -52.2 38.4257
      vertex -0.713669 -52.2 38.8624
      vertex -0.43412 -52.2 38.462
    endloop
  endfacet
  facet normal 0 1 0
    outer loop
      vertex 0.308358 -52.2 38.9338
      vertex 0.261321 -52.2 38.4863
      vertex 0.0872478 -52.2 38.4985
    endloop
  endfacet
  facet normal 0 1 0
    outer loop
      vertex 0.512261 -52.2 38.9052
      vertex 0.43412 -52.2 38.462
      vertex 0.261321 -52.2 38.4863
    endloop
  endfacet
  facet normal 0 1 0
    outer loop
      vertex 1.25 -52.2 38.1651
      vertex 1.475 -52.2 38.5548
      vertex 1.64962 -52.2 38.4457
    endloop
  endfacet
  facet normal 0 1 0
    outer loop
      vertex 0.713669 -52.2 38.8624
      vertex 0.604804 -52.2 38.4257
      vertex 0.43412 -52.2 38.462
    endloop
  endfacet
  facet normal 0 1 0
    outer loop
      vertex 0.9116 -52.2 38.8056
      vertex 0.772542 -52.2 38.3776
      vertex 0.604804 -52.2 38.4257
    endloop
  endfacet
  facet normal 0 1 0
    outer loop
      vertex 1.39798 -52.2 38.0726
      vertex 1.64962 -52.2 38.4457
      vertex 1.8162 -52.2 38.3246
    endloop
  endfacet
  facet normal 0 1 0
    outer loop
      vertex 1.10509 -52.2 38.7352
      vertex 0.936516 -52.2 38.318
      vertex 0.772542 -52.2 38.3776
    endloop
  endfacet
  facet normal 0 1 0
    outer loop
      vertex 1.29319 -52.2 38.6514
      vertex 1.09593 -52.2 38.247
      vertex 0.936516 -52.2 38.318
    endloop
  endfacet
  facet normal 0 1 0
    outer loop
      vertex 1.53915 -52.2 37.97
      vertex 1.8162 -52.2 38.3246
      vertex 1.97394 -52.2 38.1923
    endloop
  endfacet
  facet normal 0 1 0
    outer loop
      vertex 1.475 -52.2 38.5548
      vertex 1.25 -52.2 38.1651
      vertex 1.09593 -52.2 38.247
    endloop
  endfacet
  facet normal 0 1 0
    outer loop
      vertex 1.64962 -52.2 38.4457
      vertex 1.39798 -52.2 38.0726
      vertex 1.25 -52.2 38.1651
    endloop
  endfacet
  facet normal 0 1 0
    outer loop
      vertex 1.67283 -52.2 37.8579
      vertex 1.97394 -52.2 38.1923
      vertex 2.12205 -52.2 38.0492
    endloop
  endfacet
  facet normal 0 1 0
    outer loop
      vertex 1.8162 -52.2 38.3246
      vertex 1.53915 -52.2 37.97
      vertex 1.39798 -52.2 38.0726
    endloop
  endfacet
  facet normal 0 1 0
    outer loop
      vertex 1.79835 -52.2 37.7366
      vertex 2.12205 -52.2 38.0492
      vertex 2.25983 -52.2 37.8962
    endloop
  endfacet
  facet normal 0 1 0
    outer loop
      vertex 1.97394 -52.2 38.1923
      vertex 1.67283 -52.2 37.8579
      vertex 1.53915 -52.2 37.97
    endloop
  endfacet
  facet normal 0 1 0
    outer loop
      vertex 2.12205 -52.2 38.0492
      vertex 1.79835 -52.2 37.7366
      vertex 1.67283 -52.2 37.8579
    endloop
  endfacet
  facet normal 0 1 0
    outer loop
      vertex 1.91511 -52.2 37.607
      vertex 2.25983 -52.2 37.8962
      vertex 2.3866 -52.2 37.734
    endloop
  endfacet
  facet normal 0 1 0
    outer loop
      vertex 2.25983 -52.2 37.8962
      vertex 1.91511 -52.2 37.607
      vertex 1.79835 -52.2 37.7366
    endloop
  endfacet
  facet normal 0 1 0
    outer loop
      vertex 2.02254 -52.2 37.4695
      vertex 2.3866 -52.2 37.734
      vertex 2.50174 -52.2 37.5633
    endloop
  endfacet
  facet normal 0 1 0
    outer loop
      vertex 2.3866 -52.2 37.734
      vertex 2.02254 -52.2 37.4695
      vertex 1.91511 -52.2 37.607
    endloop
  endfacet
  facet normal 0 1 0
    outer loop
      vertex 2.12012 -52.2 37.3248
      vertex 2.50174 -52.2 37.5633
      vertex 2.6047 -52.2 37.3849
    endloop
  endfacet
  facet normal 0 1 0
    outer loop
      vertex 2.50174 -52.2 37.5633
      vertex 2.12012 -52.2 37.3248
      vertex 2.02254 -52.2 37.4695
    endloop
  endfacet
  facet normal 0 1 0
    outer loop
      vertex 2.20737 -52.2 37.1737
      vertex 2.6047 -52.2 37.3849
      vertex 2.69496 -52.2 37.1999
    endloop
  endfacet
  facet normal 0 1 0
    outer loop
      vertex 2.6047 -52.2 37.3849
      vertex 2.20737 -52.2 37.1737
      vertex 2.12012 -52.2 37.3248
    endloop
  endfacet
  facet normal 0 1 0
    outer loop
      vertex 2.69496 -52.2 37.1999
      vertex 2.28386 -52.2 37.0168
      vertex 2.20737 -52.2 37.1737
    endloop
  endfacet
  facet normal 0 1 0
    outer loop
      vertex 2.77209 -52.2 37.009
      vertex 2.28386 -52.2 37.0168
      vertex 2.69496 -52.2 37.1999
    endloop
  endfacet
  facet normal 0 1 0
    outer loop
      vertex 2.77209 -52.2 37.009
      vertex 2.34923 -52.2 36.855
      vertex 2.28386 -52.2 37.0168
    endloop
  endfacet
  facet normal 0 1 0
    outer loop
      vertex 2.83572 -52.2 36.8131
      vertex 2.34923 -52.2 36.855
      vertex 2.77209 -52.2 37.009
    endloop
  endfacet
  facet normal 0 1 0
    outer loop
      vertex 2.83572 -52.2 36.8131
      vertex 2.40315 -52.2 36.6891
      vertex 2.34923 -52.2 36.855
    endloop
  endfacet
  facet normal 0 1 0
    outer loop
      vertex 2.88554 -52.2 36.6133
      vertex 2.40315 -52.2 36.6891
      vertex 2.83572 -52.2 36.8131
    endloop
  endfacet
  facet normal 0 1 0
    outer loop
      vertex 2.88554 -52.2 36.6133
      vertex 2.44537 -52.2 36.5198
      vertex 2.40315 -52.2 36.6891
    endloop
  endfacet
  facet normal 0 1 0
    outer loop
      vertex 2.92129 -52.2 36.4106
      vertex 2.44537 -52.2 36.5198
      vertex 2.88554 -52.2 36.6133
    endloop
  endfacet
  facet normal 0 1 0
    outer loop
      vertex 2.92129 -52.2 36.4106
      vertex 2.47567 -52.2 36.3479
      vertex 2.44537 -52.2 36.5198
    endloop
  endfacet
  facet normal 0 1 0
    outer loop
      vertex 2.94281 -52.2 36.2058
      vertex 2.47567 -52.2 36.3479
      vertex 2.92129 -52.2 36.4106
    endloop
  endfacet
  facet normal 0 1 0
    outer loop
      vertex 2.94281 -52.2 36.2058
      vertex 2.49391 -52.2 36.1744
      vertex 2.47567 -52.2 36.3479
    endloop
  endfacet
  facet normal 0 1 0
    outer loop
      vertex 2.95 -52.2 36
      vertex 2.49391 -52.2 36.1744
      vertex 2.94281 -52.2 36.2058
    endloop
  endfacet
  facet normal 0 1 0
    outer loop
      vertex 2.95 -52.2 36
      vertex 2.5 -52.2 36
      vertex 2.49391 -52.2 36.1744
    endloop
  endfacet
  facet normal 0 1 0
    outer loop
      vertex 2.95 -52.2 36
      vertex 2.49391 -52.2 35.8256
      vertex 2.5 -52.2 36
    endloop
  endfacet
  facet normal 0 1 -0
    outer loop
      vertex 2.94281 -52.2 35.7942
      vertex 2.49391 -52.2 35.8256
      vertex 2.95 -52.2 36
    endloop
  endfacet
  facet normal 0 1 0
    outer loop
      vertex 2.94281 -52.2 35.7942
      vertex 2.47567 -52.2 35.6521
      vertex 2.49391 -52.2 35.8256
    endloop
  endfacet
  facet normal 0 1 -0
    outer loop
      vertex 2.92129 -52.2 35.5894
      vertex 2.47567 -52.2 35.6521
      vertex 2.94281 -52.2 35.7942
    endloop
  endfacet
  facet normal 0 1 0
    outer loop
      vertex 2.92129 -52.2 35.5894
      vertex 2.44537 -52.2 35.4802
      vertex 2.47567 -52.2 35.6521
    endloop
  endfacet
  facet normal 0 1 -0
    outer loop
      vertex 2.88554 -52.2 35.3867
      vertex 2.44537 -52.2 35.4802
      vertex 2.92129 -52.2 35.5894
    endloop
  endfacet
  facet normal 0 1 0
    outer loop
      vertex 2.88554 -52.2 35.3867
      vertex 2.40315 -52.2 35.3109
      vertex 2.44537 -52.2 35.4802
    endloop
  endfacet
  facet normal 0 1 -0
    outer loop
      vertex 2.83572 -52.2 35.1869
      vertex 2.40315 -52.2 35.3109
      vertex 2.88554 -52.2 35.3867
    endloop
  endfacet
  facet normal 0 1 0
    outer loop
      vertex 2.83572 -52.2 35.1869
      vertex 2.34923 -52.2 35.145
      vertex 2.40315 -52.2 35.3109
    endloop
  endfacet
  facet normal 0 1 -0
    outer loop
      vertex 2.77209 -52.2 34.991
      vertex 2.34923 -52.2 35.145
      vertex 2.83572 -52.2 35.1869
    endloop
  endfacet
  facet normal 0 1 0
    outer loop
      vertex 2.77209 -52.2 34.991
      vertex 2.28386 -52.2 34.9832
      vertex 2.34923 -52.2 35.145
    endloop
  endfacet
  facet normal 0 1 -0
    outer loop
      vertex 2.69496 -52.2 34.8001
      vertex 2.28386 -52.2 34.9832
      vertex 2.77209 -52.2 34.991
    endloop
  endfacet
  facet normal 0 1 0
    outer loop
      vertex 2.28386 -52.2 34.9832
      vertex 2.69496 -52.2 34.8001
      vertex 2.20737 -52.2 34.8263
    endloop
  endfacet
  facet normal 0 1 -0
    outer loop
      vertex 2.6047 -52.2 34.6151
      vertex 2.20737 -52.2 34.8263
      vertex 2.69496 -52.2 34.8001
    endloop
  endfacet
  facet normal 0 1 0
    outer loop
      vertex 2.20737 -52.2 34.8263
      vertex 2.6047 -52.2 34.6151
      vertex 2.12012 -52.2 34.6752
    endloop
  endfacet
  facet normal 0 1 -0
    outer loop
      vertex 2.50174 -52.2 34.4367
      vertex 2.12012 -52.2 34.6752
      vertex 2.6047 -52.2 34.6151
    endloop
  endfacet
  facet normal 0 1 0
    outer loop
      vertex 2.12012 -52.2 34.6752
      vertex 2.50174 -52.2 34.4367
      vertex 2.02254 -52.2 34.5305
    endloop
  endfacet
  facet normal 0 1 -0
    outer loop
      vertex 2.3866 -52.2 34.266
      vertex 2.02254 -52.2 34.5305
      vertex 2.50174 -52.2 34.4367
    endloop
  endfacet
  facet normal 0 1 0
    outer loop
      vertex 2.02254 -52.2 34.5305
      vertex 2.3866 -52.2 34.266
      vertex 1.91511 -52.2 34.393
    endloop
  endfacet
  facet normal 0 1 -0
    outer loop
      vertex 2.25983 -52.2 34.1038
      vertex 1.91511 -52.2 34.393
      vertex 2.3866 -52.2 34.266
    endloop
  endfacet
  facet normal 0 1 0
    outer loop
      vertex 1.91511 -52.2 34.393
      vertex 2.25983 -52.2 34.1038
      vertex 1.79835 -52.2 34.2634
    endloop
  endfacet
  facet normal 0 1 -0
    outer loop
      vertex 2.12205 -52.2 33.9508
      vertex 1.79835 -52.2 34.2634
      vertex 2.25983 -52.2 34.1038
    endloop
  endfacet
  facet normal 0 1 0
    outer loop
      vertex 1.79835 -52.2 34.2634
      vertex 2.12205 -52.2 33.9508
      vertex 1.67283 -52.2 34.1421
    endloop
  endfacet
  facet normal 0 1 -0
    outer loop
      vertex 1.97394 -52.2 33.8077
      vertex 1.67283 -52.2 34.1421
      vertex 2.12205 -52.2 33.9508
    endloop
  endfacet
  facet normal 0 1 0
    outer loop
      vertex 1.67283 -52.2 34.1421
      vertex 1.97394 -52.2 33.8077
      vertex 1.53915 -52.2 34.03
    endloop
  endfacet
  facet normal 0 1 -0
    outer loop
      vertex 1.8162 -52.2 33.6754
      vertex 1.53915 -52.2 34.03
      vertex 1.97394 -52.2 33.8077
    endloop
  endfacet
  facet normal 0 1 0
    outer loop
      vertex 1.53915 -52.2 34.03
      vertex 1.8162 -52.2 33.6754
      vertex 1.39798 -52.2 33.9274
    endloop
  endfacet
  facet normal 0 1 -0
    outer loop
      vertex 1.64962 -52.2 33.5543
      vertex 1.39798 -52.2 33.9274
      vertex 1.8162 -52.2 33.6754
    endloop
  endfacet
  facet normal 0 1 0
    outer loop
      vertex 1.39798 -52.2 33.9274
      vertex 1.64962 -52.2 33.5543
      vertex 1.25 -52.2 33.8349
    endloop
  endfacet
  facet normal 0 1 -0
    outer loop
      vertex 1.475 -52.2 33.4452
      vertex 1.25 -52.2 33.8349
      vertex 1.64962 -52.2 33.5543
    endloop
  endfacet
  facet normal 0 1 0
    outer loop
      vertex 1.25 -52.2 33.8349
      vertex 1.475 -52.2 33.4452
      vertex 1.09593 -52.2 33.753
    endloop
  endfacet
  facet normal 0 1 -0
    outer loop
      vertex 1.29319 -52.2 33.3486
      vertex 1.09593 -52.2 33.753
      vertex 1.475 -52.2 33.4452
    endloop
  endfacet
  facet normal 0 1 0
    outer loop
      vertex 1.09593 -52.2 33.753
      vertex 1.29319 -52.2 33.3486
      vertex 0.936516 -52.2 33.682
    endloop
  endfacet
  facet normal 0 1 -0
    outer loop
      vertex 1.10509 -52.2 33.2648
      vertex 0.936516 -52.2 33.682
      vertex 1.29319 -52.2 33.3486
    endloop
  endfacet
  facet normal 0 1 0
    outer loop
      vertex 0.936516 -52.2 33.682
      vertex 1.10509 -52.2 33.2648
      vertex 0.772542 -52.2 33.6224
    endloop
  endfacet
  facet normal 0 1 -0
    outer loop
      vertex 0.9116 -52.2 33.1944
      vertex 0.772542 -52.2 33.6224
      vertex 1.10509 -52.2 33.2648
    endloop
  endfacet
  facet normal 0 1 -0
    outer loop
      vertex 0.713669 -52.2 33.1376
      vertex 0.604804 -52.2 33.5743
      vertex 0.9116 -52.2 33.1944
    endloop
  endfacet
  facet normal 0 1 0
    outer loop
      vertex 0.772542 -52.2 33.6224
      vertex 0.9116 -52.2 33.1944
      vertex 0.604804 -52.2 33.5743
    endloop
  endfacet
  facet normal 0 1 0
    outer loop
      vertex -0.713669 -52.2 38.8624
      vertex -0.604804 -52.2 38.4257
      vertex -0.9116 -52.2 38.8056
    endloop
  endfacet
  facet normal 0 1 -0
    outer loop
      vertex -0.772542 -52.2 38.3776
      vertex -0.9116 -52.2 38.8056
      vertex -0.604804 -52.2 38.4257
    endloop
  endfacet
  facet normal 0 1 0
    outer loop
      vertex -0.9116 -52.2 38.8056
      vertex -0.772542 -52.2 38.3776
      vertex -1.10509 -52.2 38.7352
    endloop
  endfacet
  facet normal 0 1 -0
    outer loop
      vertex -0.936516 -52.2 38.318
      vertex -1.10509 -52.2 38.7352
      vertex -0.772542 -52.2 38.3776
    endloop
  endfacet
  facet normal 0 1 0
    outer loop
      vertex -1.10509 -52.2 38.7352
      vertex -0.936516 -52.2 38.318
      vertex -1.29319 -52.2 38.6514
    endloop
  endfacet
  facet normal 0 1 -0
    outer loop
      vertex -1.09593 -52.2 38.247
      vertex -1.29319 -52.2 38.6514
      vertex -0.936516 -52.2 38.318
    endloop
  endfacet
  facet normal 0 1 0
    outer loop
      vertex -1.29319 -52.2 38.6514
      vertex -1.09593 -52.2 38.247
      vertex -1.475 -52.2 38.5548
    endloop
  endfacet
  facet normal 0 1 -0
    outer loop
      vertex -1.25 -52.2 38.1651
      vertex -1.475 -52.2 38.5548
      vertex -1.09593 -52.2 38.247
    endloop
  endfacet
  facet normal 0 1 0
    outer loop
      vertex -1.475 -52.2 38.5548
      vertex -1.25 -52.2 38.1651
      vertex -1.64962 -52.2 38.4457
    endloop
  endfacet
  facet normal 0 1 -0
    outer loop
      vertex -1.39798 -52.2 38.0726
      vertex -1.64962 -52.2 38.4457
      vertex -1.25 -52.2 38.1651
    endloop
  endfacet
  facet normal 0 1 0
    outer loop
      vertex -1.64962 -52.2 38.4457
      vertex -1.39798 -52.2 38.0726
      vertex -1.8162 -52.2 38.3246
    endloop
  endfacet
  facet normal 0 1 -0
    outer loop
      vertex -1.53915 -52.2 37.97
      vertex -1.8162 -52.2 38.3246
      vertex -1.39798 -52.2 38.0726
    endloop
  endfacet
  facet normal 0 1 0
    outer loop
      vertex -1.8162 -52.2 38.3246
      vertex -1.53915 -52.2 37.97
      vertex -1.97394 -52.2 38.1923
    endloop
  endfacet
  facet normal 0 1 -0
    outer loop
      vertex -1.67283 -52.2 37.8579
      vertex -1.97394 -52.2 38.1923
      vertex -1.53915 -52.2 37.97
    endloop
  endfacet
  facet normal 0 1 0
    outer loop
      vertex -1.97394 -52.2 38.1923
      vertex -1.67283 -52.2 37.8579
      vertex -2.12205 -52.2 38.0492
    endloop
  endfacet
  facet normal 0 1 -0
    outer loop
      vertex -1.79835 -52.2 37.7366
      vertex -2.12205 -52.2 38.0492
      vertex -1.67283 -52.2 37.8579
    endloop
  endfacet
  facet normal 0 1 0
    outer loop
      vertex -2.12205 -52.2 38.0492
      vertex -1.79835 -52.2 37.7366
      vertex -2.25983 -52.2 37.8962
    endloop
  endfacet
  facet normal 0 1 -0
    outer loop
      vertex -1.91511 -52.2 37.607
      vertex -2.25983 -52.2 37.8962
      vertex -1.79835 -52.2 37.7366
    endloop
  endfacet
  facet normal 0 1 0
    outer loop
      vertex -2.25983 -52.2 37.8962
      vertex -1.91511 -52.2 37.607
      vertex -2.3866 -52.2 37.734
    endloop
  endfacet
  facet normal 0 1 -0
    outer loop
      vertex -2.02254 -52.2 37.4695
      vertex -2.3866 -52.2 37.734
      vertex -1.91511 -52.2 37.607
    endloop
  endfacet
  facet normal 0 1 0
    outer loop
      vertex -2.3866 -52.2 37.734
      vertex -2.02254 -52.2 37.4695
      vertex -2.50174 -52.2 37.5633
    endloop
  endfacet
  facet normal 0 1 -0
    outer loop
      vertex -2.12012 -52.2 37.3248
      vertex -2.50174 -52.2 37.5633
      vertex -2.02254 -52.2 37.4695
    endloop
  endfacet
  facet normal 0 1 0
    outer loop
      vertex -2.50174 -52.2 37.5633
      vertex -2.12012 -52.2 37.3248
      vertex -2.6047 -52.2 37.3849
    endloop
  endfacet
  facet normal 0 1 -0
    outer loop
      vertex -2.20737 -52.2 37.1737
      vertex -2.6047 -52.2 37.3849
      vertex -2.12012 -52.2 37.3248
    endloop
  endfacet
  facet normal 0 1 0
    outer loop
      vertex -2.6047 -52.2 37.3849
      vertex -2.20737 -52.2 37.1737
      vertex -2.69496 -52.2 37.1999
    endloop
  endfacet
  facet normal 0 1 -0
    outer loop
      vertex -2.28386 -52.2 37.0168
      vertex -2.69496 -52.2 37.1999
      vertex -2.20737 -52.2 37.1737
    endloop
  endfacet
  facet normal 0 1 0
    outer loop
      vertex -2.28386 -52.2 37.0168
      vertex -2.77209 -52.2 37.009
      vertex -2.69496 -52.2 37.1999
    endloop
  endfacet
  facet normal 0 1 -0
    outer loop
      vertex -2.34923 -52.2 36.855
      vertex -2.77209 -52.2 37.009
      vertex -2.28386 -52.2 37.0168
    endloop
  endfacet
  facet normal 0 1 0
    outer loop
      vertex -2.34923 -52.2 36.855
      vertex -2.83572 -52.2 36.8131
      vertex -2.77209 -52.2 37.009
    endloop
  endfacet
  facet normal 0 1 -0
    outer loop
      vertex -2.40315 -52.2 36.6891
      vertex -2.83572 -52.2 36.8131
      vertex -2.34923 -52.2 36.855
    endloop
  endfacet
  facet normal 0 1 0
    outer loop
      vertex -2.40315 -52.2 36.6891
      vertex -2.88554 -52.2 36.6133
      vertex -2.83572 -52.2 36.8131
    endloop
  endfacet
  facet normal 0 1 -0
    outer loop
      vertex -2.44537 -52.2 36.5198
      vertex -2.88554 -52.2 36.6133
      vertex -2.40315 -52.2 36.6891
    endloop
  endfacet
  facet normal 0 1 0
    outer loop
      vertex -2.44537 -52.2 36.5198
      vertex -2.92129 -52.2 36.4106
      vertex -2.88554 -52.2 36.6133
    endloop
  endfacet
  facet normal 0 1 -0
    outer loop
      vertex -2.47567 -52.2 36.3479
      vertex -2.92129 -52.2 36.4106
      vertex -2.44537 -52.2 36.5198
    endloop
  endfacet
  facet normal 0 1 0
    outer loop
      vertex -2.47567 -52.2 36.3479
      vertex -2.94281 -52.2 36.2058
      vertex -2.92129 -52.2 36.4106
    endloop
  endfacet
  facet normal 0 1 -0
    outer loop
      vertex -2.49391 -52.2 36.1744
      vertex -2.94281 -52.2 36.2058
      vertex -2.47567 -52.2 36.3479
    endloop
  endfacet
  facet normal 0 1 -0
    outer loop
      vertex -2.5 -52.2 36
      vertex -2.94281 -52.2 36.2058
      vertex -2.49391 -52.2 36.1744
    endloop
  endfacet
  facet normal 0 1 0
    outer loop
      vertex -2.5 -52.2 36
      vertex -2.95 -52.2 36
      vertex -2.94281 -52.2 36.2058
    endloop
  endfacet
  facet normal 0 1 0
    outer loop
      vertex -2.49391 -52.2 35.8256
      vertex -2.95 -52.2 36
      vertex -2.5 -52.2 36
    endloop
  endfacet
  facet normal 0 1 0
    outer loop
      vertex -2.49391 -52.2 35.8256
      vertex -2.94281 -52.2 35.7942
      vertex -2.95 -52.2 36
    endloop
  endfacet
  facet normal 0 1 0
    outer loop
      vertex -2.47567 -52.2 35.6521
      vertex -2.94281 -52.2 35.7942
      vertex -2.49391 -52.2 35.8256
    endloop
  endfacet
  facet normal 0 1 0
    outer loop
      vertex -2.47567 -52.2 35.6521
      vertex -2.92129 -52.2 35.5894
      vertex -2.94281 -52.2 35.7942
    endloop
  endfacet
  facet normal 0 1 0
    outer loop
      vertex -2.44537 -52.2 35.4802
      vertex -2.92129 -52.2 35.5894
      vertex -2.47567 -52.2 35.6521
    endloop
  endfacet
  facet normal 0 1 0
    outer loop
      vertex -2.44537 -52.2 35.4802
      vertex -2.88554 -52.2 35.3867
      vertex -2.92129 -52.2 35.5894
    endloop
  endfacet
  facet normal 0 1 0
    outer loop
      vertex -2.40315 -52.2 35.3109
      vertex -2.88554 -52.2 35.3867
      vertex -2.44537 -52.2 35.4802
    endloop
  endfacet
  facet normal 0 1 0
    outer loop
      vertex -2.40315 -52.2 35.3109
      vertex -2.83572 -52.2 35.1869
      vertex -2.88554 -52.2 35.3867
    endloop
  endfacet
  facet normal 0 1 0
    outer loop
      vertex -2.34923 -52.2 35.145
      vertex -2.83572 -52.2 35.1869
      vertex -2.40315 -52.2 35.3109
    endloop
  endfacet
  facet normal 0 1 0
    outer loop
      vertex -2.34923 -52.2 35.145
      vertex -2.77209 -52.2 34.991
      vertex -2.83572 -52.2 35.1869
    endloop
  endfacet
  facet normal 0 1 0
    outer loop
      vertex -2.28386 -52.2 34.9832
      vertex -2.77209 -52.2 34.991
      vertex -2.34923 -52.2 35.145
    endloop
  endfacet
  facet normal 0 1 0
    outer loop
      vertex -2.69496 -52.2 34.8001
      vertex -2.28386 -52.2 34.9832
      vertex -2.20737 -52.2 34.8263
    endloop
  endfacet
  facet normal 0 1 0
    outer loop
      vertex -2.28386 -52.2 34.9832
      vertex -2.69496 -52.2 34.8001
      vertex -2.77209 -52.2 34.991
    endloop
  endfacet
  facet normal 0 1 0
    outer loop
      vertex -2.6047 -52.2 34.6151
      vertex -2.20737 -52.2 34.8263
      vertex -2.12012 -52.2 34.6752
    endloop
  endfacet
  facet normal 0 1 0
    outer loop
      vertex -2.20737 -52.2 34.8263
      vertex -2.6047 -52.2 34.6151
      vertex -2.69496 -52.2 34.8001
    endloop
  endfacet
  facet normal 0 1 0
    outer loop
      vertex -2.50174 -52.2 34.4367
      vertex -2.12012 -52.2 34.6752
      vertex -2.02254 -52.2 34.5305
    endloop
  endfacet
  facet normal 0 1 0
    outer loop
      vertex -2.12012 -52.2 34.6752
      vertex -2.50174 -52.2 34.4367
      vertex -2.6047 -52.2 34.6151
    endloop
  endfacet
  facet normal 0 1 0
    outer loop
      vertex -2.3866 -52.2 34.266
      vertex -2.02254 -52.2 34.5305
      vertex -1.91511 -52.2 34.393
    endloop
  endfacet
  facet normal 0 1 0
    outer loop
      vertex -2.02254 -52.2 34.5305
      vertex -2.3866 -52.2 34.266
      vertex -2.50174 -52.2 34.4367
    endloop
  endfacet
  facet normal 0 1 0
    outer loop
      vertex -2.25983 -52.2 34.1038
      vertex -1.91511 -52.2 34.393
      vertex -1.79835 -52.2 34.2634
    endloop
  endfacet
  facet normal 0 1 0
    outer loop
      vertex -2.12205 -52.2 33.9508
      vertex -1.79835 -52.2 34.2634
      vertex -1.67283 -52.2 34.1421
    endloop
  endfacet
  facet normal 0 1 0
    outer loop
      vertex -1.91511 -52.2 34.393
      vertex -2.25983 -52.2 34.1038
      vertex -2.3866 -52.2 34.266
    endloop
  endfacet
  facet normal 0 1 0
    outer loop
      vertex -1.97394 -52.2 33.8077
      vertex -1.67283 -52.2 34.1421
      vertex -1.53915 -52.2 34.03
    endloop
  endfacet
  facet normal 0 1 0
    outer loop
      vertex -1.79835 -52.2 34.2634
      vertex -2.12205 -52.2 33.9508
      vertex -2.25983 -52.2 34.1038
    endloop
  endfacet
  facet normal 0 1 0
    outer loop
      vertex -1.8162 -52.2 33.6754
      vertex -1.53915 -52.2 34.03
      vertex -1.39798 -52.2 33.9274
    endloop
  endfacet
  facet normal 0 1 0
    outer loop
      vertex -1.64962 -52.2 33.5543
      vertex -1.39798 -52.2 33.9274
      vertex -1.25 -52.2 33.8349
    endloop
  endfacet
  facet normal 0 1 0
    outer loop
      vertex -1.67283 -52.2 34.1421
      vertex -1.97394 -52.2 33.8077
      vertex -2.12205 -52.2 33.9508
    endloop
  endfacet
  facet normal 0 1 0
    outer loop
      vertex -1.475 -52.2 33.4452
      vertex -1.25 -52.2 33.8349
      vertex -1.09593 -52.2 33.753
    endloop
  endfacet
  facet normal 0 1 0
    outer loop
      vertex -1.29319 -52.2 33.3486
      vertex -1.09593 -52.2 33.753
      vertex -0.936516 -52.2 33.682
    endloop
  endfacet
  facet normal 0 1 0
    outer loop
      vertex -1.53915 -52.2 34.03
      vertex -1.8162 -52.2 33.6754
      vertex -1.97394 -52.2 33.8077
    endloop
  endfacet
  facet normal 0 1 0
    outer loop
      vertex -1.10509 -52.2 33.2648
      vertex -0.936516 -52.2 33.682
      vertex -0.772542 -52.2 33.6224
    endloop
  endfacet
  facet normal 0 1 0
    outer loop
      vertex -0.9116 -52.2 33.1944
      vertex -0.772542 -52.2 33.6224
      vertex -0.604804 -52.2 33.5743
    endloop
  endfacet
  facet normal 0 1 0
    outer loop
      vertex -1.39798 -52.2 33.9274
      vertex -1.64962 -52.2 33.5543
      vertex -1.8162 -52.2 33.6754
    endloop
  endfacet
  facet normal 0 1 0
    outer loop
      vertex -0.713669 -52.2 33.1376
      vertex -0.604804 -52.2 33.5743
      vertex -0.43412 -52.2 33.538
    endloop
  endfacet
  facet normal 0 1 0
    outer loop
      vertex -0.512261 -52.2 33.0948
      vertex -0.43412 -52.2 33.538
      vertex -0.261321 -52.2 33.5137
    endloop
  endfacet
  facet normal 0 1 0
    outer loop
      vertex -0.308358 -52.2 33.0662
      vertex -0.261321 -52.2 33.5137
      vertex -0.0872478 -52.2 33.5015
    endloop
  endfacet
  facet normal 0 1 0
    outer loop
      vertex 0.604804 -52.2 33.5743
      vertex 0.713669 -52.2 33.1376
      vertex 0.43412 -52.2 33.538
    endloop
  endfacet
  facet normal 0 1 0
    outer loop
      vertex -1.25 -52.2 33.8349
      vertex -1.475 -52.2 33.4452
      vertex -1.64962 -52.2 33.5543
    endloop
  endfacet
  facet normal 0 1 -0
    outer loop
      vertex 0.512261 -52.2 33.0948
      vertex 0.43412 -52.2 33.538
      vertex 0.713669 -52.2 33.1376
    endloop
  endfacet
  facet normal 0 1 0
    outer loop
      vertex -1.09593 -52.2 33.753
      vertex -1.29319 -52.2 33.3486
      vertex -1.475 -52.2 33.4452
    endloop
  endfacet
  facet normal 0 1 0
    outer loop
      vertex 0.43412 -52.2 33.538
      vertex 0.512261 -52.2 33.0948
      vertex 0.261321 -52.2 33.5137
    endloop
  endfacet
  facet normal 0 1 0
    outer loop
      vertex -0.936516 -52.2 33.682
      vertex -1.10509 -52.2 33.2648
      vertex -1.29319 -52.2 33.3486
    endloop
  endfacet
  facet normal 0 1 -0
    outer loop
      vertex 0.308358 -52.2 33.0662
      vertex 0.261321 -52.2 33.5137
      vertex 0.512261 -52.2 33.0948
    endloop
  endfacet
  facet normal 0 1 0
    outer loop
      vertex -0.772542 -52.2 33.6224
      vertex -0.9116 -52.2 33.1944
      vertex -1.10509 -52.2 33.2648
    endloop
  endfacet
  facet normal 0 1 0
    outer loop
      vertex 0.261321 -52.2 33.5137
      vertex 0.308358 -52.2 33.0662
      vertex 0.0872478 -52.2 33.5015
    endloop
  endfacet
  facet normal 0 1 0
    outer loop
      vertex -0.604804 -52.2 33.5743
      vertex -0.713669 -52.2 33.1376
      vertex -0.9116 -52.2 33.1944
    endloop
  endfacet
  facet normal 0 1 -0
    outer loop
      vertex 0.102953 -52.2 33.0518
      vertex 0.0872478 -52.2 33.5015
      vertex 0.308358 -52.2 33.0662
    endloop
  endfacet
  facet normal 0 1 0
    outer loop
      vertex -0.43412 -52.2 33.538
      vertex -0.512261 -52.2 33.0948
      vertex -0.713669 -52.2 33.1376
    endloop
  endfacet
  facet normal 0 1 0
    outer loop
      vertex 0.0872478 -52.2 33.5015
      vertex 0.102953 -52.2 33.0518
      vertex -0.0872478 -52.2 33.5015
    endloop
  endfacet
  facet normal 0 1 0
    outer loop
      vertex -0.261321 -52.2 33.5137
      vertex -0.308358 -52.2 33.0662
      vertex -0.512261 -52.2 33.0948
    endloop
  endfacet
  facet normal 0 1 0
    outer loop
      vertex -0.102953 -52.2 33.0518
      vertex -0.0872478 -52.2 33.5015
      vertex 0.102953 -52.2 33.0518
    endloop
  endfacet
  facet normal 0 1 0
    outer loop
      vertex -0.0872478 -52.2 33.5015
      vertex -0.102953 -52.2 33.0518
      vertex -0.308358 -52.2 33.0662
    endloop
  endfacet
  facet normal 0.743101 0 -0.669179
    outer loop
      vertex -2.12205 -52.2 38.0492
      vertex -2.25983 -48.7 37.8962
      vertex -2.12205 -48.7 38.0492
    endloop
  endfacet
  facet normal 0.743101 0 -0.669179
    outer loop
      vertex -2.25983 -48.7 37.8962
      vertex -2.12205 -52.2 38.0492
      vertex -2.25983 -52.2 37.8962
    endloop
  endfacet
  facet normal -0.0699338 0 -0.997552
    outer loop
      vertex 0.102953 -52.2 38.9482
      vertex 0.308358 -48.7 38.9338
      vertex 0.308358 -52.2 38.9338
    endloop
  endfacet
  facet normal -0.0699338 0 -0.997552
    outer loop
      vertex 0.308358 -48.7 38.9338
      vertex 0.102953 -52.2 38.9482
      vertex 0.102953 -48.7 38.9482
    endloop
  endfacet
  facet normal -0.406949 0 -0.913451
    outer loop
      vertex 1.10509 -52.2 38.7352
      vertex 1.29319 -48.7 38.6514
      vertex 1.29319 -52.2 38.6514
    endloop
  endfacet
  facet normal -0.406949 0 -0.913451
    outer loop
      vertex 1.29319 -48.7 38.6514
      vertex 1.10509 -52.2 38.7352
      vertex 1.10509 -48.7 38.7352
    endloop
  endfacet
  facet normal 0.829034 -0 0.559198
    outer loop
      vertex -2.50174 -52.2 34.4367
      vertex -2.3866 -48.7 34.266
      vertex -2.50174 -48.7 34.4367
    endloop
  endfacet
  facet normal 0.829034 0 0.559198
    outer loop
      vertex -2.3866 -48.7 34.266
      vertex -2.50174 -52.2 34.4367
      vertex -2.3866 -52.2 34.266
    endloop
  endfacet
  facet normal 0.898738 -0 0.438487
    outer loop
      vertex -2.69496 -52.2 34.8001
      vertex -2.6047 -48.7 34.6151
      vertex -2.69496 -48.7 34.8001
    endloop
  endfacet
  facet normal 0.898738 0 0.438487
    outer loop
      vertex -2.6047 -48.7 34.6151
      vertex -2.69496 -52.2 34.8001
      vertex -2.6047 -52.2 34.6151
    endloop
  endfacet
  facet normal 0.866108 -0 0.499857
    outer loop
      vertex -2.6047 -52.2 34.6151
      vertex -2.50174 -48.7 34.4367
      vertex -2.6047 -48.7 34.6151
    endloop
  endfacet
  facet normal 0.866108 0 0.499857
    outer loop
      vertex -2.50174 -48.7 34.4367
      vertex -2.6047 -52.2 34.6151
      vertex -2.50174 -52.2 34.4367
    endloop
  endfacet
  facet normal -0.994525 0 0.104503
    outer loop
      vertex 2.92129 -52.2 35.5894
      vertex 2.94281 -48.7 35.7942
      vertex 2.92129 -48.7 35.5894
    endloop
  endfacet
  facet normal -0.994525 0 0.104503
    outer loop
      vertex 2.94281 -48.7 35.7942
      vertex 2.92129 -52.2 35.5894
      vertex 2.94281 -52.2 35.7942
    endloop
  endfacet
  facet normal 0.970291 -0 0.241941
    outer loop
      vertex -2.88554 -52.2 35.3867
      vertex -2.83572 -48.7 35.1869
      vertex -2.88554 -48.7 35.3867
    endloop
  endfacet
  facet normal 0.970291 0 0.241941
    outer loop
      vertex -2.83572 -48.7 35.1869
      vertex -2.88554 -52.2 35.3867
      vertex -2.83572 -52.2 35.1869
    endloop
  endfacet
  facet normal -0.829034 0 -0.559198
    outer loop
      vertex 2.50174 -52.2 37.5633
      vertex 2.3866 -48.7 37.734
      vertex 2.50174 -48.7 37.5633
    endloop
  endfacet
  facet normal -0.829034 -0 -0.559198
    outer loop
      vertex 2.3866 -48.7 37.734
      vertex 2.50174 -52.2 37.5633
      vertex 2.3866 -52.2 37.734
    endloop
  endfacet
  facet normal -0.984801 0 0.173688
    outer loop
      vertex 2.88554 -52.2 35.3867
      vertex 2.92129 -48.7 35.5894
      vertex 2.88554 -48.7 35.3867
    endloop
  endfacet
  facet normal -0.984801 0 0.173688
    outer loop
      vertex 2.92129 -48.7 35.5894
      vertex 2.88554 -52.2 35.3867
      vertex 2.92129 -52.2 35.5894
    endloop
  endfacet
  facet normal -0.469206 0 0.883089
    outer loop
      vertex 1.29319 -48.7 33.3486
      vertex 1.475 -52.2 33.4452
      vertex 1.475 -48.7 33.4452
    endloop
  endfacet
  facet normal -0.469206 0 0.883089
    outer loop
      vertex 1.475 -52.2 33.4452
      vertex 1.29319 -48.7 33.3486
      vertex 1.29319 -52.2 33.3486
    endloop
  endfacet
  facet normal 0.898738 0 -0.438487
    outer loop
      vertex -2.6047 -52.2 37.3849
      vertex -2.69496 -48.7 37.1999
      vertex -2.6047 -48.7 37.3849
    endloop
  endfacet
  facet normal 0.898738 0 -0.438487
    outer loop
      vertex -2.69496 -48.7 37.1999
      vertex -2.6047 -52.2 37.3849
      vertex -2.69496 -52.2 37.1999
    endloop
  endfacet
  facet normal 0.642618 0 0.766187
    outer loop
      vertex -1.97394 -48.7 33.8077
      vertex -1.8162 -52.2 33.6754
      vertex -1.8162 -48.7 33.6754
    endloop
  endfacet
  facet normal 0.642618 0 0.766187
    outer loop
      vertex -1.8162 -52.2 33.6754
      vertex -1.97394 -48.7 33.8077
      vertex -1.97394 -52.2 33.8077
    endloop
  endfacet
  facet normal 0.984801 -0 0.173688
    outer loop
      vertex -2.92129 -52.2 35.5894
      vertex -2.88554 -48.7 35.3867
      vertex -2.92129 -48.7 35.5894
    endloop
  endfacet
  facet normal 0.984801 0 0.173688
    outer loop
      vertex -2.88554 -48.7 35.3867
      vertex -2.92129 -52.2 35.5894
      vertex -2.88554 -52.2 35.3867
    endloop
  endfacet
  facet normal 0.642618 0 -0.766187
    outer loop
      vertex -1.97394 -52.2 38.1923
      vertex -1.8162 -48.7 38.3246
      vertex -1.8162 -52.2 38.3246
    endloop
  endfacet
  facet normal 0.642618 0 -0.766187
    outer loop
      vertex -1.8162 -48.7 38.3246
      vertex -1.97394 -52.2 38.1923
      vertex -1.97394 -48.7 38.1923
    endloop
  endfacet
  facet normal 0.406949 0 -0.913451
    outer loop
      vertex -1.29319 -52.2 38.6514
      vertex -1.10509 -48.7 38.7352
      vertex -1.10509 -52.2 38.7352
    endloop
  endfacet
  facet normal 0.406949 0 -0.913451
    outer loop
      vertex -1.10509 -48.7 38.7352
      vertex -1.29319 -52.2 38.6514
      vertex -1.29319 -48.7 38.6514
    endloop
  endfacet
  facet normal -0.529868 0 0.84808
    outer loop
      vertex 1.475 -48.7 33.4452
      vertex 1.64962 -52.2 33.5543
      vertex 1.64962 -48.7 33.5543
    endloop
  endfacet
  facet normal -0.529868 0 0.84808
    outer loop
      vertex 1.64962 -52.2 33.5543
      vertex 1.475 -48.7 33.4452
      vertex 1.475 -52.2 33.4452
    endloop
  endfacet
  facet normal -0.694839 0 0.719165
    outer loop
      vertex 1.97394 -48.7 33.8077
      vertex 2.12205 -52.2 33.9508
      vertex 2.12205 -48.7 33.9508
    endloop
  endfacet
  facet normal -0.694839 0 0.719165
    outer loop
      vertex 2.12205 -52.2 33.9508
      vertex 1.97394 -48.7 33.8077
      vertex 1.97394 -52.2 33.8077
    endloop
  endfacet
  facet normal 0.207862 0 -0.978158
    outer loop
      vertex -0.713669 -52.2 38.8624
      vertex -0.512261 -48.7 38.9052
      vertex -0.512261 -52.2 38.9052
    endloop
  endfacet
  facet normal 0.207862 0 -0.978158
    outer loop
      vertex -0.512261 -48.7 38.9052
      vertex -0.713669 -52.2 38.8624
      vertex -0.713669 -48.7 38.8624
    endloop
  endfacet
  facet normal 0.341915 0 0.939731
    outer loop
      vertex -1.10509 -48.7 33.2648
      vertex -0.9116 -52.2 33.1944
      vertex -0.9116 -48.7 33.1944
    endloop
  endfacet
  facet normal 0.341915 0 0.939731
    outer loop
      vertex -0.9116 -52.2 33.1944
      vertex -1.10509 -48.7 33.2648
      vertex -1.10509 -52.2 33.2648
    endloop
  endfacet
  facet normal -0.207862 0 -0.978158
    outer loop
      vertex 0.512261 -52.2 38.9052
      vertex 0.713669 -48.7 38.8624
      vertex 0.713669 -52.2 38.8624
    endloop
  endfacet
  facet normal -0.207862 0 -0.978158
    outer loop
      vertex 0.713669 -48.7 38.8624
      vertex 0.512261 -52.2 38.9052
      vertex 0.512261 -48.7 38.9052
    endloop
  endfacet
  facet normal 0.994525 -0 0.104503
    outer loop
      vertex -2.94281 -52.2 35.7942
      vertex -2.92129 -48.7 35.5894
      vertex -2.94281 -48.7 35.7942
    endloop
  endfacet
  facet normal 0.994525 0 0.104503
    outer loop
      vertex -2.92129 -48.7 35.5894
      vertex -2.94281 -52.2 35.7942
      vertex -2.92129 -52.2 35.5894
    endloop
  endfacet
  facet normal 0.984801 0 -0.173688
    outer loop
      vertex -2.88554 -52.2 36.6133
      vertex -2.92129 -48.7 36.4106
      vertex -2.88554 -48.7 36.6133
    endloop
  endfacet
  facet normal 0.984801 0 -0.173688
    outer loop
      vertex -2.92129 -48.7 36.4106
      vertex -2.88554 -52.2 36.6133
      vertex -2.92129 -52.2 36.4106
    endloop
  endfacet
  facet normal 0.694839 0 0.719165
    outer loop
      vertex -2.12205 -48.7 33.9508
      vertex -1.97394 -52.2 33.8077
      vertex -1.97394 -48.7 33.8077
    endloop
  endfacet
  facet normal 0.694839 0 0.719165
    outer loop
      vertex -1.97394 -52.2 33.8077
      vertex -2.12205 -48.7 33.9508
      vertex -2.12205 -52.2 33.9508
    endloop
  endfacet
  facet normal 0.406949 0 0.913451
    outer loop
      vertex -1.29319 -48.7 33.3486
      vertex -1.10509 -52.2 33.2648
      vertex -1.10509 -48.7 33.2648
    endloop
  endfacet
  facet normal 0.406949 0 0.913451
    outer loop
      vertex -1.10509 -52.2 33.2648
      vertex -1.29319 -48.7 33.3486
      vertex -1.29319 -52.2 33.3486
    endloop
  endfacet
  facet normal -0.275836 0 -0.961205
    outer loop
      vertex 0.713669 -52.2 38.8624
      vertex 0.9116 -48.7 38.8056
      vertex 0.9116 -52.2 38.8056
    endloop
  endfacet
  facet normal -0.275836 0 -0.961205
    outer loop
      vertex 0.9116 -48.7 38.8056
      vertex 0.713669 -52.2 38.8624
      vertex 0.713669 -48.7 38.8624
    endloop
  endfacet
  facet normal 0.275836 0 0.961205
    outer loop
      vertex -0.9116 -48.7 33.1944
      vertex -0.713669 -52.2 33.1376
      vertex -0.713669 -48.7 33.1376
    endloop
  endfacet
  facet normal 0.275836 0 0.961205
    outer loop
      vertex -0.713669 -52.2 33.1376
      vertex -0.9116 -48.7 33.1944
      vertex -0.9116 -52.2 33.1944
    endloop
  endfacet
  facet normal 0.469206 0 -0.883089
    outer loop
      vertex -1.475 -52.2 38.5548
      vertex -1.29319 -48.7 38.6514
      vertex -1.29319 -52.2 38.6514
    endloop
  endfacet
  facet normal 0.469206 0 -0.883089
    outer loop
      vertex -1.29319 -48.7 38.6514
      vertex -1.475 -52.2 38.5548
      vertex -1.475 -48.7 38.5548
    endloop
  endfacet
  facet normal 0.927187 0 -0.374599
    outer loop
      vertex -2.28386 -57.2 37.0168
      vertex -2.34923 -52.2 36.855
      vertex -2.28386 -52.2 37.0168
    endloop
  endfacet
  facet normal 0.927187 0 -0.374599
    outer loop
      vertex -2.34923 -52.2 36.855
      vertex -2.28386 -57.2 37.0168
      vertex -2.34923 -57.2 36.855
    endloop
  endfacet
  facet normal -0.994519 0 -0.104553
    outer loop
      vertex 2.49391 -57.2 36.1744
      vertex 2.47567 -52.2 36.3479
      vertex 2.49391 -52.2 36.1744
    endloop
  endfacet
  facet normal -0.994519 -0 -0.104553
    outer loop
      vertex 2.47567 -52.2 36.3479
      vertex 2.49391 -57.2 36.1744
      vertex 2.47567 -57.2 36.3479
    endloop
  endfacet
  facet normal -0.999391 0 -0.0348985
    outer loop
      vertex 2.5 -57.2 36
      vertex 2.49391 -52.2 36.1744
      vertex 2.5 -52.2 36
    endloop
  endfacet
  facet normal -0.999391 -0 -0.0348985
    outer loop
      vertex 2.49391 -52.2 36.1744
      vertex 2.5 -57.2 36
      vertex 2.49391 -57.2 36.1744
    endloop
  endfacet
  facet normal -0.984818 0 -0.173589
    outer loop
      vertex 2.47567 -57.2 36.3479
      vertex 2.44537 -52.2 36.5198
      vertex 2.47567 -52.2 36.3479
    endloop
  endfacet
  facet normal -0.984818 -0 -0.173589
    outer loop
      vertex 2.44537 -52.2 36.5198
      vertex 2.47567 -57.2 36.3479
      vertex 2.44537 -57.2 36.5198
    endloop
  endfacet
  facet normal -0.970284 0 -0.241969
    outer loop
      vertex 2.44537 -57.2 36.5198
      vertex 2.40315 -52.2 36.6891
      vertex 2.44537 -52.2 36.5198
    endloop
  endfacet
  facet normal -0.970284 -0 -0.241969
    outer loop
      vertex 2.40315 -52.2 36.6891
      vertex 2.44537 -57.2 36.5198
      vertex 2.40315 -57.2 36.6891
    endloop
  endfacet
  facet normal 0.742952 0 -0.669345
    outer loop
      vertex -1.79835 -57.2 37.7366
      vertex -1.91511 -52.2 37.607
      vertex -1.79835 -52.2 37.7366
    endloop
  endfacet
  facet normal 0.742952 0 -0.669345
    outer loop
      vertex -1.91511 -52.2 37.607
      vertex -1.79835 -57.2 37.7366
      vertex -1.91511 -57.2 37.607
    endloop
  endfacet
  facet normal 0.829094 -0 0.559109
    outer loop
      vertex -2.12012 -57.2 34.6752
      vertex -2.02254 -52.2 34.5305
      vertex -2.12012 -52.2 34.6752
    endloop
  endfacet
  facet normal 0.829094 0 0.559109
    outer loop
      vertex -2.02254 -52.2 34.5305
      vertex -2.12012 -57.2 34.6752
      vertex -2.02254 -57.2 34.5305
    endloop
  endfacet
  facet normal -0.275647 0 0.961259
    outer loop
      vertex 0.604804 -52.2 33.5743
      vertex 0.772542 -57.2 33.6224
      vertex 0.772542 -52.2 33.6224
    endloop
  endfacet
  facet normal -0.275647 0 0.961259
    outer loop
      vertex 0.772542 -57.2 33.6224
      vertex 0.604804 -52.2 33.5743
      vertex 0.604804 -57.2 33.5743
    endloop
  endfacet
  facet normal -0.53005 0 -0.847966
    outer loop
      vertex 1.25 -57.2 38.1651
      vertex 1.39798 -52.2 38.0726
      vertex 1.39798 -57.2 38.0726
    endloop
  endfacet
  facet normal -0.53005 0 -0.847966
    outer loop
      vertex 1.39798 -52.2 38.0726
      vertex 1.25 -57.2 38.1651
      vertex 1.25 -52.2 38.1651
    endloop
  endfacet
  facet normal 0.694915 0 0.719091
    outer loop
      vertex -1.79835 -52.2 34.2634
      vertex -1.67283 -57.2 34.1421
      vertex -1.67283 -52.2 34.1421
    endloop
  endfacet
  facet normal 0.694915 0 0.719091
    outer loop
      vertex -1.67283 -57.2 34.1421
      vertex -1.79835 -52.2 34.2634
      vertex -1.79835 -57.2 34.2634
    endloop
  endfacet
  facet normal -0.275647 0 -0.961259
    outer loop
      vertex 0.604804 -57.2 38.4257
      vertex 0.772542 -52.2 38.3776
      vertex 0.772542 -57.2 38.3776
    endloop
  endfacet
  facet normal -0.275647 0 -0.961259
    outer loop
      vertex 0.772542 -52.2 38.3776
      vertex 0.604804 -57.2 38.4257
      vertex 0.604804 -52.2 38.4257
    endloop
  endfacet
  facet normal -0.927187 0 -0.374599
    outer loop
      vertex 2.34923 -57.2 36.855
      vertex 2.28386 -52.2 37.0168
      vertex 2.34923 -52.2 36.855
    endloop
  endfacet
  facet normal -0.927187 -0 -0.374599
    outer loop
      vertex 2.28386 -52.2 37.0168
      vertex 2.34923 -57.2 36.855
      vertex 2.28386 -57.2 37.0168
    endloop
  endfacet
  facet normal 0.999391 0 -0.0348985
    outer loop
      vertex -2.49391 -57.2 36.1744
      vertex -2.5 -52.2 36
      vertex -2.49391 -52.2 36.1744
    endloop
  endfacet
  facet normal 0.999391 0 -0.0348985
    outer loop
      vertex -2.5 -52.2 36
      vertex -2.49391 -57.2 36.1744
      vertex -2.5 -57.2 36
    endloop
  endfacet
  facet normal 0.970284 0 -0.241969
    outer loop
      vertex -2.40315 -57.2 36.6891
      vertex -2.44537 -52.2 36.5198
      vertex -2.40315 -52.2 36.6891
    endloop
  endfacet
  facet normal 0.970284 0 -0.241969
    outer loop
      vertex -2.44537 -52.2 36.5198
      vertex -2.40315 -57.2 36.6891
      vertex -2.44537 -57.2 36.5198
    endloop
  endfacet
  facet normal 0.994519 0 -0.104553
    outer loop
      vertex -2.47567 -57.2 36.3479
      vertex -2.49391 -52.2 36.1744
      vertex -2.47567 -52.2 36.3479
    endloop
  endfacet
  facet normal 0.994519 0 -0.104553
    outer loop
      vertex -2.49391 -52.2 36.1744
      vertex -2.47567 -57.2 36.3479
      vertex -2.49391 -57.2 36.1744
    endloop
  endfacet
  facet normal -0.069914 0 0.997553
    outer loop
      vertex 0.0872478 -52.2 33.5015
      vertex 0.261321 -57.2 33.5137
      vertex 0.261321 -52.2 33.5137
    endloop
  endfacet
  facet normal -0.069914 0 0.997553
    outer loop
      vertex 0.261321 -57.2 33.5137
      vertex 0.0872478 -52.2 33.5015
      vertex 0.0872478 -57.2 33.5015
    endloop
  endfacet
  facet normal -0.642549 0 -0.766244
    outer loop
      vertex 1.53915 -57.2 37.97
      vertex 1.67283 -52.2 37.8579
      vertex 1.67283 -57.2 37.8579
    endloop
  endfacet
  facet normal -0.642549 0 -0.766244
    outer loop
      vertex 1.67283 -52.2 37.8579
      vertex 1.53915 -57.2 37.97
      vertex 1.53915 -52.2 37.97
    endloop
  endfacet
  facet normal 0.208021 0 0.978124
    outer loop
      vertex -0.604804 -52.2 33.5743
      vertex -0.43412 -57.2 33.538
      vertex -0.43412 -52.2 33.538
    endloop
  endfacet
  facet normal 0.208021 0 0.978124
    outer loop
      vertex -0.43412 -57.2 33.538
      vertex -0.604804 -52.2 33.5743
      vertex -0.604804 -57.2 33.5743
    endloop
  endfacet
  facet normal -0.994519 0 0.104553
    outer loop
      vertex 2.47567 -57.2 35.6521
      vertex 2.49391 -52.2 35.8256
      vertex 2.47567 -52.2 35.6521
    endloop
  endfacet
  facet normal -0.994519 0 0.104553
    outer loop
      vertex 2.49391 -52.2 35.8256
      vertex 2.47567 -57.2 35.6521
      vertex 2.49391 -57.2 35.8256
    endloop
  endfacet
  facet normal 0.865995 -0 0.500053
    outer loop
      vertex -2.20737 -57.2 34.8263
      vertex -2.12012 -52.2 34.6752
      vertex -2.20737 -52.2 34.8263
    endloop
  endfacet
  facet normal 0.865995 0 0.500053
    outer loop
      vertex -2.12012 -52.2 34.6752
      vertex -2.20737 -57.2 34.8263
      vertex -2.12012 -57.2 34.6752
    endloop
  endfacet
  facet normal -0.587913 0 0.808924
    outer loop
      vertex 1.39798 -52.2 33.9274
      vertex 1.53915 -57.2 34.03
      vertex 1.53915 -52.2 34.03
    endloop
  endfacet
  facet normal -0.587913 0 0.808924
    outer loop
      vertex 1.53915 -57.2 34.03
      vertex 1.39798 -52.2 33.9274
      vertex 1.39798 -57.2 33.9274
    endloop
  endfacet
  facet normal -0.694915 0 0.719091
    outer loop
      vertex 1.67283 -52.2 34.1421
      vertex 1.79835 -57.2 34.2634
      vertex 1.79835 -52.2 34.2634
    endloop
  endfacet
  facet normal -0.694915 0 0.719091
    outer loop
      vertex 1.79835 -57.2 34.2634
      vertex 1.67283 -52.2 34.1421
      vertex 1.67283 -57.2 34.1421
    endloop
  endfacet
  facet normal -0.46938 0 -0.882996
    outer loop
      vertex 1.09593 -57.2 38.247
      vertex 1.25 -52.2 38.1651
      vertex 1.25 -57.2 38.1651
    endloop
  endfacet
  facet normal -0.46938 0 -0.882996
    outer loop
      vertex 1.25 -52.2 38.1651
      vertex 1.09593 -57.2 38.247
      vertex 1.09593 -52.2 38.247
    endloop
  endfacet
  facet normal 0.46938 0 0.882996
    outer loop
      vertex -1.25 -52.2 33.8349
      vertex -1.09593 -57.2 33.753
      vertex -1.09593 -52.2 33.753
    endloop
  endfacet
  facet normal 0.46938 0 0.882996
    outer loop
      vertex -1.09593 -57.2 33.753
      vertex -1.25 -52.2 33.8349
      vertex -1.25 -57.2 33.8349
    endloop
  endfacet
  facet normal 0.898874 -0 0.438208
    outer loop
      vertex -2.28386 -57.2 34.9832
      vertex -2.20737 -52.2 34.8263
      vertex -2.28386 -52.2 34.9832
    endloop
  endfacet
  facet normal 0.898874 0 0.438208
    outer loop
      vertex -2.20737 -52.2 34.8263
      vertex -2.28386 -57.2 34.9832
      vertex -2.20737 -57.2 34.8263
    endloop
  endfacet
  facet normal -0.927187 0 0.374599
    outer loop
      vertex 2.28386 -57.2 34.9832
      vertex 2.34923 -52.2 35.145
      vertex 2.28386 -52.2 34.9832
    endloop
  endfacet
  facet normal -0.927187 0 0.374599
    outer loop
      vertex 2.34923 -52.2 35.145
      vertex 2.28386 -57.2 34.9832
      vertex 2.34923 -57.2 35.145
    endloop
  endfacet
  facet normal 0.642549 0 0.766244
    outer loop
      vertex -1.67283 -52.2 34.1421
      vertex -1.53915 -57.2 34.03
      vertex -1.53915 -52.2 34.03
    endloop
  endfacet
  facet normal 0.642549 0 0.766244
    outer loop
      vertex -1.53915 -57.2 34.03
      vertex -1.67283 -52.2 34.1421
      vertex -1.67283 -57.2 34.1421
    endloop
  endfacet
  facet normal 0.208021 0 -0.978124
    outer loop
      vertex -0.604804 -57.2 38.4257
      vertex -0.43412 -52.2 38.462
      vertex -0.43412 -57.2 38.462
    endloop
  endfacet
  facet normal 0.208021 0 -0.978124
    outer loop
      vertex -0.43412 -52.2 38.462
      vertex -0.604804 -57.2 38.4257
      vertex -0.604804 -52.2 38.4257
    endloop
  endfacet
  facet normal 0.53005 0 -0.847966
    outer loop
      vertex -1.39798 -57.2 38.0726
      vertex -1.25 -52.2 38.1651
      vertex -1.25 -57.2 38.1651
    endloop
  endfacet
  facet normal 0.53005 0 -0.847966
    outer loop
      vertex -1.25 -52.2 38.1651
      vertex -1.39798 -57.2 38.0726
      vertex -1.39798 -52.2 38.0726
    endloop
  endfacet
  facet normal -0.139256 0 -0.990256
    outer loop
      vertex 0.261321 -57.2 38.4863
      vertex 0.43412 -52.2 38.462
      vertex 0.43412 -57.2 38.462
    endloop
  endfacet
  facet normal -0.139256 0 -0.990256
    outer loop
      vertex 0.43412 -52.2 38.462
      vertex 0.261321 -57.2 38.4863
      vertex 0.261321 -52.2 38.4863
    endloop
  endfacet
  facet normal 0.95103 -0 0.309099
    outer loop
      vertex -2.40315 -57.2 35.3109
      vertex -2.34923 -52.2 35.145
      vertex -2.40315 -52.2 35.3109
    endloop
  endfacet
  facet normal 0.95103 0 0.309099
    outer loop
      vertex -2.34923 -52.2 35.145
      vertex -2.40315 -57.2 35.3109
      vertex -2.34923 -57.2 35.145
    endloop
  endfacet
  facet normal -0.208021 0 -0.978124
    outer loop
      vertex 0.43412 -57.2 38.462
      vertex 0.604804 -52.2 38.4257
      vertex 0.604804 -57.2 38.4257
    endloop
  endfacet
  facet normal -0.208021 0 -0.978124
    outer loop
      vertex 0.604804 -52.2 38.4257
      vertex 0.43412 -57.2 38.462
      vertex 0.43412 -52.2 38.462
    endloop
  endfacet
  facet normal 0.927187 -0 0.374599
    outer loop
      vertex -2.34923 -57.2 35.145
      vertex -2.28386 -52.2 34.9832
      vertex -2.34923 -52.2 35.145
    endloop
  endfacet
  facet normal 0.927187 0 0.374599
    outer loop
      vertex -2.28386 -52.2 34.9832
      vertex -2.34923 -57.2 35.145
      vertex -2.28386 -57.2 34.9832
    endloop
  endfacet
  facet normal 0.788002 0 -0.615673
    outer loop
      vertex -1.91511 -57.2 37.607
      vertex -2.02254 -52.2 37.4695
      vertex -1.91511 -52.2 37.607
    endloop
  endfacet
  facet normal 0.788002 0 -0.615673
    outer loop
      vertex -2.02254 -52.2 37.4695
      vertex -1.91511 -57.2 37.607
      vertex -2.02254 -57.2 37.4695
    endloop
  endfacet
  facet normal 0.694915 0 -0.719091
    outer loop
      vertex -1.79835 -57.2 37.7366
      vertex -1.67283 -52.2 37.8579
      vertex -1.67283 -57.2 37.8579
    endloop
  endfacet
  facet normal 0.694915 0 -0.719091
    outer loop
      vertex -1.67283 -52.2 37.8579
      vertex -1.79835 -57.2 37.7366
      vertex -1.79835 -52.2 37.7366
    endloop
  endfacet
  facet normal -0.53005 0 0.847966
    outer loop
      vertex 1.25 -52.2 33.8349
      vertex 1.39798 -57.2 33.9274
      vertex 1.39798 -52.2 33.9274
    endloop
  endfacet
  facet normal -0.53005 0 0.847966
    outer loop
      vertex 1.39798 -57.2 33.9274
      vertex 1.25 -52.2 33.8349
      vertex 1.25 -57.2 33.8349
    endloop
  endfacet
  facet normal 0.406853 0 -0.913494
    outer loop
      vertex -1.09593 -57.2 38.247
      vertex -0.936516 -52.2 38.318
      vertex -0.936516 -57.2 38.318
    endloop
  endfacet
  facet normal 0.406853 0 -0.913494
    outer loop
      vertex -0.936516 -52.2 38.318
      vertex -1.09593 -57.2 38.247
      vertex -1.09593 -52.2 38.247
    endloop
  endfacet
  facet normal -0.984818 0 0.173589
    outer loop
      vertex 2.44537 -57.2 35.4802
      vertex 2.47567 -52.2 35.6521
      vertex 2.44537 -52.2 35.4802
    endloop
  endfacet
  facet normal -0.984818 0 0.173589
    outer loop
      vertex 2.47567 -52.2 35.6521
      vertex 2.44537 -57.2 35.4802
      vertex 2.47567 -57.2 35.6521
    endloop
  endfacet
  facet normal 0.984818 -0 0.173589
    outer loop
      vertex -2.47567 -57.2 35.6521
      vertex -2.44537 -52.2 35.4802
      vertex -2.47567 -52.2 35.6521
    endloop
  endfacet
  facet normal 0.984818 0 0.173589
    outer loop
      vertex -2.44537 -52.2 35.4802
      vertex -2.47567 -57.2 35.6521
      vertex -2.44537 -57.2 35.4802
    endloop
  endfacet
  facet normal -0.139256 0 0.990256
    outer loop
      vertex 0.261321 -52.2 33.5137
      vertex 0.43412 -57.2 33.538
      vertex 0.43412 -52.2 33.538
    endloop
  endfacet
  facet normal -0.139256 0 0.990256
    outer loop
      vertex 0.43412 -57.2 33.538
      vertex 0.261321 -52.2 33.5137
      vertex 0.261321 -57.2 33.5137
    endloop
  endfacet
  facet normal -0.742952 0 0.669345
    outer loop
      vertex 1.79835 -57.2 34.2634
      vertex 1.91511 -52.2 34.393
      vertex 1.79835 -52.2 34.2634
    endloop
  endfacet
  facet normal -0.742952 0 0.669345
    outer loop
      vertex 1.91511 -52.2 34.393
      vertex 1.79835 -57.2 34.2634
      vertex 1.91511 -57.2 34.393
    endloop
  endfacet
  facet normal -0.865995 0 -0.500053
    outer loop
      vertex 2.20737 -57.2 37.1737
      vertex 2.12012 -52.2 37.3248
      vertex 2.20737 -52.2 37.1737
    endloop
  endfacet
  facet normal -0.865995 -0 -0.500053
    outer loop
      vertex 2.12012 -52.2 37.3248
      vertex 2.20737 -57.2 37.1737
      vertex 2.12012 -57.2 37.3248
    endloop
  endfacet
  facet normal 0.069914 0 0.997553
    outer loop
      vertex -0.261321 -52.2 33.5137
      vertex -0.0872478 -57.2 33.5015
      vertex -0.0872478 -52.2 33.5015
    endloop
  endfacet
  facet normal 0.069914 0 0.997553
    outer loop
      vertex -0.0872478 -57.2 33.5015
      vertex -0.261321 -52.2 33.5137
      vertex -0.261321 -57.2 33.5137
    endloop
  endfacet
  facet normal -0.829094 0 0.559109
    outer loop
      vertex 2.02254 -57.2 34.5305
      vertex 2.12012 -52.2 34.6752
      vertex 2.02254 -52.2 34.5305
    endloop
  endfacet
  facet normal -0.829094 0 0.559109
    outer loop
      vertex 2.12012 -52.2 34.6752
      vertex 2.02254 -57.2 34.5305
      vertex 2.12012 -57.2 34.6752
    endloop
  endfacet
  facet normal -0.829094 0 -0.559109
    outer loop
      vertex 2.12012 -57.2 37.3248
      vertex 2.02254 -52.2 37.4695
      vertex 2.12012 -52.2 37.3248
    endloop
  endfacet
  facet normal -0.829094 -0 -0.559109
    outer loop
      vertex 2.02254 -52.2 37.4695
      vertex 2.12012 -57.2 37.3248
      vertex 2.02254 -57.2 37.4695
    endloop
  endfacet
  facet normal -0.694915 0 -0.719091
    outer loop
      vertex 1.67283 -57.2 37.8579
      vertex 1.79835 -52.2 37.7366
      vertex 1.79835 -57.2 37.7366
    endloop
  endfacet
  facet normal -0.694915 0 -0.719091
    outer loop
      vertex 1.79835 -52.2 37.7366
      vertex 1.67283 -57.2 37.8579
      vertex 1.67283 -52.2 37.8579
    endloop
  endfacet
  facet normal 0.139256 0 -0.990256
    outer loop
      vertex -0.43412 -57.2 38.462
      vertex -0.261321 -52.2 38.4863
      vertex -0.261321 -57.2 38.4863
    endloop
  endfacet
  facet normal 0.139256 0 -0.990256
    outer loop
      vertex -0.261321 -52.2 38.4863
      vertex -0.43412 -57.2 38.462
      vertex -0.43412 -52.2 38.462
    endloop
  endfacet
  facet normal -0.999391 0 0.0348985
    outer loop
      vertex 2.49391 -57.2 35.8256
      vertex 2.5 -52.2 36
      vertex 2.49391 -52.2 35.8256
    endloop
  endfacet
  facet normal -0.999391 0 0.0348985
    outer loop
      vertex 2.5 -52.2 36
      vertex 2.49391 -57.2 35.8256
      vertex 2.5 -57.2 36
    endloop
  endfacet
  facet normal -0.95103 0 -0.309099
    outer loop
      vertex 2.40315 -57.2 36.6891
      vertex 2.34923 -52.2 36.855
      vertex 2.40315 -52.2 36.6891
    endloop
  endfacet
  facet normal -0.95103 -0 -0.309099
    outer loop
      vertex 2.34923 -52.2 36.855
      vertex 2.40315 -57.2 36.6891
      vertex 2.34923 -57.2 36.855
    endloop
  endfacet
  facet normal -0.898874 0 -0.438208
    outer loop
      vertex 2.28386 -57.2 37.0168
      vertex 2.20737 -52.2 37.1737
      vertex 2.28386 -52.2 37.0168
    endloop
  endfacet
  facet normal -0.898874 -0 -0.438208
    outer loop
      vertex 2.20737 -52.2 37.1737
      vertex 2.28386 -57.2 37.0168
      vertex 2.20737 -57.2 37.1737
    endloop
  endfacet
  facet normal 0.275647 0 0.961259
    outer loop
      vertex -0.772542 -52.2 33.6224
      vertex -0.604804 -57.2 33.5743
      vertex -0.604804 -52.2 33.5743
    endloop
  endfacet
  facet normal 0.275647 0 0.961259
    outer loop
      vertex -0.604804 -57.2 33.5743
      vertex -0.772542 -52.2 33.6224
      vertex -0.772542 -57.2 33.6224
    endloop
  endfacet
  facet normal 0.139256 0 0.990256
    outer loop
      vertex -0.43412 -52.2 33.538
      vertex -0.261321 -57.2 33.5137
      vertex -0.261321 -52.2 33.5137
    endloop
  endfacet
  facet normal 0.139256 0 0.990256
    outer loop
      vertex -0.261321 -57.2 33.5137
      vertex -0.43412 -52.2 33.538
      vertex -0.43412 -57.2 33.538
    endloop
  endfacet
  facet normal 0 0 -1
    outer loop
      vertex -0.0872478 -57.2 38.4985
      vertex 0.0872478 -52.2 38.4985
      vertex 0.0872478 -57.2 38.4985
    endloop
  endfacet
  facet normal -0 0 -1
    outer loop
      vertex 0.0872478 -52.2 38.4985
      vertex -0.0872478 -57.2 38.4985
      vertex -0.0872478 -52.2 38.4985
    endloop
  endfacet
  facet normal 0.999391 -0 0.0348985
    outer loop
      vertex -2.5 -57.2 36
      vertex -2.49391 -52.2 35.8256
      vertex -2.5 -52.2 36
    endloop
  endfacet
  facet normal 0.999391 0 0.0348985
    outer loop
      vertex -2.49391 -52.2 35.8256
      vertex -2.5 -57.2 36
      vertex -2.49391 -57.2 35.8256
    endloop
  endfacet
  facet normal 0.069914 0 -0.997553
    outer loop
      vertex -0.261321 -57.2 38.4863
      vertex -0.0872478 -52.2 38.4985
      vertex -0.0872478 -57.2 38.4985
    endloop
  endfacet
  facet normal 0.069914 0 -0.997553
    outer loop
      vertex -0.0872478 -52.2 38.4985
      vertex -0.261321 -57.2 38.4863
      vertex -0.261321 -52.2 38.4863
    endloop
  endfacet
  facet normal 0.275647 0 -0.961259
    outer loop
      vertex -0.772542 -57.2 38.3776
      vertex -0.604804 -52.2 38.4257
      vertex -0.604804 -57.2 38.4257
    endloop
  endfacet
  facet normal 0.275647 0 -0.961259
    outer loop
      vertex -0.604804 -52.2 38.4257
      vertex -0.772542 -57.2 38.3776
      vertex -0.772542 -52.2 38.3776
    endloop
  endfacet
  facet normal -0.742952 0 -0.669345
    outer loop
      vertex 1.91511 -57.2 37.607
      vertex 1.79835 -52.2 37.7366
      vertex 1.91511 -52.2 37.607
    endloop
  endfacet
  facet normal -0.742952 -0 -0.669345
    outer loop
      vertex 1.79835 -52.2 37.7366
      vertex 1.91511 -57.2 37.607
      vertex 1.79835 -57.2 37.7366
    endloop
  endfacet
  facet normal -0.95103 0 0.309099
    outer loop
      vertex 2.34923 -57.2 35.145
      vertex 2.40315 -52.2 35.3109
      vertex 2.34923 -52.2 35.145
    endloop
  endfacet
  facet normal -0.95103 0 0.309099
    outer loop
      vertex 2.40315 -52.2 35.3109
      vertex 2.34923 -57.2 35.145
      vertex 2.40315 -57.2 35.3109
    endloop
  endfacet
  facet normal -0 0 1
    outer loop
      vertex -0.0872478 -52.2 33.5015
      vertex 0.0872478 -57.2 33.5015
      vertex 0.0872478 -52.2 33.5015
    endloop
  endfacet
  facet normal 0 0 1
    outer loop
      vertex 0.0872478 -57.2 33.5015
      vertex -0.0872478 -52.2 33.5015
      vertex -0.0872478 -57.2 33.5015
    endloop
  endfacet
  facet normal 0.587913 0 -0.808924
    outer loop
      vertex -1.53915 -57.2 37.97
      vertex -1.39798 -52.2 38.0726
      vertex -1.39798 -57.2 38.0726
    endloop
  endfacet
  facet normal 0.587913 0 -0.808924
    outer loop
      vertex -1.39798 -52.2 38.0726
      vertex -1.53915 -57.2 37.97
      vertex -1.53915 -52.2 37.97
    endloop
  endfacet
  facet normal 0.742952 -0 0.669345
    outer loop
      vertex -1.91511 -57.2 34.393
      vertex -1.79835 -52.2 34.2634
      vertex -1.91511 -52.2 34.393
    endloop
  endfacet
  facet normal 0.742952 0 0.669345
    outer loop
      vertex -1.79835 -52.2 34.2634
      vertex -1.91511 -57.2 34.393
      vertex -1.79835 -57.2 34.2634
    endloop
  endfacet
  facet normal 0.994519 -0 0.104553
    outer loop
      vertex -2.49391 -57.2 35.8256
      vertex -2.47567 -52.2 35.6521
      vertex -2.49391 -52.2 35.8256
    endloop
  endfacet
  facet normal 0.994519 0 0.104553
    outer loop
      vertex -2.47567 -52.2 35.6521
      vertex -2.49391 -57.2 35.8256
      vertex -2.47567 -57.2 35.6521
    endloop
  endfacet
  facet normal -0.069914 0 -0.997553
    outer loop
      vertex 0.0872478 -57.2 38.4985
      vertex 0.261321 -52.2 38.4863
      vertex 0.261321 -57.2 38.4863
    endloop
  endfacet
  facet normal -0.069914 0 -0.997553
    outer loop
      vertex 0.261321 -52.2 38.4863
      vertex 0.0872478 -57.2 38.4985
      vertex 0.0872478 -52.2 38.4985
    endloop
  endfacet
  facet normal -0.341607 0 0.939843
    outer loop
      vertex 0.772542 -52.2 33.6224
      vertex 0.936516 -57.2 33.682
      vertex 0.936516 -52.2 33.682
    endloop
  endfacet
  facet normal -0.341607 0 0.939843
    outer loop
      vertex 0.936516 -57.2 33.682
      vertex 0.772542 -52.2 33.6224
      vertex 0.772542 -57.2 33.6224
    endloop
  endfacet
  facet normal -0.406853 0 0.913494
    outer loop
      vertex 0.936516 -52.2 33.682
      vertex 1.09593 -57.2 33.753
      vertex 1.09593 -52.2 33.753
    endloop
  endfacet
  facet normal -0.406853 0 0.913494
    outer loop
      vertex 1.09593 -57.2 33.753
      vertex 0.936516 -52.2 33.682
      vertex 0.936516 -57.2 33.682
    endloop
  endfacet
  facet normal 0.95103 0 -0.309099
    outer loop
      vertex -2.34923 -57.2 36.855
      vertex -2.40315 -52.2 36.6891
      vertex -2.34923 -52.2 36.855
    endloop
  endfacet
  facet normal 0.95103 0 -0.309099
    outer loop
      vertex -2.40315 -52.2 36.6891
      vertex -2.34923 -57.2 36.855
      vertex -2.40315 -57.2 36.6891
    endloop
  endfacet
  facet normal 0.865995 0 -0.500053
    outer loop
      vertex -2.12012 -57.2 37.3248
      vertex -2.20737 -52.2 37.1737
      vertex -2.12012 -52.2 37.3248
    endloop
  endfacet
  facet normal 0.865995 0 -0.500053
    outer loop
      vertex -2.20737 -52.2 37.1737
      vertex -2.12012 -57.2 37.3248
      vertex -2.20737 -57.2 37.1737
    endloop
  endfacet
  facet normal 0.46938 0 -0.882996
    outer loop
      vertex -1.25 -57.2 38.1651
      vertex -1.09593 -52.2 38.247
      vertex -1.09593 -57.2 38.247
    endloop
  endfacet
  facet normal 0.46938 0 -0.882996
    outer loop
      vertex -1.09593 -52.2 38.247
      vertex -1.25 -57.2 38.1651
      vertex -1.25 -52.2 38.1651
    endloop
  endfacet
  facet normal -0.406853 0 -0.913494
    outer loop
      vertex 0.936516 -57.2 38.318
      vertex 1.09593 -52.2 38.247
      vertex 1.09593 -57.2 38.247
    endloop
  endfacet
  facet normal -0.406853 0 -0.913494
    outer loop
      vertex 1.09593 -52.2 38.247
      vertex 0.936516 -57.2 38.318
      vertex 0.936516 -52.2 38.318
    endloop
  endfacet
  facet normal -0.341607 0 -0.939843
    outer loop
      vertex 0.772542 -57.2 38.3776
      vertex 0.936516 -52.2 38.318
      vertex 0.936516 -57.2 38.318
    endloop
  endfacet
  facet normal -0.341607 0 -0.939843
    outer loop
      vertex 0.936516 -52.2 38.318
      vertex 0.772542 -57.2 38.3776
      vertex 0.772542 -52.2 38.3776
    endloop
  endfacet
  facet normal -0.788002 0 -0.615673
    outer loop
      vertex 2.02254 -57.2 37.4695
      vertex 1.91511 -52.2 37.607
      vertex 2.02254 -52.2 37.4695
    endloop
  endfacet
  facet normal -0.788002 -0 -0.615673
    outer loop
      vertex 1.91511 -52.2 37.607
      vertex 2.02254 -57.2 37.4695
      vertex 1.91511 -57.2 37.607
    endloop
  endfacet
  facet normal -0.587913 0 -0.808924
    outer loop
      vertex 1.39798 -57.2 38.0726
      vertex 1.53915 -52.2 37.97
      vertex 1.53915 -57.2 37.97
    endloop
  endfacet
  facet normal -0.587913 0 -0.808924
    outer loop
      vertex 1.53915 -52.2 37.97
      vertex 1.39798 -57.2 38.0726
      vertex 1.39798 -52.2 38.0726
    endloop
  endfacet
  facet normal 0.341607 0 -0.939843
    outer loop
      vertex -0.936516 -57.2 38.318
      vertex -0.772542 -52.2 38.3776
      vertex -0.772542 -57.2 38.3776
    endloop
  endfacet
  facet normal 0.341607 0 -0.939843
    outer loop
      vertex -0.772542 -52.2 38.3776
      vertex -0.936516 -57.2 38.318
      vertex -0.936516 -52.2 38.318
    endloop
  endfacet
  facet normal 0.642549 0 -0.766244
    outer loop
      vertex -1.67283 -57.2 37.8579
      vertex -1.53915 -52.2 37.97
      vertex -1.53915 -57.2 37.97
    endloop
  endfacet
  facet normal 0.642549 0 -0.766244
    outer loop
      vertex -1.53915 -52.2 37.97
      vertex -1.67283 -57.2 37.8579
      vertex -1.67283 -52.2 37.8579
    endloop
  endfacet
  facet normal -0.970284 0 0.241969
    outer loop
      vertex 2.40315 -57.2 35.3109
      vertex 2.44537 -52.2 35.4802
      vertex 2.40315 -52.2 35.3109
    endloop
  endfacet
  facet normal -0.970284 0 0.241969
    outer loop
      vertex 2.44537 -52.2 35.4802
      vertex 2.40315 -57.2 35.3109
      vertex 2.44537 -57.2 35.4802
    endloop
  endfacet
  facet normal -0.865995 0 0.500053
    outer loop
      vertex 2.12012 -57.2 34.6752
      vertex 2.20737 -52.2 34.8263
      vertex 2.12012 -52.2 34.6752
    endloop
  endfacet
  facet normal -0.865995 0 0.500053
    outer loop
      vertex 2.20737 -52.2 34.8263
      vertex 2.12012 -57.2 34.6752
      vertex 2.20737 -57.2 34.8263
    endloop
  endfacet
  facet normal 0.788002 -0 0.615673
    outer loop
      vertex -2.02254 -57.2 34.5305
      vertex -1.91511 -52.2 34.393
      vertex -2.02254 -52.2 34.5305
    endloop
  endfacet
  facet normal 0.788002 0 0.615673
    outer loop
      vertex -1.91511 -52.2 34.393
      vertex -2.02254 -57.2 34.5305
      vertex -1.91511 -57.2 34.393
    endloop
  endfacet
  facet normal 0.587913 0 0.808924
    outer loop
      vertex -1.53915 -52.2 34.03
      vertex -1.39798 -57.2 33.9274
      vertex -1.39798 -52.2 33.9274
    endloop
  endfacet
  facet normal 0.587913 0 0.808924
    outer loop
      vertex -1.39798 -57.2 33.9274
      vertex -1.53915 -52.2 34.03
      vertex -1.53915 -57.2 34.03
    endloop
  endfacet
  facet normal -0.46938 0 0.882996
    outer loop
      vertex 1.09593 -52.2 33.753
      vertex 1.25 -57.2 33.8349
      vertex 1.25 -52.2 33.8349
    endloop
  endfacet
  facet normal -0.46938 0 0.882996
    outer loop
      vertex 1.25 -57.2 33.8349
      vertex 1.09593 -52.2 33.753
      vertex 1.09593 -57.2 33.753
    endloop
  endfacet
  facet normal 0.984818 0 -0.173589
    outer loop
      vertex -2.44537 -57.2 36.5198
      vertex -2.47567 -52.2 36.3479
      vertex -2.44537 -52.2 36.5198
    endloop
  endfacet
  facet normal 0.984818 0 -0.173589
    outer loop
      vertex -2.47567 -52.2 36.3479
      vertex -2.44537 -57.2 36.5198
      vertex -2.47567 -57.2 36.3479
    endloop
  endfacet
  facet normal 0.898874 0 -0.438208
    outer loop
      vertex -2.20737 -57.2 37.1737
      vertex -2.28386 -52.2 37.0168
      vertex -2.20737 -52.2 37.1737
    endloop
  endfacet
  facet normal 0.898874 0 -0.438208
    outer loop
      vertex -2.28386 -52.2 37.0168
      vertex -2.20737 -57.2 37.1737
      vertex -2.28386 -57.2 37.0168
    endloop
  endfacet
  facet normal -0.898874 0 0.438208
    outer loop
      vertex 2.20737 -57.2 34.8263
      vertex 2.28386 -52.2 34.9832
      vertex 2.20737 -52.2 34.8263
    endloop
  endfacet
  facet normal -0.898874 0 0.438208
    outer loop
      vertex 2.28386 -52.2 34.9832
      vertex 2.20737 -57.2 34.8263
      vertex 2.28386 -57.2 34.9832
    endloop
  endfacet
  facet normal 0.970284 -0 0.241969
    outer loop
      vertex -2.44537 -57.2 35.4802
      vertex -2.40315 -52.2 35.3109
      vertex -2.44537 -52.2 35.4802
    endloop
  endfacet
  facet normal 0.970284 0 0.241969
    outer loop
      vertex -2.40315 -52.2 35.3109
      vertex -2.44537 -57.2 35.4802
      vertex -2.40315 -57.2 35.3109
    endloop
  endfacet
  facet normal 0.341607 0 0.939843
    outer loop
      vertex -0.936516 -52.2 33.682
      vertex -0.772542 -57.2 33.6224
      vertex -0.772542 -52.2 33.6224
    endloop
  endfacet
  facet normal 0.341607 0 0.939843
    outer loop
      vertex -0.772542 -57.2 33.6224
      vertex -0.936516 -52.2 33.682
      vertex -0.936516 -57.2 33.682
    endloop
  endfacet
  facet normal 0.406853 0 0.913494
    outer loop
      vertex -1.09593 -52.2 33.753
      vertex -0.936516 -57.2 33.682
      vertex -0.936516 -52.2 33.682
    endloop
  endfacet
  facet normal 0.406853 0 0.913494
    outer loop
      vertex -0.936516 -57.2 33.682
      vertex -1.09593 -52.2 33.753
      vertex -1.09593 -57.2 33.753
    endloop
  endfacet
  facet normal -0.788002 0 0.615673
    outer loop
      vertex 1.91511 -57.2 34.393
      vertex 2.02254 -52.2 34.5305
      vertex 1.91511 -52.2 34.393
    endloop
  endfacet
  facet normal -0.788002 0 0.615673
    outer loop
      vertex 2.02254 -52.2 34.5305
      vertex 1.91511 -57.2 34.393
      vertex 2.02254 -57.2 34.5305
    endloop
  endfacet
  facet normal -0.208021 0 0.978124
    outer loop
      vertex 0.43412 -52.2 33.538
      vertex 0.604804 -57.2 33.5743
      vertex 0.604804 -52.2 33.5743
    endloop
  endfacet
  facet normal -0.208021 0 0.978124
    outer loop
      vertex 0.604804 -57.2 33.5743
      vertex 0.43412 -52.2 33.538
      vertex 0.43412 -57.2 33.538
    endloop
  endfacet
  facet normal 0.829094 0 -0.559109
    outer loop
      vertex -2.02254 -57.2 37.4695
      vertex -2.12012 -52.2 37.3248
      vertex -2.02254 -52.2 37.4695
    endloop
  endfacet
  facet normal 0.829094 0 -0.559109
    outer loop
      vertex -2.12012 -52.2 37.3248
      vertex -2.02254 -57.2 37.4695
      vertex -2.12012 -57.2 37.3248
    endloop
  endfacet
  facet normal 0 1 0
    outer loop
      vertex 0.261321 -57.2 38.4863
      vertex -0.0872478 -57.2 38.4985
      vertex 0.0872478 -57.2 38.4985
    endloop
  endfacet
  facet normal 0 1 0
    outer loop
      vertex 0.261321 -57.2 38.4863
      vertex -0.261321 -57.2 38.4863
      vertex -0.0872478 -57.2 38.4985
    endloop
  endfacet
  facet normal 0 1 0
    outer loop
      vertex 0.43412 -57.2 38.462
      vertex -0.261321 -57.2 38.4863
      vertex 0.261321 -57.2 38.4863
    endloop
  endfacet
  facet normal 0 1 0
    outer loop
      vertex 0.43412 -57.2 38.462
      vertex -0.43412 -57.2 38.462
      vertex -0.261321 -57.2 38.4863
    endloop
  endfacet
  facet normal 0 1 0
    outer loop
      vertex 0.604804 -57.2 38.4257
      vertex -0.43412 -57.2 38.462
      vertex 0.43412 -57.2 38.462
    endloop
  endfacet
  facet normal 0 1 0
    outer loop
      vertex 0.604804 -57.2 38.4257
      vertex -0.604804 -57.2 38.4257
      vertex -0.43412 -57.2 38.462
    endloop
  endfacet
  facet normal 0 1 0
    outer loop
      vertex 0.772542 -57.2 38.3776
      vertex -0.604804 -57.2 38.4257
      vertex 0.604804 -57.2 38.4257
    endloop
  endfacet
  facet normal 0 1 0
    outer loop
      vertex 0.772542 -57.2 38.3776
      vertex -0.772542 -57.2 38.3776
      vertex -0.604804 -57.2 38.4257
    endloop
  endfacet
  facet normal 0 1 0
    outer loop
      vertex 0.936516 -57.2 38.318
      vertex -0.772542 -57.2 38.3776
      vertex 0.772542 -57.2 38.3776
    endloop
  endfacet
  facet normal 0 1 0
    outer loop
      vertex 0.936516 -57.2 38.318
      vertex -0.936516 -57.2 38.318
      vertex -0.772542 -57.2 38.3776
    endloop
  endfacet
  facet normal 0 1 0
    outer loop
      vertex 1.09593 -57.2 38.247
      vertex -0.936516 -57.2 38.318
      vertex 0.936516 -57.2 38.318
    endloop
  endfacet
  facet normal 0 1 0
    outer loop
      vertex 1.09593 -57.2 38.247
      vertex -1.09593 -57.2 38.247
      vertex -0.936516 -57.2 38.318
    endloop
  endfacet
  facet normal 0 1 0
    outer loop
      vertex 1.25 -57.2 38.1651
      vertex -1.09593 -57.2 38.247
      vertex 1.09593 -57.2 38.247
    endloop
  endfacet
  facet normal 0 1 0
    outer loop
      vertex 1.25 -57.2 38.1651
      vertex -1.25 -57.2 38.1651
      vertex -1.09593 -57.2 38.247
    endloop
  endfacet
  facet normal 0 1 0
    outer loop
      vertex 1.39798 -57.2 38.0726
      vertex -1.25 -57.2 38.1651
      vertex 1.25 -57.2 38.1651
    endloop
  endfacet
  facet normal 0 1 0
    outer loop
      vertex 1.39798 -57.2 38.0726
      vertex -1.39798 -57.2 38.0726
      vertex -1.25 -57.2 38.1651
    endloop
  endfacet
  facet normal 0 1 0
    outer loop
      vertex 1.53915 -57.2 37.97
      vertex -1.39798 -57.2 38.0726
      vertex 1.39798 -57.2 38.0726
    endloop
  endfacet
  facet normal 0 1 0
    outer loop
      vertex 1.53915 -57.2 37.97
      vertex -1.53915 -57.2 37.97
      vertex -1.39798 -57.2 38.0726
    endloop
  endfacet
  facet normal 0 1 0
    outer loop
      vertex 1.67283 -57.2 37.8579
      vertex -1.53915 -57.2 37.97
      vertex 1.53915 -57.2 37.97
    endloop
  endfacet
  facet normal 0 1 0
    outer loop
      vertex 1.67283 -57.2 37.8579
      vertex -1.67283 -57.2 37.8579
      vertex -1.53915 -57.2 37.97
    endloop
  endfacet
  facet normal 0 1 0
    outer loop
      vertex 1.79835 -57.2 37.7366
      vertex -1.67283 -57.2 37.8579
      vertex 1.67283 -57.2 37.8579
    endloop
  endfacet
  facet normal 0 1 0
    outer loop
      vertex 1.79835 -57.2 37.7366
      vertex -1.79835 -57.2 37.7366
      vertex -1.67283 -57.2 37.8579
    endloop
  endfacet
  facet normal 0 1 0
    outer loop
      vertex 1.91511 -57.2 37.607
      vertex -1.79835 -57.2 37.7366
      vertex 1.79835 -57.2 37.7366
    endloop
  endfacet
  facet normal 0 1 0
    outer loop
      vertex 1.91511 -57.2 37.607
      vertex -1.91511 -57.2 37.607
      vertex -1.79835 -57.2 37.7366
    endloop
  endfacet
  facet normal 0 1 0
    outer loop
      vertex 2.02254 -57.2 37.4695
      vertex -1.91511 -57.2 37.607
      vertex 1.91511 -57.2 37.607
    endloop
  endfacet
  facet normal 0 1 0
    outer loop
      vertex 2.02254 -57.2 37.4695
      vertex -2.02254 -57.2 37.4695
      vertex -1.91511 -57.2 37.607
    endloop
  endfacet
  facet normal 0 1 0
    outer loop
      vertex 2.12012 -57.2 37.3248
      vertex -2.02254 -57.2 37.4695
      vertex 2.02254 -57.2 37.4695
    endloop
  endfacet
  facet normal 0 1 0
    outer loop
      vertex 2.12012 -57.2 37.3248
      vertex -2.12012 -57.2 37.3248
      vertex -2.02254 -57.2 37.4695
    endloop
  endfacet
  facet normal 0 1 0
    outer loop
      vertex 2.20737 -57.2 37.1737
      vertex -2.12012 -57.2 37.3248
      vertex 2.12012 -57.2 37.3248
    endloop
  endfacet
  facet normal 0 1 0
    outer loop
      vertex 2.20737 -57.2 37.1737
      vertex -2.20737 -57.2 37.1737
      vertex -2.12012 -57.2 37.3248
    endloop
  endfacet
  facet normal 0 1 0
    outer loop
      vertex 2.28386 -57.2 37.0168
      vertex -2.20737 -57.2 37.1737
      vertex 2.20737 -57.2 37.1737
    endloop
  endfacet
  facet normal 0 1 0
    outer loop
      vertex 2.28386 -57.2 37.0168
      vertex -2.28386 -57.2 37.0168
      vertex -2.20737 -57.2 37.1737
    endloop
  endfacet
  facet normal 0 1 0
    outer loop
      vertex 2.34923 -57.2 36.855
      vertex -2.28386 -57.2 37.0168
      vertex 2.28386 -57.2 37.0168
    endloop
  endfacet
  facet normal 0 1 0
    outer loop
      vertex 2.34923 -57.2 36.855
      vertex -2.34923 -57.2 36.855
      vertex -2.28386 -57.2 37.0168
    endloop
  endfacet
  facet normal 0 1 0
    outer loop
      vertex 2.40315 -57.2 36.6891
      vertex -2.34923 -57.2 36.855
      vertex 2.34923 -57.2 36.855
    endloop
  endfacet
  facet normal 0 1 0
    outer loop
      vertex 2.40315 -57.2 36.6891
      vertex -2.40315 -57.2 36.6891
      vertex -2.34923 -57.2 36.855
    endloop
  endfacet
  facet normal 0 1 0
    outer loop
      vertex 2.44537 -57.2 36.5198
      vertex -2.40315 -57.2 36.6891
      vertex 2.40315 -57.2 36.6891
    endloop
  endfacet
  facet normal 0 1 0
    outer loop
      vertex 2.44537 -57.2 36.5198
      vertex -2.44537 -57.2 36.5198
      vertex -2.40315 -57.2 36.6891
    endloop
  endfacet
  facet normal 0 1 0
    outer loop
      vertex 2.47567 -57.2 36.3479
      vertex -2.44537 -57.2 36.5198
      vertex 2.44537 -57.2 36.5198
    endloop
  endfacet
  facet normal 0 1 0
    outer loop
      vertex 2.47567 -57.2 36.3479
      vertex -2.47567 -57.2 36.3479
      vertex -2.44537 -57.2 36.5198
    endloop
  endfacet
  facet normal 0 1 0
    outer loop
      vertex 2.49391 -57.2 36.1744
      vertex -2.47567 -57.2 36.3479
      vertex 2.47567 -57.2 36.3479
    endloop
  endfacet
  facet normal 0 1 0
    outer loop
      vertex 2.49391 -57.2 36.1744
      vertex -2.49391 -57.2 36.1744
      vertex -2.47567 -57.2 36.3479
    endloop
  endfacet
  facet normal 0 1 0
    outer loop
      vertex 2.5 -57.2 36
      vertex -2.49391 -57.2 36.1744
      vertex 2.49391 -57.2 36.1744
    endloop
  endfacet
  facet normal 0 1 0
    outer loop
      vertex 2.5 -57.2 36
      vertex -2.5 -57.2 36
      vertex -2.49391 -57.2 36.1744
    endloop
  endfacet
  facet normal 0 1 -0
    outer loop
      vertex 2.49391 -57.2 35.8256
      vertex -2.5 -57.2 36
      vertex 2.5 -57.2 36
    endloop
  endfacet
  facet normal 0 1 0
    outer loop
      vertex 2.49391 -57.2 35.8256
      vertex -2.49391 -57.2 35.8256
      vertex -2.5 -57.2 36
    endloop
  endfacet
  facet normal 0 1 -0
    outer loop
      vertex 2.47567 -57.2 35.6521
      vertex -2.49391 -57.2 35.8256
      vertex 2.49391 -57.2 35.8256
    endloop
  endfacet
  facet normal 0 1 0
    outer loop
      vertex 2.47567 -57.2 35.6521
      vertex -2.47567 -57.2 35.6521
      vertex -2.49391 -57.2 35.8256
    endloop
  endfacet
  facet normal 0 1 -0
    outer loop
      vertex 2.44537 -57.2 35.4802
      vertex -2.47567 -57.2 35.6521
      vertex 2.47567 -57.2 35.6521
    endloop
  endfacet
  facet normal 0 1 0
    outer loop
      vertex 2.44537 -57.2 35.4802
      vertex -2.44537 -57.2 35.4802
      vertex -2.47567 -57.2 35.6521
    endloop
  endfacet
  facet normal 0 1 -0
    outer loop
      vertex 2.40315 -57.2 35.3109
      vertex -2.44537 -57.2 35.4802
      vertex 2.44537 -57.2 35.4802
    endloop
  endfacet
  facet normal 0 1 0
    outer loop
      vertex 2.40315 -57.2 35.3109
      vertex -2.40315 -57.2 35.3109
      vertex -2.44537 -57.2 35.4802
    endloop
  endfacet
  facet normal 0 1 -0
    outer loop
      vertex 2.34923 -57.2 35.145
      vertex -2.40315 -57.2 35.3109
      vertex 2.40315 -57.2 35.3109
    endloop
  endfacet
  facet normal 0 1 0
    outer loop
      vertex 2.34923 -57.2 35.145
      vertex -2.34923 -57.2 35.145
      vertex -2.40315 -57.2 35.3109
    endloop
  endfacet
  facet normal 0 1 -0
    outer loop
      vertex 2.28386 -57.2 34.9832
      vertex -2.34923 -57.2 35.145
      vertex 2.34923 -57.2 35.145
    endloop
  endfacet
  facet normal 0 1 0
    outer loop
      vertex 2.28386 -57.2 34.9832
      vertex -2.28386 -57.2 34.9832
      vertex -2.34923 -57.2 35.145
    endloop
  endfacet
  facet normal 0 1 -0
    outer loop
      vertex 2.20737 -57.2 34.8263
      vertex -2.28386 -57.2 34.9832
      vertex 2.28386 -57.2 34.9832
    endloop
  endfacet
  facet normal 0 1 0
    outer loop
      vertex 2.20737 -57.2 34.8263
      vertex -2.20737 -57.2 34.8263
      vertex -2.28386 -57.2 34.9832
    endloop
  endfacet
  facet normal 0 1 -0
    outer loop
      vertex 2.12012 -57.2 34.6752
      vertex -2.20737 -57.2 34.8263
      vertex 2.20737 -57.2 34.8263
    endloop
  endfacet
  facet normal 0 1 0
    outer loop
      vertex 2.12012 -57.2 34.6752
      vertex -2.12012 -57.2 34.6752
      vertex -2.20737 -57.2 34.8263
    endloop
  endfacet
  facet normal 0 1 -0
    outer loop
      vertex 2.02254 -57.2 34.5305
      vertex -2.12012 -57.2 34.6752
      vertex 2.12012 -57.2 34.6752
    endloop
  endfacet
  facet normal 0 1 0
    outer loop
      vertex 2.02254 -57.2 34.5305
      vertex -2.02254 -57.2 34.5305
      vertex -2.12012 -57.2 34.6752
    endloop
  endfacet
  facet normal 0 1 -0
    outer loop
      vertex 1.91511 -57.2 34.393
      vertex -2.02254 -57.2 34.5305
      vertex 2.02254 -57.2 34.5305
    endloop
  endfacet
  facet normal 0 1 0
    outer loop
      vertex 1.91511 -57.2 34.393
      vertex -1.91511 -57.2 34.393
      vertex -2.02254 -57.2 34.5305
    endloop
  endfacet
  facet normal 0 1 -0
    outer loop
      vertex 1.79835 -57.2 34.2634
      vertex -1.91511 -57.2 34.393
      vertex 1.91511 -57.2 34.393
    endloop
  endfacet
  facet normal 0 1 0
    outer loop
      vertex 1.79835 -57.2 34.2634
      vertex -1.79835 -57.2 34.2634
      vertex -1.91511 -57.2 34.393
    endloop
  endfacet
  facet normal 0 1 -0
    outer loop
      vertex 1.67283 -57.2 34.1421
      vertex -1.79835 -57.2 34.2634
      vertex 1.79835 -57.2 34.2634
    endloop
  endfacet
  facet normal 0 1 0
    outer loop
      vertex 1.67283 -57.2 34.1421
      vertex -1.67283 -57.2 34.1421
      vertex -1.79835 -57.2 34.2634
    endloop
  endfacet
  facet normal 0 1 -0
    outer loop
      vertex 1.53915 -57.2 34.03
      vertex -1.67283 -57.2 34.1421
      vertex 1.67283 -57.2 34.1421
    endloop
  endfacet
  facet normal 0 1 0
    outer loop
      vertex 1.53915 -57.2 34.03
      vertex -1.53915 -57.2 34.03
      vertex -1.67283 -57.2 34.1421
    endloop
  endfacet
  facet normal 0 1 -0
    outer loop
      vertex 1.39798 -57.2 33.9274
      vertex -1.53915 -57.2 34.03
      vertex 1.53915 -57.2 34.03
    endloop
  endfacet
  facet normal 0 1 0
    outer loop
      vertex 1.39798 -57.2 33.9274
      vertex -1.39798 -57.2 33.9274
      vertex -1.53915 -57.2 34.03
    endloop
  endfacet
  facet normal 0 1 -0
    outer loop
      vertex 1.25 -57.2 33.8349
      vertex -1.39798 -57.2 33.9274
      vertex 1.39798 -57.2 33.9274
    endloop
  endfacet
  facet normal 0 1 0
    outer loop
      vertex 1.25 -57.2 33.8349
      vertex -1.25 -57.2 33.8349
      vertex -1.39798 -57.2 33.9274
    endloop
  endfacet
  facet normal 0 1 -0
    outer loop
      vertex 1.09593 -57.2 33.753
      vertex -1.25 -57.2 33.8349
      vertex 1.25 -57.2 33.8349
    endloop
  endfacet
  facet normal 0 1 0
    outer loop
      vertex 1.09593 -57.2 33.753
      vertex -1.09593 -57.2 33.753
      vertex -1.25 -57.2 33.8349
    endloop
  endfacet
  facet normal 0 1 -0
    outer loop
      vertex 0.936516 -57.2 33.682
      vertex -1.09593 -57.2 33.753
      vertex 1.09593 -57.2 33.753
    endloop
  endfacet
  facet normal 0 1 0
    outer loop
      vertex 0.936516 -57.2 33.682
      vertex -0.936516 -57.2 33.682
      vertex -1.09593 -57.2 33.753
    endloop
  endfacet
  facet normal 0 1 -0
    outer loop
      vertex 0.772542 -57.2 33.6224
      vertex -0.936516 -57.2 33.682
      vertex 0.936516 -57.2 33.682
    endloop
  endfacet
  facet normal 0 1 0
    outer loop
      vertex 0.772542 -57.2 33.6224
      vertex -0.772542 -57.2 33.6224
      vertex -0.936516 -57.2 33.682
    endloop
  endfacet
  facet normal 0 1 -0
    outer loop
      vertex 0.604804 -57.2 33.5743
      vertex -0.772542 -57.2 33.6224
      vertex 0.772542 -57.2 33.6224
    endloop
  endfacet
  facet normal 0 1 0
    outer loop
      vertex 0.604804 -57.2 33.5743
      vertex -0.604804 -57.2 33.5743
      vertex -0.772542 -57.2 33.6224
    endloop
  endfacet
  facet normal 0 1 -0
    outer loop
      vertex 0.43412 -57.2 33.538
      vertex -0.604804 -57.2 33.5743
      vertex 0.604804 -57.2 33.5743
    endloop
  endfacet
  facet normal 0 1 0
    outer loop
      vertex 0.43412 -57.2 33.538
      vertex -0.43412 -57.2 33.538
      vertex -0.604804 -57.2 33.5743
    endloop
  endfacet
  facet normal 0 1 -0
    outer loop
      vertex 0.261321 -57.2 33.5137
      vertex -0.43412 -57.2 33.538
      vertex 0.43412 -57.2 33.538
    endloop
  endfacet
  facet normal 0 1 0
    outer loop
      vertex 0.261321 -57.2 33.5137
      vertex -0.261321 -57.2 33.5137
      vertex -0.43412 -57.2 33.538
    endloop
  endfacet
  facet normal 0 1 -0
    outer loop
      vertex 0.0872478 -57.2 33.5015
      vertex -0.261321 -57.2 33.5137
      vertex 0.261321 -57.2 33.5137
    endloop
  endfacet
  facet normal 0 1 0
    outer loop
      vertex -0.261321 -57.2 33.5137
      vertex 0.0872478 -57.2 33.5015
      vertex -0.0872478 -57.2 33.5015
    endloop
  endfacet
  facet normal -0.642549 0 0.766244
    outer loop
      vertex 1.53915 -52.2 34.03
      vertex 1.67283 -57.2 34.1421
      vertex 1.67283 -52.2 34.1421
    endloop
  endfacet
  facet normal -0.642549 0 0.766244
    outer loop
      vertex 1.67283 -57.2 34.1421
      vertex 1.53915 -52.2 34.03
      vertex 1.53915 -57.2 34.03
    endloop
  endfacet
  facet normal 0.53005 0 0.847966
    outer loop
      vertex -1.39798 -52.2 33.9274
      vertex -1.25 -57.2 33.8349
      vertex -1.25 -52.2 33.8349
    endloop
  endfacet
  facet normal 0.53005 0 0.847966
    outer loop
      vertex -1.25 -57.2 33.8349
      vertex -1.39798 -52.2 33.9274
      vertex -1.39798 -57.2 33.9274
    endloop
  endfacet
  facet normal 0.984812 0 -0.173622
    outer loop
      vertex -3.66805 -47.91 46.7797
      vertex -3.7135 -47.9 46.5219
      vertex -3.66805 -47.9 46.7797
    endloop
  endfacet
  facet normal 0.984812 0 -0.173622
    outer loop
      vertex -3.7135 -47.9 46.5219
      vertex -3.66805 -47.91 46.7797
      vertex -3.7135 -47.91 46.5219
    endloop
  endfacet
  facet normal -0.994521 0 -0.104534
    outer loop
      vertex 3.74086 -47.91 46.2616
      vertex 3.7135 -47.9 46.5219
      vertex 3.74086 -47.9 46.2616
    endloop
  endfacet
  facet normal -0.994521 -0 -0.104534
    outer loop
      vertex 3.7135 -47.9 46.5219
      vertex 3.74086 -47.91 46.2616
      vertex 3.7135 -47.91 46.5219
    endloop
  endfacet
  facet normal -0.99939 0 -0.0349175
    outer loop
      vertex 3.75 -47.91 46
      vertex 3.74086 -47.9 46.2616
      vertex 3.75 -47.9 46
    endloop
  endfacet
  facet normal -0.99939 -0 -0.0349175
    outer loop
      vertex 3.74086 -47.9 46.2616
      vertex 3.75 -47.91 46
      vertex 3.74086 -47.91 46.2616
    endloop
  endfacet
  facet normal -0.0695342 0 0.99758
    outer loop
      vertex 0.130873 -47.9 42.2523
      vertex 0.391981 -47.91 42.2705
      vertex 0.391981 -47.9 42.2705
    endloop
  endfacet
  facet normal -0.0695342 0 0.99758
    outer loop
      vertex 0.391981 -47.91 42.2705
      vertex 0.130873 -47.9 42.2523
      vertex 0.130873 -47.91 42.2523
    endloop
  endfacet
  facet normal -0.406535 0 -0.913635
    outer loop
      vertex 1.40477 -47.91 49.4769
      vertex 1.64389 -47.9 49.3705
      vertex 1.64389 -47.91 49.3705
    endloop
  endfacet
  facet normal -0.406535 0 -0.913635
    outer loop
      vertex 1.64389 -47.9 49.3705
      vertex 1.40477 -47.91 49.4769
      vertex 1.40477 -47.9 49.4769
    endloop
  endfacet
  facet normal 0.694619 0 -0.719378
    outer loop
      vertex -2.69752 -47.91 48.605
      vertex -2.50924 -47.9 48.7868
      vertex -2.50924 -47.91 48.7868
    endloop
  endfacet
  facet normal 0.694619 0 -0.719378
    outer loop
      vertex -2.50924 -47.9 48.7868
      vertex -2.69752 -47.91 48.605
      vertex -2.69752 -47.9 48.605
    endloop
  endfacet
  facet normal 0 1 0
    outer loop
      vertex 0.130873 -47.91 49.7477
      vertex 0.130524 -47.91 49.7377
      vertex -0.130873 -47.91 49.7477
    endloop
  endfacet
  facet normal 0 1 -0
    outer loop
      vertex 0.388369 -47.91 49.7197
      vertex 0.130873 -47.91 49.7477
      vertex 0.391981 -47.91 49.7295
    endloop
  endfacet
  facet normal 0 1 0
    outer loop
      vertex 0.130873 -47.91 49.7477
      vertex 0.388369 -47.91 49.7197
      vertex 0.130524 -47.91 49.7377
    endloop
  endfacet
  facet normal 0 1 0
    outer loop
      vertex 0.391981 -47.91 49.7295
      vertex 0.390936 -47.91 49.7195
      vertex 0.388369 -47.91 49.7197
    endloop
  endfacet
  facet normal 0 1 0
    outer loop
      vertex 0.391981 -47.91 49.7295
      vertex 0.393485 -47.91 49.7192
      vertex 0.390936 -47.91 49.7195
    endloop
  endfacet
  facet normal 0 1 0
    outer loop
      vertex 0.65118 -47.91 49.693
      vertex 0.393485 -47.91 49.7192
      vertex 0.391981 -47.91 49.7295
    endloop
  endfacet
  facet normal 0 1 0
    outer loop
      vertex 0.65118 -47.91 49.693
      vertex 0.649444 -47.91 49.6832
      vertex 0.393485 -47.91 49.7192
    endloop
  endfacet
  facet normal 0 1 -0
    outer loop
      vertex 0.90227 -47.91 49.6294
      vertex 0.65118 -47.91 49.693
      vertex 0.907207 -47.91 49.6386
    endloop
  endfacet
  facet normal 0 1 0
    outer loop
      vertex 0.65118 -47.91 49.693
      vertex 0.90227 -47.91 49.6294
      vertex 0.649444 -47.91 49.6832
    endloop
  endfacet
  facet normal 0 1 0
    outer loop
      vertex 0.907207 -47.91 49.6386
      vertex 0.904787 -47.91 49.6289
      vertex 0.90227 -47.91 49.6294
    endloop
  endfacet
  facet normal 0 1 0
    outer loop
      vertex 0.907207 -47.91 49.6386
      vertex 0.907261 -47.91 49.6282
      vertex 0.904787 -47.91 49.6289
    endloop
  endfacet
  facet normal 0 1 0
    outer loop
      vertex 1.15881 -47.91 49.5665
      vertex 0.907261 -47.91 49.6282
      vertex 0.907207 -47.91 49.6386
    endloop
  endfacet
  facet normal 0 1 0
    outer loop
      vertex 1.15881 -47.91 49.5665
      vertex 1.15572 -47.91 49.557
      vertex 0.907261 -47.91 49.6282
    endloop
  endfacet
  facet normal 0 1 0
    outer loop
      vertex 1.15881 -47.91 49.5665
      vertex 1.15814 -47.91 49.5561
      vertex 1.15572 -47.91 49.557
    endloop
  endfacet
  facet normal 0 1 0
    outer loop
      vertex 1.40477 -47.91 49.4769
      vertex 1.15814 -47.91 49.5561
      vertex 1.15881 -47.91 49.5665
    endloop
  endfacet
  facet normal 0 1 0
    outer loop
      vertex 1.40477 -47.91 49.4769
      vertex 1.40103 -47.91 49.4677
      vertex 1.15814 -47.91 49.5561
    endloop
  endfacet
  facet normal 0 1 -0
    outer loop
      vertex 1.63716 -47.91 49.3625
      vertex 1.40477 -47.91 49.4769
      vertex 1.64389 -47.91 49.3705
    endloop
  endfacet
  facet normal 0 1 0
    outer loop
      vertex 1.40477 -47.91 49.4769
      vertex 1.63716 -47.91 49.3625
      vertex 1.40103 -47.91 49.4677
    endloop
  endfacet
  facet normal 0 1 0
    outer loop
      vertex 1.64389 -47.91 49.3705
      vertex 1.63951 -47.91 49.3615
      vertex 1.63716 -47.91 49.3625
    endloop
  endfacet
  facet normal 0 1 -0
    outer loop
      vertex 1.86773 -47.91 49.2401
      vertex 1.64389 -47.91 49.3705
      vertex 1.875 -47.91 49.2476
    endloop
  endfacet
  facet normal 0 1 0
    outer loop
      vertex 1.64389 -47.91 49.3705
      vertex 1.86773 -47.91 49.2401
      vertex 1.63951 -47.91 49.3615
    endloop
  endfacet
  facet normal 0 1 0
    outer loop
      vertex 1.875 -47.91 49.2476
      vertex 1.87 -47.91 49.2389
      vertex 1.86773 -47.91 49.2401
    endloop
  endfacet
  facet normal 0 1 0
    outer loop
      vertex 1.875 -47.91 49.2476
      vertex 1.87218 -47.91 49.2376
      vertex 1.87 -47.91 49.2389
    endloop
  endfacet
  facet normal 0 1 0
    outer loop
      vertex 2.09697 -47.91 49.1089
      vertex 1.87218 -47.91 49.2376
      vertex 1.875 -47.91 49.2476
    endloop
  endfacet
  facet normal 0 1 0
    outer loop
      vertex 2.09697 -47.91 49.1089
      vertex 2.09138 -47.91 49.1006
      vertex 1.87218 -47.91 49.2376
    endloop
  endfacet
  facet normal 0 1 0
    outer loop
      vertex 2.09697 -47.91 49.1089
      vertex 2.09346 -47.91 49.0991
      vertex 2.09138 -47.91 49.1006
    endloop
  endfacet
  facet normal 0 1 0
    outer loop
      vertex 2.30873 -47.91 48.955
      vertex 2.09346 -47.91 49.0991
      vertex 2.09697 -47.91 49.1089
    endloop
  endfacet
  facet normal 0 1 0
    outer loop
      vertex 2.30873 -47.91 48.955
      vertex 2.30257 -47.91 48.9472
      vertex 2.09346 -47.91 49.0991
    endloop
  endfacet
  facet normal 0 1 -0
    outer loop
      vertex 2.50058 -47.91 48.781
      vertex 2.30873 -47.91 48.955
      vertex 2.50924 -47.91 48.7868
    endloop
  endfacet
  facet normal 0 1 0
    outer loop
      vertex 2.30873 -47.91 48.955
      vertex 2.50058 -47.91 48.781
      vertex 2.30257 -47.91 48.9472
    endloop
  endfacet
  facet normal 0 1 0
    outer loop
      vertex 2.50924 -47.91 48.7868
      vertex 2.50255 -47.91 48.7794
      vertex 2.50058 -47.91 48.781
    endloop
  endfacet
  facet normal 0 1 0
    outer loop
      vertex 2.50924 -47.91 48.7868
      vertex 2.5044 -47.91 48.7776
      vertex 2.50255 -47.91 48.7794
    endloop
  endfacet
  facet normal 0 1 0
    outer loop
      vertex 2.69752 -47.91 48.605
      vertex 2.5044 -47.91 48.7776
      vertex 2.50924 -47.91 48.7868
    endloop
  endfacet
  facet normal 0 1 0
    outer loop
      vertex 2.69752 -47.91 48.605
      vertex 2.69033 -47.91 48.598
      vertex 2.5044 -47.91 48.7776
    endloop
  endfacet
  facet normal 0 1 -0
    outer loop
      vertex 2.86328 -47.91 48.4059
      vertex 2.69752 -47.91 48.605
      vertex 2.87267 -47.91 48.4105
    endloop
  endfacet
  facet normal 0 1 0
    outer loop
      vertex 2.69752 -47.91 48.605
      vertex 2.86328 -47.91 48.4059
      vertex 2.69033 -47.91 48.598
    endloop
  endfacet
  facet normal 0 1 0
    outer loop
      vertex 2.87267 -47.91 48.4105
      vertex 2.86501 -47.91 48.404
      vertex 2.86328 -47.91 48.4059
    endloop
  endfacet
  facet normal 0 1 -0
    outer loop
      vertex 3.02414 -47.91 48.2003
      vertex 2.87267 -47.91 48.4105
      vertex 3.03381 -47.91 48.2042
    endloop
  endfacet
  facet normal 0 1 0
    outer loop
      vertex 2.87267 -47.91 48.4105
      vertex 3.02414 -47.91 48.2003
      vertex 2.86501 -47.91 48.404
    endloop
  endfacet
  facet normal 0 1 0
    outer loop
      vertex 3.03381 -47.91 48.2042
      vertex 3.02572 -47.91 48.1983
      vertex 3.02414 -47.91 48.2003
    endloop
  endfacet
  facet normal 0 1 0
    outer loop
      vertex 3.03381 -47.91 48.2042
      vertex 3.02716 -47.91 48.1962
      vertex 3.02572 -47.91 48.1983
    endloop
  endfacet
  facet normal 0 1 0
    outer loop
      vertex 3.18018 -47.91 47.9872
      vertex 3.02716 -47.91 48.1962
      vertex 3.03381 -47.91 48.2042
    endloop
  endfacet
  facet normal 0 1 0
    outer loop
      vertex 3.18018 -47.91 47.9872
      vertex 3.1717 -47.91 47.9819
      vertex 3.02716 -47.91 48.1962
    endloop
  endfacet
  facet normal 0 1 0
    outer loop
      vertex 3.18018 -47.91 47.9872
      vertex 3.17299 -47.91 47.9797
      vertex 3.1717 -47.91 47.9819
    endloop
  endfacet
  facet normal 0 1 0
    outer loop
      vertex 3.31105 -47.91 47.7605
      vertex 3.17299 -47.91 47.9797
      vertex 3.18018 -47.91 47.9872
    endloop
  endfacet
  facet normal 0 1 0
    outer loop
      vertex 3.31105 -47.91 47.7605
      vertex 3.30222 -47.91 47.7558
      vertex 3.17299 -47.91 47.9797
    endloop
  endfacet
  facet normal 0 1 0
    outer loop
      vertex 3.31105 -47.91 47.7605
      vertex 3.30335 -47.91 47.7535
      vertex 3.30222 -47.91 47.7558
    endloop
  endfacet
  facet normal 0 1 0
    outer loop
      vertex 3.42579 -47.91 47.5253
      vertex 3.30335 -47.91 47.7535
      vertex 3.31105 -47.91 47.7605
    endloop
  endfacet
  facet normal 0 1 0
    outer loop
      vertex 3.42579 -47.91 47.5253
      vertex 3.41666 -47.91 47.5212
      vertex 3.30335 -47.91 47.7535
    endloop
  endfacet
  facet normal 0 1 -0
    outer loop
      vertex 3.51349 -47.91 47.2815
      vertex 3.42579 -47.91 47.5253
      vertex 3.52385 -47.91 47.2826
    endloop
  endfacet
  facet normal 0 1 0
    outer loop
      vertex 3.42579 -47.91 47.5253
      vertex 3.51349 -47.91 47.2815
      vertex 3.41666 -47.91 47.5212
    endloop
  endfacet
  facet normal 0 1 0
    outer loop
      vertex 3.52385 -47.91 47.2826
      vertex 3.51445 -47.91 47.2792
      vertex 3.51349 -47.91 47.2815
    endloop
  endfacet
  facet normal 0 1 0
    outer loop
      vertex 3.52385 -47.91 47.2826
      vertex 3.51525 -47.91 47.2767
      vertex 3.51445 -47.91 47.2792
    endloop
  endfacet
  facet normal 0 1 0
    outer loop
      vertex 3.60473 -47.91 47.0336
      vertex 3.51525 -47.91 47.2767
      vertex 3.52385 -47.91 47.2826
    endloop
  endfacet
  facet normal 0 1 0
    outer loop
      vertex 3.60473 -47.91 47.0336
      vertex 3.59512 -47.91 47.0309
      vertex 3.51525 -47.91 47.2767
    endloop
  endfacet
  facet normal 0 1 0
    outer loop
      vertex 3.60473 -47.91 47.0336
      vertex 3.59574 -47.91 47.0284
      vertex 3.59512 -47.91 47.0309
    endloop
  endfacet
  facet normal 0 1 0
    outer loop
      vertex 3.66805 -47.91 46.7797
      vertex 3.59574 -47.91 47.0284
      vertex 3.60473 -47.91 47.0336
    endloop
  endfacet
  facet normal 0 1 0
    outer loop
      vertex 3.66805 -47.91 46.7797
      vertex 3.65827 -47.91 46.7776
      vertex 3.59574 -47.91 47.0284
    endloop
  endfacet
  facet normal 0 1 0
    outer loop
      vertex 3.66805 -47.91 46.7797
      vertex 3.70316 -47.91 46.523
      vertex 3.65827 -47.91 46.7776
    endloop
  endfacet
  facet normal 0 1 0
    outer loop
      vertex 3.7135 -47.91 46.5219
      vertex 3.70316 -47.91 46.523
      vertex 3.66805 -47.91 46.7797
    endloop
  endfacet
  facet normal 0 1 0
    outer loop
      vertex 3.7135 -47.91 46.5219
      vertex 3.7036 -47.91 46.5205
      vertex 3.70316 -47.91 46.523
    endloop
  endfacet
  facet normal 0 1 0
    outer loop
      vertex 3.7135 -47.91 46.5219
      vertex 3.70387 -47.91 46.5179
      vertex 3.7036 -47.91 46.5205
    endloop
  endfacet
  facet normal 0 1 0
    outer loop
      vertex 3.74086 -47.91 46.2616
      vertex 3.70387 -47.91 46.5179
      vertex 3.7135 -47.91 46.5219
    endloop
  endfacet
  facet normal 0 1 0
    outer loop
      vertex 3.74086 -47.91 46.2616
      vertex 3.73089 -47.91 46.2609
      vertex 3.70387 -47.91 46.5179
    endloop
  endfacet
  facet normal 0 1 0
    outer loop
      vertex 3.74086 -47.91 46.2616
      vertex 3.73991 -47.91 46.0026
      vertex 3.73089 -47.91 46.2609
    endloop
  endfacet
  facet normal 0 1 0
    outer loop
      vertex 3.75 -47.91 46
      vertex 3.73991 -47.91 46.0026
      vertex 3.74086 -47.91 46.2616
    endloop
  endfacet
  facet normal 0 1 0
    outer loop
      vertex 3.75 -47.91 46
      vertex 3.74 -47.91 46
      vertex 3.73991 -47.91 46.0026
    endloop
  endfacet
  facet normal 0 1 0
    outer loop
      vertex 3.75 -47.91 46
      vertex 3.73991 -47.91 45.9974
      vertex 3.74 -47.91 46
    endloop
  endfacet
  facet normal 0 1 -0
    outer loop
      vertex 3.74086 -47.91 45.7384
      vertex 3.73991 -47.91 45.9974
      vertex 3.75 -47.91 46
    endloop
  endfacet
  facet normal 0 1 0
    outer loop
      vertex 3.73991 -47.91 45.9974
      vertex 3.74086 -47.91 45.7384
      vertex 3.73089 -47.91 45.7391
    endloop
  endfacet
  facet normal 0 1 0
    outer loop
      vertex 3.74086 -47.91 45.7384
      vertex 3.70387 -47.91 45.4821
      vertex 3.73089 -47.91 45.7391
    endloop
  endfacet
  facet normal 0 1 -0
    outer loop
      vertex 3.7135 -47.91 45.4781
      vertex 3.70387 -47.91 45.4821
      vertex 3.74086 -47.91 45.7384
    endloop
  endfacet
  facet normal 0 1 0
    outer loop
      vertex 3.70387 -47.91 45.4821
      vertex 3.7135 -47.91 45.4781
      vertex 3.7036 -47.91 45.4795
    endloop
  endfacet
  facet normal 0 1 0
    outer loop
      vertex 3.7135 -47.91 45.4781
      vertex 3.70316 -47.91 45.477
      vertex 3.7036 -47.91 45.4795
    endloop
  endfacet
  facet normal 0 1 0
    outer loop
      vertex 3.66805 -47.91 45.2203
      vertex 3.70316 -47.91 45.477
      vertex 3.7135 -47.91 45.4781
    endloop
  endfacet
  facet normal 0 1 0
    outer loop
      vertex 3.70316 -47.91 45.477
      vertex 3.66805 -47.91 45.2203
      vertex 3.65827 -47.91 45.2224
    endloop
  endfacet
  facet normal 0 1 0
    outer loop
      vertex 3.66805 -47.91 45.2203
      vertex 3.59574 -47.91 44.9716
      vertex 3.65827 -47.91 45.2224
    endloop
  endfacet
  facet normal 0 1 -0
    outer loop
      vertex 3.60473 -47.91 44.9664
      vertex 3.59574 -47.91 44.9716
      vertex 3.66805 -47.91 45.2203
    endloop
  endfacet
  facet normal 0 1 0
    outer loop
      vertex 3.59574 -47.91 44.9716
      vertex 3.60473 -47.91 44.9664
      vertex 3.59512 -47.91 44.9691
    endloop
  endfacet
  facet normal 0 1 0
    outer loop
      vertex 3.60473 -47.91 44.9664
      vertex 3.51525 -47.91 44.7233
      vertex 3.59512 -47.91 44.9691
    endloop
  endfacet
  facet normal 0 1 -0
    outer loop
      vertex 3.52385 -47.91 44.7174
      vertex 3.51525 -47.91 44.7233
      vertex 3.60473 -47.91 44.9664
    endloop
  endfacet
  facet normal 0 1 0
    outer loop
      vertex 3.51525 -47.91 44.7233
      vertex 3.52385 -47.91 44.7174
      vertex 3.51445 -47.91 44.7208
    endloop
  endfacet
  facet normal 0 1 0
    outer loop
      vertex 3.52385 -47.91 44.7174
      vertex 3.51349 -47.91 44.7185
      vertex 3.51445 -47.91 44.7208
    endloop
  endfacet
  facet normal 0 1 0
    outer loop
      vertex 3.42579 -47.91 44.4747
      vertex 3.51349 -47.91 44.7185
      vertex 3.52385 -47.91 44.7174
    endloop
  endfacet
  facet normal 0 1 0
    outer loop
      vertex 3.51349 -47.91 44.7185
      vertex 3.42579 -47.91 44.4747
      vertex 3.41666 -47.91 44.4788
    endloop
  endfacet
  facet normal 0 1 0
    outer loop
      vertex 3.42579 -47.91 44.4747
      vertex 3.30335 -47.91 44.2465
      vertex 3.41666 -47.91 44.4788
    endloop
  endfacet
  facet normal 0 1 -0
    outer loop
      vertex 3.31105 -47.91 44.2395
      vertex 3.30335 -47.91 44.2465
      vertex 3.42579 -47.91 44.4747
    endloop
  endfacet
  facet normal 0 1 0
    outer loop
      vertex 3.30335 -47.91 44.2465
      vertex 3.31105 -47.91 44.2395
      vertex 3.30222 -47.91 44.2442
    endloop
  endfacet
  facet normal 0 1 0
    outer loop
      vertex 3.31105 -47.91 44.2395
      vertex 3.17299 -47.91 44.0203
      vertex 3.30222 -47.91 44.2442
    endloop
  endfacet
  facet normal 0 1 -0
    outer loop
      vertex 3.18018 -47.91 44.0128
      vertex 3.17299 -47.91 44.0203
      vertex 3.31105 -47.91 44.2395
    endloop
  endfacet
  facet normal 0 1 0
    outer loop
      vertex 3.17299 -47.91 44.0203
      vertex 3.18018 -47.91 44.0128
      vertex 3.1717 -47.91 44.0181
    endloop
  endfacet
  facet normal 0 1 0
    outer loop
      vertex 3.18018 -47.91 44.0128
      vertex 3.02716 -47.91 43.8038
      vertex 3.1717 -47.91 44.0181
    endloop
  endfacet
  facet normal 0 1 -0
    outer loop
      vertex 3.03381 -47.91 43.7958
      vertex 3.02716 -47.91 43.8038
      vertex 3.18018 -47.91 44.0128
    endloop
  endfacet
  facet normal 0 1 0
    outer loop
      vertex 3.02716 -47.91 43.8038
      vertex 3.03381 -47.91 43.7958
      vertex 3.02572 -47.91 43.8017
    endloop
  endfacet
  facet normal 0 1 0
    outer loop
      vertex 3.03381 -47.91 43.7958
      vertex 3.02414 -47.91 43.7997
      vertex 3.02572 -47.91 43.8017
    endloop
  endfacet
  facet normal 0 1 0
    outer loop
      vertex 2.87267 -47.91 43.5895
      vertex 3.02414 -47.91 43.7997
      vertex 3.03381 -47.91 43.7958
    endloop
  endfacet
  facet normal 0 1 0
    outer loop
      vertex 3.02414 -47.91 43.7997
      vertex 2.87267 -47.91 43.5895
      vertex 2.86501 -47.91 43.596
    endloop
  endfacet
  facet normal 0 1 0
    outer loop
      vertex 2.87267 -47.91 43.5895
      vertex 2.86328 -47.91 43.5941
      vertex 2.86501 -47.91 43.596
    endloop
  endfacet
  facet normal 0 1 0
    outer loop
      vertex 2.69752 -47.91 43.395
      vertex 2.86328 -47.91 43.5941
      vertex 2.87267 -47.91 43.5895
    endloop
  endfacet
  facet normal 0 1 0
    outer loop
      vertex 2.86328 -47.91 43.5941
      vertex 2.69752 -47.91 43.395
      vertex 2.69033 -47.91 43.402
    endloop
  endfacet
  facet normal 0 1 0
    outer loop
      vertex 2.69752 -47.91 43.395
      vertex 2.5044 -47.91 43.2224
      vertex 2.69033 -47.91 43.402
    endloop
  endfacet
  facet normal 0 1 -0
    outer loop
      vertex 2.50924 -47.91 43.2132
      vertex 2.5044 -47.91 43.2224
      vertex 2.69752 -47.91 43.395
    endloop
  endfacet
  facet normal 0 1 0
    outer loop
      vertex 2.5044 -47.91 43.2224
      vertex 2.50924 -47.91 43.2132
      vertex 2.50255 -47.91 43.2206
    endloop
  endfacet
  facet normal 0 1 0
    outer loop
      vertex 2.50924 -47.91 43.2132
      vertex 2.50058 -47.91 43.219
      vertex 2.50255 -47.91 43.2206
    endloop
  endfacet
  facet normal 0 1 0
    outer loop
      vertex 2.30873 -47.91 43.045
      vertex 2.50058 -47.91 43.219
      vertex 2.50924 -47.91 43.2132
    endloop
  endfacet
  facet normal 0 1 0
    outer loop
      vertex 2.50058 -47.91 43.219
      vertex 2.30873 -47.91 43.045
      vertex 2.30257 -47.91 43.0528
    endloop
  endfacet
  facet normal 0 1 0
    outer loop
      vertex 2.30873 -47.91 43.045
      vertex 2.09346 -47.91 42.9009
      vertex 2.30257 -47.91 43.0528
    endloop
  endfacet
  facet normal 0 1 -0
    outer loop
      vertex 2.09697 -47.91 42.8911
      vertex 2.09346 -47.91 42.9009
      vertex 2.30873 -47.91 43.045
    endloop
  endfacet
  facet normal 0 1 0
    outer loop
      vertex 2.09346 -47.91 42.9009
      vertex 2.09697 -47.91 42.8911
      vertex 2.09138 -47.91 42.8994
    endloop
  endfacet
  facet normal 0 1 0
    outer loop
      vertex 2.09697 -47.91 42.8911
      vertex 1.87218 -47.91 42.7624
      vertex 2.09138 -47.91 42.8994
    endloop
  endfacet
  facet normal 0 1 -0
    outer loop
      vertex 1.875 -47.91 42.7524
      vertex 1.87218 -47.91 42.7624
      vertex 2.09697 -47.91 42.8911
    endloop
  endfacet
  facet normal 0 1 0
    outer loop
      vertex 1.87218 -47.91 42.7624
      vertex 1.875 -47.91 42.7524
      vertex 1.87 -47.91 42.7611
    endloop
  endfacet
  facet normal 0 1 0
    outer loop
      vertex 1.875 -47.91 42.7524
      vertex 1.86773 -47.91 42.7599
      vertex 1.87 -47.91 42.7611
    endloop
  endfacet
  facet normal 0 1 0
    outer loop
      vertex 1.64389 -47.91 42.6295
      vertex 1.86773 -47.91 42.7599
      vertex 1.875 -47.91 42.7524
    endloop
  endfacet
  facet normal 0 1 0
    outer loop
      vertex 1.86773 -47.91 42.7599
      vertex 1.64389 -47.91 42.6295
      vertex 1.63951 -47.91 42.6385
    endloop
  endfacet
  facet normal 0 1 0
    outer loop
      vertex 1.64389 -47.91 42.6295
      vertex 1.63716 -47.91 42.6375
      vertex 1.63951 -47.91 42.6385
    endloop
  endfacet
  facet normal 0 1 0
    outer loop
      vertex 1.40477 -47.91 42.5231
      vertex 1.63716 -47.91 42.6375
      vertex 1.64389 -47.91 42.6295
    endloop
  endfacet
  facet normal 0 1 0
    outer loop
      vertex 1.63716 -47.91 42.6375
      vertex 1.40477 -47.91 42.5231
      vertex 1.40103 -47.91 42.5323
    endloop
  endfacet
  facet normal 0 1 0
    outer loop
      vertex 1.40477 -47.91 42.5231
      vertex 1.15814 -47.91 42.4439
      vertex 1.40103 -47.91 42.5323
    endloop
  endfacet
  facet normal 0 1 -0
    outer loop
      vertex 1.15881 -47.91 42.4335
      vertex 1.15814 -47.91 42.4439
      vertex 1.40477 -47.91 42.5231
    endloop
  endfacet
  facet normal 0 1 0
    outer loop
      vertex 1.15814 -47.91 42.4439
      vertex 1.15881 -47.91 42.4335
      vertex 1.15572 -47.91 42.443
    endloop
  endfacet
  facet normal 0 1 0
    outer loop
      vertex 1.15881 -47.91 42.4335
      vertex 0.907261 -47.91 42.3718
      vertex 1.15572 -47.91 42.443
    endloop
  endfacet
  facet normal 0 1 0
    outer loop
      vertex 0.907207 -47.91 42.3614
      vertex 0.907261 -47.91 42.3718
      vertex 1.15881 -47.91 42.4335
    endloop
  endfacet
  facet normal 0 1 0
    outer loop
      vertex 0.907261 -47.91 42.3718
      vertex 0.907207 -47.91 42.3614
      vertex 0.904787 -47.91 42.3711
    endloop
  endfacet
  facet normal 0 1 0
    outer loop
      vertex 0.907207 -47.91 42.3614
      vertex 0.90227 -47.91 42.3706
      vertex 0.904787 -47.91 42.3711
    endloop
  endfacet
  facet normal 0 1 0
    outer loop
      vertex 0.65118 -47.91 42.307
      vertex 0.90227 -47.91 42.3706
      vertex 0.907207 -47.91 42.3614
    endloop
  endfacet
  facet normal 0 1 0
    outer loop
      vertex 0.90227 -47.91 42.3706
      vertex 0.65118 -47.91 42.307
      vertex 0.649444 -47.91 42.3168
    endloop
  endfacet
  facet normal 0 1 0
    outer loop
      vertex 0.65118 -47.91 42.307
      vertex 0.393485 -47.91 42.2808
      vertex 0.649444 -47.91 42.3168
    endloop
  endfacet
  facet normal 0 1 0
    outer loop
      vertex 0.391981 -47.91 42.2705
      vertex 0.393485 -47.91 42.2808
      vertex 0.65118 -47.91 42.307
    endloop
  endfacet
  facet normal 0 1 0
    outer loop
      vertex 0.393485 -47.91 42.2808
      vertex 0.391981 -47.91 42.2705
      vertex 0.390936 -47.91 42.2805
    endloop
  endfacet
  facet normal 0 1 0
    outer loop
      vertex 0.391981 -47.91 42.2705
      vertex 0.388369 -47.91 42.2803
      vertex 0.390936 -47.91 42.2805
    endloop
  endfacet
  facet normal 0 1 0
    outer loop
      vertex 0.130873 -47.91 42.2523
      vertex 0.388369 -47.91 42.2803
      vertex 0.391981 -47.91 42.2705
    endloop
  endfacet
  facet normal 0 1 0
    outer loop
      vertex 0.130524 -47.91 42.2623
      vertex 0.130873 -47.91 42.2523
      vertex -0.130524 -47.91 42.2623
    endloop
  endfacet
  facet normal 0 1 0
    outer loop
      vertex 0.388369 -47.91 42.2803
      vertex 0.130873 -47.91 42.2523
      vertex 0.130524 -47.91 42.2623
    endloop
  endfacet
  facet normal 0 1 -0
    outer loop
      vertex -0.130524 -47.91 49.7377
      vertex -0.130873 -47.91 49.7477
      vertex 0.130524 -47.91 49.7377
    endloop
  endfacet
  facet normal 0 1 0
    outer loop
      vertex -0.388369 -47.91 49.7197
      vertex -0.130873 -47.91 49.7477
      vertex -0.130524 -47.91 49.7377
    endloop
  endfacet
  facet normal 0 1 0
    outer loop
      vertex -0.130873 -47.91 49.7477
      vertex -0.388369 -47.91 49.7197
      vertex -0.391981 -47.91 49.7295
    endloop
  endfacet
  facet normal 0 1 -0
    outer loop
      vertex -0.390936 -47.91 49.7195
      vertex -0.391981 -47.91 49.7295
      vertex -0.388369 -47.91 49.7197
    endloop
  endfacet
  facet normal 0 1 0
    outer loop
      vertex -0.393485 -47.91 49.7192
      vertex -0.391981 -47.91 49.7295
      vertex -0.390936 -47.91 49.7195
    endloop
  endfacet
  facet normal 0 1 -0
    outer loop
      vertex -0.393485 -47.91 49.7192
      vertex -0.65118 -47.91 49.693
      vertex -0.391981 -47.91 49.7295
    endloop
  endfacet
  facet normal 0 1 -0
    outer loop
      vertex -0.649444 -47.91 49.6832
      vertex -0.65118 -47.91 49.693
      vertex -0.393485 -47.91 49.7192
    endloop
  endfacet
  facet normal 0 1 0
    outer loop
      vertex -0.90227 -47.91 49.6294
      vertex -0.65118 -47.91 49.693
      vertex -0.649444 -47.91 49.6832
    endloop
  endfacet
  facet normal 0 1 0
    outer loop
      vertex -0.65118 -47.91 49.693
      vertex -0.90227 -47.91 49.6294
      vertex -0.907207 -47.91 49.6386
    endloop
  endfacet
  facet normal 0 1 -0
    outer loop
      vertex -0.904787 -47.91 49.6289
      vertex -0.907207 -47.91 49.6386
      vertex -0.90227 -47.91 49.6294
    endloop
  endfacet
  facet normal 0 1 0
    outer loop
      vertex -0.907261 -47.91 49.6282
      vertex -0.907207 -47.91 49.6386
      vertex -0.904787 -47.91 49.6289
    endloop
  endfacet
  facet normal 0 1 -0
    outer loop
      vertex -0.907261 -47.91 49.6282
      vertex -1.15881 -47.91 49.5665
      vertex -0.907207 -47.91 49.6386
    endloop
  endfacet
  facet normal 0 1 -0
    outer loop
      vertex -1.15572 -47.91 49.557
      vertex -1.15881 -47.91 49.5665
      vertex -0.907261 -47.91 49.6282
    endloop
  endfacet
  facet normal 0 1 -0
    outer loop
      vertex -1.15814 -47.91 49.5561
      vertex -1.15881 -47.91 49.5665
      vertex -1.15572 -47.91 49.557
    endloop
  endfacet
  facet normal 0 1 0
    outer loop
      vertex -1.15814 -47.91 49.5561
      vertex -1.40477 -47.91 49.4769
      vertex -1.15881 -47.91 49.5665
    endloop
  endfacet
  facet normal 0 1 -0
    outer loop
      vertex -1.40103 -47.91 49.4677
      vertex -1.40477 -47.91 49.4769
      vertex -1.15814 -47.91 49.5561
    endloop
  endfacet
  facet normal 0 1 0
    outer loop
      vertex -1.63716 -47.91 49.3625
      vertex -1.40477 -47.91 49.4769
      vertex -1.40103 -47.91 49.4677
    endloop
  endfacet
  facet normal 0 1 0
    outer loop
      vertex -1.40477 -47.91 49.4769
      vertex -1.63716 -47.91 49.3625
      vertex -1.64389 -47.91 49.3705
    endloop
  endfacet
  facet normal 0 1 -0
    outer loop
      vertex -1.63951 -47.91 49.3615
      vertex -1.64389 -47.91 49.3705
      vertex -1.63716 -47.91 49.3625
    endloop
  endfacet
  facet normal 0 1 0
    outer loop
      vertex -1.86773 -47.91 49.2401
      vertex -1.64389 -47.91 49.3705
      vertex -1.63951 -47.91 49.3615
    endloop
  endfacet
  facet normal 0 1 0
    outer loop
      vertex -1.64389 -47.91 49.3705
      vertex -1.86773 -47.91 49.2401
      vertex -1.875 -47.91 49.2476
    endloop
  endfacet
  facet normal 0 1 -0
    outer loop
      vertex -1.87 -47.91 49.2389
      vertex -1.875 -47.91 49.2476
      vertex -1.86773 -47.91 49.2401
    endloop
  endfacet
  facet normal 0 1 -0
    outer loop
      vertex -1.87218 -47.91 49.2376
      vertex -1.875 -47.91 49.2476
      vertex -1.87 -47.91 49.2389
    endloop
  endfacet
  facet normal 0 1 0
    outer loop
      vertex -1.87218 -47.91 49.2376
      vertex -2.09697 -47.91 49.1089
      vertex -1.875 -47.91 49.2476
    endloop
  endfacet
  facet normal 0 1 -0
    outer loop
      vertex -2.09138 -47.91 49.1006
      vertex -2.09697 -47.91 49.1089
      vertex -1.87218 -47.91 49.2376
    endloop
  endfacet
  facet normal 0 1 -0
    outer loop
      vertex -2.09346 -47.91 49.0991
      vertex -2.09697 -47.91 49.1089
      vertex -2.09138 -47.91 49.1006
    endloop
  endfacet
  facet normal 0 1 0
    outer loop
      vertex -2.09346 -47.91 49.0991
      vertex -2.30873 -47.91 48.955
      vertex -2.09697 -47.91 49.1089
    endloop
  endfacet
  facet normal 0 1 -0
    outer loop
      vertex -2.30257 -47.91 48.9472
      vertex -2.30873 -47.91 48.955
      vertex -2.09346 -47.91 49.0991
    endloop
  endfacet
  facet normal 0 1 0
    outer loop
      vertex -2.50058 -47.91 48.781
      vertex -2.30873 -47.91 48.955
      vertex -2.30257 -47.91 48.9472
    endloop
  endfacet
  facet normal 0 1 0
    outer loop
      vertex -2.30873 -47.91 48.955
      vertex -2.50058 -47.91 48.781
      vertex -2.50924 -47.91 48.7868
    endloop
  endfacet
  facet normal 0 1 -0
    outer loop
      vertex -2.50255 -47.91 48.7794
      vertex -2.50924 -47.91 48.7868
      vertex -2.50058 -47.91 48.781
    endloop
  endfacet
  facet normal 0 1 -0
    outer loop
      vertex -2.5044 -47.91 48.7776
      vertex -2.50924 -47.91 48.7868
      vertex -2.50255 -47.91 48.7794
    endloop
  endfacet
  facet normal 0 1 0
    outer loop
      vertex -2.5044 -47.91 48.7776
      vertex -2.69752 -47.91 48.605
      vertex -2.50924 -47.91 48.7868
    endloop
  endfacet
  facet normal 0 1 -0
    outer loop
      vertex -2.69033 -47.91 48.598
      vertex -2.69752 -47.91 48.605
      vertex -2.5044 -47.91 48.7776
    endloop
  endfacet
  facet normal 0 1 0
    outer loop
      vertex -2.86328 -47.91 48.4059
      vertex -2.69752 -47.91 48.605
      vertex -2.69033 -47.91 48.598
    endloop
  endfacet
  facet normal 0 1 0
    outer loop
      vertex -2.69752 -47.91 48.605
      vertex -2.86328 -47.91 48.4059
      vertex -2.87267 -47.91 48.4105
    endloop
  endfacet
  facet normal 0 1 -0
    outer loop
      vertex -2.86501 -47.91 48.404
      vertex -2.87267 -47.91 48.4105
      vertex -2.86328 -47.91 48.4059
    endloop
  endfacet
  facet normal 0 1 0
    outer loop
      vertex -3.02414 -47.91 48.2003
      vertex -2.87267 -47.91 48.4105
      vertex -2.86501 -47.91 48.404
    endloop
  endfacet
  facet normal 0 1 0
    outer loop
      vertex -2.87267 -47.91 48.4105
      vertex -3.02414 -47.91 48.2003
      vertex -3.03381 -47.91 48.2042
    endloop
  endfacet
  facet normal 0 1 -0
    outer loop
      vertex -3.02572 -47.91 48.1983
      vertex -3.03381 -47.91 48.2042
      vertex -3.02414 -47.91 48.2003
    endloop
  endfacet
  facet normal 0 1 -0
    outer loop
      vertex -3.02716 -47.91 48.1962
      vertex -3.03381 -47.91 48.2042
      vertex -3.02572 -47.91 48.1983
    endloop
  endfacet
  facet normal 0 1 0
    outer loop
      vertex -3.02716 -47.91 48.1962
      vertex -3.18018 -47.91 47.9872
      vertex -3.03381 -47.91 48.2042
    endloop
  endfacet
  facet normal 0 1 -0
    outer loop
      vertex -3.1717 -47.91 47.9819
      vertex -3.18018 -47.91 47.9872
      vertex -3.02716 -47.91 48.1962
    endloop
  endfacet
  facet normal 0 1 -0
    outer loop
      vertex -3.17299 -47.91 47.9797
      vertex -3.18018 -47.91 47.9872
      vertex -3.1717 -47.91 47.9819
    endloop
  endfacet
  facet normal 0 1 0
    outer loop
      vertex -3.17299 -47.91 47.9797
      vertex -3.31105 -47.91 47.7605
      vertex -3.18018 -47.91 47.9872
    endloop
  endfacet
  facet normal 0 1 -0
    outer loop
      vertex -3.30222 -47.91 47.7558
      vertex -3.31105 -47.91 47.7605
      vertex -3.17299 -47.91 47.9797
    endloop
  endfacet
  facet normal 0 1 -0
    outer loop
      vertex -3.30335 -47.91 47.7535
      vertex -3.31105 -47.91 47.7605
      vertex -3.30222 -47.91 47.7558
    endloop
  endfacet
  facet normal 0 1 0
    outer loop
      vertex -3.30335 -47.91 47.7535
      vertex -3.42579 -47.91 47.5253
      vertex -3.31105 -47.91 47.7605
    endloop
  endfacet
  facet normal 0 1 -0
    outer loop
      vertex -3.41666 -47.91 47.5212
      vertex -3.42579 -47.91 47.5253
      vertex -3.30335 -47.91 47.7535
    endloop
  endfacet
  facet normal 0 1 0
    outer loop
      vertex -3.51349 -47.91 47.2815
      vertex -3.42579 -47.91 47.5253
      vertex -3.41666 -47.91 47.5212
    endloop
  endfacet
  facet normal 0 1 0
    outer loop
      vertex -3.42579 -47.91 47.5253
      vertex -3.51349 -47.91 47.2815
      vertex -3.52385 -47.91 47.2826
    endloop
  endfacet
  facet normal 0 1 -0
    outer loop
      vertex -3.51445 -47.91 47.2792
      vertex -3.52385 -47.91 47.2826
      vertex -3.51349 -47.91 47.2815
    endloop
  endfacet
  facet normal 0 1 -0
    outer loop
      vertex -3.51525 -47.91 47.2767
      vertex -3.52385 -47.91 47.2826
      vertex -3.51445 -47.91 47.2792
    endloop
  endfacet
  facet normal 0 1 0
    outer loop
      vertex -3.51525 -47.91 47.2767
      vertex -3.60473 -47.91 47.0336
      vertex -3.52385 -47.91 47.2826
    endloop
  endfacet
  facet normal 0 1 -0
    outer loop
      vertex -3.59512 -47.91 47.0309
      vertex -3.60473 -47.91 47.0336
      vertex -3.51525 -47.91 47.2767
    endloop
  endfacet
  facet normal 0 1 -0
    outer loop
      vertex -3.59574 -47.91 47.0284
      vertex -3.60473 -47.91 47.0336
      vertex -3.59512 -47.91 47.0309
    endloop
  endfacet
  facet normal 0 1 0
    outer loop
      vertex -3.59574 -47.91 47.0284
      vertex -3.66805 -47.91 46.7797
      vertex -3.60473 -47.91 47.0336
    endloop
  endfacet
  facet normal 0 1 -0
    outer loop
      vertex -3.65827 -47.91 46.7776
      vertex -3.66805 -47.91 46.7797
      vertex -3.59574 -47.91 47.0284
    endloop
  endfacet
  facet normal 0 1 0
    outer loop
      vertex -3.70316 -47.91 46.523
      vertex -3.66805 -47.91 46.7797
      vertex -3.65827 -47.91 46.7776
    endloop
  endfacet
  facet normal 0 1 -0
    outer loop
      vertex -3.70316 -47.91 46.523
      vertex -3.7135 -47.91 46.5219
      vertex -3.66805 -47.91 46.7797
    endloop
  endfacet
  facet normal 0 1 -0
    outer loop
      vertex -3.7036 -47.91 46.5205
      vertex -3.7135 -47.91 46.5219
      vertex -3.70316 -47.91 46.523
    endloop
  endfacet
  facet normal 0 1 -0
    outer loop
      vertex -3.70387 -47.91 46.5179
      vertex -3.7135 -47.91 46.5219
      vertex -3.7036 -47.91 46.5205
    endloop
  endfacet
  facet normal 0 1 0
    outer loop
      vertex -3.70387 -47.91 46.5179
      vertex -3.74086 -47.91 46.2616
      vertex -3.7135 -47.91 46.5219
    endloop
  endfacet
  facet normal 0 1 -0
    outer loop
      vertex -3.73089 -47.91 46.2609
      vertex -3.74086 -47.91 46.2616
      vertex -3.70387 -47.91 46.5179
    endloop
  endfacet
  facet normal 0 1 -0
    outer loop
      vertex -3.73991 -47.91 46.0026
      vertex -3.74086 -47.91 46.2616
      vertex -3.73089 -47.91 46.2609
    endloop
  endfacet
  facet normal 0 1 0
    outer loop
      vertex -3.75 -47.91 46
      vertex -3.73991 -47.91 46.0026
      vertex -3.74 -47.91 46
    endloop
  endfacet
  facet normal 0 1 0
    outer loop
      vertex -3.73991 -47.91 46.0026
      vertex -3.75 -47.91 46
      vertex -3.74086 -47.91 46.2616
    endloop
  endfacet
  facet normal 0 1 0
    outer loop
      vertex -3.73991 -47.91 45.9974
      vertex -3.75 -47.91 46
      vertex -3.74 -47.91 46
    endloop
  endfacet
  facet normal 0 1 0
    outer loop
      vertex -3.74086 -47.91 45.7384
      vertex -3.73991 -47.91 45.9974
      vertex -3.73089 -47.91 45.7391
    endloop
  endfacet
  facet normal 0 1 0
    outer loop
      vertex -3.73991 -47.91 45.9974
      vertex -3.74086 -47.91 45.7384
      vertex -3.75 -47.91 46
    endloop
  endfacet
  facet normal 0 1 0
    outer loop
      vertex -3.70387 -47.91 45.4821
      vertex -3.74086 -47.91 45.7384
      vertex -3.73089 -47.91 45.7391
    endloop
  endfacet
  facet normal 0 1 0
    outer loop
      vertex -3.7135 -47.91 45.4781
      vertex -3.70387 -47.91 45.4821
      vertex -3.7036 -47.91 45.4795
    endloop
  endfacet
  facet normal 0 1 0
    outer loop
      vertex -3.70387 -47.91 45.4821
      vertex -3.7135 -47.91 45.4781
      vertex -3.74086 -47.91 45.7384
    endloop
  endfacet
  facet normal 0 1 0
    outer loop
      vertex -3.70316 -47.91 45.477
      vertex -3.7135 -47.91 45.4781
      vertex -3.7036 -47.91 45.4795
    endloop
  endfacet
  facet normal 0 1 -0
    outer loop
      vertex -3.66805 -47.91 45.2203
      vertex -3.70316 -47.91 45.477
      vertex -3.65827 -47.91 45.2224
    endloop
  endfacet
  facet normal 0 1 0
    outer loop
      vertex -3.70316 -47.91 45.477
      vertex -3.66805 -47.91 45.2203
      vertex -3.7135 -47.91 45.4781
    endloop
  endfacet
  facet normal 0 1 0
    outer loop
      vertex -3.59574 -47.91 44.9716
      vertex -3.66805 -47.91 45.2203
      vertex -3.65827 -47.91 45.2224
    endloop
  endfacet
  facet normal 0 1 0
    outer loop
      vertex -3.60473 -47.91 44.9664
      vertex -3.59574 -47.91 44.9716
      vertex -3.59512 -47.91 44.9691
    endloop
  endfacet
  facet normal 0 1 0
    outer loop
      vertex -3.59574 -47.91 44.9716
      vertex -3.60473 -47.91 44.9664
      vertex -3.66805 -47.91 45.2203
    endloop
  endfacet
  facet normal 0 1 0
    outer loop
      vertex -3.51525 -47.91 44.7233
      vertex -3.60473 -47.91 44.9664
      vertex -3.59512 -47.91 44.9691
    endloop
  endfacet
  facet normal 0 1 0
    outer loop
      vertex -3.52385 -47.91 44.7174
      vertex -3.51525 -47.91 44.7233
      vertex -3.51445 -47.91 44.7208
    endloop
  endfacet
  facet normal 0 1 0
    outer loop
      vertex -3.51525 -47.91 44.7233
      vertex -3.52385 -47.91 44.7174
      vertex -3.60473 -47.91 44.9664
    endloop
  endfacet
  facet normal 0 1 0
    outer loop
      vertex -3.51349 -47.91 44.7185
      vertex -3.52385 -47.91 44.7174
      vertex -3.51445 -47.91 44.7208
    endloop
  endfacet
  facet normal 0 1 -0
    outer loop
      vertex -3.42579 -47.91 44.4747
      vertex -3.51349 -47.91 44.7185
      vertex -3.41666 -47.91 44.4788
    endloop
  endfacet
  facet normal 0 1 0
    outer loop
      vertex -3.51349 -47.91 44.7185
      vertex -3.42579 -47.91 44.4747
      vertex -3.52385 -47.91 44.7174
    endloop
  endfacet
  facet normal 0 1 0
    outer loop
      vertex -3.30335 -47.91 44.2465
      vertex -3.42579 -47.91 44.4747
      vertex -3.41666 -47.91 44.4788
    endloop
  endfacet
  facet normal 0 1 0
    outer loop
      vertex -3.31105 -47.91 44.2395
      vertex -3.30335 -47.91 44.2465
      vertex -3.30222 -47.91 44.2442
    endloop
  endfacet
  facet normal 0 1 0
    outer loop
      vertex -3.30335 -47.91 44.2465
      vertex -3.31105 -47.91 44.2395
      vertex -3.42579 -47.91 44.4747
    endloop
  endfacet
  facet normal 0 1 0
    outer loop
      vertex -3.17299 -47.91 44.0203
      vertex -3.31105 -47.91 44.2395
      vertex -3.30222 -47.91 44.2442
    endloop
  endfacet
  facet normal 0 1 0
    outer loop
      vertex -3.18018 -47.91 44.0128
      vertex -3.17299 -47.91 44.0203
      vertex -3.1717 -47.91 44.0181
    endloop
  endfacet
  facet normal 0 1 0
    outer loop
      vertex -3.17299 -47.91 44.0203
      vertex -3.18018 -47.91 44.0128
      vertex -3.31105 -47.91 44.2395
    endloop
  endfacet
  facet normal 0 1 0
    outer loop
      vertex -3.02716 -47.91 43.8038
      vertex -3.18018 -47.91 44.0128
      vertex -3.1717 -47.91 44.0181
    endloop
  endfacet
  facet normal 0 1 0
    outer loop
      vertex -3.03381 -47.91 43.7958
      vertex -3.02716 -47.91 43.8038
      vertex -3.02572 -47.91 43.8017
    endloop
  endfacet
  facet normal 0 1 0
    outer loop
      vertex -3.02716 -47.91 43.8038
      vertex -3.03381 -47.91 43.7958
      vertex -3.18018 -47.91 44.0128
    endloop
  endfacet
  facet normal 0 1 0
    outer loop
      vertex -3.02414 -47.91 43.7997
      vertex -3.03381 -47.91 43.7958
      vertex -3.02572 -47.91 43.8017
    endloop
  endfacet
  facet normal 0 1 -0
    outer loop
      vertex -2.87267 -47.91 43.5895
      vertex -3.02414 -47.91 43.7997
      vertex -2.86501 -47.91 43.596
    endloop
  endfacet
  facet normal 0 1 0
    outer loop
      vertex -3.02414 -47.91 43.7997
      vertex -2.87267 -47.91 43.5895
      vertex -3.03381 -47.91 43.7958
    endloop
  endfacet
  facet normal 0 1 0
    outer loop
      vertex -2.86328 -47.91 43.5941
      vertex -2.87267 -47.91 43.5895
      vertex -2.86501 -47.91 43.596
    endloop
  endfacet
  facet normal 0 1 -0
    outer loop
      vertex -2.69752 -47.91 43.395
      vertex -2.86328 -47.91 43.5941
      vertex -2.69033 -47.91 43.402
    endloop
  endfacet
  facet normal 0 1 0
    outer loop
      vertex -2.86328 -47.91 43.5941
      vertex -2.69752 -47.91 43.395
      vertex -2.87267 -47.91 43.5895
    endloop
  endfacet
  facet normal 0 1 0
    outer loop
      vertex -2.5044 -47.91 43.2224
      vertex -2.69752 -47.91 43.395
      vertex -2.69033 -47.91 43.402
    endloop
  endfacet
  facet normal 0 1 0
    outer loop
      vertex -2.50924 -47.91 43.2132
      vertex -2.5044 -47.91 43.2224
      vertex -2.50255 -47.91 43.2206
    endloop
  endfacet
  facet normal 0 1 0
    outer loop
      vertex -2.5044 -47.91 43.2224
      vertex -2.50924 -47.91 43.2132
      vertex -2.69752 -47.91 43.395
    endloop
  endfacet
  facet normal 0 1 0
    outer loop
      vertex -2.50058 -47.91 43.219
      vertex -2.50924 -47.91 43.2132
      vertex -2.50255 -47.91 43.2206
    endloop
  endfacet
  facet normal 0 1 -0
    outer loop
      vertex -2.30873 -47.91 43.045
      vertex -2.50058 -47.91 43.219
      vertex -2.30257 -47.91 43.0528
    endloop
  endfacet
  facet normal 0 1 0
    outer loop
      vertex -2.50058 -47.91 43.219
      vertex -2.30873 -47.91 43.045
      vertex -2.50924 -47.91 43.2132
    endloop
  endfacet
  facet normal 0 1 0
    outer loop
      vertex -2.09346 -47.91 42.9009
      vertex -2.30873 -47.91 43.045
      vertex -2.30257 -47.91 43.0528
    endloop
  endfacet
  facet normal 0 1 0
    outer loop
      vertex -2.09697 -47.91 42.8911
      vertex -2.09346 -47.91 42.9009
      vertex -2.09138 -47.91 42.8994
    endloop
  endfacet
  facet normal 0 1 0
    outer loop
      vertex -2.09346 -47.91 42.9009
      vertex -2.09697 -47.91 42.8911
      vertex -2.30873 -47.91 43.045
    endloop
  endfacet
  facet normal 0 1 0
    outer loop
      vertex -1.87218 -47.91 42.7624
      vertex -2.09697 -47.91 42.8911
      vertex -2.09138 -47.91 42.8994
    endloop
  endfacet
  facet normal 0 1 0
    outer loop
      vertex -1.875 -47.91 42.7524
      vertex -1.87218 -47.91 42.7624
      vertex -1.87 -47.91 42.7611
    endloop
  endfacet
  facet normal 0 1 0
    outer loop
      vertex -1.87218 -47.91 42.7624
      vertex -1.875 -47.91 42.7524
      vertex -2.09697 -47.91 42.8911
    endloop
  endfacet
  facet normal 0 1 0
    outer loop
      vertex -1.86773 -47.91 42.7599
      vertex -1.875 -47.91 42.7524
      vertex -1.87 -47.91 42.7611
    endloop
  endfacet
  facet normal 0 1 -0
    outer loop
      vertex -1.64389 -47.91 42.6295
      vertex -1.86773 -47.91 42.7599
      vertex -1.63951 -47.91 42.6385
    endloop
  endfacet
  facet normal 0 1 0
    outer loop
      vertex -1.86773 -47.91 42.7599
      vertex -1.64389 -47.91 42.6295
      vertex -1.875 -47.91 42.7524
    endloop
  endfacet
  facet normal 0 1 0
    outer loop
      vertex -1.63716 -47.91 42.6375
      vertex -1.64389 -47.91 42.6295
      vertex -1.63951 -47.91 42.6385
    endloop
  endfacet
  facet normal 0 1 -0
    outer loop
      vertex -1.40477 -47.91 42.5231
      vertex -1.63716 -47.91 42.6375
      vertex -1.40103 -47.91 42.5323
    endloop
  endfacet
  facet normal 0 1 0
    outer loop
      vertex -1.63716 -47.91 42.6375
      vertex -1.40477 -47.91 42.5231
      vertex -1.64389 -47.91 42.6295
    endloop
  endfacet
  facet normal 0 1 0
    outer loop
      vertex -1.15814 -47.91 42.4439
      vertex -1.40477 -47.91 42.5231
      vertex -1.40103 -47.91 42.5323
    endloop
  endfacet
  facet normal 0 1 0
    outer loop
      vertex -1.15881 -47.91 42.4335
      vertex -1.15814 -47.91 42.4439
      vertex -1.15572 -47.91 42.443
    endloop
  endfacet
  facet normal 0 1 0
    outer loop
      vertex -1.15814 -47.91 42.4439
      vertex -1.15881 -47.91 42.4335
      vertex -1.40477 -47.91 42.5231
    endloop
  endfacet
  facet normal 0 1 0
    outer loop
      vertex -0.907261 -47.91 42.3718
      vertex -1.15881 -47.91 42.4335
      vertex -1.15572 -47.91 42.443
    endloop
  endfacet
  facet normal 0 1 -0
    outer loop
      vertex -0.907207 -47.91 42.3614
      vertex -0.907261 -47.91 42.3718
      vertex -0.904787 -47.91 42.3711
    endloop
  endfacet
  facet normal 0 1 0
    outer loop
      vertex -0.907261 -47.91 42.3718
      vertex -0.907207 -47.91 42.3614
      vertex -1.15881 -47.91 42.4335
    endloop
  endfacet
  facet normal 0 1 0
    outer loop
      vertex -0.90227 -47.91 42.3706
      vertex -0.907207 -47.91 42.3614
      vertex -0.904787 -47.91 42.3711
    endloop
  endfacet
  facet normal 0 1 -0
    outer loop
      vertex -0.65118 -47.91 42.307
      vertex -0.90227 -47.91 42.3706
      vertex -0.649444 -47.91 42.3168
    endloop
  endfacet
  facet normal 0 1 0
    outer loop
      vertex -0.90227 -47.91 42.3706
      vertex -0.65118 -47.91 42.307
      vertex -0.907207 -47.91 42.3614
    endloop
  endfacet
  facet normal 0 1 0
    outer loop
      vertex -0.393485 -47.91 42.2808
      vertex -0.65118 -47.91 42.307
      vertex -0.649444 -47.91 42.3168
    endloop
  endfacet
  facet normal 0 1 -0
    outer loop
      vertex -0.391981 -47.91 42.2705
      vertex -0.393485 -47.91 42.2808
      vertex -0.390936 -47.91 42.2805
    endloop
  endfacet
  facet normal 0 1 0
    outer loop
      vertex -0.393485 -47.91 42.2808
      vertex -0.391981 -47.91 42.2705
      vertex -0.65118 -47.91 42.307
    endloop
  endfacet
  facet normal 0 1 0
    outer loop
      vertex -0.388369 -47.91 42.2803
      vertex -0.391981 -47.91 42.2705
      vertex -0.390936 -47.91 42.2805
    endloop
  endfacet
  facet normal 0 1 -0
    outer loop
      vertex -0.130873 -47.91 42.2523
      vertex -0.388369 -47.91 42.2803
      vertex -0.130524 -47.91 42.2623
    endloop
  endfacet
  facet normal 0 1 0
    outer loop
      vertex -0.130873 -47.91 42.2523
      vertex -0.130524 -47.91 42.2623
      vertex 0.130873 -47.91 42.2523
    endloop
  endfacet
  facet normal 0 1 0
    outer loop
      vertex -0.388369 -47.91 42.2803
      vertex -0.130873 -47.91 42.2523
      vertex -0.391981 -47.91 42.2705
    endloop
  endfacet
  facet normal 0.743104 -0 0.669176
    outer loop
      vertex -2.87267 -47.91 43.5895
      vertex -2.69752 -47.9 43.395
      vertex -2.87267 -47.9 43.5895
    endloop
  endfacet
  facet normal 0.743104 0 0.669176
    outer loop
      vertex -2.69752 -47.9 43.395
      vertex -2.87267 -47.91 43.5895
      vertex -2.69752 -47.91 43.395
    endloop
  endfacet
  facet normal 0.139443 0 -0.99023
    outer loop
      vertex -0.65118 -47.91 49.693
      vertex -0.391981 -47.9 49.7295
      vertex -0.391981 -47.91 49.7295
    endloop
  endfacet
  facet normal 0.139443 0 -0.99023
    outer loop
      vertex -0.391981 -47.9 49.7295
      vertex -0.65118 -47.91 49.693
      vertex -0.65118 -47.9 49.693
    endloop
  endfacet
  facet normal -0.529913 0 -0.848052
    outer loop
      vertex 1.875 -47.91 49.2476
      vertex 2.09697 -47.9 49.1089
      vertex 2.09697 -47.91 49.1089
    endloop
  endfacet
  facet normal -0.529913 0 -0.848052
    outer loop
      vertex 2.09697 -47.9 49.1089
      vertex 1.875 -47.91 49.2476
      vertex 1.875 -47.9 49.2476
    endloop
  endfacet
  facet normal -0.829035 0 -0.559197
    outer loop
      vertex 3.18018 -47.91 47.9872
      vertex 3.03381 -47.9 48.2042
      vertex 3.18018 -47.9 47.9872
    endloop
  endfacet
  facet normal -0.829035 -0 -0.559197
    outer loop
      vertex 3.03381 -47.9 48.2042
      vertex 3.18018 -47.91 47.9872
      vertex 3.03381 -47.91 48.2042
    endloop
  endfacet
  facet normal -0.139443 0 0.99023
    outer loop
      vertex 0.391981 -47.9 42.2705
      vertex 0.65118 -47.91 42.307
      vertex 0.65118 -47.9 42.307
    endloop
  endfacet
  facet normal -0.139443 0 0.99023
    outer loop
      vertex 0.65118 -47.91 42.307
      vertex 0.391981 -47.9 42.2705
      vertex 0.391981 -47.91 42.2705
    endloop
  endfacet
  facet normal 0.92718 -0 0.374616
    outer loop
      vertex -3.52385 -47.91 44.7174
      vertex -3.42579 -47.9 44.4747
      vertex -3.52385 -47.9 44.7174
    endloop
  endfacet
  facet normal 0.92718 0 0.374616
    outer loop
      vertex -3.42579 -47.9 44.4747
      vertex -3.52385 -47.91 44.7174
      vertex -3.42579 -47.91 44.4747
    endloop
  endfacet
  facet normal 0.64268 0 -0.766134
    outer loop
      vertex -2.50924 -47.91 48.7868
      vertex -2.30873 -47.9 48.955
      vertex -2.30873 -47.91 48.955
    endloop
  endfacet
  facet normal 0.64268 0 -0.766134
    outer loop
      vertex -2.30873 -47.9 48.955
      vertex -2.50924 -47.91 48.7868
      vertex -2.50924 -47.9 48.7868
    endloop
  endfacet
  facet normal -0.275475 0 0.961308
    outer loop
      vertex 0.907207 -47.9 42.3614
      vertex 1.15881 -47.91 42.4335
      vertex 1.15881 -47.9 42.4335
    endloop
  endfacet
  facet normal -0.275475 0 0.961308
    outer loop
      vertex 1.15881 -47.91 42.4335
      vertex 0.907207 -47.9 42.3614
      vertex 0.907207 -47.91 42.3614
    endloop
  endfacet
  facet normal 0.529913 0 -0.848052
    outer loop
      vertex -2.09697 -47.91 49.1089
      vertex -1.875 -47.9 49.2476
      vertex -1.875 -47.91 49.2476
    endloop
  endfacet
  facet normal 0.529913 0 -0.848052
    outer loop
      vertex -1.875 -47.9 49.2476
      vertex -2.09697 -47.91 49.1089
      vertex -2.09697 -47.9 49.1089
    endloop
  endfacet
  facet normal -0.469521 0 0.882921
    outer loop
      vertex 1.64389 -47.9 42.6295
      vertex 1.875 -47.91 42.7524
      vertex 1.875 -47.9 42.7524
    endloop
  endfacet
  facet normal -0.469521 0 0.882921
    outer loop
      vertex 1.875 -47.91 42.7524
      vertex 1.64389 -47.9 42.6295
      vertex 1.64389 -47.91 42.6295
    endloop
  endfacet
  facet normal -0.970282 0 0.241978
    outer loop
      vertex 3.60473 -47.91 44.9664
      vertex 3.66805 -47.9 45.2203
      vertex 3.60473 -47.9 44.9664
    endloop
  endfacet
  facet normal -0.970282 0 0.241978
    outer loop
      vertex 3.66805 -47.9 45.2203
      vertex 3.60473 -47.91 44.9664
      vertex 3.66805 -47.91 45.2203
    endloop
  endfacet
  facet normal -0.994521 0 0.104534
    outer loop
      vertex 3.7135 -47.91 45.4781
      vertex 3.74086 -47.9 45.7384
      vertex 3.7135 -47.9 45.4781
    endloop
  endfacet
  facet normal -0.994521 0 0.104534
    outer loop
      vertex 3.74086 -47.9 45.7384
      vertex 3.7135 -47.91 45.4781
      vertex 3.74086 -47.91 45.7384
    endloop
  endfacet
  facet normal -0.275475 0 -0.961308
    outer loop
      vertex 0.907207 -47.91 49.6386
      vertex 1.15881 -47.9 49.5665
      vertex 1.15881 -47.91 49.5665
    endloop
  endfacet
  facet normal -0.275475 0 -0.961308
    outer loop
      vertex 1.15881 -47.9 49.5665
      vertex 0.907207 -47.91 49.6386
      vertex 0.907207 -47.9 49.6386
    endloop
  endfacet
  facet normal -0.64268 0 -0.766134
    outer loop
      vertex 2.30873 -47.91 48.955
      vertex 2.50924 -47.9 48.7868
      vertex 2.50924 -47.91 48.7868
    endloop
  endfacet
  facet normal -0.64268 0 -0.766134
    outer loop
      vertex 2.50924 -47.9 48.7868
      vertex 2.30873 -47.91 48.955
      vertex 2.30873 -47.9 48.955
    endloop
  endfacet
  facet normal -0 0 1
    outer loop
      vertex -0.130873 -47.9 42.2523
      vertex 0.130873 -47.91 42.2523
      vertex 0.130873 -47.9 42.2523
    endloop
  endfacet
  facet normal 0 0 1
    outer loop
      vertex 0.130873 -47.91 42.2523
      vertex -0.130873 -47.9 42.2523
      vertex -0.130873 -47.91 42.2523
    endloop
  endfacet
  facet normal 0.275475 0 -0.961308
    outer loop
      vertex -1.15881 -47.91 49.5665
      vertex -0.907207 -47.9 49.6386
      vertex -0.907207 -47.91 49.6386
    endloop
  endfacet
  facet normal 0.275475 0 -0.961308
    outer loop
      vertex -0.907207 -47.9 49.6386
      vertex -1.15881 -47.91 49.5665
      vertex -1.15881 -47.9 49.5665
    endloop
  endfacet
  facet normal 0.406535 0 0.913635
    outer loop
      vertex -1.64389 -47.9 42.6295
      vertex -1.40477 -47.91 42.5231
      vertex -1.40477 -47.9 42.5231
    endloop
  endfacet
  facet normal 0.406535 0 0.913635
    outer loop
      vertex -1.40477 -47.91 42.5231
      vertex -1.64389 -47.9 42.6295
      vertex -1.64389 -47.91 42.6295
    endloop
  endfacet
  facet normal -0.139443 0 -0.99023
    outer loop
      vertex 0.391981 -47.91 49.7295
      vertex 0.65118 -47.9 49.693
      vertex 0.65118 -47.91 49.693
    endloop
  endfacet
  facet normal -0.139443 0 -0.99023
    outer loop
      vertex 0.65118 -47.9 49.693
      vertex 0.391981 -47.91 49.7295
      vertex 0.391981 -47.9 49.7295
    endloop
  endfacet
  facet normal 0 0 -1
    outer loop
      vertex -0.130873 -47.91 49.7477
      vertex 0.130873 -47.9 49.7477
      vertex 0.130873 -47.91 49.7477
    endloop
  endfacet
  facet normal -0 0 -1
    outer loop
      vertex 0.130873 -47.9 49.7477
      vertex -0.130873 -47.91 49.7477
      vertex -0.130873 -47.9 49.7477
    endloop
  endfacet
  facet normal 0.788083 0 -0.615568
    outer loop
      vertex -2.87267 -47.91 48.4105
      vertex -3.03381 -47.9 48.2042
      vertex -2.87267 -47.9 48.4105
    endloop
  endfacet
  facet normal 0.788083 0 -0.615568
    outer loop
      vertex -3.03381 -47.9 48.2042
      vertex -2.87267 -47.91 48.4105
      vertex -3.03381 -47.91 48.2042
    endloop
  endfacet
  facet normal 0.898756 -0 0.438449
    outer loop
      vertex -3.42579 -47.91 44.4747
      vertex -3.31105 -47.9 44.2395
      vertex -3.42579 -47.9 44.4747
    endloop
  endfacet
  facet normal 0.898756 0 0.438449
    outer loop
      vertex -3.31105 -47.9 44.2395
      vertex -3.42579 -47.91 44.4747
      vertex -3.31105 -47.91 44.2395
    endloop
  endfacet
  facet normal 0.984812 -0 0.173622
    outer loop
      vertex -3.7135 -47.91 45.4781
      vertex -3.66805 -47.9 45.2203
      vertex -3.7135 -47.9 45.4781
    endloop
  endfacet
  facet normal 0.984812 0 0.173622
    outer loop
      vertex -3.66805 -47.9 45.2203
      vertex -3.7135 -47.91 45.4781
      vertex -3.66805 -47.91 45.2203
    endloop
  endfacet
  facet normal -0.99939 0 0.0349175
    outer loop
      vertex 3.74086 -47.91 45.7384
      vertex 3.75 -47.9 46
      vertex 3.74086 -47.9 45.7384
    endloop
  endfacet
  facet normal -0.99939 0 0.0349175
    outer loop
      vertex 3.75 -47.9 46
      vertex 3.74086 -47.91 45.7384
      vertex 3.75 -47.91 46
    endloop
  endfacet
  facet normal -0.64268 0 0.766134
    outer loop
      vertex 2.30873 -47.9 43.045
      vertex 2.50924 -47.91 43.2132
      vertex 2.50924 -47.9 43.2132
    endloop
  endfacet
  facet normal -0.64268 0 0.766134
    outer loop
      vertex 2.50924 -47.91 43.2132
      vertex 2.30873 -47.9 43.045
      vertex 2.30873 -47.91 43.045
    endloop
  endfacet
  facet normal -0.207838 0 0.978163
    outer loop
      vertex 0.65118 -47.9 42.307
      vertex 0.907207 -47.91 42.3614
      vertex 0.907207 -47.9 42.3614
    endloop
  endfacet
  facet normal -0.207838 0 0.978163
    outer loop
      vertex 0.907207 -47.91 42.3614
      vertex 0.65118 -47.9 42.307
      vertex 0.65118 -47.91 42.307
    endloop
  endfacet
  facet normal 0.207838 0 -0.978163
    outer loop
      vertex -0.907207 -47.91 49.6386
      vertex -0.65118 -47.9 49.693
      vertex -0.65118 -47.91 49.693
    endloop
  endfacet
  facet normal 0.207838 0 -0.978163
    outer loop
      vertex -0.65118 -47.9 49.693
      vertex -0.907207 -47.91 49.6386
      vertex -0.907207 -47.9 49.6386
    endloop
  endfacet
  facet normal 0.64268 0 0.766134
    outer loop
      vertex -2.50924 -47.9 43.2132
      vertex -2.30873 -47.91 43.045
      vertex -2.30873 -47.9 43.045
    endloop
  endfacet
  facet normal 0.64268 0 0.766134
    outer loop
      vertex -2.30873 -47.91 43.045
      vertex -2.50924 -47.9 43.2132
      vertex -2.50924 -47.91 43.2132
    endloop
  endfacet
  facet normal -0.694619 0 -0.719378
    outer loop
      vertex 2.50924 -47.91 48.7868
      vertex 2.69752 -47.9 48.605
      vertex 2.69752 -47.91 48.605
    endloop
  endfacet
  facet normal -0.694619 0 -0.719378
    outer loop
      vertex 2.69752 -47.9 48.605
      vertex 2.50924 -47.91 48.7868
      vertex 2.50924 -47.9 48.7868
    endloop
  endfacet
  facet normal 0.587904 0 -0.808931
    outer loop
      vertex -2.30873 -47.91 48.955
      vertex -2.09697 -47.9 49.1089
      vertex -2.09697 -47.91 49.1089
    endloop
  endfacet
  facet normal 0.587904 0 -0.808931
    outer loop
      vertex -2.09697 -47.9 49.1089
      vertex -2.30873 -47.91 48.955
      vertex -2.30873 -47.9 48.955
    endloop
  endfacet
  facet normal -0.898756 0 -0.438449
    outer loop
      vertex 3.42579 -47.91 47.5253
      vertex 3.31105 -47.9 47.7605
      vertex 3.42579 -47.9 47.5253
    endloop
  endfacet
  facet normal -0.898756 -0 -0.438449
    outer loop
      vertex 3.31105 -47.9 47.7605
      vertex 3.42579 -47.91 47.5253
      vertex 3.31105 -47.91 47.7605
    endloop
  endfacet
  facet normal -0.984812 0 0.173622
    outer loop
      vertex 3.66805 -47.91 45.2203
      vertex 3.7135 -47.9 45.4781
      vertex 3.66805 -47.9 45.2203
    endloop
  endfacet
  facet normal -0.984812 0 0.173622
    outer loop
      vertex 3.7135 -47.9 45.4781
      vertex 3.66805 -47.91 45.2203
      vertex 3.7135 -47.91 45.4781
    endloop
  endfacet
  facet normal -0.951085 0 -0.308931
    outer loop
      vertex 3.60473 -47.91 47.0336
      vertex 3.52385 -47.9 47.2826
      vertex 3.60473 -47.9 47.0336
    endloop
  endfacet
  facet normal -0.951085 -0 -0.308931
    outer loop
      vertex 3.52385 -47.9 47.2826
      vertex 3.60473 -47.91 47.0336
      vertex 3.52385 -47.91 47.2826
    endloop
  endfacet
  facet normal -0.951085 0 0.308931
    outer loop
      vertex 3.52385 -47.91 44.7174
      vertex 3.60473 -47.9 44.9664
      vertex 3.52385 -47.9 44.7174
    endloop
  endfacet
  facet normal -0.951085 0 0.308931
    outer loop
      vertex 3.60473 -47.9 44.9664
      vertex 3.52385 -47.91 44.7174
      vertex 3.60473 -47.91 44.9664
    endloop
  endfacet
  facet normal 0.994521 0 -0.104534
    outer loop
      vertex -3.7135 -47.91 46.5219
      vertex -3.74086 -47.9 46.2616
      vertex -3.7135 -47.9 46.5219
    endloop
  endfacet
  facet normal 0.994521 0 -0.104534
    outer loop
      vertex -3.74086 -47.9 46.2616
      vertex -3.7135 -47.91 46.5219
      vertex -3.74086 -47.91 46.2616
    endloop
  endfacet
  facet normal -0.469521 0 -0.882921
    outer loop
      vertex 1.64389 -47.91 49.3705
      vertex 1.875 -47.9 49.2476
      vertex 1.875 -47.91 49.2476
    endloop
  endfacet
  facet normal -0.469521 0 -0.882921
    outer loop
      vertex 1.875 -47.9 49.2476
      vertex 1.64389 -47.91 49.3705
      vertex 1.64389 -47.9 49.3705
    endloop
  endfacet
  facet normal -0.342283 0 0.939597
    outer loop
      vertex 1.15881 -47.9 42.4335
      vertex 1.40477 -47.91 42.5231
      vertex 1.40477 -47.9 42.5231
    endloop
  endfacet
  facet normal -0.342283 0 0.939597
    outer loop
      vertex 1.40477 -47.91 42.5231
      vertex 1.15881 -47.9 42.4335
      vertex 1.15881 -47.91 42.4335
    endloop
  endfacet
  facet normal -0.866051 0 -0.499956
    outer loop
      vertex 3.31105 -47.91 47.7605
      vertex 3.18018 -47.9 47.9872
      vertex 3.31105 -47.9 47.7605
    endloop
  endfacet
  facet normal -0.866051 -0 -0.499956
    outer loop
      vertex 3.18018 -47.9 47.9872
      vertex 3.31105 -47.91 47.7605
      vertex 3.18018 -47.91 47.9872
    endloop
  endfacet
  facet normal -0.788083 0 -0.615568
    outer loop
      vertex 3.03381 -47.91 48.2042
      vertex 2.87267 -47.9 48.4105
      vertex 3.03381 -47.9 48.2042
    endloop
  endfacet
  facet normal -0.788083 -0 -0.615568
    outer loop
      vertex 2.87267 -47.9 48.4105
      vertex 3.03381 -47.91 48.2042
      vertex 2.87267 -47.91 48.4105
    endloop
  endfacet
  facet normal -0.743104 0 0.669176
    outer loop
      vertex 2.69752 -47.91 43.395
      vertex 2.87267 -47.9 43.5895
      vertex 2.69752 -47.9 43.395
    endloop
  endfacet
  facet normal -0.743104 0 0.669176
    outer loop
      vertex 2.87267 -47.9 43.5895
      vertex 2.69752 -47.91 43.395
      vertex 2.87267 -47.91 43.5895
    endloop
  endfacet
  facet normal 0.866051 -0 0.499956
    outer loop
      vertex -3.31105 -47.91 44.2395
      vertex -3.18018 -47.9 44.0128
      vertex -3.31105 -47.9 44.2395
    endloop
  endfacet
  facet normal 0.866051 0 0.499956
    outer loop
      vertex -3.18018 -47.9 44.0128
      vertex -3.31105 -47.91 44.2395
      vertex -3.18018 -47.91 44.0128
    endloop
  endfacet
  facet normal 0.951085 -0 0.308931
    outer loop
      vertex -3.60473 -47.91 44.9664
      vertex -3.52385 -47.9 44.7174
      vertex -3.60473 -47.9 44.9664
    endloop
  endfacet
  facet normal 0.951085 0 0.308931
    outer loop
      vertex -3.52385 -47.9 44.7174
      vertex -3.60473 -47.91 44.9664
      vertex -3.52385 -47.91 44.7174
    endloop
  endfacet
  facet normal 0.342283 0 0.939597
    outer loop
      vertex -1.40477 -47.9 42.5231
      vertex -1.15881 -47.91 42.4335
      vertex -1.15881 -47.9 42.4335
    endloop
  endfacet
  facet normal 0.342283 0 0.939597
    outer loop
      vertex -1.15881 -47.91 42.4335
      vertex -1.40477 -47.9 42.5231
      vertex -1.40477 -47.91 42.5231
    endloop
  endfacet
  facet normal 0.342283 0 -0.939597
    outer loop
      vertex -1.40477 -47.91 49.4769
      vertex -1.15881 -47.9 49.5665
      vertex -1.15881 -47.91 49.5665
    endloop
  endfacet
  facet normal 0.342283 0 -0.939597
    outer loop
      vertex -1.15881 -47.9 49.5665
      vertex -1.40477 -47.91 49.4769
      vertex -1.40477 -47.9 49.4769
    endloop
  endfacet
  facet normal 0.0695342 0 0.99758
    outer loop
      vertex -0.391981 -47.9 42.2705
      vertex -0.130873 -47.91 42.2523
      vertex -0.130873 -47.9 42.2523
    endloop
  endfacet
  facet normal 0.0695342 0 0.99758
    outer loop
      vertex -0.130873 -47.91 42.2523
      vertex -0.391981 -47.9 42.2705
      vertex -0.391981 -47.91 42.2705
    endloop
  endfacet
  facet normal -0.866051 0 0.499956
    outer loop
      vertex 3.18018 -47.91 44.0128
      vertex 3.31105 -47.9 44.2395
      vertex 3.18018 -47.9 44.0128
    endloop
  endfacet
  facet normal -0.866051 0 0.499956
    outer loop
      vertex 3.31105 -47.9 44.2395
      vertex 3.18018 -47.91 44.0128
      vertex 3.31105 -47.91 44.2395
    endloop
  endfacet
  facet normal 0.207838 0 0.978163
    outer loop
      vertex -0.907207 -47.9 42.3614
      vertex -0.65118 -47.91 42.307
      vertex -0.65118 -47.9 42.307
    endloop
  endfacet
  facet normal 0.207838 0 0.978163
    outer loop
      vertex -0.65118 -47.91 42.307
      vertex -0.907207 -47.9 42.3614
      vertex -0.907207 -47.91 42.3614
    endloop
  endfacet
  facet normal 0.0695342 0 -0.99758
    outer loop
      vertex -0.391981 -47.91 49.7295
      vertex -0.130873 -47.9 49.7477
      vertex -0.130873 -47.91 49.7477
    endloop
  endfacet
  facet normal 0.0695342 0 -0.99758
    outer loop
      vertex -0.130873 -47.9 49.7477
      vertex -0.391981 -47.91 49.7295
      vertex -0.391981 -47.9 49.7295
    endloop
  endfacet
  facet normal 0.469521 0 -0.882921
    outer loop
      vertex -1.875 -47.91 49.2476
      vertex -1.64389 -47.9 49.3705
      vertex -1.64389 -47.91 49.3705
    endloop
  endfacet
  facet normal 0.469521 0 -0.882921
    outer loop
      vertex -1.64389 -47.9 49.3705
      vertex -1.875 -47.91 49.2476
      vertex -1.875 -47.9 49.2476
    endloop
  endfacet
  facet normal 0.743104 0 -0.669176
    outer loop
      vertex -2.69752 -47.91 48.605
      vertex -2.87267 -47.9 48.4105
      vertex -2.69752 -47.9 48.605
    endloop
  endfacet
  facet normal 0.743104 0 -0.669176
    outer loop
      vertex -2.87267 -47.9 48.4105
      vertex -2.69752 -47.91 48.605
      vertex -2.87267 -47.91 48.4105
    endloop
  endfacet
  facet normal -0.587904 0 -0.808931
    outer loop
      vertex 2.09697 -47.91 49.1089
      vertex 2.30873 -47.9 48.955
      vertex 2.30873 -47.91 48.955
    endloop
  endfacet
  facet normal -0.587904 0 -0.808931
    outer loop
      vertex 2.30873 -47.9 48.955
      vertex 2.09697 -47.91 49.1089
      vertex 2.09697 -47.9 49.1089
    endloop
  endfacet
  facet normal 0.970282 0 -0.241978
    outer loop
      vertex -3.60473 -47.91 47.0336
      vertex -3.66805 -47.9 46.7797
      vertex -3.60473 -47.9 47.0336
    endloop
  endfacet
  facet normal 0.970282 0 -0.241978
    outer loop
      vertex -3.66805 -47.9 46.7797
      vertex -3.60473 -47.91 47.0336
      vertex -3.66805 -47.91 46.7797
    endloop
  endfacet
  facet normal 0.970282 -0 0.241978
    outer loop
      vertex -3.66805 -47.91 45.2203
      vertex -3.60473 -47.9 44.9664
      vertex -3.66805 -47.9 45.2203
    endloop
  endfacet
  facet normal 0.970282 0 0.241978
    outer loop
      vertex -3.60473 -47.9 44.9664
      vertex -3.66805 -47.91 45.2203
      vertex -3.60473 -47.91 44.9664
    endloop
  endfacet
  facet normal 0.529913 0 0.848052
    outer loop
      vertex -2.09697 -47.9 42.8911
      vertex -1.875 -47.91 42.7524
      vertex -1.875 -47.9 42.7524
    endloop
  endfacet
  facet normal 0.529913 0 0.848052
    outer loop
      vertex -1.875 -47.91 42.7524
      vertex -2.09697 -47.9 42.8911
      vertex -2.09697 -47.91 42.8911
    endloop
  endfacet
  facet normal -0.207838 0 -0.978163
    outer loop
      vertex 0.65118 -47.91 49.693
      vertex 0.907207 -47.9 49.6386
      vertex 0.907207 -47.91 49.6386
    endloop
  endfacet
  facet normal -0.207838 0 -0.978163
    outer loop
      vertex 0.907207 -47.9 49.6386
      vertex 0.65118 -47.91 49.693
      vertex 0.65118 -47.9 49.693
    endloop
  endfacet
  facet normal 0.788083 -0 0.615568
    outer loop
      vertex -3.03381 -47.91 43.7958
      vertex -2.87267 -47.9 43.5895
      vertex -3.03381 -47.9 43.7958
    endloop
  endfacet
  facet normal 0.788083 0 0.615568
    outer loop
      vertex -2.87267 -47.9 43.5895
      vertex -3.03381 -47.91 43.7958
      vertex -2.87267 -47.91 43.5895
    endloop
  endfacet
  facet normal 0.275475 0 0.961308
    outer loop
      vertex -1.15881 -47.9 42.4335
      vertex -0.907207 -47.91 42.3614
      vertex -0.907207 -47.9 42.3614
    endloop
  endfacet
  facet normal 0.275475 0 0.961308
    outer loop
      vertex -0.907207 -47.91 42.3614
      vertex -1.15881 -47.9 42.4335
      vertex -1.15881 -47.91 42.4335
    endloop
  endfacet
  facet normal -0.970282 0 -0.241978
    outer loop
      vertex 3.66805 -47.91 46.7797
      vertex 3.60473 -47.9 47.0336
      vertex 3.66805 -47.9 46.7797
    endloop
  endfacet
  facet normal -0.970282 -0 -0.241978
    outer loop
      vertex 3.60473 -47.9 47.0336
      vertex 3.66805 -47.91 46.7797
      vertex 3.60473 -47.91 47.0336
    endloop
  endfacet
  facet normal -0.529913 0 0.848052
    outer loop
      vertex 1.875 -47.9 42.7524
      vertex 2.09697 -47.91 42.8911
      vertex 2.09697 -47.9 42.8911
    endloop
  endfacet
  facet normal -0.529913 0 0.848052
    outer loop
      vertex 2.09697 -47.91 42.8911
      vertex 1.875 -47.9 42.7524
      vertex 1.875 -47.91 42.7524
    endloop
  endfacet
  facet normal -0.406535 0 0.913635
    outer loop
      vertex 1.40477 -47.9 42.5231
      vertex 1.64389 -47.91 42.6295
      vertex 1.64389 -47.9 42.6295
    endloop
  endfacet
  facet normal -0.406535 0 0.913635
    outer loop
      vertex 1.64389 -47.91 42.6295
      vertex 1.40477 -47.9 42.5231
      vertex 1.40477 -47.91 42.5231
    endloop
  endfacet
  facet normal -0.92718 0 0.374616
    outer loop
      vertex 3.42579 -47.91 44.4747
      vertex 3.52385 -47.9 44.7174
      vertex 3.42579 -47.9 44.4747
    endloop
  endfacet
  facet normal -0.92718 0 0.374616
    outer loop
      vertex 3.52385 -47.9 44.7174
      vertex 3.42579 -47.91 44.4747
      vertex 3.52385 -47.91 44.7174
    endloop
  endfacet
  facet normal 0.866051 0 -0.499956
    outer loop
      vertex -3.18018 -47.91 47.9872
      vertex -3.31105 -47.9 47.7605
      vertex -3.18018 -47.9 47.9872
    endloop
  endfacet
  facet normal 0.866051 0 -0.499956
    outer loop
      vertex -3.31105 -47.9 47.7605
      vertex -3.18018 -47.91 47.9872
      vertex -3.31105 -47.91 47.7605
    endloop
  endfacet
  facet normal -0.984812 0 -0.173622
    outer loop
      vertex 3.7135 -47.91 46.5219
      vertex 3.66805 -47.9 46.7797
      vertex 3.7135 -47.9 46.5219
    endloop
  endfacet
  facet normal -0.984812 -0 -0.173622
    outer loop
      vertex 3.66805 -47.9 46.7797
      vertex 3.7135 -47.91 46.5219
      vertex 3.66805 -47.91 46.7797
    endloop
  endfacet
  facet normal 0.898756 0 -0.438449
    outer loop
      vertex -3.31105 -47.91 47.7605
      vertex -3.42579 -47.9 47.5253
      vertex -3.31105 -47.9 47.7605
    endloop
  endfacet
  facet normal 0.898756 0 -0.438449
    outer loop
      vertex -3.42579 -47.9 47.5253
      vertex -3.31105 -47.91 47.7605
      vertex -3.42579 -47.91 47.5253
    endloop
  endfacet
  facet normal -0.92718 0 -0.374616
    outer loop
      vertex 3.52385 -47.91 47.2826
      vertex 3.42579 -47.9 47.5253
      vertex 3.52385 -47.9 47.2826
    endloop
  endfacet
  facet normal -0.92718 -0 -0.374616
    outer loop
      vertex 3.42579 -47.9 47.5253
      vertex 3.52385 -47.91 47.2826
      vertex 3.42579 -47.91 47.5253
    endloop
  endfacet
  facet normal 0.469521 0 0.882921
    outer loop
      vertex -1.875 -47.9 42.7524
      vertex -1.64389 -47.91 42.6295
      vertex -1.64389 -47.9 42.6295
    endloop
  endfacet
  facet normal 0.469521 0 0.882921
    outer loop
      vertex -1.64389 -47.91 42.6295
      vertex -1.875 -47.9 42.7524
      vertex -1.875 -47.91 42.7524
    endloop
  endfacet
  facet normal 0.829035 0 -0.559197
    outer loop
      vertex -3.03381 -47.91 48.2042
      vertex -3.18018 -47.9 47.9872
      vertex -3.03381 -47.9 48.2042
    endloop
  endfacet
  facet normal 0.829035 0 -0.559197
    outer loop
      vertex -3.18018 -47.9 47.9872
      vertex -3.03381 -47.91 48.2042
      vertex -3.18018 -47.91 47.9872
    endloop
  endfacet
  facet normal -0.694619 0 0.719378
    outer loop
      vertex 2.50924 -47.9 43.2132
      vertex 2.69752 -47.91 43.395
      vertex 2.69752 -47.9 43.395
    endloop
  endfacet
  facet normal -0.694619 0 0.719378
    outer loop
      vertex 2.69752 -47.91 43.395
      vertex 2.50924 -47.9 43.2132
      vertex 2.50924 -47.91 43.2132
    endloop
  endfacet
  facet normal -0.788083 0 0.615568
    outer loop
      vertex 2.87267 -47.91 43.5895
      vertex 3.03381 -47.9 43.7958
      vertex 2.87267 -47.9 43.5895
    endloop
  endfacet
  facet normal -0.788083 0 0.615568
    outer loop
      vertex 3.03381 -47.9 43.7958
      vertex 2.87267 -47.91 43.5895
      vertex 3.03381 -47.91 43.7958
    endloop
  endfacet
  facet normal 0.994521 -0 0.104534
    outer loop
      vertex -3.74086 -47.91 45.7384
      vertex -3.7135 -47.9 45.4781
      vertex -3.74086 -47.9 45.7384
    endloop
  endfacet
  facet normal 0.994521 0 0.104534
    outer loop
      vertex -3.7135 -47.9 45.4781
      vertex -3.74086 -47.91 45.7384
      vertex -3.7135 -47.91 45.4781
    endloop
  endfacet
  facet normal 0.99939 -0 0.0349175
    outer loop
      vertex -3.75 -47.91 46
      vertex -3.74086 -47.9 45.7384
      vertex -3.75 -47.9 46
    endloop
  endfacet
  facet normal 0.99939 0 0.0349175
    outer loop
      vertex -3.74086 -47.9 45.7384
      vertex -3.75 -47.91 46
      vertex -3.74086 -47.91 45.7384
    endloop
  endfacet
  facet normal 0.587904 0 0.808931
    outer loop
      vertex -2.30873 -47.9 43.045
      vertex -2.09697 -47.91 42.8911
      vertex -2.09697 -47.9 42.8911
    endloop
  endfacet
  facet normal 0.587904 0 0.808931
    outer loop
      vertex -2.09697 -47.91 42.8911
      vertex -2.30873 -47.9 43.045
      vertex -2.30873 -47.91 43.045
    endloop
  endfacet
  facet normal -0.829035 0 0.559197
    outer loop
      vertex 3.03381 -47.91 43.7958
      vertex 3.18018 -47.9 44.0128
      vertex 3.03381 -47.9 43.7958
    endloop
  endfacet
  facet normal -0.829035 0 0.559197
    outer loop
      vertex 3.18018 -47.9 44.0128
      vertex 3.03381 -47.91 43.7958
      vertex 3.18018 -47.91 44.0128
    endloop
  endfacet
  facet normal -0.0695342 0 -0.99758
    outer loop
      vertex 0.130873 -47.91 49.7477
      vertex 0.391981 -47.9 49.7295
      vertex 0.391981 -47.91 49.7295
    endloop
  endfacet
  facet normal -0.0695342 0 -0.99758
    outer loop
      vertex 0.391981 -47.9 49.7295
      vertex 0.130873 -47.91 49.7477
      vertex 0.130873 -47.9 49.7477
    endloop
  endfacet
  facet normal -0.587904 0 0.808931
    outer loop
      vertex 2.09697 -47.9 42.8911
      vertex 2.30873 -47.91 43.045
      vertex 2.30873 -47.9 43.045
    endloop
  endfacet
  facet normal -0.587904 0 0.808931
    outer loop
      vertex 2.30873 -47.91 43.045
      vertex 2.09697 -47.9 42.8911
      vertex 2.09697 -47.91 42.8911
    endloop
  endfacet
  facet normal 0.829035 -0 0.559197
    outer loop
      vertex -3.18018 -47.91 44.0128
      vertex -3.03381 -47.9 43.7958
      vertex -3.18018 -47.9 44.0128
    endloop
  endfacet
  facet normal 0.829035 0 0.559197
    outer loop
      vertex -3.03381 -47.9 43.7958
      vertex -3.18018 -47.91 44.0128
      vertex -3.03381 -47.91 43.7958
    endloop
  endfacet
  facet normal -0.743104 0 -0.669176
    outer loop
      vertex 2.87267 -47.91 48.4105
      vertex 2.69752 -47.9 48.605
      vertex 2.87267 -47.9 48.4105
    endloop
  endfacet
  facet normal -0.743104 -0 -0.669176
    outer loop
      vertex 2.69752 -47.9 48.605
      vertex 2.87267 -47.91 48.4105
      vertex 2.69752 -47.91 48.605
    endloop
  endfacet
  facet normal 0.92718 0 -0.374616
    outer loop
      vertex -3.42579 -47.91 47.5253
      vertex -3.52385 -47.9 47.2826
      vertex -3.42579 -47.9 47.5253
    endloop
  endfacet
  facet normal 0.92718 0 -0.374616
    outer loop
      vertex -3.52385 -47.9 47.2826
      vertex -3.42579 -47.91 47.5253
      vertex -3.52385 -47.91 47.2826
    endloop
  endfacet
  facet normal -0.342283 0 -0.939597
    outer loop
      vertex 1.15881 -47.91 49.5665
      vertex 1.40477 -47.9 49.4769
      vertex 1.40477 -47.91 49.4769
    endloop
  endfacet
  facet normal -0.342283 0 -0.939597
    outer loop
      vertex 1.40477 -47.9 49.4769
      vertex 1.15881 -47.91 49.5665
      vertex 1.15881 -47.9 49.5665
    endloop
  endfacet
  facet normal 0.951085 0 -0.308931
    outer loop
      vertex -3.52385 -47.91 47.2826
      vertex -3.60473 -47.9 47.0336
      vertex -3.52385 -47.9 47.2826
    endloop
  endfacet
  facet normal 0.951085 0 -0.308931
    outer loop
      vertex -3.60473 -47.9 47.0336
      vertex -3.52385 -47.91 47.2826
      vertex -3.60473 -47.91 47.0336
    endloop
  endfacet
  facet normal 0.694619 0 0.719378
    outer loop
      vertex -2.69752 -47.9 43.395
      vertex -2.50924 -47.91 43.2132
      vertex -2.50924 -47.9 43.2132
    endloop
  endfacet
  facet normal 0.694619 0 0.719378
    outer loop
      vertex -2.50924 -47.91 43.2132
      vertex -2.69752 -47.9 43.395
      vertex -2.69752 -47.91 43.395
    endloop
  endfacet
  facet normal 0.99939 0 -0.0349175
    outer loop
      vertex -3.74086 -47.91 46.2616
      vertex -3.75 -47.9 46
      vertex -3.74086 -47.9 46.2616
    endloop
  endfacet
  facet normal 0.99939 0 -0.0349175
    outer loop
      vertex -3.75 -47.9 46
      vertex -3.74086 -47.91 46.2616
      vertex -3.75 -47.91 46
    endloop
  endfacet
  facet normal -0.898756 0 0.438449
    outer loop
      vertex 3.31105 -47.91 44.2395
      vertex 3.42579 -47.9 44.4747
      vertex 3.31105 -47.9 44.2395
    endloop
  endfacet
  facet normal -0.898756 0 0.438449
    outer loop
      vertex 3.42579 -47.9 44.4747
      vertex 3.31105 -47.91 44.2395
      vertex 3.42579 -47.91 44.4747
    endloop
  endfacet
  facet normal 0.139443 0 0.99023
    outer loop
      vertex -0.65118 -47.9 42.307
      vertex -0.391981 -47.91 42.2705
      vertex -0.391981 -47.9 42.2705
    endloop
  endfacet
  facet normal 0.139443 0 0.99023
    outer loop
      vertex -0.391981 -47.91 42.2705
      vertex -0.65118 -47.9 42.307
      vertex -0.65118 -47.91 42.307
    endloop
  endfacet
  facet normal 0.406535 0 -0.913635
    outer loop
      vertex -1.64389 -47.91 49.3705
      vertex -1.40477 -47.9 49.4769
      vertex -1.40477 -47.91 49.4769
    endloop
  endfacet
  facet normal 0.406535 0 -0.913635
    outer loop
      vertex -1.40477 -47.9 49.4769
      vertex -1.64389 -47.91 49.3705
      vertex -1.64389 -47.9 49.3705
    endloop
  endfacet
  facet normal -0.246579 0.706823 -0.663023
    outer loop
      vertex 1.15814 -47.91 49.5561
      vertex 0.9116 -48.7 48.8056
      vertex 1.15572 -47.91 49.557
    endloop
  endfacet
  facet normal -0.241837 0.706911 -0.664674
    outer loop
      vertex 0.9116 -48.7 48.8056
      vertex 1.15814 -47.91 49.5561
      vertex 1.10509 -48.7 48.7352
    endloop
  endfacet
  facet normal 0.332172 0.706911 0.62445
    outer loop
      vertex -1.29319 -48.7 43.3486
      vertex -1.63951 -47.91 42.6385
      vertex -1.86773 -47.91 42.7599
    endloop
  endfacet
  facet normal -0.706895 0.706895 -0.0244694
    outer loop
      vertex 2.95 -48.7 46
      vertex 3.73991 -47.91 46.0026
      vertex 3.74 -47.91 46
    endloop
  endfacet
  facet normal -0.706891 0.706891 -0.0246965
    outer loop
      vertex 3.73991 -47.91 46.0026
      vertex 2.95 -48.7 46
      vertex 2.94281 -48.7 46.2058
    endloop
  endfacet
  facet normal -0.706889 0.706893 -0.024685
    outer loop
      vertex 3.73089 -47.91 46.2609
      vertex 3.73991 -47.91 46.0026
      vertex 2.94281 -48.7 46.2058
    endloop
  endfacet
  facet normal 0.331894 0.706861 -0.624655
    outer loop
      vertex -1.475 -48.7 48.5548
      vertex -1.86773 -47.91 49.2401
      vertex -1.29319 -48.7 48.6514
    endloop
  endfacet
  facet normal 0.330593 0.706837 -0.625372
    outer loop
      vertex -1.86773 -47.91 49.2401
      vertex -1.475 -48.7 48.5548
      vertex -1.87 -47.91 49.2389
    endloop
  endfacet
  facet normal -0.612603 0.706893 0.353581
    outer loop
      vertex 3.30222 -47.91 44.2442
      vertex 3.17299 -47.91 44.0203
      vertex 2.6047 -48.7 44.6151
    endloop
  endfacet
  facet normal 0.454724 0.706913 0.541756
    outer loop
      vertex -1.8162 -48.7 43.6754
      vertex -2.30257 -47.91 43.0528
      vertex -2.50058 -47.91 43.219
    endloop
  endfacet
  facet normal -0.374787 0.706893 0.599865
    outer loop
      vertex 1.87218 -47.91 42.7624
      vertex 1.475 -48.7 43.4452
      vertex 1.64962 -48.7 43.5543
    endloop
  endfacet
  facet normal -0.362193 0.707048 0.60737
    outer loop
      vertex 1.475 -48.7 43.4452
      vertex 1.87218 -47.91 42.7624
      vertex 1.87 -47.91 42.7611
    endloop
  endfacet
  facet normal -0.703444 0.706893 0.0739574
    outer loop
      vertex 3.73089 -47.91 45.7391
      vertex 3.70387 -47.91 45.4821
      vertex 2.94281 -48.7 45.7942
    endloop
  endfacet
  facet normal -0.446077 0.706653 -0.549233
    outer loop
      vertex 1.97394 -48.7 48.1923
      vertex 2.50058 -47.91 48.781
      vertex 2.50255 -47.91 48.7794
    endloop
  endfacet
  facet normal -0.454548 0.706875 -0.541953
    outer loop
      vertex 2.50058 -47.91 48.781
      vertex 1.97394 -48.7 48.1923
      vertex 1.8162 -48.7 48.3246
    endloop
  endfacet
  facet normal -0.523056 0.706818 0.476257
    outer loop
      vertex 2.86328 -47.91 43.5941
      vertex 2.25983 -48.7 44.1038
      vertex 2.86501 -47.91 43.596
    endloop
  endfacet
  facet normal -0.525616 0.706885 0.47333
    outer loop
      vertex 2.25983 -48.7 44.1038
      vertex 2.86328 -47.91 43.5941
      vertex 2.12205 -48.7 43.9508
    endloop
  endfacet
  facet normal 0.655836 0.706887 0.264934
    outer loop
      vertex -2.69496 -48.7 44.8001
      vertex -3.41666 -47.91 44.4788
      vertex -3.51349 -47.91 44.7185
    endloop
  endfacet
  facet normal -0.195108 0.706879 0.679894
    outer loop
      vertex 0.907261 -47.91 42.3718
      vertex 0.713669 -48.7 43.1376
      vertex 0.9116 -48.7 43.1944
    endloop
  endfacet
  facet normal -0.192564 0.706918 0.680578
    outer loop
      vertex 0.713669 -48.7 43.1376
      vertex 0.907261 -47.91 42.3718
      vertex 0.904787 -47.91 42.3711
    endloop
  endfacet
  facet normal 0.557401 0.706892 0.43544
    outer loop
      vertex -2.25983 -48.7 44.1038
      vertex -2.86501 -47.91 43.596
      vertex -3.02414 -47.91 43.7997
    endloop
  endfacet
  facet normal -0.696577 0.706892 0.122818
    outer loop
      vertex 3.70316 -47.91 45.477
      vertex 3.65827 -47.91 45.2224
      vertex 2.88554 -48.7 45.3867
    endloop
  endfacet
  facet normal -0.612603 0.706893 -0.353581
    outer loop
      vertex 3.17299 -47.91 47.9797
      vertex 3.30222 -47.91 47.7558
      vertex 2.6047 -48.7 47.3849
    endloop
  endfacet
  facet normal -0.703444 0.706893 -0.0739574
    outer loop
      vertex 3.70387 -47.91 46.5179
      vertex 3.73089 -47.91 46.2609
      vertex 2.94281 -48.7 46.2058
    endloop
  endfacet
  facet normal -0.493286 0.706846 -0.506988
    outer loop
      vertex 2.5044 -47.91 48.7776
      vertex 1.97394 -48.7 48.1923
      vertex 2.50255 -47.91 48.7794
    endloop
  endfacet
  facet normal -0.491477 0.706888 -0.508684
    outer loop
      vertex 1.97394 -48.7 48.1923
      vertex 2.5044 -47.91 48.7776
      vertex 2.12205 -48.7 48.0492
    endloop
  endfacet
  facet normal 0.194845 0.706917 0.679929
    outer loop
      vertex -0.9116 -48.7 43.1944
      vertex -0.907261 -47.91 42.3718
      vertex -1.15572 -47.91 42.443
    endloop
  endfacet
  facet normal 0.241903 0.706902 0.66466
    outer loop
      vertex -1.10509 -48.7 43.2648
      vertex -1.15814 -47.91 42.4439
      vertex -1.40103 -47.91 42.5323
    endloop
  endfacet
  facet normal 0.374787 0.706893 0.599865
    outer loop
      vertex -1.475 -48.7 43.4452
      vertex -1.87218 -47.91 42.7624
      vertex -1.64962 -48.7 43.5543
    endloop
  endfacet
  facet normal 0.362193 0.707048 0.60737
    outer loop
      vertex -1.87218 -47.91 42.7624
      vertex -1.475 -48.7 43.4452
      vertex -1.87 -47.91 42.7611
    endloop
  endfacet
  facet normal -0.612619 0.70689 0.353561
    outer loop
      vertex 3.17299 -47.91 44.0203
      vertex 2.50174 -48.7 44.4367
      vertex 2.6047 -48.7 44.6151
    endloop
  endfacet
  facet normal -0.610105 0.706959 0.357744
    outer loop
      vertex 2.50174 -48.7 44.4367
      vertex 3.17299 -47.91 44.0203
      vertex 3.1717 -47.91 44.0181
    endloop
  endfacet
  facet normal 0.0492583 0.706884 -0.705612
    outer loop
      vertex -0.130524 -47.91 49.7377
      vertex -0.102953 -48.7 48.9482
      vertex -0.388369 -47.91 49.7197
    endloop
  endfacet
  facet normal -0.523056 0.706818 -0.476257
    outer loop
      vertex 2.25983 -48.7 47.8962
      vertex 2.86328 -47.91 48.4059
      vertex 2.86501 -47.91 48.404
    endloop
  endfacet
  facet normal -0.525616 0.706885 -0.47333
    outer loop
      vertex 2.86328 -47.91 48.4059
      vertex 2.25983 -48.7 47.8962
      vertex 2.12205 -48.7 48.0492
    endloop
  endfacet
  facet normal 0.374888 0.706877 0.59982
    outer loop
      vertex -1.64962 -48.7 43.5543
      vertex -1.87218 -47.91 42.7624
      vertex -2.09138 -47.91 42.8994
    endloop
  endfacet
  facet normal 0.686303 0.706897 0.171129
    outer loop
      vertex -2.83572 -48.7 45.1869
      vertex -3.59574 -47.91 44.9716
      vertex -2.88554 -48.7 45.3867
    endloop
  endfacet
  facet normal 0.686534 0.706882 0.17026
    outer loop
      vertex -3.59574 -47.91 44.9716
      vertex -2.83572 -48.7 45.1869
      vertex -3.59512 -47.91 44.9691
    endloop
  endfacet
  facet normal -0.706889 0.706893 0.024685
    outer loop
      vertex 3.73991 -47.91 45.9974
      vertex 3.73089 -47.91 45.7391
      vertex 2.94281 -48.7 45.7942
    endloop
  endfacet
  facet normal -0.241903 0.706902 -0.66466
    outer loop
      vertex 1.15814 -47.91 49.5561
      vertex 1.40103 -47.91 49.4677
      vertex 1.10509 -48.7 48.7352
    endloop
  endfacet
  facet normal -0.192564 0.706918 -0.680578
    outer loop
      vertex 0.907261 -47.91 49.6282
      vertex 0.713669 -48.7 48.8624
      vertex 0.904787 -47.91 49.6289
    endloop
  endfacet
  facet normal -0.195108 0.706879 -0.679894
    outer loop
      vertex 0.713669 -48.7 48.8624
      vertex 0.907261 -47.91 49.6282
      vertex 0.9116 -48.7 48.8056
    endloop
  endfacet
  facet normal -0.0985132 0.706893 0.700426
    outer loop
      vertex 0.512261 -48.7 43.0948
      vertex 0.649444 -47.91 42.3168
      vertex 0.393485 -47.91 42.2808
    endloop
  endfacet
  facet normal 0.246579 0.706823 -0.663023
    outer loop
      vertex -0.9116 -48.7 48.8056
      vertex -1.15814 -47.91 49.5561
      vertex -1.15572 -47.91 49.557
    endloop
  endfacet
  facet normal 0.241837 0.706911 -0.664674
    outer loop
      vertex -1.15814 -47.91 49.5561
      vertex -0.9116 -48.7 48.8056
      vertex -1.10509 -48.7 48.7352
    endloop
  endfacet
  facet normal 0.147032 0.706861 -0.691903
    outer loop
      vertex -0.713669 -48.7 48.8624
      vertex -0.90227 -47.91 49.6294
      vertex -0.512261 -48.7 48.9052
    endloop
  endfacet
  facet normal 0.137857 0.70668 -0.693973
    outer loop
      vertex -0.90227 -47.91 49.6294
      vertex -0.713669 -48.7 48.8624
      vertex -0.904787 -47.91 49.6289
    endloop
  endfacet
  facet normal 0.525662 0.706897 0.47326
    outer loop
      vertex -2.12205 -48.7 43.9508
      vertex -2.69033 -47.91 43.402
      vertex -2.86328 -47.91 43.5941
    endloop
  endfacet
  facet normal -0.0982435 0.706932 0.700425
    outer loop
      vertex 0.393485 -47.91 42.2808
      vertex 0.308358 -48.7 43.0662
      vertex 0.512261 -48.7 43.0948
    endloop
  endfacet
  facet normal -0.082653 0.707092 0.702275
    outer loop
      vertex 0.308358 -48.7 43.0662
      vertex 0.393485 -47.91 42.2808
      vertex 0.390936 -47.91 42.2805
    endloop
  endfacet
  facet normal -0.686303 0.706897 0.171129
    outer loop
      vertex 3.59574 -47.91 44.9716
      vertex 2.83572 -48.7 45.1869
      vertex 2.88554 -48.7 45.3867
    endloop
  endfacet
  facet normal -0.686534 0.706882 0.17026
    outer loop
      vertex 2.83572 -48.7 45.1869
      vertex 3.59574 -47.91 44.9716
      vertex 3.59512 -47.91 44.9691
    endloop
  endfacet
  facet normal -0.610105 0.706959 -0.357744
    outer loop
      vertex 3.17299 -47.91 47.9797
      vertex 2.50174 -48.7 47.5633
      vertex 3.1717 -47.91 47.9819
    endloop
  endfacet
  facet normal -0.612619 0.70689 -0.353561
    outer loop
      vertex 2.50174 -48.7 47.5633
      vertex 3.17299 -47.91 47.9797
      vertex 2.6047 -48.7 47.3849
    endloop
  endfacet
  facet normal 0.195108 0.706879 0.679894
    outer loop
      vertex -0.713669 -48.7 43.1376
      vertex -0.907261 -47.91 42.3718
      vertex -0.9116 -48.7 43.1944
    endloop
  endfacet
  facet normal 0.192564 0.706918 0.680578
    outer loop
      vertex -0.907261 -47.91 42.3718
      vertex -0.713669 -48.7 43.1376
      vertex -0.904787 -47.91 42.3711
    endloop
  endfacet
  facet normal 0.331894 0.706861 0.624655
    outer loop
      vertex -1.86773 -47.91 42.7599
      vertex -1.475 -48.7 43.4452
      vertex -1.29319 -48.7 43.3486
    endloop
  endfacet
  facet normal 0.330593 0.706837 0.625372
    outer loop
      vertex -1.475 -48.7 43.4452
      vertex -1.86773 -47.91 42.7599
      vertex -1.87 -47.91 42.7611
    endloop
  endfacet
  facet normal 0.525616 0.706885 0.47333
    outer loop
      vertex -2.86328 -47.91 43.5941
      vertex -2.25983 -48.7 44.1038
      vertex -2.12205 -48.7 43.9508
    endloop
  endfacet
  facet normal 0.523056 0.706818 0.476257
    outer loop
      vertex -2.25983 -48.7 44.1038
      vertex -2.86328 -47.91 43.5941
      vertex -2.86501 -47.91 43.596
    endloop
  endfacet
  facet normal -0.241903 0.706902 0.66466
    outer loop
      vertex 1.40103 -47.91 42.5323
      vertex 1.15814 -47.91 42.4439
      vertex 1.10509 -48.7 43.2648
    endloop
  endfacet
  facet normal 0.0982435 0.706932 0.700425
    outer loop
      vertex -0.308358 -48.7 43.0662
      vertex -0.393485 -47.91 42.2808
      vertex -0.512261 -48.7 43.0948
    endloop
  endfacet
  facet normal 0.082653 0.707092 0.702275
    outer loop
      vertex -0.393485 -47.91 42.2808
      vertex -0.308358 -48.7 43.0662
      vertex -0.390936 -47.91 42.2805
    endloop
  endfacet
  facet normal -0.672692 0.706899 -0.218584
    outer loop
      vertex 3.51525 -47.91 47.2767
      vertex 3.59512 -47.91 47.0309
      vertex 2.83572 -48.7 46.8131
    endloop
  endfacet
  facet normal -0.454724 0.706913 -0.541756
    outer loop
      vertex 2.30257 -47.91 48.9472
      vertex 2.50058 -47.91 48.781
      vertex 1.8162 -48.7 48.3246
    endloop
  endfacet
  facet normal 0.493286 0.706846 -0.506988
    outer loop
      vertex -1.97394 -48.7 48.1923
      vertex -2.5044 -47.91 48.7776
      vertex -2.50255 -47.91 48.7794
    endloop
  endfacet
  facet normal 0.491477 0.706888 -0.508684
    outer loop
      vertex -2.5044 -47.91 48.7776
      vertex -1.97394 -48.7 48.1923
      vertex -2.12205 -48.7 48.0492
    endloop
  endfacet
  facet normal 0.635731 0.706886 0.310093
    outer loop
      vertex -2.69496 -48.7 44.8001
      vertex -3.30335 -47.91 44.2465
      vertex -3.41666 -47.91 44.4788
    endloop
  endfacet
  facet normal -0.557401 0.706892 -0.43544
    outer loop
      vertex 2.86501 -47.91 48.404
      vertex 3.02414 -47.91 48.2003
      vertex 2.25983 -48.7 47.8962
    endloop
  endfacet
  facet normal -0.082653 0.707092 -0.702275
    outer loop
      vertex 0.393485 -47.91 49.7192
      vertex 0.308358 -48.7 48.9338
      vertex 0.390936 -47.91 49.7195
    endloop
  endfacet
  facet normal -0.0982435 0.706932 -0.700425
    outer loop
      vertex 0.308358 -48.7 48.9338
      vertex 0.393485 -47.91 49.7192
      vertex 0.512261 -48.7 48.9052
    endloop
  endfacet
  facet normal 0.241903 0.706902 -0.66466
    outer loop
      vertex -1.15814 -47.91 49.5561
      vertex -1.10509 -48.7 48.7352
      vertex -1.40103 -47.91 49.4677
    endloop
  endfacet
  facet normal -0.287847 0.706899 0.646095
    outer loop
      vertex 1.63716 -47.91 42.6375
      vertex 1.40103 -47.91 42.5323
      vertex 1.10509 -48.7 43.2648
    endloop
  endfacet
  facet normal -0.415925 0.706877 0.572129
    outer loop
      vertex 2.09346 -47.91 42.9009
      vertex 1.64962 -48.7 43.5543
      vertex 1.8162 -48.7 43.6754
    endloop
  endfacet
  facet normal -0.413712 0.706918 0.573681
    outer loop
      vertex 1.64962 -48.7 43.5543
      vertex 2.09346 -47.91 42.9009
      vertex 2.09138 -47.91 42.8994
    endloop
  endfacet
  facet normal 0.332172 0.706911 -0.62445
    outer loop
      vertex -1.63951 -47.91 49.3615
      vertex -1.29319 -48.7 48.6514
      vertex -1.86773 -47.91 49.2401
    endloop
  endfacet
  facet normal -0.686534 0.706882 -0.17026
    outer loop
      vertex 3.59574 -47.91 47.0284
      vertex 2.83572 -48.7 46.8131
      vertex 3.59512 -47.91 47.0309
    endloop
  endfacet
  facet normal -0.686303 0.706897 -0.171129
    outer loop
      vertex 2.83572 -48.7 46.8131
      vertex 3.59574 -47.91 47.0284
      vertex 2.88554 -48.7 46.6133
    endloop
  endfacet
  facet normal -0.287847 0.706899 -0.646095
    outer loop
      vertex 1.40103 -47.91 49.4677
      vertex 1.63716 -47.91 49.3625
      vertex 1.10509 -48.7 48.7352
    endloop
  endfacet
  facet normal 0.41569 0.706915 -0.572252
    outer loop
      vertex -2.09346 -47.91 49.0991
      vertex -1.8162 -48.7 48.3246
      vertex -2.30257 -47.91 48.9472
    endloop
  endfacet
  facet normal 0.612603 0.706893 0.353581
    outer loop
      vertex -2.6047 -48.7 44.6151
      vertex -3.17299 -47.91 44.0203
      vertex -3.30222 -47.91 44.2442
    endloop
  endfacet
  facet normal 0.635693 0.706896 0.310149
    outer loop
      vertex -2.6047 -48.7 44.6151
      vertex -3.30335 -47.91 44.2465
      vertex -2.69496 -48.7 44.8001
    endloop
  endfacet
  facet normal 0.63481 0.706925 0.311885
    outer loop
      vertex -3.30335 -47.91 44.2465
      vertex -2.6047 -48.7 44.6151
      vertex -3.30222 -47.91 44.2442
    endloop
  endfacet
  facet normal -0.491411 0.7069 -0.508731
    outer loop
      vertex 2.5044 -47.91 48.7776
      vertex 2.69033 -47.91 48.598
      vertex 2.12205 -48.7 48.0492
    endloop
  endfacet
  facet normal 0.586399 0.706886 0.395536
    outer loop
      vertex -2.3866 -48.7 44.266
      vertex -3.02716 -47.91 43.8038
      vertex -2.50174 -48.7 44.4367
    endloop
  endfacet
  facet normal 0.583291 0.706962 0.399971
    outer loop
      vertex -3.02716 -47.91 43.8038
      vertex -2.3866 -48.7 44.266
      vertex -3.02572 -47.91 43.8017
    endloop
  endfacet
  facet normal -0.0492583 0.706884 -0.705612
    outer loop
      vertex 0.130524 -47.91 49.7377
      vertex 0.388369 -47.91 49.7197
      vertex 0.102953 -48.7 48.9482
    endloop
  endfacet
  facet normal -0.706891 0.706891 0.0246965
    outer loop
      vertex 2.95 -48.7 46
      vertex 3.73991 -47.91 45.9974
      vertex 2.94281 -48.7 45.7942
    endloop
  endfacet
  facet normal -0.706895 0.706895 0.0244694
    outer loop
      vertex 3.73991 -47.91 45.9974
      vertex 2.95 -48.7 46
      vertex 3.74 -47.91 46
    endloop
  endfacet
  facet normal 0.655826 0.70688 -0.264976
    outer loop
      vertex -2.77209 -48.7 47.009
      vertex -3.51349 -47.91 47.2815
      vertex -2.69496 -48.7 47.1999
    endloop
  endfacet
  facet normal 0.652895 0.706729 -0.272513
    outer loop
      vertex -3.51349 -47.91 47.2815
      vertex -2.77209 -48.7 47.009
      vertex -3.51445 -47.91 47.2792
    endloop
  endfacet
  facet normal -0.635731 0.706886 -0.310093
    outer loop
      vertex 3.30335 -47.91 47.7535
      vertex 3.41666 -47.91 47.5212
      vertex 2.69496 -48.7 47.1999
    endloop
  endfacet
  facet normal 0 0.706883 -0.707331
    outer loop
      vertex -0.102953 -48.7 48.9482
      vertex 0.130524 -47.91 49.7377
      vertex 0.102953 -48.7 48.9482
    endloop
  endfacet
  facet normal 0 0.706883 -0.707331
    outer loop
      vertex 0.130524 -47.91 49.7377
      vertex -0.102953 -48.7 48.9482
      vertex -0.130524 -47.91 49.7377
    endloop
  endfacet
  facet normal -0.68631 0.706894 0.171112
    outer loop
      vertex 3.65827 -47.91 45.2224
      vertex 3.59574 -47.91 44.9716
      vertex 2.88554 -48.7 45.3867
    endloop
  endfacet
  facet normal -0.672692 0.706899 0.218584
    outer loop
      vertex 3.59512 -47.91 44.9691
      vertex 3.51525 -47.91 44.7233
      vertex 2.83572 -48.7 45.1869
    endloop
  endfacet
  facet normal 0 0.706883 0.707331
    outer loop
      vertex 0.130524 -47.91 42.2623
      vertex -0.102953 -48.7 43.0518
      vertex 0.102953 -48.7 43.0518
    endloop
  endfacet
  facet normal 0 0.706883 0.707331
    outer loop
      vertex -0.102953 -48.7 43.0518
      vertex 0.130524 -47.91 42.2623
      vertex -0.130524 -47.91 42.2623
    endloop
  endfacet
  facet normal 0.147218 0.706889 0.691834
    outer loop
      vertex -0.512261 -48.7 43.0948
      vertex -0.649444 -47.91 42.3168
      vertex -0.90227 -47.91 42.3706
    endloop
  endfacet
  facet normal -0.330593 0.706837 0.625372
    outer loop
      vertex 1.86773 -47.91 42.7599
      vertex 1.475 -48.7 43.4452
      vertex 1.87 -47.91 42.7611
    endloop
  endfacet
  facet normal -0.331894 0.706861 0.624655
    outer loop
      vertex 1.475 -48.7 43.4452
      vertex 1.86773 -47.91 42.7599
      vertex 1.29319 -48.7 43.3486
    endloop
  endfacet
  facet normal 0.706889 0.706893 0.024685
    outer loop
      vertex -2.94281 -48.7 45.7942
      vertex -3.73089 -47.91 45.7391
      vertex -3.73991 -47.91 45.9974
    endloop
  endfacet
  facet normal 0.287847 0.706899 0.646095
    outer loop
      vertex -1.10509 -48.7 43.2648
      vertex -1.40103 -47.91 42.5323
      vertex -1.63716 -47.91 42.6375
    endloop
  endfacet
  facet normal -0.67273 0.706887 0.218508
    outer loop
      vertex 3.51525 -47.91 44.7233
      vertex 2.77209 -48.7 44.991
      vertex 2.83572 -48.7 45.1869
    endloop
  endfacet
  facet normal -0.673725 0.706835 0.215592
    outer loop
      vertex 2.77209 -48.7 44.991
      vertex 3.51525 -47.91 44.7233
      vertex 3.51445 -47.91 44.7208
    endloop
  endfacet
  facet normal -0.655836 0.706887 0.264934
    outer loop
      vertex 3.51349 -47.91 44.7185
      vertex 3.41666 -47.91 44.4788
      vertex 2.69496 -48.7 44.8001
    endloop
  endfacet
  facet normal -0.696616 0.706891 0.122604
    outer loop
      vertex 3.70316 -47.91 45.477
      vertex 2.92129 -48.7 45.5894
      vertex 3.7036 -47.91 45.4795
    endloop
  endfacet
  facet normal -0.696576 0.706887 0.122854
    outer loop
      vertex 2.92129 -48.7 45.5894
      vertex 3.70316 -47.91 45.477
      vertex 2.88554 -48.7 45.3867
    endloop
  endfacet
  facet normal 0.706895 0.706895 0.0244694
    outer loop
      vertex -2.95 -48.7 46
      vertex -3.73991 -47.91 45.9974
      vertex -3.74 -47.91 46
    endloop
  endfacet
  facet normal 0.706891 0.706891 0.0246965
    outer loop
      vertex -3.73991 -47.91 45.9974
      vertex -2.95 -48.7 46
      vertex -2.94281 -48.7 45.7942
    endloop
  endfacet
  facet normal 0.655836 0.706887 -0.264934
    outer loop
      vertex -3.41666 -47.91 47.5212
      vertex -2.69496 -48.7 47.1999
      vertex -3.51349 -47.91 47.2815
    endloop
  endfacet
  facet normal 0.703444 0.706893 0.0739574
    outer loop
      vertex -2.94281 -48.7 45.7942
      vertex -3.70387 -47.91 45.4821
      vertex -3.73089 -47.91 45.7391
    endloop
  endfacet
  facet normal 0.672692 0.706899 0.218584
    outer loop
      vertex -2.83572 -48.7 45.1869
      vertex -3.51525 -47.91 44.7233
      vertex -3.59512 -47.91 44.9691
    endloop
  endfacet
  facet normal -0.525662 0.706897 -0.47326
    outer loop
      vertex 2.69033 -47.91 48.598
      vertex 2.86328 -47.91 48.4059
      vertex 2.12205 -48.7 48.0492
    endloop
  endfacet
  facet normal 0.672692 0.706899 -0.218584
    outer loop
      vertex -3.51525 -47.91 47.2767
      vertex -2.83572 -48.7 46.8131
      vertex -3.59512 -47.91 47.0309
    endloop
  endfacet
  facet normal -0.586412 0.706883 -0.395521
    outer loop
      vertex 3.02716 -47.91 48.1962
      vertex 3.1717 -47.91 47.9819
      vertex 2.50174 -48.7 47.5633
    endloop
  endfacet
  facet normal -0.0549346 0.706991 -0.705086
    outer loop
      vertex 0.308358 -48.7 48.9338
      vertex 0.388369 -47.91 49.7197
      vertex 0.390936 -47.91 49.7195
    endloop
  endfacet
  facet normal -0.0494641 0.706915 -0.705567
    outer loop
      vertex 0.388369 -47.91 49.7197
      vertex 0.308358 -48.7 48.9338
      vertex 0.102953 -48.7 48.9482
    endloop
  endfacet
  facet normal 0.41569 0.706915 0.572252
    outer loop
      vertex -1.8162 -48.7 43.6754
      vertex -2.09346 -47.91 42.9009
      vertex -2.30257 -47.91 43.0528
    endloop
  endfacet
  facet normal -0.332172 0.706911 0.62445
    outer loop
      vertex 1.86773 -47.91 42.7599
      vertex 1.63951 -47.91 42.6385
      vertex 1.29319 -48.7 43.3486
    endloop
  endfacet
  facet normal 0.68631 0.706894 0.171112
    outer loop
      vertex -2.88554 -48.7 45.3867
      vertex -3.59574 -47.91 44.9716
      vertex -3.65827 -47.91 45.2224
    endloop
  endfacet
  facet normal 0.703454 0.706887 0.0739176
    outer loop
      vertex -2.92129 -48.7 45.5894
      vertex -3.70387 -47.91 45.4821
      vertex -2.94281 -48.7 45.7942
    endloop
  endfacet
  facet normal 0.703557 0.706873 0.0730617
    outer loop
      vertex -3.70387 -47.91 45.4821
      vertex -2.92129 -48.7 45.5894
      vertex -3.7036 -47.91 45.4795
    endloop
  endfacet
  facet normal 0.241837 0.706911 0.664674
    outer loop
      vertex -0.9116 -48.7 43.1944
      vertex -1.15814 -47.91 42.4439
      vertex -1.10509 -48.7 43.2648
    endloop
  endfacet
  facet normal 0.246579 0.706823 0.663023
    outer loop
      vertex -1.15814 -47.91 42.4439
      vertex -0.9116 -48.7 43.1944
      vertex -1.15572 -47.91 42.443
    endloop
  endfacet
  facet normal 0.703557 0.706873 -0.0730617
    outer loop
      vertex -2.92129 -48.7 46.4106
      vertex -3.70387 -47.91 46.5179
      vertex -3.7036 -47.91 46.5205
    endloop
  endfacet
  facet normal 0.703454 0.706887 -0.0739176
    outer loop
      vertex -3.70387 -47.91 46.5179
      vertex -2.92129 -48.7 46.4106
      vertex -2.94281 -48.7 46.2058
    endloop
  endfacet
  facet normal 0.696577 0.706892 0.122818
    outer loop
      vertex -2.88554 -48.7 45.3867
      vertex -3.65827 -47.91 45.2224
      vertex -3.70316 -47.91 45.477
    endloop
  endfacet
  facet normal 0.68631 0.706894 -0.171112
    outer loop
      vertex -3.59574 -47.91 47.0284
      vertex -2.88554 -48.7 46.6133
      vertex -3.65827 -47.91 46.7776
    endloop
  endfacet
  facet normal -0.703454 0.706887 0.0739176
    outer loop
      vertex 3.70387 -47.91 45.4821
      vertex 2.92129 -48.7 45.5894
      vertex 2.94281 -48.7 45.7942
    endloop
  endfacet
  facet normal -0.703557 0.706873 0.0730617
    outer loop
      vertex 2.92129 -48.7 45.5894
      vertex 3.70387 -47.91 45.4821
      vertex 3.7036 -47.91 45.4795
    endloop
  endfacet
  facet normal -0.137857 0.70668 0.693973
    outer loop
      vertex 0.90227 -47.91 42.3706
      vertex 0.713669 -48.7 43.1376
      vertex 0.904787 -47.91 42.3711
    endloop
  endfacet
  facet normal -0.147032 0.706861 0.691903
    outer loop
      vertex 0.713669 -48.7 43.1376
      vertex 0.90227 -47.91 42.3706
      vertex 0.512261 -48.7 43.0948
    endloop
  endfacet
  facet normal 0.287847 0.706899 -0.646095
    outer loop
      vertex -1.40103 -47.91 49.4677
      vertex -1.10509 -48.7 48.7352
      vertex -1.63716 -47.91 49.3625
    endloop
  endfacet
  facet normal -0.557401 0.706892 0.43544
    outer loop
      vertex 3.02414 -47.91 43.7997
      vertex 2.86501 -47.91 43.596
      vertex 2.25983 -48.7 44.1038
    endloop
  endfacet
  facet normal -0.652895 0.706729 -0.272513
    outer loop
      vertex 2.77209 -48.7 47.009
      vertex 3.51349 -47.91 47.2815
      vertex 3.51445 -47.91 47.2792
    endloop
  endfacet
  facet normal -0.655826 0.70688 -0.264976
    outer loop
      vertex 3.51349 -47.91 47.2815
      vertex 2.77209 -48.7 47.009
      vertex 2.69496 -48.7 47.1999
    endloop
  endfacet
  facet normal -0.673725 0.706835 -0.215592
    outer loop
      vertex 3.51525 -47.91 47.2767
      vertex 2.77209 -48.7 47.009
      vertex 3.51445 -47.91 47.2792
    endloop
  endfacet
  facet normal -0.67273 0.706887 -0.218508
    outer loop
      vertex 2.77209 -48.7 47.009
      vertex 3.51525 -47.91 47.2767
      vertex 2.83572 -48.7 46.8131
    endloop
  endfacet
  facet normal 0.706889 0.706893 -0.024685
    outer loop
      vertex -3.73089 -47.91 46.2609
      vertex -2.94281 -48.7 46.2058
      vertex -3.73991 -47.91 46.0026
    endloop
  endfacet
  facet normal 0.525662 0.706897 -0.47326
    outer loop
      vertex -2.69033 -47.91 48.598
      vertex -2.12205 -48.7 48.0492
      vertex -2.86328 -47.91 48.4059
    endloop
  endfacet
  facet normal -0.652895 0.706729 0.272513
    outer loop
      vertex 3.51349 -47.91 44.7185
      vertex 2.77209 -48.7 44.991
      vertex 3.51445 -47.91 44.7208
    endloop
  endfacet
  facet normal -0.655826 0.70688 0.264976
    outer loop
      vertex 2.77209 -48.7 44.991
      vertex 3.51349 -47.91 44.7185
      vertex 2.69496 -48.7 44.8001
    endloop
  endfacet
  facet normal -0.635731 0.706886 0.310093
    outer loop
      vertex 3.41666 -47.91 44.4788
      vertex 3.30335 -47.91 44.2465
      vertex 2.69496 -48.7 44.8001
    endloop
  endfacet
  facet normal 0.287842 0.706898 0.646098
    outer loop
      vertex -1.63716 -47.91 42.6375
      vertex -1.29319 -48.7 43.3486
      vertex -1.10509 -48.7 43.2648
    endloop
  endfacet
  facet normal 0.277046 0.706661 0.651057
    outer loop
      vertex -1.29319 -48.7 43.3486
      vertex -1.63716 -47.91 42.6375
      vertex -1.63951 -47.91 42.6385
    endloop
  endfacet
  facet normal 0.583291 0.706962 -0.399971
    outer loop
      vertex -2.3866 -48.7 47.734
      vertex -3.02716 -47.91 48.1962
      vertex -3.02572 -47.91 48.1983
    endloop
  endfacet
  facet normal 0.586399 0.706886 -0.395536
    outer loop
      vertex -3.02716 -47.91 48.1962
      vertex -2.3866 -48.7 47.734
      vertex -2.50174 -48.7 47.5633
    endloop
  endfacet
  facet normal 0.612603 0.706893 -0.353581
    outer loop
      vertex -3.17299 -47.91 47.9797
      vertex -2.6047 -48.7 47.3849
      vertex -3.30222 -47.91 47.7558
    endloop
  endfacet
  facet normal 0.0494641 0.706915 0.705567
    outer loop
      vertex -0.388369 -47.91 42.2803
      vertex -0.308358 -48.7 43.0662
      vertex -0.102953 -48.7 43.0518
    endloop
  endfacet
  facet normal 0.0549346 0.706991 0.705086
    outer loop
      vertex -0.308358 -48.7 43.0662
      vertex -0.388369 -47.91 42.2803
      vertex -0.390936 -47.91 42.2805
    endloop
  endfacet
  facet normal 0.0492583 0.706884 0.705612
    outer loop
      vertex -0.102953 -48.7 43.0518
      vertex -0.130524 -47.91 42.2623
      vertex -0.388369 -47.91 42.2803
    endloop
  endfacet
  facet normal -0.655836 0.706887 -0.264934
    outer loop
      vertex 3.41666 -47.91 47.5212
      vertex 3.51349 -47.91 47.2815
      vertex 2.69496 -48.7 47.1999
    endloop
  endfacet
  facet normal -0.68631 0.706894 -0.171112
    outer loop
      vertex 3.59574 -47.91 47.0284
      vertex 3.65827 -47.91 46.7776
      vertex 2.88554 -48.7 46.6133
    endloop
  endfacet
  facet normal 0.0985132 0.706893 0.700426
    outer loop
      vertex -0.512261 -48.7 43.0948
      vertex -0.393485 -47.91 42.2808
      vertex -0.649444 -47.91 42.3168
    endloop
  endfacet
  facet normal 0.0494641 0.706915 -0.705567
    outer loop
      vertex -0.308358 -48.7 48.9338
      vertex -0.388369 -47.91 49.7197
      vertex -0.102953 -48.7 48.9482
    endloop
  endfacet
  facet normal 0.0549346 0.706991 -0.705086
    outer loop
      vertex -0.388369 -47.91 49.7197
      vertex -0.308358 -48.7 48.9338
      vertex -0.390936 -47.91 49.7195
    endloop
  endfacet
  facet normal -0.454724 0.706913 0.541756
    outer loop
      vertex 2.50058 -47.91 43.219
      vertex 2.30257 -47.91 43.0528
      vertex 1.8162 -48.7 43.6754
    endloop
  endfacet
  facet normal -0.374888 0.706877 -0.59982
    outer loop
      vertex 1.87218 -47.91 49.2376
      vertex 2.09138 -47.91 49.1006
      vertex 1.64962 -48.7 48.4457
    endloop
  endfacet
  facet normal -0.277046 0.706661 -0.651057
    outer loop
      vertex 1.29319 -48.7 48.6514
      vertex 1.63716 -47.91 49.3625
      vertex 1.63951 -47.91 49.3615
    endloop
  endfacet
  facet normal -0.287842 0.706898 -0.646098
    outer loop
      vertex 1.63716 -47.91 49.3625
      vertex 1.29319 -48.7 48.6514
      vertex 1.10509 -48.7 48.7352
    endloop
  endfacet
  facet normal 0.67273 0.706887 0.218508
    outer loop
      vertex -2.77209 -48.7 44.991
      vertex -3.51525 -47.91 44.7233
      vertex -2.83572 -48.7 45.1869
    endloop
  endfacet
  facet normal 0.673725 0.706835 0.215592
    outer loop
      vertex -3.51525 -47.91 44.7233
      vertex -2.77209 -48.7 44.991
      vertex -3.51445 -47.91 44.7208
    endloop
  endfacet
  facet normal -0.194845 0.706917 -0.679929
    outer loop
      vertex 1.15572 -47.91 49.557
      vertex 0.9116 -48.7 48.8056
      vertex 0.907261 -47.91 49.6282
    endloop
  endfacet
  facet normal -0.147218 0.706889 -0.691834
    outer loop
      vertex 0.649444 -47.91 49.6832
      vertex 0.90227 -47.91 49.6294
      vertex 0.512261 -48.7 48.9052
    endloop
  endfacet
  facet normal -0.0985132 0.706893 -0.700426
    outer loop
      vertex 0.649444 -47.91 49.6832
      vertex 0.512261 -48.7 48.9052
      vertex 0.393485 -47.91 49.7192
    endloop
  endfacet
  facet normal -0.696577 0.706892 -0.122818
    outer loop
      vertex 3.65827 -47.91 46.7776
      vertex 3.70316 -47.91 46.523
      vertex 2.88554 -48.7 46.6133
    endloop
  endfacet
  facet normal 0.413712 0.706918 -0.573681
    outer loop
      vertex -1.64962 -48.7 48.4457
      vertex -2.09346 -47.91 49.0991
      vertex -2.09138 -47.91 49.1006
    endloop
  endfacet
  facet normal 0.415925 0.706877 -0.572129
    outer loop
      vertex -2.09346 -47.91 49.0991
      vertex -1.64962 -48.7 48.4457
      vertex -1.8162 -48.7 48.3246
    endloop
  endfacet
  facet normal -0.277046 0.706661 0.651057
    outer loop
      vertex 1.63716 -47.91 42.6375
      vertex 1.29319 -48.7 43.3486
      vertex 1.63951 -47.91 42.6385
    endloop
  endfacet
  facet normal -0.287842 0.706898 0.646098
    outer loop
      vertex 1.29319 -48.7 43.3486
      vertex 1.63716 -47.91 42.6375
      vertex 1.10509 -48.7 43.2648
    endloop
  endfacet
  facet normal -0.41569 0.706915 -0.572252
    outer loop
      vertex 2.09346 -47.91 49.0991
      vertex 2.30257 -47.91 48.9472
      vertex 1.8162 -48.7 48.3246
    endloop
  endfacet
  facet normal 0.415925 0.706877 0.572129
    outer loop
      vertex -1.64962 -48.7 43.5543
      vertex -2.09346 -47.91 42.9009
      vertex -1.8162 -48.7 43.6754
    endloop
  endfacet
  facet normal 0.413712 0.706918 0.573681
    outer loop
      vertex -2.09346 -47.91 42.9009
      vertex -1.64962 -48.7 43.5543
      vertex -2.09138 -47.91 42.8994
    endloop
  endfacet
  facet normal -0.491411 0.7069 0.508731
    outer loop
      vertex 2.69033 -47.91 43.402
      vertex 2.5044 -47.91 43.2224
      vertex 2.12205 -48.7 43.9508
    endloop
  endfacet
  facet normal -0.583291 0.706962 -0.399971
    outer loop
      vertex 3.02716 -47.91 48.1962
      vertex 2.3866 -48.7 47.734
      vertex 3.02572 -47.91 48.1983
    endloop
  endfacet
  facet normal -0.586399 0.706886 -0.395536
    outer loop
      vertex 2.3866 -48.7 47.734
      vertex 3.02716 -47.91 48.1962
      vertex 2.50174 -48.7 47.5633
    endloop
  endfacet
  facet normal -0.555091 0.706804 -0.438522
    outer loop
      vertex 2.3866 -48.7 47.734
      vertex 3.02414 -47.91 48.2003
      vertex 3.02572 -47.91 48.1983
    endloop
  endfacet
  facet normal -0.55732 0.706868 -0.435582
    outer loop
      vertex 3.02414 -47.91 48.2003
      vertex 2.3866 -48.7 47.734
      vertex 2.25983 -48.7 47.8962
    endloop
  endfacet
  facet normal 0.703444 0.706893 -0.0739574
    outer loop
      vertex -3.70387 -47.91 46.5179
      vertex -2.94281 -48.7 46.2058
      vertex -3.73089 -47.91 46.2609
    endloop
  endfacet
  facet normal 0.454548 0.706875 0.541953
    outer loop
      vertex -2.50058 -47.91 43.219
      vertex -1.97394 -48.7 43.8077
      vertex -1.8162 -48.7 43.6754
    endloop
  endfacet
  facet normal 0.446077 0.706653 0.549233
    outer loop
      vertex -1.97394 -48.7 43.8077
      vertex -2.50058 -47.91 43.219
      vertex -2.50255 -47.91 43.2206
    endloop
  endfacet
  facet normal 0.147032 0.706861 0.691903
    outer loop
      vertex -0.90227 -47.91 42.3706
      vertex -0.713669 -48.7 43.1376
      vertex -0.512261 -48.7 43.0948
    endloop
  endfacet
  facet normal 0.137857 0.70668 0.693973
    outer loop
      vertex -0.713669 -48.7 43.1376
      vertex -0.90227 -47.91 42.3706
      vertex -0.904787 -47.91 42.3711
    endloop
  endfacet
  facet normal 0.287842 0.706898 -0.646098
    outer loop
      vertex -1.29319 -48.7 48.6514
      vertex -1.63716 -47.91 49.3625
      vertex -1.10509 -48.7 48.7352
    endloop
  endfacet
  facet normal 0.277046 0.706661 -0.651057
    outer loop
      vertex -1.63716 -47.91 49.3625
      vertex -1.29319 -48.7 48.6514
      vertex -1.63951 -47.91 49.3615
    endloop
  endfacet
  facet normal 0.635731 0.706886 -0.310093
    outer loop
      vertex -3.30335 -47.91 47.7535
      vertex -2.69496 -48.7 47.1999
      vertex -3.41666 -47.91 47.5212
    endloop
  endfacet
  facet normal -0.0549346 0.706991 0.705086
    outer loop
      vertex 0.388369 -47.91 42.2803
      vertex 0.308358 -48.7 43.0662
      vertex 0.390936 -47.91 42.2805
    endloop
  endfacet
  facet normal -0.0494641 0.706915 0.705567
    outer loop
      vertex 0.308358 -48.7 43.0662
      vertex 0.388369 -47.91 42.2803
      vertex 0.102953 -48.7 43.0518
    endloop
  endfacet
  facet normal 0.491477 0.706888 0.508684
    outer loop
      vertex -1.97394 -48.7 43.8077
      vertex -2.5044 -47.91 43.2224
      vertex -2.12205 -48.7 43.9508
    endloop
  endfacet
  facet normal 0.493286 0.706846 0.506988
    outer loop
      vertex -2.5044 -47.91 43.2224
      vertex -1.97394 -48.7 43.8077
      vertex -2.50255 -47.91 43.2206
    endloop
  endfacet
  facet normal 0.696616 0.706891 0.122604
    outer loop
      vertex -2.92129 -48.7 45.5894
      vertex -3.70316 -47.91 45.477
      vertex -3.7036 -47.91 45.4795
    endloop
  endfacet
  facet normal 0.696576 0.706887 0.122854
    outer loop
      vertex -3.70316 -47.91 45.477
      vertex -2.92129 -48.7 45.5894
      vertex -2.88554 -48.7 45.3867
    endloop
  endfacet
  facet normal 0.612619 0.70689 0.353561
    outer loop
      vertex -2.50174 -48.7 44.4367
      vertex -3.17299 -47.91 44.0203
      vertex -2.6047 -48.7 44.6151
    endloop
  endfacet
  facet normal 0.610105 0.706959 0.357744
    outer loop
      vertex -3.17299 -47.91 44.0203
      vertex -2.50174 -48.7 44.4367
      vertex -3.1717 -47.91 44.0181
    endloop
  endfacet
  facet normal 0.706891 0.706891 -0.0246965
    outer loop
      vertex -2.95 -48.7 46
      vertex -3.73991 -47.91 46.0026
      vertex -2.94281 -48.7 46.2058
    endloop
  endfacet
  facet normal 0.706895 0.706895 -0.0244694
    outer loop
      vertex -3.73991 -47.91 46.0026
      vertex -2.95 -48.7 46
      vertex -3.74 -47.91 46
    endloop
  endfacet
  facet normal 0.491411 0.7069 0.508731
    outer loop
      vertex -2.12205 -48.7 43.9508
      vertex -2.5044 -47.91 43.2224
      vertex -2.69033 -47.91 43.402
    endloop
  endfacet
  facet normal -0.525662 0.706897 0.47326
    outer loop
      vertex 2.86328 -47.91 43.5941
      vertex 2.69033 -47.91 43.402
      vertex 2.12205 -48.7 43.9508
    endloop
  endfacet
  facet normal -0.635693 0.706896 0.310149
    outer loop
      vertex 3.30335 -47.91 44.2465
      vertex 2.6047 -48.7 44.6151
      vertex 2.69496 -48.7 44.8001
    endloop
  endfacet
  facet normal -0.63481 0.706925 0.311885
    outer loop
      vertex 2.6047 -48.7 44.6151
      vertex 3.30335 -47.91 44.2465
      vertex 3.30222 -47.91 44.2442
    endloop
  endfacet
  facet normal 0.686534 0.706882 -0.17026
    outer loop
      vertex -2.83572 -48.7 46.8131
      vertex -3.59574 -47.91 47.0284
      vertex -3.59512 -47.91 47.0309
    endloop
  endfacet
  facet normal 0.686303 0.706897 -0.171129
    outer loop
      vertex -3.59574 -47.91 47.0284
      vertex -2.83572 -48.7 46.8131
      vertex -2.88554 -48.7 46.6133
    endloop
  endfacet
  facet normal -0.0492583 0.706884 0.705612
    outer loop
      vertex 0.388369 -47.91 42.2803
      vertex 0.130524 -47.91 42.2623
      vertex 0.102953 -48.7 43.0518
    endloop
  endfacet
  facet normal 0.696576 0.706887 -0.122854
    outer loop
      vertex -2.92129 -48.7 46.4106
      vertex -3.70316 -47.91 46.523
      vertex -2.88554 -48.7 46.6133
    endloop
  endfacet
  facet normal 0.696616 0.706891 -0.122604
    outer loop
      vertex -3.70316 -47.91 46.523
      vertex -2.92129 -48.7 46.4106
      vertex -3.7036 -47.91 46.5205
    endloop
  endfacet
  facet normal -0.241837 0.706911 0.664674
    outer loop
      vertex 1.15814 -47.91 42.4439
      vertex 0.9116 -48.7 43.1944
      vertex 1.10509 -48.7 43.2648
    endloop
  endfacet
  facet normal -0.246579 0.706823 0.663023
    outer loop
      vertex 0.9116 -48.7 43.1944
      vertex 1.15814 -47.91 42.4439
      vertex 1.15572 -47.91 42.443
    endloop
  endfacet
  facet normal -0.194845 0.706917 0.679929
    outer loop
      vertex 0.9116 -48.7 43.1944
      vertex 1.15572 -47.91 42.443
      vertex 0.907261 -47.91 42.3718
    endloop
  endfacet
  facet normal -0.586399 0.706886 0.395536
    outer loop
      vertex 3.02716 -47.91 43.8038
      vertex 2.3866 -48.7 44.266
      vertex 2.50174 -48.7 44.4367
    endloop
  endfacet
  facet normal -0.583291 0.706962 0.399971
    outer loop
      vertex 2.3866 -48.7 44.266
      vertex 3.02716 -47.91 43.8038
      vertex 3.02572 -47.91 43.8017
    endloop
  endfacet
  facet normal -0.137857 0.70668 -0.693973
    outer loop
      vertex 0.713669 -48.7 48.8624
      vertex 0.90227 -47.91 49.6294
      vertex 0.904787 -47.91 49.6289
    endloop
  endfacet
  facet normal -0.147032 0.706861 -0.691903
    outer loop
      vertex 0.90227 -47.91 49.6294
      vertex 0.713669 -48.7 48.8624
      vertex 0.512261 -48.7 48.9052
    endloop
  endfacet
  facet normal 0.63481 0.706925 -0.311885
    outer loop
      vertex -2.6047 -48.7 47.3849
      vertex -3.30335 -47.91 47.7535
      vertex -3.30222 -47.91 47.7558
    endloop
  endfacet
  facet normal 0.635693 0.706896 -0.310149
    outer loop
      vertex -3.30335 -47.91 47.7535
      vertex -2.6047 -48.7 47.3849
      vertex -2.69496 -48.7 47.1999
    endloop
  endfacet
  facet normal 0.557401 0.706892 -0.43544
    outer loop
      vertex -2.86501 -47.91 48.404
      vertex -2.25983 -48.7 47.8962
      vertex -3.02414 -47.91 48.2003
    endloop
  endfacet
  facet normal -0.147218 0.706889 0.691834
    outer loop
      vertex 0.90227 -47.91 42.3706
      vertex 0.649444 -47.91 42.3168
      vertex 0.512261 -48.7 43.0948
    endloop
  endfacet
  facet normal -0.446077 0.706653 0.549233
    outer loop
      vertex 2.50058 -47.91 43.219
      vertex 1.97394 -48.7 43.8077
      vertex 2.50255 -47.91 43.2206
    endloop
  endfacet
  facet normal -0.454548 0.706875 0.541953
    outer loop
      vertex 1.97394 -48.7 43.8077
      vertex 2.50058 -47.91 43.219
      vertex 1.8162 -48.7 43.6754
    endloop
  endfacet
  facet normal -0.491477 0.706888 0.508684
    outer loop
      vertex 2.5044 -47.91 43.2224
      vertex 1.97394 -48.7 43.8077
      vertex 2.12205 -48.7 43.9508
    endloop
  endfacet
  facet normal -0.493286 0.706846 0.506988
    outer loop
      vertex 1.97394 -48.7 43.8077
      vertex 2.5044 -47.91 43.2224
      vertex 2.50255 -47.91 43.2206
    endloop
  endfacet
  facet normal -0.41569 0.706915 0.572252
    outer loop
      vertex 2.30257 -47.91 43.0528
      vertex 2.09346 -47.91 42.9009
      vertex 1.8162 -48.7 43.6754
    endloop
  endfacet
  facet normal -0.374888 0.706877 0.59982
    outer loop
      vertex 2.09138 -47.91 42.8994
      vertex 1.87218 -47.91 42.7624
      vertex 1.64962 -48.7 43.5543
    endloop
  endfacet
  facet normal -0.586412 0.706883 0.395521
    outer loop
      vertex 3.1717 -47.91 44.0181
      vertex 3.02716 -47.91 43.8038
      vertex 2.50174 -48.7 44.4367
    endloop
  endfacet
  facet normal -0.362193 0.707048 -0.60737
    outer loop
      vertex 1.87218 -47.91 49.2376
      vertex 1.475 -48.7 48.5548
      vertex 1.87 -47.91 49.2389
    endloop
  endfacet
  facet normal -0.374787 0.706893 -0.599865
    outer loop
      vertex 1.475 -48.7 48.5548
      vertex 1.87218 -47.91 49.2376
      vertex 1.64962 -48.7 48.4457
    endloop
  endfacet
  facet normal 0.0985132 0.706893 -0.700426
    outer loop
      vertex -0.393485 -47.91 49.7192
      vertex -0.512261 -48.7 48.9052
      vertex -0.649444 -47.91 49.6832
    endloop
  endfacet
  facet normal 0.374888 0.706877 -0.59982
    outer loop
      vertex -1.87218 -47.91 49.2376
      vertex -1.64962 -48.7 48.4457
      vertex -2.09138 -47.91 49.1006
    endloop
  endfacet
  facet normal -0.555091 0.706804 0.438522
    outer loop
      vertex 3.02414 -47.91 43.7997
      vertex 2.3866 -48.7 44.266
      vertex 3.02572 -47.91 43.8017
    endloop
  endfacet
  facet normal -0.55732 0.706868 0.435582
    outer loop
      vertex 2.3866 -48.7 44.266
      vertex 3.02414 -47.91 43.7997
      vertex 2.25983 -48.7 44.1038
    endloop
  endfacet
  facet normal -0.413712 0.706918 -0.573681
    outer loop
      vertex 2.09346 -47.91 49.0991
      vertex 1.64962 -48.7 48.4457
      vertex 2.09138 -47.91 49.1006
    endloop
  endfacet
  facet normal -0.415925 0.706877 -0.572129
    outer loop
      vertex 1.64962 -48.7 48.4457
      vertex 2.09346 -47.91 49.0991
      vertex 1.8162 -48.7 48.3246
    endloop
  endfacet
  facet normal 0.491411 0.7069 -0.508731
    outer loop
      vertex -2.5044 -47.91 48.7776
      vertex -2.12205 -48.7 48.0492
      vertex -2.69033 -47.91 48.598
    endloop
  endfacet
  facet normal -0.330593 0.706837 -0.625372
    outer loop
      vertex 1.475 -48.7 48.5548
      vertex 1.86773 -47.91 49.2401
      vertex 1.87 -47.91 49.2389
    endloop
  endfacet
  facet normal -0.331894 0.706861 -0.624655
    outer loop
      vertex 1.86773 -47.91 49.2401
      vertex 1.475 -48.7 48.5548
      vertex 1.29319 -48.7 48.6514
    endloop
  endfacet
  facet normal -0.332172 0.706911 -0.62445
    outer loop
      vertex 1.63951 -47.91 49.3615
      vertex 1.86773 -47.91 49.2401
      vertex 1.29319 -48.7 48.6514
    endloop
  endfacet
  facet normal -0.63481 0.706925 -0.311885
    outer loop
      vertex 3.30335 -47.91 47.7535
      vertex 2.6047 -48.7 47.3849
      vertex 3.30222 -47.91 47.7558
    endloop
  endfacet
  facet normal -0.635693 0.706896 -0.310149
    outer loop
      vertex 2.6047 -48.7 47.3849
      vertex 3.30335 -47.91 47.7535
      vertex 2.69496 -48.7 47.1999
    endloop
  endfacet
  facet normal 0.147218 0.706889 -0.691834
    outer loop
      vertex -0.649444 -47.91 49.6832
      vertex -0.512261 -48.7 48.9052
      vertex -0.90227 -47.91 49.6294
    endloop
  endfacet
  facet normal 0.655826 0.70688 0.264976
    outer loop
      vertex -3.51349 -47.91 44.7185
      vertex -2.77209 -48.7 44.991
      vertex -2.69496 -48.7 44.8001
    endloop
  endfacet
  facet normal 0.652895 0.706729 0.272513
    outer loop
      vertex -2.77209 -48.7 44.991
      vertex -3.51349 -47.91 44.7185
      vertex -3.51445 -47.91 44.7208
    endloop
  endfacet
  facet normal 0.454548 0.706875 -0.541953
    outer loop
      vertex -1.97394 -48.7 48.1923
      vertex -2.50058 -47.91 48.781
      vertex -1.8162 -48.7 48.3246
    endloop
  endfacet
  facet normal 0.446077 0.706653 -0.549233
    outer loop
      vertex -2.50058 -47.91 48.781
      vertex -1.97394 -48.7 48.1923
      vertex -2.50255 -47.91 48.7794
    endloop
  endfacet
  facet normal 0.194845 0.706917 -0.679929
    outer loop
      vertex -0.907261 -47.91 49.6282
      vertex -0.9116 -48.7 48.8056
      vertex -1.15572 -47.91 49.557
    endloop
  endfacet
  facet normal 0.192564 0.706918 -0.680578
    outer loop
      vertex -0.713669 -48.7 48.8624
      vertex -0.907261 -47.91 49.6282
      vertex -0.904787 -47.91 49.6289
    endloop
  endfacet
  facet normal 0.195108 0.706879 -0.679894
    outer loop
      vertex -0.907261 -47.91 49.6282
      vertex -0.713669 -48.7 48.8624
      vertex -0.9116 -48.7 48.8056
    endloop
  endfacet
  facet normal 0.454724 0.706913 -0.541756
    outer loop
      vertex -2.30257 -47.91 48.9472
      vertex -1.8162 -48.7 48.3246
      vertex -2.50058 -47.91 48.781
    endloop
  endfacet
  facet normal 0.525616 0.706885 -0.47333
    outer loop
      vertex -2.25983 -48.7 47.8962
      vertex -2.86328 -47.91 48.4059
      vertex -2.12205 -48.7 48.0492
    endloop
  endfacet
  facet normal 0.523056 0.706818 -0.476257
    outer loop
      vertex -2.86328 -47.91 48.4059
      vertex -2.25983 -48.7 47.8962
      vertex -2.86501 -47.91 48.404
    endloop
  endfacet
  facet normal 0.082653 0.707092 -0.702275
    outer loop
      vertex -0.308358 -48.7 48.9338
      vertex -0.393485 -47.91 49.7192
      vertex -0.390936 -47.91 49.7195
    endloop
  endfacet
  facet normal 0.0982435 0.706932 -0.700425
    outer loop
      vertex -0.393485 -47.91 49.7192
      vertex -0.308358 -48.7 48.9338
      vertex -0.512261 -48.7 48.9052
    endloop
  endfacet
  facet normal 0.362193 0.707048 -0.60737
    outer loop
      vertex -1.475 -48.7 48.5548
      vertex -1.87218 -47.91 49.2376
      vertex -1.87 -47.91 49.2389
    endloop
  endfacet
  facet normal 0.374787 0.706893 -0.599865
    outer loop
      vertex -1.87218 -47.91 49.2376
      vertex -1.475 -48.7 48.5548
      vertex -1.64962 -48.7 48.4457
    endloop
  endfacet
  facet normal -0.703557 0.706873 -0.0730617
    outer loop
      vertex 3.70387 -47.91 46.5179
      vertex 2.92129 -48.7 46.4106
      vertex 3.7036 -47.91 46.5205
    endloop
  endfacet
  facet normal -0.703454 0.706887 -0.0739176
    outer loop
      vertex 2.92129 -48.7 46.4106
      vertex 3.70387 -47.91 46.5179
      vertex 2.94281 -48.7 46.2058
    endloop
  endfacet
  facet normal 0.586412 0.706883 0.395521
    outer loop
      vertex -2.50174 -48.7 44.4367
      vertex -3.02716 -47.91 43.8038
      vertex -3.1717 -47.91 44.0181
    endloop
  endfacet
  facet normal 0.673725 0.706835 -0.215592
    outer loop
      vertex -2.77209 -48.7 47.009
      vertex -3.51525 -47.91 47.2767
      vertex -3.51445 -47.91 47.2792
    endloop
  endfacet
  facet normal 0.67273 0.706887 -0.218508
    outer loop
      vertex -3.51525 -47.91 47.2767
      vertex -2.77209 -48.7 47.009
      vertex -2.83572 -48.7 46.8131
    endloop
  endfacet
  facet normal 0.696577 0.706892 -0.122818
    outer loop
      vertex -3.65827 -47.91 46.7776
      vertex -2.88554 -48.7 46.6133
      vertex -3.70316 -47.91 46.523
    endloop
  endfacet
  facet normal 0.55732 0.706868 -0.435582
    outer loop
      vertex -2.3866 -48.7 47.734
      vertex -3.02414 -47.91 48.2003
      vertex -2.25983 -48.7 47.8962
    endloop
  endfacet
  facet normal 0.555091 0.706804 -0.438522
    outer loop
      vertex -3.02414 -47.91 48.2003
      vertex -2.3866 -48.7 47.734
      vertex -3.02572 -47.91 48.1983
    endloop
  endfacet
  facet normal 0.610105 0.706959 -0.357744
    outer loop
      vertex -2.50174 -48.7 47.5633
      vertex -3.17299 -47.91 47.9797
      vertex -3.1717 -47.91 47.9819
    endloop
  endfacet
  facet normal 0.612619 0.70689 -0.353561
    outer loop
      vertex -3.17299 -47.91 47.9797
      vertex -2.50174 -48.7 47.5633
      vertex -2.6047 -48.7 47.3849
    endloop
  endfacet
  facet normal 0.55732 0.706868 0.435582
    outer loop
      vertex -3.02414 -47.91 43.7997
      vertex -2.3866 -48.7 44.266
      vertex -2.25983 -48.7 44.1038
    endloop
  endfacet
  facet normal 0.555091 0.706804 0.438522
    outer loop
      vertex -2.3866 -48.7 44.266
      vertex -3.02414 -47.91 43.7997
      vertex -3.02572 -47.91 43.8017
    endloop
  endfacet
  facet normal -0.696616 0.706891 -0.122604
    outer loop
      vertex 2.92129 -48.7 46.4106
      vertex 3.70316 -47.91 46.523
      vertex 3.7036 -47.91 46.5205
    endloop
  endfacet
  facet normal -0.696576 0.706887 -0.122854
    outer loop
      vertex 3.70316 -47.91 46.523
      vertex 2.92129 -48.7 46.4106
      vertex 2.88554 -48.7 46.6133
    endloop
  endfacet
  facet normal 0.586412 0.706883 -0.395521
    outer loop
      vertex -3.02716 -47.91 48.1962
      vertex -2.50174 -48.7 47.5633
      vertex -3.1717 -47.91 47.9819
    endloop
  endfacet
  facet normal -0.207862 0 0.978158
    outer loop
      vertex 0.512261 -48.7 43.0948
      vertex 0.713669 -52.2 43.1376
      vertex 0.713669 -48.7 43.1376
    endloop
  endfacet
  facet normal -0.207862 0 0.978158
    outer loop
      vertex 0.713669 -52.2 43.1376
      vertex 0.512261 -48.7 43.0948
      vertex 0.512261 -52.2 43.0948
    endloop
  endfacet
  facet normal 0.927182 0 -0.374612
    outer loop
      vertex -2.69496 -52.2 47.1999
      vertex -2.77209 -48.7 47.009
      vertex -2.69496 -48.7 47.1999
    endloop
  endfacet
  facet normal 0.927182 0 -0.374612
    outer loop
      vertex -2.77209 -48.7 47.009
      vertex -2.69496 -52.2 47.1999
      vertex -2.77209 -52.2 47.009
    endloop
  endfacet
  facet normal 0.138903 0 -0.990306
    outer loop
      vertex -0.512261 -52.2 48.9052
      vertex -0.308358 -48.7 48.9338
      vertex -0.308358 -52.2 48.9338
    endloop
  endfacet
  facet normal 0.138903 0 -0.990306
    outer loop
      vertex -0.308358 -48.7 48.9338
      vertex -0.512261 -52.2 48.9052
      vertex -0.512261 -48.7 48.9052
    endloop
  endfacet
  facet normal -0.951088 0 0.308921
    outer loop
      vertex 2.77209 -52.2 44.991
      vertex 2.83572 -48.7 45.1869
      vertex 2.77209 -48.7 44.991
    endloop
  endfacet
  facet normal -0.951088 0 0.308921
    outer loop
      vertex 2.83572 -48.7 45.1869
      vertex 2.77209 -52.2 44.991
      vertex 2.83572 -52.2 45.1869
    endloop
  endfacet
  facet normal -0.984801 0 -0.173688
    outer loop
      vertex 2.92129 -52.2 46.4106
      vertex 2.88554 -48.7 46.6133
      vertex 2.92129 -48.7 46.4106
    endloop
  endfacet
  facet normal -0.984801 -0 -0.173688
    outer loop
      vertex 2.88554 -48.7 46.6133
      vertex 2.92129 -52.2 46.4106
      vertex 2.88554 -52.2 46.6133
    endloop
  endfacet
  facet normal -0.99939 0 -0.0349155
    outer loop
      vertex 2.95 -52.2 46
      vertex 2.94281 -48.7 46.2058
      vertex 2.95 -48.7 46
    endloop
  endfacet
  facet normal -0.99939 -0 -0.0349155
    outer loop
      vertex 2.94281 -48.7 46.2058
      vertex 2.95 -52.2 46
      vertex 2.94281 -52.2 46.2058
    endloop
  endfacet
  facet normal 0.787904 -0 0.615799
    outer loop
      vertex -2.3866 -52.2 44.266
      vertex -2.25983 -48.7 44.1038
      vertex -2.3866 -48.7 44.266
    endloop
  endfacet
  facet normal 0.787904 0 0.615799
    outer loop
      vertex -2.25983 -48.7 44.1038
      vertex -2.3866 -52.2 44.266
      vertex -2.25983 -52.2 44.1038
    endloop
  endfacet
  facet normal -0.406949 0 0.913451
    outer loop
      vertex 1.10509 -48.7 43.2648
      vertex 1.29319 -52.2 43.3486
      vertex 1.29319 -48.7 43.3486
    endloop
  endfacet
  facet normal -0.406949 0 0.913451
    outer loop
      vertex 1.29319 -52.2 43.3486
      vertex 1.10509 -48.7 43.2648
      vertex 1.10509 -52.2 43.2648
    endloop
  endfacet
  facet normal -0.743101 0 0.669179
    outer loop
      vertex 2.12205 -52.2 43.9508
      vertex 2.25983 -48.7 44.1038
      vertex 2.12205 -48.7 43.9508
    endloop
  endfacet
  facet normal -0.743101 0 0.669179
    outer loop
      vertex 2.25983 -48.7 44.1038
      vertex 2.12205 -52.2 43.9508
      vertex 2.25983 -52.2 44.1038
    endloop
  endfacet
  facet normal -0.743101 0 -0.669179
    outer loop
      vertex 2.25983 -52.2 47.8962
      vertex 2.12205 -48.7 48.0492
      vertex 2.25983 -48.7 47.8962
    endloop
  endfacet
  facet normal -0.743101 -0 -0.669179
    outer loop
      vertex 2.12205 -48.7 48.0492
      vertex 2.25983 -52.2 47.8962
      vertex 2.12205 -52.2 48.0492
    endloop
  endfacet
  facet normal 0.927182 -0 0.374612
    outer loop
      vertex -2.77209 -52.2 44.991
      vertex -2.69496 -48.7 44.8001
      vertex -2.77209 -48.7 44.991
    endloop
  endfacet
  facet normal 0.927182 0 0.374612
    outer loop
      vertex -2.69496 -48.7 44.8001
      vertex -2.77209 -52.2 44.991
      vertex -2.69496 -52.2 44.8001
    endloop
  endfacet
  facet normal -0.898738 0 0.438487
    outer loop
      vertex 2.6047 -52.2 44.6151
      vertex 2.69496 -48.7 44.8001
      vertex 2.6047 -48.7 44.6151
    endloop
  endfacet
  facet normal -0.898738 0 0.438487
    outer loop
      vertex 2.69496 -48.7 44.8001
      vertex 2.6047 -52.2 44.6151
      vertex 2.69496 -52.2 44.8001
    endloop
  endfacet
  facet normal -0.866108 0 0.499857
    outer loop
      vertex 2.50174 -52.2 44.4367
      vertex 2.6047 -48.7 44.6151
      vertex 2.50174 -48.7 44.4367
    endloop
  endfacet
  facet normal -0.866108 0 0.499857
    outer loop
      vertex 2.6047 -48.7 44.6151
      vertex 2.50174 -52.2 44.4367
      vertex 2.6047 -52.2 44.6151
    endloop
  endfacet
  facet normal 0.99939 -0 0.0349155
    outer loop
      vertex -2.95 -52.2 46
      vertex -2.94281 -48.7 45.7942
      vertex -2.95 -48.7 46
    endloop
  endfacet
  facet normal 0.99939 0 0.0349155
    outer loop
      vertex -2.94281 -48.7 45.7942
      vertex -2.95 -52.2 46
      vertex -2.94281 -52.2 45.7942
    endloop
  endfacet
  facet normal -0.951088 0 -0.308921
    outer loop
      vertex 2.83572 -52.2 46.8131
      vertex 2.77209 -48.7 47.009
      vertex 2.83572 -48.7 46.8131
    endloop
  endfacet
  facet normal -0.951088 -0 -0.308921
    outer loop
      vertex 2.77209 -48.7 47.009
      vertex 2.83572 -52.2 46.8131
      vertex 2.77209 -52.2 47.009
    endloop
  endfacet
  facet normal 0.529868 0 -0.84808
    outer loop
      vertex -1.64962 -52.2 48.4457
      vertex -1.475 -48.7 48.5548
      vertex -1.475 -52.2 48.5548
    endloop
  endfacet
  facet normal 0.529868 0 -0.84808
    outer loop
      vertex -1.475 -48.7 48.5548
      vertex -1.64962 -52.2 48.4457
      vertex -1.64962 -48.7 48.4457
    endloop
  endfacet
  facet normal 0.951088 -0 0.308921
    outer loop
      vertex -2.83572 -52.2 45.1869
      vertex -2.77209 -48.7 44.991
      vertex -2.83572 -48.7 45.1869
    endloop
  endfacet
  facet normal 0.951088 0 0.308921
    outer loop
      vertex -2.77209 -48.7 44.991
      vertex -2.83572 -52.2 45.1869
      vertex -2.77209 -52.2 44.991
    endloop
  endfacet
  facet normal 0.829034 0 -0.559198
    outer loop
      vertex -2.3866 -52.2 47.734
      vertex -2.50174 -48.7 47.5633
      vertex -2.3866 -48.7 47.734
    endloop
  endfacet
  facet normal 0.829034 0 -0.559198
    outer loop
      vertex -2.50174 -48.7 47.5633
      vertex -2.3866 -52.2 47.734
      vertex -2.50174 -52.2 47.5633
    endloop
  endfacet
  facet normal 0.588016 0 0.808849
    outer loop
      vertex -1.8162 -48.7 43.6754
      vertex -1.64962 -52.2 43.5543
      vertex -1.64962 -48.7 43.5543
    endloop
  endfacet
  facet normal 0.588016 0 0.808849
    outer loop
      vertex -1.64962 -52.2 43.5543
      vertex -1.8162 -48.7 43.6754
      vertex -1.8162 -52.2 43.6754
    endloop
  endfacet
  facet normal -0.970291 0 -0.241941
    outer loop
      vertex 2.88554 -52.2 46.6133
      vertex 2.83572 -48.7 46.8131
      vertex 2.88554 -48.7 46.6133
    endloop
  endfacet
  facet normal -0.970291 -0 -0.241941
    outer loop
      vertex 2.83572 -48.7 46.8131
      vertex 2.88554 -52.2 46.6133
      vertex 2.83572 -52.2 46.8131
    endloop
  endfacet
  facet normal 0.341915 0 -0.939731
    outer loop
      vertex -1.10509 -52.2 48.7352
      vertex -0.9116 -48.7 48.8056
      vertex -0.9116 -52.2 48.8056
    endloop
  endfacet
  facet normal 0.341915 0 -0.939731
    outer loop
      vertex -0.9116 -48.7 48.8056
      vertex -1.10509 -52.2 48.7352
      vertex -1.10509 -48.7 48.7352
    endloop
  endfacet
  facet normal -0.694839 0 -0.719165
    outer loop
      vertex 1.97394 -52.2 48.1923
      vertex 2.12205 -48.7 48.0492
      vertex 2.12205 -52.2 48.0492
    endloop
  endfacet
  facet normal -0.694839 0 -0.719165
    outer loop
      vertex 2.12205 -48.7 48.0492
      vertex 1.97394 -52.2 48.1923
      vertex 1.97394 -48.7 48.1923
    endloop
  endfacet
  facet normal -0.927182 0 -0.374612
    outer loop
      vertex 2.77209 -52.2 47.009
      vertex 2.69496 -48.7 47.1999
      vertex 2.77209 -48.7 47.009
    endloop
  endfacet
  facet normal -0.927182 -0 -0.374612
    outer loop
      vertex 2.69496 -48.7 47.1999
      vertex 2.77209 -52.2 47.009
      vertex 2.69496 -52.2 47.1999
    endloop
  endfacet
  facet normal 0.743101 -0 0.669179
    outer loop
      vertex -2.25983 -52.2 44.1038
      vertex -2.12205 -48.7 43.9508
      vertex -2.25983 -48.7 44.1038
    endloop
  endfacet
  facet normal 0.743101 0 0.669179
    outer loop
      vertex -2.12205 -48.7 43.9508
      vertex -2.25983 -52.2 44.1038
      vertex -2.12205 -52.2 43.9508
    endloop
  endfacet
  facet normal -0.927182 0 0.374612
    outer loop
      vertex 2.69496 -52.2 44.8001
      vertex 2.77209 -48.7 44.991
      vertex 2.69496 -48.7 44.8001
    endloop
  endfacet
  facet normal -0.927182 0 0.374612
    outer loop
      vertex 2.77209 -48.7 44.991
      vertex 2.69496 -52.2 44.8001
      vertex 2.77209 -52.2 44.991
    endloop
  endfacet
  facet normal -0.970291 0 0.241941
    outer loop
      vertex 2.83572 -52.2 45.1869
      vertex 2.88554 -48.7 45.3867
      vertex 2.83572 -48.7 45.1869
    endloop
  endfacet
  facet normal -0.970291 0 0.241941
    outer loop
      vertex 2.88554 -48.7 45.3867
      vertex 2.83572 -52.2 45.1869
      vertex 2.88554 -52.2 45.3867
    endloop
  endfacet
  facet normal 0.469206 0 0.883089
    outer loop
      vertex -1.475 -48.7 43.4452
      vertex -1.29319 -52.2 43.3486
      vertex -1.29319 -48.7 43.3486
    endloop
  endfacet
  facet normal 0.469206 0 0.883089
    outer loop
      vertex -1.29319 -52.2 43.3486
      vertex -1.475 -48.7 43.4452
      vertex -1.475 -52.2 43.4452
    endloop
  endfacet
  facet normal -0.138903 0 0.990306
    outer loop
      vertex 0.308358 -48.7 43.0662
      vertex 0.512261 -52.2 43.0948
      vertex 0.512261 -48.7 43.0948
    endloop
  endfacet
  facet normal -0.138903 0 0.990306
    outer loop
      vertex 0.512261 -52.2 43.0948
      vertex 0.308358 -48.7 43.0662
      vertex 0.308358 -52.2 43.0662
    endloop
  endfacet
  facet normal 0.866108 0 -0.499857
    outer loop
      vertex -2.50174 -52.2 47.5633
      vertex -2.6047 -48.7 47.3849
      vertex -2.50174 -48.7 47.5633
    endloop
  endfacet
  facet normal 0.866108 0 -0.499857
    outer loop
      vertex -2.6047 -48.7 47.3849
      vertex -2.50174 -52.2 47.5633
      vertex -2.6047 -52.2 47.3849
    endloop
  endfacet
  facet normal -0.898738 0 -0.438487
    outer loop
      vertex 2.69496 -52.2 47.1999
      vertex 2.6047 -48.7 47.3849
      vertex 2.69496 -48.7 47.1999
    endloop
  endfacet
  facet normal -0.898738 -0 -0.438487
    outer loop
      vertex 2.6047 -48.7 47.3849
      vertex 2.69496 -52.2 47.1999
      vertex 2.6047 -52.2 47.3849
    endloop
  endfacet
  facet normal -0.99939 0 0.0349155
    outer loop
      vertex 2.94281 -52.2 45.7942
      vertex 2.95 -48.7 46
      vertex 2.94281 -48.7 45.7942
    endloop
  endfacet
  facet normal -0.99939 0 0.0349155
    outer loop
      vertex 2.95 -48.7 46
      vertex 2.94281 -52.2 45.7942
      vertex 2.95 -52.2 46
    endloop
  endfacet
  facet normal -0.829034 0 0.559198
    outer loop
      vertex 2.3866 -52.2 44.266
      vertex 2.50174 -48.7 44.4367
      vertex 2.3866 -48.7 44.266
    endloop
  endfacet
  facet normal -0.829034 0 0.559198
    outer loop
      vertex 2.50174 -48.7 44.4367
      vertex 2.3866 -52.2 44.266
      vertex 2.50174 -52.2 44.4367
    endloop
  endfacet
  facet normal -0.0699338 0 0.997552
    outer loop
      vertex 0.102953 -48.7 43.0518
      vertex 0.308358 -52.2 43.0662
      vertex 0.308358 -48.7 43.0662
    endloop
  endfacet
  facet normal -0.0699338 0 0.997552
    outer loop
      vertex 0.308358 -52.2 43.0662
      vertex 0.102953 -48.7 43.0518
      vertex 0.102953 -52.2 43.0518
    endloop
  endfacet
  facet normal -0.341915 0 0.939731
    outer loop
      vertex 0.9116 -48.7 43.1944
      vertex 1.10509 -52.2 43.2648
      vertex 1.10509 -48.7 43.2648
    endloop
  endfacet
  facet normal -0.341915 0 0.939731
    outer loop
      vertex 1.10509 -52.2 43.2648
      vertex 0.9116 -48.7 43.1944
      vertex 0.9116 -52.2 43.1944
    endloop
  endfacet
  facet normal -0.341915 0 -0.939731
    outer loop
      vertex 0.9116 -52.2 48.8056
      vertex 1.10509 -48.7 48.7352
      vertex 1.10509 -52.2 48.7352
    endloop
  endfacet
  facet normal -0.341915 0 -0.939731
    outer loop
      vertex 1.10509 -48.7 48.7352
      vertex 0.9116 -52.2 48.8056
      vertex 0.9116 -48.7 48.8056
    endloop
  endfacet
  facet normal -0.994525 0 -0.104503
    outer loop
      vertex 2.94281 -52.2 46.2058
      vertex 2.92129 -48.7 46.4106
      vertex 2.94281 -48.7 46.2058
    endloop
  endfacet
  facet normal -0.994525 -0 -0.104503
    outer loop
      vertex 2.92129 -48.7 46.4106
      vertex 2.94281 -52.2 46.2058
      vertex 2.92129 -52.2 46.4106
    endloop
  endfacet
  facet normal -0.787904 0 0.615799
    outer loop
      vertex 2.25983 -52.2 44.1038
      vertex 2.3866 -48.7 44.266
      vertex 2.25983 -48.7 44.1038
    endloop
  endfacet
  facet normal -0.787904 0 0.615799
    outer loop
      vertex 2.3866 -48.7 44.266
      vertex 2.25983 -52.2 44.1038
      vertex 2.3866 -52.2 44.266
    endloop
  endfacet
  facet normal -0.588016 0 -0.808849
    outer loop
      vertex 1.64962 -52.2 48.4457
      vertex 1.8162 -48.7 48.3246
      vertex 1.8162 -52.2 48.3246
    endloop
  endfacet
  facet normal -0.588016 0 -0.808849
    outer loop
      vertex 1.8162 -48.7 48.3246
      vertex 1.64962 -52.2 48.4457
      vertex 1.64962 -48.7 48.4457
    endloop
  endfacet
  facet normal 0.994525 0 -0.104503
    outer loop
      vertex -2.92129 -52.2 46.4106
      vertex -2.94281 -48.7 46.2058
      vertex -2.92129 -48.7 46.4106
    endloop
  endfacet
  facet normal 0.994525 0 -0.104503
    outer loop
      vertex -2.94281 -48.7 46.2058
      vertex -2.92129 -52.2 46.4106
      vertex -2.94281 -52.2 46.2058
    endloop
  endfacet
  facet normal 0.694839 0 -0.719165
    outer loop
      vertex -2.12205 -52.2 48.0492
      vertex -1.97394 -48.7 48.1923
      vertex -1.97394 -52.2 48.1923
    endloop
  endfacet
  facet normal 0.694839 0 -0.719165
    outer loop
      vertex -1.97394 -48.7 48.1923
      vertex -2.12205 -52.2 48.0492
      vertex -2.12205 -48.7 48.0492
    endloop
  endfacet
  facet normal -0.787904 0 -0.615799
    outer loop
      vertex 2.3866 -52.2 47.734
      vertex 2.25983 -48.7 47.8962
      vertex 2.3866 -48.7 47.734
    endloop
  endfacet
  facet normal -0.787904 -0 -0.615799
    outer loop
      vertex 2.25983 -48.7 47.8962
      vertex 2.3866 -52.2 47.734
      vertex 2.25983 -52.2 47.8962
    endloop
  endfacet
  facet normal -0.588016 0 0.808849
    outer loop
      vertex 1.64962 -48.7 43.5543
      vertex 1.8162 -52.2 43.6754
      vertex 1.8162 -48.7 43.6754
    endloop
  endfacet
  facet normal -0.588016 0 0.808849
    outer loop
      vertex 1.8162 -52.2 43.6754
      vertex 1.64962 -48.7 43.5543
      vertex 1.64962 -52.2 43.5543
    endloop
  endfacet
  facet normal 0.207862 0 0.978158
    outer loop
      vertex -0.713669 -48.7 43.1376
      vertex -0.512261 -52.2 43.0948
      vertex -0.512261 -48.7 43.0948
    endloop
  endfacet
  facet normal 0.207862 0 0.978158
    outer loop
      vertex -0.512261 -52.2 43.0948
      vertex -0.713669 -48.7 43.1376
      vertex -0.713669 -52.2 43.1376
    endloop
  endfacet
  facet normal 0.275836 0 -0.961205
    outer loop
      vertex -0.9116 -52.2 48.8056
      vertex -0.713669 -48.7 48.8624
      vertex -0.713669 -52.2 48.8624
    endloop
  endfacet
  facet normal 0.275836 0 -0.961205
    outer loop
      vertex -0.713669 -48.7 48.8624
      vertex -0.9116 -52.2 48.8056
      vertex -0.9116 -48.7 48.8056
    endloop
  endfacet
  facet normal 0.787904 0 -0.615799
    outer loop
      vertex -2.25983 -52.2 47.8962
      vertex -2.3866 -48.7 47.734
      vertex -2.25983 -48.7 47.8962
    endloop
  endfacet
  facet normal 0.787904 0 -0.615799
    outer loop
      vertex -2.3866 -48.7 47.734
      vertex -2.25983 -52.2 47.8962
      vertex -2.3866 -52.2 47.734
    endloop
  endfacet
  facet normal -0.138903 0 -0.990306
    outer loop
      vertex 0.308358 -52.2 48.9338
      vertex 0.512261 -48.7 48.9052
      vertex 0.512261 -52.2 48.9052
    endloop
  endfacet
  facet normal -0.138903 0 -0.990306
    outer loop
      vertex 0.512261 -48.7 48.9052
      vertex 0.308358 -52.2 48.9338
      vertex 0.308358 -48.7 48.9338
    endloop
  endfacet
  facet normal 0.138903 0 0.990306
    outer loop
      vertex -0.512261 -48.7 43.0948
      vertex -0.308358 -52.2 43.0662
      vertex -0.308358 -48.7 43.0662
    endloop
  endfacet
  facet normal 0.138903 0 0.990306
    outer loop
      vertex -0.308358 -52.2 43.0662
      vertex -0.512261 -48.7 43.0948
      vertex -0.512261 -52.2 43.0948
    endloop
  endfacet
  facet normal -0.529868 0 -0.84808
    outer loop
      vertex 1.475 -52.2 48.5548
      vertex 1.64962 -48.7 48.4457
      vertex 1.64962 -52.2 48.4457
    endloop
  endfacet
  facet normal -0.529868 0 -0.84808
    outer loop
      vertex 1.64962 -48.7 48.4457
      vertex 1.475 -52.2 48.5548
      vertex 1.475 -48.7 48.5548
    endloop
  endfacet
  facet normal 0.588016 0 -0.808849
    outer loop
      vertex -1.8162 -52.2 48.3246
      vertex -1.64962 -48.7 48.4457
      vertex -1.64962 -52.2 48.4457
    endloop
  endfacet
  facet normal 0.588016 0 -0.808849
    outer loop
      vertex -1.64962 -48.7 48.4457
      vertex -1.8162 -52.2 48.3246
      vertex -1.8162 -48.7 48.3246
    endloop
  endfacet
  facet normal -0.642618 0 -0.766187
    outer loop
      vertex 1.8162 -52.2 48.3246
      vertex 1.97394 -48.7 48.1923
      vertex 1.97394 -52.2 48.1923
    endloop
  endfacet
  facet normal -0.642618 0 -0.766187
    outer loop
      vertex 1.97394 -48.7 48.1923
      vertex 1.8162 -52.2 48.3246
      vertex 1.8162 -48.7 48.3246
    endloop
  endfacet
  facet normal -0.642618 0 0.766187
    outer loop
      vertex 1.8162 -48.7 43.6754
      vertex 1.97394 -52.2 43.8077
      vertex 1.97394 -48.7 43.8077
    endloop
  endfacet
  facet normal -0.642618 0 0.766187
    outer loop
      vertex 1.97394 -52.2 43.8077
      vertex 1.8162 -48.7 43.6754
      vertex 1.8162 -52.2 43.6754
    endloop
  endfacet
  facet normal 0.99939 0 -0.0349155
    outer loop
      vertex -2.94281 -52.2 46.2058
      vertex -2.95 -48.7 46
      vertex -2.94281 -48.7 46.2058
    endloop
  endfacet
  facet normal 0.99939 0 -0.0349155
    outer loop
      vertex -2.95 -48.7 46
      vertex -2.94281 -52.2 46.2058
      vertex -2.95 -52.2 46
    endloop
  endfacet
  facet normal 0.951088 0 -0.308921
    outer loop
      vertex -2.77209 -52.2 47.009
      vertex -2.83572 -48.7 46.8131
      vertex -2.77209 -48.7 47.009
    endloop
  endfacet
  facet normal 0.951088 0 -0.308921
    outer loop
      vertex -2.83572 -48.7 46.8131
      vertex -2.77209 -52.2 47.009
      vertex -2.83572 -52.2 46.8131
    endloop
  endfacet
  facet normal 0.0699338 0 0.997552
    outer loop
      vertex -0.308358 -48.7 43.0662
      vertex -0.102953 -52.2 43.0518
      vertex -0.102953 -48.7 43.0518
    endloop
  endfacet
  facet normal 0.0699338 0 0.997552
    outer loop
      vertex -0.102953 -52.2 43.0518
      vertex -0.308358 -48.7 43.0662
      vertex -0.308358 -52.2 43.0662
    endloop
  endfacet
  facet normal 0.0699338 0 -0.997552
    outer loop
      vertex -0.308358 -52.2 48.9338
      vertex -0.102953 -48.7 48.9482
      vertex -0.102953 -52.2 48.9482
    endloop
  endfacet
  facet normal 0.0699338 0 -0.997552
    outer loop
      vertex -0.102953 -48.7 48.9482
      vertex -0.308358 -52.2 48.9338
      vertex -0.308358 -48.7 48.9338
    endloop
  endfacet
  facet normal -0.469206 0 -0.883089
    outer loop
      vertex 1.29319 -52.2 48.6514
      vertex 1.475 -48.7 48.5548
      vertex 1.475 -52.2 48.5548
    endloop
  endfacet
  facet normal -0.469206 0 -0.883089
    outer loop
      vertex 1.475 -48.7 48.5548
      vertex 1.29319 -52.2 48.6514
      vertex 1.29319 -48.7 48.6514
    endloop
  endfacet
  facet normal -0 0 1
    outer loop
      vertex -0.102953 -48.7 43.0518
      vertex 0.102953 -52.2 43.0518
      vertex 0.102953 -48.7 43.0518
    endloop
  endfacet
  facet normal 0 0 1
    outer loop
      vertex 0.102953 -52.2 43.0518
      vertex -0.102953 -48.7 43.0518
      vertex -0.102953 -52.2 43.0518
    endloop
  endfacet
  facet normal 0.529868 0 0.84808
    outer loop
      vertex -1.64962 -48.7 43.5543
      vertex -1.475 -52.2 43.4452
      vertex -1.475 -48.7 43.4452
    endloop
  endfacet
  facet normal 0.529868 0 0.84808
    outer loop
      vertex -1.475 -52.2 43.4452
      vertex -1.64962 -48.7 43.5543
      vertex -1.64962 -52.2 43.5543
    endloop
  endfacet
  facet normal -0.866108 0 -0.499857
    outer loop
      vertex 2.6047 -52.2 47.3849
      vertex 2.50174 -48.7 47.5633
      vertex 2.6047 -48.7 47.3849
    endloop
  endfacet
  facet normal -0.866108 -0 -0.499857
    outer loop
      vertex 2.50174 -48.7 47.5633
      vertex 2.6047 -52.2 47.3849
      vertex 2.50174 -52.2 47.5633
    endloop
  endfacet
  facet normal 0.970291 0 -0.241941
    outer loop
      vertex -2.83572 -52.2 46.8131
      vertex -2.88554 -48.7 46.6133
      vertex -2.83572 -48.7 46.8131
    endloop
  endfacet
  facet normal 0.970291 0 -0.241941
    outer loop
      vertex -2.88554 -48.7 46.6133
      vertex -2.83572 -52.2 46.8131
      vertex -2.88554 -52.2 46.6133
    endloop
  endfacet
  facet normal 0 0 -1
    outer loop
      vertex -0.102953 -52.2 48.9482
      vertex 0.102953 -48.7 48.9482
      vertex 0.102953 -52.2 48.9482
    endloop
  endfacet
  facet normal -0 0 -1
    outer loop
      vertex 0.102953 -48.7 48.9482
      vertex -0.102953 -52.2 48.9482
      vertex -0.102953 -48.7 48.9482
    endloop
  endfacet
  facet normal -0.275836 0 0.961205
    outer loop
      vertex 0.713669 -48.7 43.1376
      vertex 0.9116 -52.2 43.1944
      vertex 0.9116 -48.7 43.1944
    endloop
  endfacet
  facet normal -0.275836 0 0.961205
    outer loop
      vertex 0.9116 -52.2 43.1944
      vertex 0.713669 -48.7 43.1376
      vertex 0.713669 -52.2 43.1376
    endloop
  endfacet
  facet normal 0 1 0
    outer loop
      vertex 0.0872478 -52.2 48.4985
      vertex 0.102953 -52.2 48.9482
      vertex 0.308358 -52.2 48.9338
    endloop
  endfacet
  facet normal 0 1 0
    outer loop
      vertex 0.102953 -52.2 48.9482
      vertex 0.0872478 -52.2 48.4985
      vertex -0.102953 -52.2 48.9482
    endloop
  endfacet
  facet normal 0 1 0
    outer loop
      vertex 0.261321 -52.2 48.4863
      vertex 0.308358 -52.2 48.9338
      vertex 0.512261 -52.2 48.9052
    endloop
  endfacet
  facet normal 0 1 -0
    outer loop
      vertex -0.0872478 -52.2 48.4985
      vertex -0.102953 -52.2 48.9482
      vertex 0.0872478 -52.2 48.4985
    endloop
  endfacet
  facet normal 0 1 0
    outer loop
      vertex 0.43412 -52.2 48.462
      vertex 0.512261 -52.2 48.9052
      vertex 0.713669 -52.2 48.8624
    endloop
  endfacet
  facet normal 0 1 0
    outer loop
      vertex -0.102953 -52.2 48.9482
      vertex -0.0872478 -52.2 48.4985
      vertex -0.308358 -52.2 48.9338
    endloop
  endfacet
  facet normal 0 1 0
    outer loop
      vertex 0.604804 -52.2 48.4257
      vertex 0.713669 -52.2 48.8624
      vertex 0.9116 -52.2 48.8056
    endloop
  endfacet
  facet normal 0 1 -0
    outer loop
      vertex -0.261321 -52.2 48.4863
      vertex -0.308358 -52.2 48.9338
      vertex -0.0872478 -52.2 48.4985
    endloop
  endfacet
  facet normal 0 1 0
    outer loop
      vertex 0.772542 -52.2 48.3776
      vertex 0.9116 -52.2 48.8056
      vertex 1.10509 -52.2 48.7352
    endloop
  endfacet
  facet normal 0 1 0
    outer loop
      vertex -0.308358 -52.2 48.9338
      vertex -0.261321 -52.2 48.4863
      vertex -0.512261 -52.2 48.9052
    endloop
  endfacet
  facet normal 0 1 0
    outer loop
      vertex 0.936516 -52.2 48.318
      vertex 1.10509 -52.2 48.7352
      vertex 1.29319 -52.2 48.6514
    endloop
  endfacet
  facet normal 0 1 -0
    outer loop
      vertex -0.43412 -52.2 48.462
      vertex -0.512261 -52.2 48.9052
      vertex -0.261321 -52.2 48.4863
    endloop
  endfacet
  facet normal 0 1 0
    outer loop
      vertex 1.09593 -52.2 48.247
      vertex 1.29319 -52.2 48.6514
      vertex 1.475 -52.2 48.5548
    endloop
  endfacet
  facet normal 0 1 0
    outer loop
      vertex -0.512261 -52.2 48.9052
      vertex -0.43412 -52.2 48.462
      vertex -0.713669 -52.2 48.8624
    endloop
  endfacet
  facet normal 0 1 -0
    outer loop
      vertex -0.604804 -52.2 48.4257
      vertex -0.713669 -52.2 48.8624
      vertex -0.43412 -52.2 48.462
    endloop
  endfacet
  facet normal 0 1 0
    outer loop
      vertex 0.308358 -52.2 48.9338
      vertex 0.261321 -52.2 48.4863
      vertex 0.0872478 -52.2 48.4985
    endloop
  endfacet
  facet normal 0 1 0
    outer loop
      vertex 0.512261 -52.2 48.9052
      vertex 0.43412 -52.2 48.462
      vertex 0.261321 -52.2 48.4863
    endloop
  endfacet
  facet normal 0 1 0
    outer loop
      vertex 1.25 -52.2 48.1651
      vertex 1.475 -52.2 48.5548
      vertex 1.64962 -52.2 48.4457
    endloop
  endfacet
  facet normal 0 1 0
    outer loop
      vertex 0.713669 -52.2 48.8624
      vertex 0.604804 -52.2 48.4257
      vertex 0.43412 -52.2 48.462
    endloop
  endfacet
  facet normal 0 1 0
    outer loop
      vertex 0.9116 -52.2 48.8056
      vertex 0.772542 -52.2 48.3776
      vertex 0.604804 -52.2 48.4257
    endloop
  endfacet
  facet normal 0 1 0
    outer loop
      vertex 1.39798 -52.2 48.0726
      vertex 1.64962 -52.2 48.4457
      vertex 1.8162 -52.2 48.3246
    endloop
  endfacet
  facet normal 0 1 0
    outer loop
      vertex 1.10509 -52.2 48.7352
      vertex 0.936516 -52.2 48.318
      vertex 0.772542 -52.2 48.3776
    endloop
  endfacet
  facet normal 0 1 0
    outer loop
      vertex 1.29319 -52.2 48.6514
      vertex 1.09593 -52.2 48.247
      vertex 0.936516 -52.2 48.318
    endloop
  endfacet
  facet normal 0 1 0
    outer loop
      vertex 1.53915 -52.2 47.97
      vertex 1.8162 -52.2 48.3246
      vertex 1.97394 -52.2 48.1923
    endloop
  endfacet
  facet normal 0 1 0
    outer loop
      vertex 1.475 -52.2 48.5548
      vertex 1.25 -52.2 48.1651
      vertex 1.09593 -52.2 48.247
    endloop
  endfacet
  facet normal 0 1 0
    outer loop
      vertex 1.64962 -52.2 48.4457
      vertex 1.39798 -52.2 48.0726
      vertex 1.25 -52.2 48.1651
    endloop
  endfacet
  facet normal 0 1 0
    outer loop
      vertex 1.67283 -52.2 47.8579
      vertex 1.97394 -52.2 48.1923
      vertex 2.12205 -52.2 48.0492
    endloop
  endfacet
  facet normal 0 1 0
    outer loop
      vertex 1.8162 -52.2 48.3246
      vertex 1.53915 -52.2 47.97
      vertex 1.39798 -52.2 48.0726
    endloop
  endfacet
  facet normal 0 1 0
    outer loop
      vertex 1.79835 -52.2 47.7366
      vertex 2.12205 -52.2 48.0492
      vertex 2.25983 -52.2 47.8962
    endloop
  endfacet
  facet normal 0 1 0
    outer loop
      vertex 1.97394 -52.2 48.1923
      vertex 1.67283 -52.2 47.8579
      vertex 1.53915 -52.2 47.97
    endloop
  endfacet
  facet normal 0 1 0
    outer loop
      vertex 2.12205 -52.2 48.0492
      vertex 1.79835 -52.2 47.7366
      vertex 1.67283 -52.2 47.8579
    endloop
  endfacet
  facet normal 0 1 0
    outer loop
      vertex 1.91511 -52.2 47.607
      vertex 2.25983 -52.2 47.8962
      vertex 2.3866 -52.2 47.734
    endloop
  endfacet
  facet normal 0 1 0
    outer loop
      vertex 2.25983 -52.2 47.8962
      vertex 1.91511 -52.2 47.607
      vertex 1.79835 -52.2 47.7366
    endloop
  endfacet
  facet normal 0 1 0
    outer loop
      vertex 2.02254 -52.2 47.4695
      vertex 2.3866 -52.2 47.734
      vertex 2.50174 -52.2 47.5633
    endloop
  endfacet
  facet normal 0 1 0
    outer loop
      vertex 2.3866 -52.2 47.734
      vertex 2.02254 -52.2 47.4695
      vertex 1.91511 -52.2 47.607
    endloop
  endfacet
  facet normal 0 1 0
    outer loop
      vertex 2.12012 -52.2 47.3248
      vertex 2.50174 -52.2 47.5633
      vertex 2.6047 -52.2 47.3849
    endloop
  endfacet
  facet normal 0 1 0
    outer loop
      vertex 2.50174 -52.2 47.5633
      vertex 2.12012 -52.2 47.3248
      vertex 2.02254 -52.2 47.4695
    endloop
  endfacet
  facet normal 0 1 0
    outer loop
      vertex 2.20737 -52.2 47.1737
      vertex 2.6047 -52.2 47.3849
      vertex 2.69496 -52.2 47.1999
    endloop
  endfacet
  facet normal 0 1 0
    outer loop
      vertex 2.6047 -52.2 47.3849
      vertex 2.20737 -52.2 47.1737
      vertex 2.12012 -52.2 47.3248
    endloop
  endfacet
  facet normal 0 1 0
    outer loop
      vertex 2.69496 -52.2 47.1999
      vertex 2.28386 -52.2 47.0168
      vertex 2.20737 -52.2 47.1737
    endloop
  endfacet
  facet normal 0 1 0
    outer loop
      vertex 2.77209 -52.2 47.009
      vertex 2.28386 -52.2 47.0168
      vertex 2.69496 -52.2 47.1999
    endloop
  endfacet
  facet normal 0 1 0
    outer loop
      vertex 2.77209 -52.2 47.009
      vertex 2.34923 -52.2 46.855
      vertex 2.28386 -52.2 47.0168
    endloop
  endfacet
  facet normal 0 1 0
    outer loop
      vertex 2.83572 -52.2 46.8131
      vertex 2.34923 -52.2 46.855
      vertex 2.77209 -52.2 47.009
    endloop
  endfacet
  facet normal 0 1 0
    outer loop
      vertex 2.83572 -52.2 46.8131
      vertex 2.40315 -52.2 46.6891
      vertex 2.34923 -52.2 46.855
    endloop
  endfacet
  facet normal 0 1 0
    outer loop
      vertex 2.88554 -52.2 46.6133
      vertex 2.40315 -52.2 46.6891
      vertex 2.83572 -52.2 46.8131
    endloop
  endfacet
  facet normal 0 1 0
    outer loop
      vertex 2.88554 -52.2 46.6133
      vertex 2.44537 -52.2 46.5198
      vertex 2.40315 -52.2 46.6891
    endloop
  endfacet
  facet normal 0 1 0
    outer loop
      vertex 2.92129 -52.2 46.4106
      vertex 2.44537 -52.2 46.5198
      vertex 2.88554 -52.2 46.6133
    endloop
  endfacet
  facet normal 0 1 0
    outer loop
      vertex 2.92129 -52.2 46.4106
      vertex 2.47567 -52.2 46.3479
      vertex 2.44537 -52.2 46.5198
    endloop
  endfacet
  facet normal 0 1 0
    outer loop
      vertex 2.94281 -52.2 46.2058
      vertex 2.47567 -52.2 46.3479
      vertex 2.92129 -52.2 46.4106
    endloop
  endfacet
  facet normal 0 1 0
    outer loop
      vertex 2.94281 -52.2 46.2058
      vertex 2.49391 -52.2 46.1744
      vertex 2.47567 -52.2 46.3479
    endloop
  endfacet
  facet normal 0 1 0
    outer loop
      vertex 2.95 -52.2 46
      vertex 2.49391 -52.2 46.1744
      vertex 2.94281 -52.2 46.2058
    endloop
  endfacet
  facet normal 0 1 0
    outer loop
      vertex 2.95 -52.2 46
      vertex 2.5 -52.2 46
      vertex 2.49391 -52.2 46.1744
    endloop
  endfacet
  facet normal 0 1 0
    outer loop
      vertex 2.95 -52.2 46
      vertex 2.49391 -52.2 45.8256
      vertex 2.5 -52.2 46
    endloop
  endfacet
  facet normal 0 1 -0
    outer loop
      vertex 2.94281 -52.2 45.7942
      vertex 2.49391 -52.2 45.8256
      vertex 2.95 -52.2 46
    endloop
  endfacet
  facet normal 0 1 0
    outer loop
      vertex 2.94281 -52.2 45.7942
      vertex 2.47567 -52.2 45.6521
      vertex 2.49391 -52.2 45.8256
    endloop
  endfacet
  facet normal 0 1 -0
    outer loop
      vertex 2.92129 -52.2 45.5894
      vertex 2.47567 -52.2 45.6521
      vertex 2.94281 -52.2 45.7942
    endloop
  endfacet
  facet normal 0 1 0
    outer loop
      vertex 2.92129 -52.2 45.5894
      vertex 2.44537 -52.2 45.4802
      vertex 2.47567 -52.2 45.6521
    endloop
  endfacet
  facet normal 0 1 -0
    outer loop
      vertex 2.88554 -52.2 45.3867
      vertex 2.44537 -52.2 45.4802
      vertex 2.92129 -52.2 45.5894
    endloop
  endfacet
  facet normal 0 1 0
    outer loop
      vertex 2.88554 -52.2 45.3867
      vertex 2.40315 -52.2 45.3109
      vertex 2.44537 -52.2 45.4802
    endloop
  endfacet
  facet normal 0 1 -0
    outer loop
      vertex 2.83572 -52.2 45.1869
      vertex 2.40315 -52.2 45.3109
      vertex 2.88554 -52.2 45.3867
    endloop
  endfacet
  facet normal 0 1 0
    outer loop
      vertex 2.83572 -52.2 45.1869
      vertex 2.34923 -52.2 45.145
      vertex 2.40315 -52.2 45.3109
    endloop
  endfacet
  facet normal 0 1 -0
    outer loop
      vertex 2.77209 -52.2 44.991
      vertex 2.34923 -52.2 45.145
      vertex 2.83572 -52.2 45.1869
    endloop
  endfacet
  facet normal 0 1 0
    outer loop
      vertex 2.77209 -52.2 44.991
      vertex 2.28386 -52.2 44.9832
      vertex 2.34923 -52.2 45.145
    endloop
  endfacet
  facet normal 0 1 -0
    outer loop
      vertex 2.69496 -52.2 44.8001
      vertex 2.28386 -52.2 44.9832
      vertex 2.77209 -52.2 44.991
    endloop
  endfacet
  facet normal 0 1 0
    outer loop
      vertex 2.28386 -52.2 44.9832
      vertex 2.69496 -52.2 44.8001
      vertex 2.20737 -52.2 44.8263
    endloop
  endfacet
  facet normal 0 1 -0
    outer loop
      vertex 2.6047 -52.2 44.6151
      vertex 2.20737 -52.2 44.8263
      vertex 2.69496 -52.2 44.8001
    endloop
  endfacet
  facet normal 0 1 0
    outer loop
      vertex 2.20737 -52.2 44.8263
      vertex 2.6047 -52.2 44.6151
      vertex 2.12012 -52.2 44.6752
    endloop
  endfacet
  facet normal 0 1 -0
    outer loop
      vertex 2.50174 -52.2 44.4367
      vertex 2.12012 -52.2 44.6752
      vertex 2.6047 -52.2 44.6151
    endloop
  endfacet
  facet normal 0 1 0
    outer loop
      vertex 2.12012 -52.2 44.6752
      vertex 2.50174 -52.2 44.4367
      vertex 2.02254 -52.2 44.5305
    endloop
  endfacet
  facet normal 0 1 -0
    outer loop
      vertex 2.3866 -52.2 44.266
      vertex 2.02254 -52.2 44.5305
      vertex 2.50174 -52.2 44.4367
    endloop
  endfacet
  facet normal 0 1 0
    outer loop
      vertex 2.02254 -52.2 44.5305
      vertex 2.3866 -52.2 44.266
      vertex 1.91511 -52.2 44.393
    endloop
  endfacet
  facet normal 0 1 -0
    outer loop
      vertex 2.25983 -52.2 44.1038
      vertex 1.91511 -52.2 44.393
      vertex 2.3866 -52.2 44.266
    endloop
  endfacet
  facet normal 0 1 0
    outer loop
      vertex 1.91511 -52.2 44.393
      vertex 2.25983 -52.2 44.1038
      vertex 1.79835 -52.2 44.2634
    endloop
  endfacet
  facet normal 0 1 -0
    outer loop
      vertex 2.12205 -52.2 43.9508
      vertex 1.79835 -52.2 44.2634
      vertex 2.25983 -52.2 44.1038
    endloop
  endfacet
  facet normal 0 1 0
    outer loop
      vertex 1.79835 -52.2 44.2634
      vertex 2.12205 -52.2 43.9508
      vertex 1.67283 -52.2 44.1421
    endloop
  endfacet
  facet normal 0 1 -0
    outer loop
      vertex 1.97394 -52.2 43.8077
      vertex 1.67283 -52.2 44.1421
      vertex 2.12205 -52.2 43.9508
    endloop
  endfacet
  facet normal 0 1 0
    outer loop
      vertex 1.67283 -52.2 44.1421
      vertex 1.97394 -52.2 43.8077
      vertex 1.53915 -52.2 44.03
    endloop
  endfacet
  facet normal 0 1 -0
    outer loop
      vertex 1.8162 -52.2 43.6754
      vertex 1.53915 -52.2 44.03
      vertex 1.97394 -52.2 43.8077
    endloop
  endfacet
  facet normal 0 1 0
    outer loop
      vertex 1.53915 -52.2 44.03
      vertex 1.8162 -52.2 43.6754
      vertex 1.39798 -52.2 43.9274
    endloop
  endfacet
  facet normal 0 1 -0
    outer loop
      vertex 1.64962 -52.2 43.5543
      vertex 1.39798 -52.2 43.9274
      vertex 1.8162 -52.2 43.6754
    endloop
  endfacet
  facet normal 0 1 0
    outer loop
      vertex 1.39798 -52.2 43.9274
      vertex 1.64962 -52.2 43.5543
      vertex 1.25 -52.2 43.8349
    endloop
  endfacet
  facet normal 0 1 -0
    outer loop
      vertex 1.475 -52.2 43.4452
      vertex 1.25 -52.2 43.8349
      vertex 1.64962 -52.2 43.5543
    endloop
  endfacet
  facet normal 0 1 0
    outer loop
      vertex 1.25 -52.2 43.8349
      vertex 1.475 -52.2 43.4452
      vertex 1.09593 -52.2 43.753
    endloop
  endfacet
  facet normal 0 1 -0
    outer loop
      vertex 1.29319 -52.2 43.3486
      vertex 1.09593 -52.2 43.753
      vertex 1.475 -52.2 43.4452
    endloop
  endfacet
  facet normal 0 1 0
    outer loop
      vertex 1.09593 -52.2 43.753
      vertex 1.29319 -52.2 43.3486
      vertex 0.936516 -52.2 43.682
    endloop
  endfacet
  facet normal 0 1 -0
    outer loop
      vertex 1.10509 -52.2 43.2648
      vertex 0.936516 -52.2 43.682
      vertex 1.29319 -52.2 43.3486
    endloop
  endfacet
  facet normal 0 1 0
    outer loop
      vertex 0.936516 -52.2 43.682
      vertex 1.10509 -52.2 43.2648
      vertex 0.772542 -52.2 43.6224
    endloop
  endfacet
  facet normal 0 1 -0
    outer loop
      vertex 0.9116 -52.2 43.1944
      vertex 0.772542 -52.2 43.6224
      vertex 1.10509 -52.2 43.2648
    endloop
  endfacet
  facet normal 0 1 -0
    outer loop
      vertex 0.713669 -52.2 43.1376
      vertex 0.604804 -52.2 43.5743
      vertex 0.9116 -52.2 43.1944
    endloop
  endfacet
  facet normal 0 1 0
    outer loop
      vertex 0.772542 -52.2 43.6224
      vertex 0.9116 -52.2 43.1944
      vertex 0.604804 -52.2 43.5743
    endloop
  endfacet
  facet normal 0 1 0
    outer loop
      vertex -0.713669 -52.2 48.8624
      vertex -0.604804 -52.2 48.4257
      vertex -0.9116 -52.2 48.8056
    endloop
  endfacet
  facet normal 0 1 -0
    outer loop
      vertex -0.772542 -52.2 48.3776
      vertex -0.9116 -52.2 48.8056
      vertex -0.604804 -52.2 48.4257
    endloop
  endfacet
  facet normal 0 1 0
    outer loop
      vertex -0.9116 -52.2 48.8056
      vertex -0.772542 -52.2 48.3776
      vertex -1.10509 -52.2 48.7352
    endloop
  endfacet
  facet normal 0 1 -0
    outer loop
      vertex -0.936516 -52.2 48.318
      vertex -1.10509 -52.2 48.7352
      vertex -0.772542 -52.2 48.3776
    endloop
  endfacet
  facet normal 0 1 0
    outer loop
      vertex -1.10509 -52.2 48.7352
      vertex -0.936516 -52.2 48.318
      vertex -1.29319 -52.2 48.6514
    endloop
  endfacet
  facet normal 0 1 -0
    outer loop
      vertex -1.09593 -52.2 48.247
      vertex -1.29319 -52.2 48.6514
      vertex -0.936516 -52.2 48.318
    endloop
  endfacet
  facet normal 0 1 0
    outer loop
      vertex -1.29319 -52.2 48.6514
      vertex -1.09593 -52.2 48.247
      vertex -1.475 -52.2 48.5548
    endloop
  endfacet
  facet normal 0 1 -0
    outer loop
      vertex -1.25 -52.2 48.1651
      vertex -1.475 -52.2 48.5548
      vertex -1.09593 -52.2 48.247
    endloop
  endfacet
  facet normal 0 1 0
    outer loop
      vertex -1.475 -52.2 48.5548
      vertex -1.25 -52.2 48.1651
      vertex -1.64962 -52.2 48.4457
    endloop
  endfacet
  facet normal 0 1 -0
    outer loop
      vertex -1.39798 -52.2 48.0726
      vertex -1.64962 -52.2 48.4457
      vertex -1.25 -52.2 48.1651
    endloop
  endfacet
  facet normal 0 1 0
    outer loop
      vertex -1.64962 -52.2 48.4457
      vertex -1.39798 -52.2 48.0726
      vertex -1.8162 -52.2 48.3246
    endloop
  endfacet
  facet normal 0 1 -0
    outer loop
      vertex -1.53915 -52.2 47.97
      vertex -1.8162 -52.2 48.3246
      vertex -1.39798 -52.2 48.0726
    endloop
  endfacet
  facet normal 0 1 0
    outer loop
      vertex -1.8162 -52.2 48.3246
      vertex -1.53915 -52.2 47.97
      vertex -1.97394 -52.2 48.1923
    endloop
  endfacet
  facet normal 0 1 -0
    outer loop
      vertex -1.67283 -52.2 47.8579
      vertex -1.97394 -52.2 48.1923
      vertex -1.53915 -52.2 47.97
    endloop
  endfacet
  facet normal 0 1 0
    outer loop
      vertex -1.97394 -52.2 48.1923
      vertex -1.67283 -52.2 47.8579
      vertex -2.12205 -52.2 48.0492
    endloop
  endfacet
  facet normal 0 1 -0
    outer loop
      vertex -1.79835 -52.2 47.7366
      vertex -2.12205 -52.2 48.0492
      vertex -1.67283 -52.2 47.8579
    endloop
  endfacet
  facet normal 0 1 0
    outer loop
      vertex -2.12205 -52.2 48.0492
      vertex -1.79835 -52.2 47.7366
      vertex -2.25983 -52.2 47.8962
    endloop
  endfacet
  facet normal 0 1 -0
    outer loop
      vertex -1.91511 -52.2 47.607
      vertex -2.25983 -52.2 47.8962
      vertex -1.79835 -52.2 47.7366
    endloop
  endfacet
  facet normal 0 1 0
    outer loop
      vertex -2.25983 -52.2 47.8962
      vertex -1.91511 -52.2 47.607
      vertex -2.3866 -52.2 47.734
    endloop
  endfacet
  facet normal 0 1 -0
    outer loop
      vertex -2.02254 -52.2 47.4695
      vertex -2.3866 -52.2 47.734
      vertex -1.91511 -52.2 47.607
    endloop
  endfacet
  facet normal 0 1 0
    outer loop
      vertex -2.3866 -52.2 47.734
      vertex -2.02254 -52.2 47.4695
      vertex -2.50174 -52.2 47.5633
    endloop
  endfacet
  facet normal 0 1 -0
    outer loop
      vertex -2.12012 -52.2 47.3248
      vertex -2.50174 -52.2 47.5633
      vertex -2.02254 -52.2 47.4695
    endloop
  endfacet
  facet normal 0 1 0
    outer loop
      vertex -2.50174 -52.2 47.5633
      vertex -2.12012 -52.2 47.3248
      vertex -2.6047 -52.2 47.3849
    endloop
  endfacet
  facet normal 0 1 -0
    outer loop
      vertex -2.20737 -52.2 47.1737
      vertex -2.6047 -52.2 47.3849
      vertex -2.12012 -52.2 47.3248
    endloop
  endfacet
  facet normal 0 1 0
    outer loop
      vertex -2.6047 -52.2 47.3849
      vertex -2.20737 -52.2 47.1737
      vertex -2.69496 -52.2 47.1999
    endloop
  endfacet
  facet normal 0 1 -0
    outer loop
      vertex -2.28386 -52.2 47.0168
      vertex -2.69496 -52.2 47.1999
      vertex -2.20737 -52.2 47.1737
    endloop
  endfacet
  facet normal 0 1 0
    outer loop
      vertex -2.28386 -52.2 47.0168
      vertex -2.77209 -52.2 47.009
      vertex -2.69496 -52.2 47.1999
    endloop
  endfacet
  facet normal 0 1 -0
    outer loop
      vertex -2.34923 -52.2 46.855
      vertex -2.77209 -52.2 47.009
      vertex -2.28386 -52.2 47.0168
    endloop
  endfacet
  facet normal 0 1 0
    outer loop
      vertex -2.34923 -52.2 46.855
      vertex -2.83572 -52.2 46.8131
      vertex -2.77209 -52.2 47.009
    endloop
  endfacet
  facet normal 0 1 -0
    outer loop
      vertex -2.40315 -52.2 46.6891
      vertex -2.83572 -52.2 46.8131
      vertex -2.34923 -52.2 46.855
    endloop
  endfacet
  facet normal 0 1 0
    outer loop
      vertex -2.40315 -52.2 46.6891
      vertex -2.88554 -52.2 46.6133
      vertex -2.83572 -52.2 46.8131
    endloop
  endfacet
  facet normal 0 1 -0
    outer loop
      vertex -2.44537 -52.2 46.5198
      vertex -2.88554 -52.2 46.6133
      vertex -2.40315 -52.2 46.6891
    endloop
  endfacet
  facet normal 0 1 0
    outer loop
      vertex -2.44537 -52.2 46.5198
      vertex -2.92129 -52.2 46.4106
      vertex -2.88554 -52.2 46.6133
    endloop
  endfacet
  facet normal 0 1 -0
    outer loop
      vertex -2.47567 -52.2 46.3479
      vertex -2.92129 -52.2 46.4106
      vertex -2.44537 -52.2 46.5198
    endloop
  endfacet
  facet normal 0 1 0
    outer loop
      vertex -2.47567 -52.2 46.3479
      vertex -2.94281 -52.2 46.2058
      vertex -2.92129 -52.2 46.4106
    endloop
  endfacet
  facet normal 0 1 -0
    outer loop
      vertex -2.49391 -52.2 46.1744
      vertex -2.94281 -52.2 46.2058
      vertex -2.47567 -52.2 46.3479
    endloop
  endfacet
  facet normal 0 1 -0
    outer loop
      vertex -2.5 -52.2 46
      vertex -2.94281 -52.2 46.2058
      vertex -2.49391 -52.2 46.1744
    endloop
  endfacet
  facet normal 0 1 0
    outer loop
      vertex -2.5 -52.2 46
      vertex -2.95 -52.2 46
      vertex -2.94281 -52.2 46.2058
    endloop
  endfacet
  facet normal 0 1 0
    outer loop
      vertex -2.49391 -52.2 45.8256
      vertex -2.95 -52.2 46
      vertex -2.5 -52.2 46
    endloop
  endfacet
  facet normal 0 1 0
    outer loop
      vertex -2.49391 -52.2 45.8256
      vertex -2.94281 -52.2 45.7942
      vertex -2.95 -52.2 46
    endloop
  endfacet
  facet normal 0 1 0
    outer loop
      vertex -2.47567 -52.2 45.6521
      vertex -2.94281 -52.2 45.7942
      vertex -2.49391 -52.2 45.8256
    endloop
  endfacet
  facet normal 0 1 0
    outer loop
      vertex -2.47567 -52.2 45.6521
      vertex -2.92129 -52.2 45.5894
      vertex -2.94281 -52.2 45.7942
    endloop
  endfacet
  facet normal 0 1 0
    outer loop
      vertex -2.44537 -52.2 45.4802
      vertex -2.92129 -52.2 45.5894
      vertex -2.47567 -52.2 45.6521
    endloop
  endfacet
  facet normal 0 1 0
    outer loop
      vertex -2.44537 -52.2 45.4802
      vertex -2.88554 -52.2 45.3867
      vertex -2.92129 -52.2 45.5894
    endloop
  endfacet
  facet normal 0 1 0
    outer loop
      vertex -2.40315 -52.2 45.3109
      vertex -2.88554 -52.2 45.3867
      vertex -2.44537 -52.2 45.4802
    endloop
  endfacet
  facet normal 0 1 0
    outer loop
      vertex -2.40315 -52.2 45.3109
      vertex -2.83572 -52.2 45.1869
      vertex -2.88554 -52.2 45.3867
    endloop
  endfacet
  facet normal 0 1 0
    outer loop
      vertex -2.34923 -52.2 45.145
      vertex -2.83572 -52.2 45.1869
      vertex -2.40315 -52.2 45.3109
    endloop
  endfacet
  facet normal 0 1 0
    outer loop
      vertex -2.34923 -52.2 45.145
      vertex -2.77209 -52.2 44.991
      vertex -2.83572 -52.2 45.1869
    endloop
  endfacet
  facet normal 0 1 0
    outer loop
      vertex -2.28386 -52.2 44.9832
      vertex -2.77209 -52.2 44.991
      vertex -2.34923 -52.2 45.145
    endloop
  endfacet
  facet normal 0 1 0
    outer loop
      vertex -2.69496 -52.2 44.8001
      vertex -2.28386 -52.2 44.9832
      vertex -2.20737 -52.2 44.8263
    endloop
  endfacet
  facet normal 0 1 0
    outer loop
      vertex -2.28386 -52.2 44.9832
      vertex -2.69496 -52.2 44.8001
      vertex -2.77209 -52.2 44.991
    endloop
  endfacet
  facet normal 0 1 0
    outer loop
      vertex -2.6047 -52.2 44.6151
      vertex -2.20737 -52.2 44.8263
      vertex -2.12012 -52.2 44.6752
    endloop
  endfacet
  facet normal 0 1 0
    outer loop
      vertex -2.20737 -52.2 44.8263
      vertex -2.6047 -52.2 44.6151
      vertex -2.69496 -52.2 44.8001
    endloop
  endfacet
  facet normal 0 1 0
    outer loop
      vertex -2.50174 -52.2 44.4367
      vertex -2.12012 -52.2 44.6752
      vertex -2.02254 -52.2 44.5305
    endloop
  endfacet
  facet normal 0 1 0
    outer loop
      vertex -2.12012 -52.2 44.6752
      vertex -2.50174 -52.2 44.4367
      vertex -2.6047 -52.2 44.6151
    endloop
  endfacet
  facet normal 0 1 0
    outer loop
      vertex -2.3866 -52.2 44.266
      vertex -2.02254 -52.2 44.5305
      vertex -1.91511 -52.2 44.393
    endloop
  endfacet
  facet normal 0 1 0
    outer loop
      vertex -2.02254 -52.2 44.5305
      vertex -2.3866 -52.2 44.266
      vertex -2.50174 -52.2 44.4367
    endloop
  endfacet
  facet normal 0 1 0
    outer loop
      vertex -2.25983 -52.2 44.1038
      vertex -1.91511 -52.2 44.393
      vertex -1.79835 -52.2 44.2634
    endloop
  endfacet
  facet normal 0 1 0
    outer loop
      vertex -2.12205 -52.2 43.9508
      vertex -1.79835 -52.2 44.2634
      vertex -1.67283 -52.2 44.1421
    endloop
  endfacet
  facet normal 0 1 0
    outer loop
      vertex -1.91511 -52.2 44.393
      vertex -2.25983 -52.2 44.1038
      vertex -2.3866 -52.2 44.266
    endloop
  endfacet
  facet normal 0 1 0
    outer loop
      vertex -1.97394 -52.2 43.8077
      vertex -1.67283 -52.2 44.1421
      vertex -1.53915 -52.2 44.03
    endloop
  endfacet
  facet normal 0 1 0
    outer loop
      vertex -1.79835 -52.2 44.2634
      vertex -2.12205 -52.2 43.9508
      vertex -2.25983 -52.2 44.1038
    endloop
  endfacet
  facet normal 0 1 0
    outer loop
      vertex -1.8162 -52.2 43.6754
      vertex -1.53915 -52.2 44.03
      vertex -1.39798 -52.2 43.9274
    endloop
  endfacet
  facet normal 0 1 0
    outer loop
      vertex -1.64962 -52.2 43.5543
      vertex -1.39798 -52.2 43.9274
      vertex -1.25 -52.2 43.8349
    endloop
  endfacet
  facet normal 0 1 0
    outer loop
      vertex -1.67283 -52.2 44.1421
      vertex -1.97394 -52.2 43.8077
      vertex -2.12205 -52.2 43.9508
    endloop
  endfacet
  facet normal 0 1 0
    outer loop
      vertex -1.475 -52.2 43.4452
      vertex -1.25 -52.2 43.8349
      vertex -1.09593 -52.2 43.753
    endloop
  endfacet
  facet normal 0 1 0
    outer loop
      vertex -1.29319 -52.2 43.3486
      vertex -1.09593 -52.2 43.753
      vertex -0.936516 -52.2 43.682
    endloop
  endfacet
  facet normal 0 1 0
    outer loop
      vertex -1.53915 -52.2 44.03
      vertex -1.8162 -52.2 43.6754
      vertex -1.97394 -52.2 43.8077
    endloop
  endfacet
  facet normal 0 1 0
    outer loop
      vertex -1.10509 -52.2 43.2648
      vertex -0.936516 -52.2 43.682
      vertex -0.772542 -52.2 43.6224
    endloop
  endfacet
  facet normal 0 1 0
    outer loop
      vertex -0.9116 -52.2 43.1944
      vertex -0.772542 -52.2 43.6224
      vertex -0.604804 -52.2 43.5743
    endloop
  endfacet
  facet normal 0 1 0
    outer loop
      vertex -1.39798 -52.2 43.9274
      vertex -1.64962 -52.2 43.5543
      vertex -1.8162 -52.2 43.6754
    endloop
  endfacet
  facet normal 0 1 0
    outer loop
      vertex -0.713669 -52.2 43.1376
      vertex -0.604804 -52.2 43.5743
      vertex -0.43412 -52.2 43.538
    endloop
  endfacet
  facet normal 0 1 0
    outer loop
      vertex -0.512261 -52.2 43.0948
      vertex -0.43412 -52.2 43.538
      vertex -0.261321 -52.2 43.5137
    endloop
  endfacet
  facet normal 0 1 0
    outer loop
      vertex -0.308358 -52.2 43.0662
      vertex -0.261321 -52.2 43.5137
      vertex -0.0872478 -52.2 43.5015
    endloop
  endfacet
  facet normal 0 1 0
    outer loop
      vertex 0.604804 -52.2 43.5743
      vertex 0.713669 -52.2 43.1376
      vertex 0.43412 -52.2 43.538
    endloop
  endfacet
  facet normal 0 1 0
    outer loop
      vertex -1.25 -52.2 43.8349
      vertex -1.475 -52.2 43.4452
      vertex -1.64962 -52.2 43.5543
    endloop
  endfacet
  facet normal 0 1 -0
    outer loop
      vertex 0.512261 -52.2 43.0948
      vertex 0.43412 -52.2 43.538
      vertex 0.713669 -52.2 43.1376
    endloop
  endfacet
  facet normal 0 1 0
    outer loop
      vertex -1.09593 -52.2 43.753
      vertex -1.29319 -52.2 43.3486
      vertex -1.475 -52.2 43.4452
    endloop
  endfacet
  facet normal 0 1 0
    outer loop
      vertex 0.43412 -52.2 43.538
      vertex 0.512261 -52.2 43.0948
      vertex 0.261321 -52.2 43.5137
    endloop
  endfacet
  facet normal 0 1 0
    outer loop
      vertex -0.936516 -52.2 43.682
      vertex -1.10509 -52.2 43.2648
      vertex -1.29319 -52.2 43.3486
    endloop
  endfacet
  facet normal 0 1 -0
    outer loop
      vertex 0.308358 -52.2 43.0662
      vertex 0.261321 -52.2 43.5137
      vertex 0.512261 -52.2 43.0948
    endloop
  endfacet
  facet normal 0 1 0
    outer loop
      vertex -0.772542 -52.2 43.6224
      vertex -0.9116 -52.2 43.1944
      vertex -1.10509 -52.2 43.2648
    endloop
  endfacet
  facet normal 0 1 0
    outer loop
      vertex 0.261321 -52.2 43.5137
      vertex 0.308358 -52.2 43.0662
      vertex 0.0872478 -52.2 43.5015
    endloop
  endfacet
  facet normal 0 1 0
    outer loop
      vertex -0.604804 -52.2 43.5743
      vertex -0.713669 -52.2 43.1376
      vertex -0.9116 -52.2 43.1944
    endloop
  endfacet
  facet normal 0 1 -0
    outer loop
      vertex 0.102953 -52.2 43.0518
      vertex 0.0872478 -52.2 43.5015
      vertex 0.308358 -52.2 43.0662
    endloop
  endfacet
  facet normal 0 1 0
    outer loop
      vertex -0.43412 -52.2 43.538
      vertex -0.512261 -52.2 43.0948
      vertex -0.713669 -52.2 43.1376
    endloop
  endfacet
  facet normal 0 1 0
    outer loop
      vertex 0.0872478 -52.2 43.5015
      vertex 0.102953 -52.2 43.0518
      vertex -0.0872478 -52.2 43.5015
    endloop
  endfacet
  facet normal 0 1 0
    outer loop
      vertex -0.261321 -52.2 43.5137
      vertex -0.308358 -52.2 43.0662
      vertex -0.512261 -52.2 43.0948
    endloop
  endfacet
  facet normal 0 1 0
    outer loop
      vertex -0.102953 -52.2 43.0518
      vertex -0.0872478 -52.2 43.5015
      vertex 0.102953 -52.2 43.0518
    endloop
  endfacet
  facet normal 0 1 0
    outer loop
      vertex -0.0872478 -52.2 43.5015
      vertex -0.102953 -52.2 43.0518
      vertex -0.308358 -52.2 43.0662
    endloop
  endfacet
  facet normal 0.743101 0 -0.669179
    outer loop
      vertex -2.12205 -52.2 48.0492
      vertex -2.25983 -48.7 47.8962
      vertex -2.12205 -48.7 48.0492
    endloop
  endfacet
  facet normal 0.743101 0 -0.669179
    outer loop
      vertex -2.25983 -48.7 47.8962
      vertex -2.12205 -52.2 48.0492
      vertex -2.25983 -52.2 47.8962
    endloop
  endfacet
  facet normal -0.0699338 0 -0.997552
    outer loop
      vertex 0.102953 -52.2 48.9482
      vertex 0.308358 -48.7 48.9338
      vertex 0.308358 -52.2 48.9338
    endloop
  endfacet
  facet normal -0.0699338 0 -0.997552
    outer loop
      vertex 0.308358 -48.7 48.9338
      vertex 0.102953 -52.2 48.9482
      vertex 0.102953 -48.7 48.9482
    endloop
  endfacet
  facet normal -0.406949 0 -0.913451
    outer loop
      vertex 1.10509 -52.2 48.7352
      vertex 1.29319 -48.7 48.6514
      vertex 1.29319 -52.2 48.6514
    endloop
  endfacet
  facet normal -0.406949 0 -0.913451
    outer loop
      vertex 1.29319 -48.7 48.6514
      vertex 1.10509 -52.2 48.7352
      vertex 1.10509 -48.7 48.7352
    endloop
  endfacet
  facet normal 0.829034 -0 0.559198
    outer loop
      vertex -2.50174 -52.2 44.4367
      vertex -2.3866 -48.7 44.266
      vertex -2.50174 -48.7 44.4367
    endloop
  endfacet
  facet normal 0.829034 0 0.559198
    outer loop
      vertex -2.3866 -48.7 44.266
      vertex -2.50174 -52.2 44.4367
      vertex -2.3866 -52.2 44.266
    endloop
  endfacet
  facet normal 0.898738 -0 0.438487
    outer loop
      vertex -2.69496 -52.2 44.8001
      vertex -2.6047 -48.7 44.6151
      vertex -2.69496 -48.7 44.8001
    endloop
  endfacet
  facet normal 0.898738 0 0.438487
    outer loop
      vertex -2.6047 -48.7 44.6151
      vertex -2.69496 -52.2 44.8001
      vertex -2.6047 -52.2 44.6151
    endloop
  endfacet
  facet normal 0.866108 -0 0.499857
    outer loop
      vertex -2.6047 -52.2 44.6151
      vertex -2.50174 -48.7 44.4367
      vertex -2.6047 -48.7 44.6151
    endloop
  endfacet
  facet normal 0.866108 0 0.499857
    outer loop
      vertex -2.50174 -48.7 44.4367
      vertex -2.6047 -52.2 44.6151
      vertex -2.50174 -52.2 44.4367
    endloop
  endfacet
  facet normal -0.994525 0 0.104503
    outer loop
      vertex 2.92129 -52.2 45.5894
      vertex 2.94281 -48.7 45.7942
      vertex 2.92129 -48.7 45.5894
    endloop
  endfacet
  facet normal -0.994525 0 0.104503
    outer loop
      vertex 2.94281 -48.7 45.7942
      vertex 2.92129 -52.2 45.5894
      vertex 2.94281 -52.2 45.7942
    endloop
  endfacet
  facet normal 0.970291 -0 0.241941
    outer loop
      vertex -2.88554 -52.2 45.3867
      vertex -2.83572 -48.7 45.1869
      vertex -2.88554 -48.7 45.3867
    endloop
  endfacet
  facet normal 0.970291 0 0.241941
    outer loop
      vertex -2.83572 -48.7 45.1869
      vertex -2.88554 -52.2 45.3867
      vertex -2.83572 -52.2 45.1869
    endloop
  endfacet
  facet normal -0.829034 0 -0.559198
    outer loop
      vertex 2.50174 -52.2 47.5633
      vertex 2.3866 -48.7 47.734
      vertex 2.50174 -48.7 47.5633
    endloop
  endfacet
  facet normal -0.829034 -0 -0.559198
    outer loop
      vertex 2.3866 -48.7 47.734
      vertex 2.50174 -52.2 47.5633
      vertex 2.3866 -52.2 47.734
    endloop
  endfacet
  facet normal -0.984801 0 0.173688
    outer loop
      vertex 2.88554 -52.2 45.3867
      vertex 2.92129 -48.7 45.5894
      vertex 2.88554 -48.7 45.3867
    endloop
  endfacet
  facet normal -0.984801 0 0.173688
    outer loop
      vertex 2.92129 -48.7 45.5894
      vertex 2.88554 -52.2 45.3867
      vertex 2.92129 -52.2 45.5894
    endloop
  endfacet
  facet normal -0.469206 0 0.883089
    outer loop
      vertex 1.29319 -48.7 43.3486
      vertex 1.475 -52.2 43.4452
      vertex 1.475 -48.7 43.4452
    endloop
  endfacet
  facet normal -0.469206 0 0.883089
    outer loop
      vertex 1.475 -52.2 43.4452
      vertex 1.29319 -48.7 43.3486
      vertex 1.29319 -52.2 43.3486
    endloop
  endfacet
  facet normal 0.898738 0 -0.438487
    outer loop
      vertex -2.6047 -52.2 47.3849
      vertex -2.69496 -48.7 47.1999
      vertex -2.6047 -48.7 47.3849
    endloop
  endfacet
  facet normal 0.898738 0 -0.438487
    outer loop
      vertex -2.69496 -48.7 47.1999
      vertex -2.6047 -52.2 47.3849
      vertex -2.69496 -52.2 47.1999
    endloop
  endfacet
  facet normal 0.642618 0 0.766187
    outer loop
      vertex -1.97394 -48.7 43.8077
      vertex -1.8162 -52.2 43.6754
      vertex -1.8162 -48.7 43.6754
    endloop
  endfacet
  facet normal 0.642618 0 0.766187
    outer loop
      vertex -1.8162 -52.2 43.6754
      vertex -1.97394 -48.7 43.8077
      vertex -1.97394 -52.2 43.8077
    endloop
  endfacet
  facet normal 0.984801 -0 0.173688
    outer loop
      vertex -2.92129 -52.2 45.5894
      vertex -2.88554 -48.7 45.3867
      vertex -2.92129 -48.7 45.5894
    endloop
  endfacet
  facet normal 0.984801 0 0.173688
    outer loop
      vertex -2.88554 -48.7 45.3867
      vertex -2.92129 -52.2 45.5894
      vertex -2.88554 -52.2 45.3867
    endloop
  endfacet
  facet normal 0.642618 0 -0.766187
    outer loop
      vertex -1.97394 -52.2 48.1923
      vertex -1.8162 -48.7 48.3246
      vertex -1.8162 -52.2 48.3246
    endloop
  endfacet
  facet normal 0.642618 0 -0.766187
    outer loop
      vertex -1.8162 -48.7 48.3246
      vertex -1.97394 -52.2 48.1923
      vertex -1.97394 -48.7 48.1923
    endloop
  endfacet
  facet normal 0.406949 0 -0.913451
    outer loop
      vertex -1.29319 -52.2 48.6514
      vertex -1.10509 -48.7 48.7352
      vertex -1.10509 -52.2 48.7352
    endloop
  endfacet
  facet normal 0.406949 0 -0.913451
    outer loop
      vertex -1.10509 -48.7 48.7352
      vertex -1.29319 -52.2 48.6514
      vertex -1.29319 -48.7 48.6514
    endloop
  endfacet
  facet normal -0.529868 0 0.84808
    outer loop
      vertex 1.475 -48.7 43.4452
      vertex 1.64962 -52.2 43.5543
      vertex 1.64962 -48.7 43.5543
    endloop
  endfacet
  facet normal -0.529868 0 0.84808
    outer loop
      vertex 1.64962 -52.2 43.5543
      vertex 1.475 -48.7 43.4452
      vertex 1.475 -52.2 43.4452
    endloop
  endfacet
  facet normal -0.694839 0 0.719165
    outer loop
      vertex 1.97394 -48.7 43.8077
      vertex 2.12205 -52.2 43.9508
      vertex 2.12205 -48.7 43.9508
    endloop
  endfacet
  facet normal -0.694839 0 0.719165
    outer loop
      vertex 2.12205 -52.2 43.9508
      vertex 1.97394 -48.7 43.8077
      vertex 1.97394 -52.2 43.8077
    endloop
  endfacet
  facet normal 0.207862 0 -0.978158
    outer loop
      vertex -0.713669 -52.2 48.8624
      vertex -0.512261 -48.7 48.9052
      vertex -0.512261 -52.2 48.9052
    endloop
  endfacet
  facet normal 0.207862 0 -0.978158
    outer loop
      vertex -0.512261 -48.7 48.9052
      vertex -0.713669 -52.2 48.8624
      vertex -0.713669 -48.7 48.8624
    endloop
  endfacet
  facet normal 0.341915 0 0.939731
    outer loop
      vertex -1.10509 -48.7 43.2648
      vertex -0.9116 -52.2 43.1944
      vertex -0.9116 -48.7 43.1944
    endloop
  endfacet
  facet normal 0.341915 0 0.939731
    outer loop
      vertex -0.9116 -52.2 43.1944
      vertex -1.10509 -48.7 43.2648
      vertex -1.10509 -52.2 43.2648
    endloop
  endfacet
  facet normal -0.207862 0 -0.978158
    outer loop
      vertex 0.512261 -52.2 48.9052
      vertex 0.713669 -48.7 48.8624
      vertex 0.713669 -52.2 48.8624
    endloop
  endfacet
  facet normal -0.207862 0 -0.978158
    outer loop
      vertex 0.713669 -48.7 48.8624
      vertex 0.512261 -52.2 48.9052
      vertex 0.512261 -48.7 48.9052
    endloop
  endfacet
  facet normal 0.994525 -0 0.104503
    outer loop
      vertex -2.94281 -52.2 45.7942
      vertex -2.92129 -48.7 45.5894
      vertex -2.94281 -48.7 45.7942
    endloop
  endfacet
  facet normal 0.994525 0 0.104503
    outer loop
      vertex -2.92129 -48.7 45.5894
      vertex -2.94281 -52.2 45.7942
      vertex -2.92129 -52.2 45.5894
    endloop
  endfacet
  facet normal 0.984801 0 -0.173688
    outer loop
      vertex -2.88554 -52.2 46.6133
      vertex -2.92129 -48.7 46.4106
      vertex -2.88554 -48.7 46.6133
    endloop
  endfacet
  facet normal 0.984801 0 -0.173688
    outer loop
      vertex -2.92129 -48.7 46.4106
      vertex -2.88554 -52.2 46.6133
      vertex -2.92129 -52.2 46.4106
    endloop
  endfacet
  facet normal 0.694839 0 0.719165
    outer loop
      vertex -2.12205 -48.7 43.9508
      vertex -1.97394 -52.2 43.8077
      vertex -1.97394 -48.7 43.8077
    endloop
  endfacet
  facet normal 0.694839 0 0.719165
    outer loop
      vertex -1.97394 -52.2 43.8077
      vertex -2.12205 -48.7 43.9508
      vertex -2.12205 -52.2 43.9508
    endloop
  endfacet
  facet normal 0.406949 0 0.913451
    outer loop
      vertex -1.29319 -48.7 43.3486
      vertex -1.10509 -52.2 43.2648
      vertex -1.10509 -48.7 43.2648
    endloop
  endfacet
  facet normal 0.406949 0 0.913451
    outer loop
      vertex -1.10509 -52.2 43.2648
      vertex -1.29319 -48.7 43.3486
      vertex -1.29319 -52.2 43.3486
    endloop
  endfacet
  facet normal -0.275836 0 -0.961205
    outer loop
      vertex 0.713669 -52.2 48.8624
      vertex 0.9116 -48.7 48.8056
      vertex 0.9116 -52.2 48.8056
    endloop
  endfacet
  facet normal -0.275836 0 -0.961205
    outer loop
      vertex 0.9116 -48.7 48.8056
      vertex 0.713669 -52.2 48.8624
      vertex 0.713669 -48.7 48.8624
    endloop
  endfacet
  facet normal 0.275836 0 0.961205
    outer loop
      vertex -0.9116 -48.7 43.1944
      vertex -0.713669 -52.2 43.1376
      vertex -0.713669 -48.7 43.1376
    endloop
  endfacet
  facet normal 0.275836 0 0.961205
    outer loop
      vertex -0.713669 -52.2 43.1376
      vertex -0.9116 -48.7 43.1944
      vertex -0.9116 -52.2 43.1944
    endloop
  endfacet
  facet normal 0.469206 0 -0.883089
    outer loop
      vertex -1.475 -52.2 48.5548
      vertex -1.29319 -48.7 48.6514
      vertex -1.29319 -52.2 48.6514
    endloop
  endfacet
  facet normal 0.469206 0 -0.883089
    outer loop
      vertex -1.29319 -48.7 48.6514
      vertex -1.475 -52.2 48.5548
      vertex -1.475 -48.7 48.5548
    endloop
  endfacet
  facet normal 0.927187 0 -0.374599
    outer loop
      vertex -2.28386 -57.2 47.0168
      vertex -2.34923 -52.2 46.855
      vertex -2.28386 -52.2 47.0168
    endloop
  endfacet
  facet normal 0.927187 0 -0.374599
    outer loop
      vertex -2.34923 -52.2 46.855
      vertex -2.28386 -57.2 47.0168
      vertex -2.34923 -57.2 46.855
    endloop
  endfacet
  facet normal -0.994519 0 -0.104553
    outer loop
      vertex 2.49391 -57.2 46.1744
      vertex 2.47567 -52.2 46.3479
      vertex 2.49391 -52.2 46.1744
    endloop
  endfacet
  facet normal -0.994519 -0 -0.104553
    outer loop
      vertex 2.47567 -52.2 46.3479
      vertex 2.49391 -57.2 46.1744
      vertex 2.47567 -57.2 46.3479
    endloop
  endfacet
  facet normal -0.999391 0 -0.0348985
    outer loop
      vertex 2.5 -57.2 46
      vertex 2.49391 -52.2 46.1744
      vertex 2.5 -52.2 46
    endloop
  endfacet
  facet normal -0.999391 -0 -0.0348985
    outer loop
      vertex 2.49391 -52.2 46.1744
      vertex 2.5 -57.2 46
      vertex 2.49391 -57.2 46.1744
    endloop
  endfacet
  facet normal -0.984818 0 -0.173589
    outer loop
      vertex 2.47567 -57.2 46.3479
      vertex 2.44537 -52.2 46.5198
      vertex 2.47567 -52.2 46.3479
    endloop
  endfacet
  facet normal -0.984818 -0 -0.173589
    outer loop
      vertex 2.44537 -52.2 46.5198
      vertex 2.47567 -57.2 46.3479
      vertex 2.44537 -57.2 46.5198
    endloop
  endfacet
  facet normal -0.970284 0 -0.241969
    outer loop
      vertex 2.44537 -57.2 46.5198
      vertex 2.40315 -52.2 46.6891
      vertex 2.44537 -52.2 46.5198
    endloop
  endfacet
  facet normal -0.970284 -0 -0.241969
    outer loop
      vertex 2.40315 -52.2 46.6891
      vertex 2.44537 -57.2 46.5198
      vertex 2.40315 -57.2 46.6891
    endloop
  endfacet
  facet normal 0.742952 0 -0.669345
    outer loop
      vertex -1.79835 -57.2 47.7366
      vertex -1.91511 -52.2 47.607
      vertex -1.79835 -52.2 47.7366
    endloop
  endfacet
  facet normal 0.742952 0 -0.669345
    outer loop
      vertex -1.91511 -52.2 47.607
      vertex -1.79835 -57.2 47.7366
      vertex -1.91511 -57.2 47.607
    endloop
  endfacet
  facet normal 0.829094 -0 0.559109
    outer loop
      vertex -2.12012 -57.2 44.6752
      vertex -2.02254 -52.2 44.5305
      vertex -2.12012 -52.2 44.6752
    endloop
  endfacet
  facet normal 0.829094 0 0.559109
    outer loop
      vertex -2.02254 -52.2 44.5305
      vertex -2.12012 -57.2 44.6752
      vertex -2.02254 -57.2 44.5305
    endloop
  endfacet
  facet normal -0.275647 0 0.961259
    outer loop
      vertex 0.604804 -52.2 43.5743
      vertex 0.772542 -57.2 43.6224
      vertex 0.772542 -52.2 43.6224
    endloop
  endfacet
  facet normal -0.275647 0 0.961259
    outer loop
      vertex 0.772542 -57.2 43.6224
      vertex 0.604804 -52.2 43.5743
      vertex 0.604804 -57.2 43.5743
    endloop
  endfacet
  facet normal -0.53005 0 -0.847966
    outer loop
      vertex 1.25 -57.2 48.1651
      vertex 1.39798 -52.2 48.0726
      vertex 1.39798 -57.2 48.0726
    endloop
  endfacet
  facet normal -0.53005 0 -0.847966
    outer loop
      vertex 1.39798 -52.2 48.0726
      vertex 1.25 -57.2 48.1651
      vertex 1.25 -52.2 48.1651
    endloop
  endfacet
  facet normal 0.694915 0 0.719091
    outer loop
      vertex -1.79835 -52.2 44.2634
      vertex -1.67283 -57.2 44.1421
      vertex -1.67283 -52.2 44.1421
    endloop
  endfacet
  facet normal 0.694915 0 0.719091
    outer loop
      vertex -1.67283 -57.2 44.1421
      vertex -1.79835 -52.2 44.2634
      vertex -1.79835 -57.2 44.2634
    endloop
  endfacet
  facet normal -0.275647 0 -0.961259
    outer loop
      vertex 0.604804 -57.2 48.4257
      vertex 0.772542 -52.2 48.3776
      vertex 0.772542 -57.2 48.3776
    endloop
  endfacet
  facet normal -0.275647 0 -0.961259
    outer loop
      vertex 0.772542 -52.2 48.3776
      vertex 0.604804 -57.2 48.4257
      vertex 0.604804 -52.2 48.4257
    endloop
  endfacet
  facet normal -0.927187 0 -0.374599
    outer loop
      vertex 2.34923 -57.2 46.855
      vertex 2.28386 -52.2 47.0168
      vertex 2.34923 -52.2 46.855
    endloop
  endfacet
  facet normal -0.927187 -0 -0.374599
    outer loop
      vertex 2.28386 -52.2 47.0168
      vertex 2.34923 -57.2 46.855
      vertex 2.28386 -57.2 47.0168
    endloop
  endfacet
  facet normal 0.999391 0 -0.0348985
    outer loop
      vertex -2.49391 -57.2 46.1744
      vertex -2.5 -52.2 46
      vertex -2.49391 -52.2 46.1744
    endloop
  endfacet
  facet normal 0.999391 0 -0.0348985
    outer loop
      vertex -2.5 -52.2 46
      vertex -2.49391 -57.2 46.1744
      vertex -2.5 -57.2 46
    endloop
  endfacet
  facet normal 0.970284 0 -0.241969
    outer loop
      vertex -2.40315 -57.2 46.6891
      vertex -2.44537 -52.2 46.5198
      vertex -2.40315 -52.2 46.6891
    endloop
  endfacet
  facet normal 0.970284 0 -0.241969
    outer loop
      vertex -2.44537 -52.2 46.5198
      vertex -2.40315 -57.2 46.6891
      vertex -2.44537 -57.2 46.5198
    endloop
  endfacet
  facet normal 0.994519 0 -0.104553
    outer loop
      vertex -2.47567 -57.2 46.3479
      vertex -2.49391 -52.2 46.1744
      vertex -2.47567 -52.2 46.3479
    endloop
  endfacet
  facet normal 0.994519 0 -0.104553
    outer loop
      vertex -2.49391 -52.2 46.1744
      vertex -2.47567 -57.2 46.3479
      vertex -2.49391 -57.2 46.1744
    endloop
  endfacet
  facet normal -0.069914 0 0.997553
    outer loop
      vertex 0.0872478 -52.2 43.5015
      vertex 0.261321 -57.2 43.5137
      vertex 0.261321 -52.2 43.5137
    endloop
  endfacet
  facet normal -0.069914 0 0.997553
    outer loop
      vertex 0.261321 -57.2 43.5137
      vertex 0.0872478 -52.2 43.5015
      vertex 0.0872478 -57.2 43.5015
    endloop
  endfacet
  facet normal -0.642549 0 -0.766244
    outer loop
      vertex 1.53915 -57.2 47.97
      vertex 1.67283 -52.2 47.8579
      vertex 1.67283 -57.2 47.8579
    endloop
  endfacet
  facet normal -0.642549 0 -0.766244
    outer loop
      vertex 1.67283 -52.2 47.8579
      vertex 1.53915 -57.2 47.97
      vertex 1.53915 -52.2 47.97
    endloop
  endfacet
  facet normal 0.208021 0 0.978124
    outer loop
      vertex -0.604804 -52.2 43.5743
      vertex -0.43412 -57.2 43.538
      vertex -0.43412 -52.2 43.538
    endloop
  endfacet
  facet normal 0.208021 0 0.978124
    outer loop
      vertex -0.43412 -57.2 43.538
      vertex -0.604804 -52.2 43.5743
      vertex -0.604804 -57.2 43.5743
    endloop
  endfacet
  facet normal -0.994519 0 0.104553
    outer loop
      vertex 2.47567 -57.2 45.6521
      vertex 2.49391 -52.2 45.8256
      vertex 2.47567 -52.2 45.6521
    endloop
  endfacet
  facet normal -0.994519 0 0.104553
    outer loop
      vertex 2.49391 -52.2 45.8256
      vertex 2.47567 -57.2 45.6521
      vertex 2.49391 -57.2 45.8256
    endloop
  endfacet
  facet normal 0.865995 -0 0.500053
    outer loop
      vertex -2.20737 -57.2 44.8263
      vertex -2.12012 -52.2 44.6752
      vertex -2.20737 -52.2 44.8263
    endloop
  endfacet
  facet normal 0.865995 0 0.500053
    outer loop
      vertex -2.12012 -52.2 44.6752
      vertex -2.20737 -57.2 44.8263
      vertex -2.12012 -57.2 44.6752
    endloop
  endfacet
  facet normal -0.587913 0 0.808924
    outer loop
      vertex 1.39798 -52.2 43.9274
      vertex 1.53915 -57.2 44.03
      vertex 1.53915 -52.2 44.03
    endloop
  endfacet
  facet normal -0.587913 0 0.808924
    outer loop
      vertex 1.53915 -57.2 44.03
      vertex 1.39798 -52.2 43.9274
      vertex 1.39798 -57.2 43.9274
    endloop
  endfacet
  facet normal -0.694915 0 0.719091
    outer loop
      vertex 1.67283 -52.2 44.1421
      vertex 1.79835 -57.2 44.2634
      vertex 1.79835 -52.2 44.2634
    endloop
  endfacet
  facet normal -0.694915 0 0.719091
    outer loop
      vertex 1.79835 -57.2 44.2634
      vertex 1.67283 -52.2 44.1421
      vertex 1.67283 -57.2 44.1421
    endloop
  endfacet
  facet normal -0.46938 0 -0.882996
    outer loop
      vertex 1.09593 -57.2 48.247
      vertex 1.25 -52.2 48.1651
      vertex 1.25 -57.2 48.1651
    endloop
  endfacet
  facet normal -0.46938 0 -0.882996
    outer loop
      vertex 1.25 -52.2 48.1651
      vertex 1.09593 -57.2 48.247
      vertex 1.09593 -52.2 48.247
    endloop
  endfacet
  facet normal 0.46938 0 0.882996
    outer loop
      vertex -1.25 -52.2 43.8349
      vertex -1.09593 -57.2 43.753
      vertex -1.09593 -52.2 43.753
    endloop
  endfacet
  facet normal 0.46938 0 0.882996
    outer loop
      vertex -1.09593 -57.2 43.753
      vertex -1.25 -52.2 43.8349
      vertex -1.25 -57.2 43.8349
    endloop
  endfacet
  facet normal 0.898874 -0 0.438208
    outer loop
      vertex -2.28386 -57.2 44.9832
      vertex -2.20737 -52.2 44.8263
      vertex -2.28386 -52.2 44.9832
    endloop
  endfacet
  facet normal 0.898874 0 0.438208
    outer loop
      vertex -2.20737 -52.2 44.8263
      vertex -2.28386 -57.2 44.9832
      vertex -2.20737 -57.2 44.8263
    endloop
  endfacet
  facet normal -0.927187 0 0.374599
    outer loop
      vertex 2.28386 -57.2 44.9832
      vertex 2.34923 -52.2 45.145
      vertex 2.28386 -52.2 44.9832
    endloop
  endfacet
  facet normal -0.927187 0 0.374599
    outer loop
      vertex 2.34923 -52.2 45.145
      vertex 2.28386 -57.2 44.9832
      vertex 2.34923 -57.2 45.145
    endloop
  endfacet
  facet normal 0.642549 0 0.766244
    outer loop
      vertex -1.67283 -52.2 44.1421
      vertex -1.53915 -57.2 44.03
      vertex -1.53915 -52.2 44.03
    endloop
  endfacet
  facet normal 0.642549 0 0.766244
    outer loop
      vertex -1.53915 -57.2 44.03
      vertex -1.67283 -52.2 44.1421
      vertex -1.67283 -57.2 44.1421
    endloop
  endfacet
  facet normal 0.208021 0 -0.978124
    outer loop
      vertex -0.604804 -57.2 48.4257
      vertex -0.43412 -52.2 48.462
      vertex -0.43412 -57.2 48.462
    endloop
  endfacet
  facet normal 0.208021 0 -0.978124
    outer loop
      vertex -0.43412 -52.2 48.462
      vertex -0.604804 -57.2 48.4257
      vertex -0.604804 -52.2 48.4257
    endloop
  endfacet
  facet normal 0.53005 0 -0.847966
    outer loop
      vertex -1.39798 -57.2 48.0726
      vertex -1.25 -52.2 48.1651
      vertex -1.25 -57.2 48.1651
    endloop
  endfacet
  facet normal 0.53005 0 -0.847966
    outer loop
      vertex -1.25 -52.2 48.1651
      vertex -1.39798 -57.2 48.0726
      vertex -1.39798 -52.2 48.0726
    endloop
  endfacet
  facet normal -0.139256 0 -0.990256
    outer loop
      vertex 0.261321 -57.2 48.4863
      vertex 0.43412 -52.2 48.462
      vertex 0.43412 -57.2 48.462
    endloop
  endfacet
  facet normal -0.139256 0 -0.990256
    outer loop
      vertex 0.43412 -52.2 48.462
      vertex 0.261321 -57.2 48.4863
      vertex 0.261321 -52.2 48.4863
    endloop
  endfacet
  facet normal 0.95103 -0 0.309099
    outer loop
      vertex -2.40315 -57.2 45.3109
      vertex -2.34923 -52.2 45.145
      vertex -2.40315 -52.2 45.3109
    endloop
  endfacet
  facet normal 0.95103 0 0.309099
    outer loop
      vertex -2.34923 -52.2 45.145
      vertex -2.40315 -57.2 45.3109
      vertex -2.34923 -57.2 45.145
    endloop
  endfacet
  facet normal -0.208021 0 -0.978124
    outer loop
      vertex 0.43412 -57.2 48.462
      vertex 0.604804 -52.2 48.4257
      vertex 0.604804 -57.2 48.4257
    endloop
  endfacet
  facet normal -0.208021 0 -0.978124
    outer loop
      vertex 0.604804 -52.2 48.4257
      vertex 0.43412 -57.2 48.462
      vertex 0.43412 -52.2 48.462
    endloop
  endfacet
  facet normal 0.927187 -0 0.374599
    outer loop
      vertex -2.34923 -57.2 45.145
      vertex -2.28386 -52.2 44.9832
      vertex -2.34923 -52.2 45.145
    endloop
  endfacet
  facet normal 0.927187 0 0.374599
    outer loop
      vertex -2.28386 -52.2 44.9832
      vertex -2.34923 -57.2 45.145
      vertex -2.28386 -57.2 44.9832
    endloop
  endfacet
  facet normal 0.788002 0 -0.615673
    outer loop
      vertex -1.91511 -57.2 47.607
      vertex -2.02254 -52.2 47.4695
      vertex -1.91511 -52.2 47.607
    endloop
  endfacet
  facet normal 0.788002 0 -0.615673
    outer loop
      vertex -2.02254 -52.2 47.4695
      vertex -1.91511 -57.2 47.607
      vertex -2.02254 -57.2 47.4695
    endloop
  endfacet
  facet normal 0.694915 0 -0.719091
    outer loop
      vertex -1.79835 -57.2 47.7366
      vertex -1.67283 -52.2 47.8579
      vertex -1.67283 -57.2 47.8579
    endloop
  endfacet
  facet normal 0.694915 0 -0.719091
    outer loop
      vertex -1.67283 -52.2 47.8579
      vertex -1.79835 -57.2 47.7366
      vertex -1.79835 -52.2 47.7366
    endloop
  endfacet
  facet normal -0.53005 0 0.847966
    outer loop
      vertex 1.25 -52.2 43.8349
      vertex 1.39798 -57.2 43.9274
      vertex 1.39798 -52.2 43.9274
    endloop
  endfacet
  facet normal -0.53005 0 0.847966
    outer loop
      vertex 1.39798 -57.2 43.9274
      vertex 1.25 -52.2 43.8349
      vertex 1.25 -57.2 43.8349
    endloop
  endfacet
  facet normal 0.406853 0 -0.913494
    outer loop
      vertex -1.09593 -57.2 48.247
      vertex -0.936516 -52.2 48.318
      vertex -0.936516 -57.2 48.318
    endloop
  endfacet
  facet normal 0.406853 0 -0.913494
    outer loop
      vertex -0.936516 -52.2 48.318
      vertex -1.09593 -57.2 48.247
      vertex -1.09593 -52.2 48.247
    endloop
  endfacet
  facet normal -0.984818 0 0.173589
    outer loop
      vertex 2.44537 -57.2 45.4802
      vertex 2.47567 -52.2 45.6521
      vertex 2.44537 -52.2 45.4802
    endloop
  endfacet
  facet normal -0.984818 0 0.173589
    outer loop
      vertex 2.47567 -52.2 45.6521
      vertex 2.44537 -57.2 45.4802
      vertex 2.47567 -57.2 45.6521
    endloop
  endfacet
  facet normal 0.984818 -0 0.173589
    outer loop
      vertex -2.47567 -57.2 45.6521
      vertex -2.44537 -52.2 45.4802
      vertex -2.47567 -52.2 45.6521
    endloop
  endfacet
  facet normal 0.984818 0 0.173589
    outer loop
      vertex -2.44537 -52.2 45.4802
      vertex -2.47567 -57.2 45.6521
      vertex -2.44537 -57.2 45.4802
    endloop
  endfacet
  facet normal -0.139256 0 0.990256
    outer loop
      vertex 0.261321 -52.2 43.5137
      vertex 0.43412 -57.2 43.538
      vertex 0.43412 -52.2 43.538
    endloop
  endfacet
  facet normal -0.139256 0 0.990256
    outer loop
      vertex 0.43412 -57.2 43.538
      vertex 0.261321 -52.2 43.5137
      vertex 0.261321 -57.2 43.5137
    endloop
  endfacet
  facet normal -0.742952 0 0.669345
    outer loop
      vertex 1.79835 -57.2 44.2634
      vertex 1.91511 -52.2 44.393
      vertex 1.79835 -52.2 44.2634
    endloop
  endfacet
  facet normal -0.742952 0 0.669345
    outer loop
      vertex 1.91511 -52.2 44.393
      vertex 1.79835 -57.2 44.2634
      vertex 1.91511 -57.2 44.393
    endloop
  endfacet
  facet normal -0.865995 0 -0.500053
    outer loop
      vertex 2.20737 -57.2 47.1737
      vertex 2.12012 -52.2 47.3248
      vertex 2.20737 -52.2 47.1737
    endloop
  endfacet
  facet normal -0.865995 -0 -0.500053
    outer loop
      vertex 2.12012 -52.2 47.3248
      vertex 2.20737 -57.2 47.1737
      vertex 2.12012 -57.2 47.3248
    endloop
  endfacet
  facet normal 0.069914 0 0.997553
    outer loop
      vertex -0.261321 -52.2 43.5137
      vertex -0.0872478 -57.2 43.5015
      vertex -0.0872478 -52.2 43.5015
    endloop
  endfacet
  facet normal 0.069914 0 0.997553
    outer loop
      vertex -0.0872478 -57.2 43.5015
      vertex -0.261321 -52.2 43.5137
      vertex -0.261321 -57.2 43.5137
    endloop
  endfacet
  facet normal -0.829094 0 0.559109
    outer loop
      vertex 2.02254 -57.2 44.5305
      vertex 2.12012 -52.2 44.6752
      vertex 2.02254 -52.2 44.5305
    endloop
  endfacet
  facet normal -0.829094 0 0.559109
    outer loop
      vertex 2.12012 -52.2 44.6752
      vertex 2.02254 -57.2 44.5305
      vertex 2.12012 -57.2 44.6752
    endloop
  endfacet
  facet normal -0.829094 0 -0.559109
    outer loop
      vertex 2.12012 -57.2 47.3248
      vertex 2.02254 -52.2 47.4695
      vertex 2.12012 -52.2 47.3248
    endloop
  endfacet
  facet normal -0.829094 -0 -0.559109
    outer loop
      vertex 2.02254 -52.2 47.4695
      vertex 2.12012 -57.2 47.3248
      vertex 2.02254 -57.2 47.4695
    endloop
  endfacet
  facet normal -0.694915 0 -0.719091
    outer loop
      vertex 1.67283 -57.2 47.8579
      vertex 1.79835 -52.2 47.7366
      vertex 1.79835 -57.2 47.7366
    endloop
  endfacet
  facet normal -0.694915 0 -0.719091
    outer loop
      vertex 1.79835 -52.2 47.7366
      vertex 1.67283 -57.2 47.8579
      vertex 1.67283 -52.2 47.8579
    endloop
  endfacet
  facet normal 0.139256 0 -0.990256
    outer loop
      vertex -0.43412 -57.2 48.462
      vertex -0.261321 -52.2 48.4863
      vertex -0.261321 -57.2 48.4863
    endloop
  endfacet
  facet normal 0.139256 0 -0.990256
    outer loop
      vertex -0.261321 -52.2 48.4863
      vertex -0.43412 -57.2 48.462
      vertex -0.43412 -52.2 48.462
    endloop
  endfacet
  facet normal -0.999391 0 0.0348985
    outer loop
      vertex 2.49391 -57.2 45.8256
      vertex 2.5 -52.2 46
      vertex 2.49391 -52.2 45.8256
    endloop
  endfacet
  facet normal -0.999391 0 0.0348985
    outer loop
      vertex 2.5 -52.2 46
      vertex 2.49391 -57.2 45.8256
      vertex 2.5 -57.2 46
    endloop
  endfacet
  facet normal -0.95103 0 -0.309099
    outer loop
      vertex 2.40315 -57.2 46.6891
      vertex 2.34923 -52.2 46.855
      vertex 2.40315 -52.2 46.6891
    endloop
  endfacet
  facet normal -0.95103 -0 -0.309099
    outer loop
      vertex 2.34923 -52.2 46.855
      vertex 2.40315 -57.2 46.6891
      vertex 2.34923 -57.2 46.855
    endloop
  endfacet
  facet normal -0.898874 0 -0.438208
    outer loop
      vertex 2.28386 -57.2 47.0168
      vertex 2.20737 -52.2 47.1737
      vertex 2.28386 -52.2 47.0168
    endloop
  endfacet
  facet normal -0.898874 -0 -0.438208
    outer loop
      vertex 2.20737 -52.2 47.1737
      vertex 2.28386 -57.2 47.0168
      vertex 2.20737 -57.2 47.1737
    endloop
  endfacet
  facet normal 0.275647 0 0.961259
    outer loop
      vertex -0.772542 -52.2 43.6224
      vertex -0.604804 -57.2 43.5743
      vertex -0.604804 -52.2 43.5743
    endloop
  endfacet
  facet normal 0.275647 0 0.961259
    outer loop
      vertex -0.604804 -57.2 43.5743
      vertex -0.772542 -52.2 43.6224
      vertex -0.772542 -57.2 43.6224
    endloop
  endfacet
  facet normal 0.139256 0 0.990256
    outer loop
      vertex -0.43412 -52.2 43.538
      vertex -0.261321 -57.2 43.5137
      vertex -0.261321 -52.2 43.5137
    endloop
  endfacet
  facet normal 0.139256 0 0.990256
    outer loop
      vertex -0.261321 -57.2 43.5137
      vertex -0.43412 -52.2 43.538
      vertex -0.43412 -57.2 43.538
    endloop
  endfacet
  facet normal 0 0 -1
    outer loop
      vertex -0.0872478 -57.2 48.4985
      vertex 0.0872478 -52.2 48.4985
      vertex 0.0872478 -57.2 48.4985
    endloop
  endfacet
  facet normal -0 0 -1
    outer loop
      vertex 0.0872478 -52.2 48.4985
      vertex -0.0872478 -57.2 48.4985
      vertex -0.0872478 -52.2 48.4985
    endloop
  endfacet
  facet normal 0.999391 -0 0.0348985
    outer loop
      vertex -2.5 -57.2 46
      vertex -2.49391 -52.2 45.8256
      vertex -2.5 -52.2 46
    endloop
  endfacet
  facet normal 0.999391 0 0.0348985
    outer loop
      vertex -2.49391 -52.2 45.8256
      vertex -2.5 -57.2 46
      vertex -2.49391 -57.2 45.8256
    endloop
  endfacet
  facet normal 0.069914 0 -0.997553
    outer loop
      vertex -0.261321 -57.2 48.4863
      vertex -0.0872478 -52.2 48.4985
      vertex -0.0872478 -57.2 48.4985
    endloop
  endfacet
  facet normal 0.069914 0 -0.997553
    outer loop
      vertex -0.0872478 -52.2 48.4985
      vertex -0.261321 -57.2 48.4863
      vertex -0.261321 -52.2 48.4863
    endloop
  endfacet
  facet normal 0.275647 0 -0.961259
    outer loop
      vertex -0.772542 -57.2 48.3776
      vertex -0.604804 -52.2 48.4257
      vertex -0.604804 -57.2 48.4257
    endloop
  endfacet
  facet normal 0.275647 0 -0.961259
    outer loop
      vertex -0.604804 -52.2 48.4257
      vertex -0.772542 -57.2 48.3776
      vertex -0.772542 -52.2 48.3776
    endloop
  endfacet
  facet normal -0.742952 0 -0.669345
    outer loop
      vertex 1.91511 -57.2 47.607
      vertex 1.79835 -52.2 47.7366
      vertex 1.91511 -52.2 47.607
    endloop
  endfacet
  facet normal -0.742952 -0 -0.669345
    outer loop
      vertex 1.79835 -52.2 47.7366
      vertex 1.91511 -57.2 47.607
      vertex 1.79835 -57.2 47.7366
    endloop
  endfacet
  facet normal -0.95103 0 0.309099
    outer loop
      vertex 2.34923 -57.2 45.145
      vertex 2.40315 -52.2 45.3109
      vertex 2.34923 -52.2 45.145
    endloop
  endfacet
  facet normal -0.95103 0 0.309099
    outer loop
      vertex 2.40315 -52.2 45.3109
      vertex 2.34923 -57.2 45.145
      vertex 2.40315 -57.2 45.3109
    endloop
  endfacet
  facet normal -0 0 1
    outer loop
      vertex -0.0872478 -52.2 43.5015
      vertex 0.0872478 -57.2 43.5015
      vertex 0.0872478 -52.2 43.5015
    endloop
  endfacet
  facet normal 0 0 1
    outer loop
      vertex 0.0872478 -57.2 43.5015
      vertex -0.0872478 -52.2 43.5015
      vertex -0.0872478 -57.2 43.5015
    endloop
  endfacet
  facet normal 0.587913 0 -0.808924
    outer loop
      vertex -1.53915 -57.2 47.97
      vertex -1.39798 -52.2 48.0726
      vertex -1.39798 -57.2 48.0726
    endloop
  endfacet
  facet normal 0.587913 0 -0.808924
    outer loop
      vertex -1.39798 -52.2 48.0726
      vertex -1.53915 -57.2 47.97
      vertex -1.53915 -52.2 47.97
    endloop
  endfacet
  facet normal 0.742952 -0 0.669345
    outer loop
      vertex -1.91511 -57.2 44.393
      vertex -1.79835 -52.2 44.2634
      vertex -1.91511 -52.2 44.393
    endloop
  endfacet
  facet normal 0.742952 0 0.669345
    outer loop
      vertex -1.79835 -52.2 44.2634
      vertex -1.91511 -57.2 44.393
      vertex -1.79835 -57.2 44.2634
    endloop
  endfacet
  facet normal 0.994519 -0 0.104553
    outer loop
      vertex -2.49391 -57.2 45.8256
      vertex -2.47567 -52.2 45.6521
      vertex -2.49391 -52.2 45.8256
    endloop
  endfacet
  facet normal 0.994519 0 0.104553
    outer loop
      vertex -2.47567 -52.2 45.6521
      vertex -2.49391 -57.2 45.8256
      vertex -2.47567 -57.2 45.6521
    endloop
  endfacet
  facet normal -0.069914 0 -0.997553
    outer loop
      vertex 0.0872478 -57.2 48.4985
      vertex 0.261321 -52.2 48.4863
      vertex 0.261321 -57.2 48.4863
    endloop
  endfacet
  facet normal -0.069914 0 -0.997553
    outer loop
      vertex 0.261321 -52.2 48.4863
      vertex 0.0872478 -57.2 48.4985
      vertex 0.0872478 -52.2 48.4985
    endloop
  endfacet
  facet normal -0.341607 0 0.939843
    outer loop
      vertex 0.772542 -52.2 43.6224
      vertex 0.936516 -57.2 43.682
      vertex 0.936516 -52.2 43.682
    endloop
  endfacet
  facet normal -0.341607 0 0.939843
    outer loop
      vertex 0.936516 -57.2 43.682
      vertex 0.772542 -52.2 43.6224
      vertex 0.772542 -57.2 43.6224
    endloop
  endfacet
  facet normal -0.406853 0 0.913494
    outer loop
      vertex 0.936516 -52.2 43.682
      vertex 1.09593 -57.2 43.753
      vertex 1.09593 -52.2 43.753
    endloop
  endfacet
  facet normal -0.406853 0 0.913494
    outer loop
      vertex 1.09593 -57.2 43.753
      vertex 0.936516 -52.2 43.682
      vertex 0.936516 -57.2 43.682
    endloop
  endfacet
  facet normal 0.95103 0 -0.309099
    outer loop
      vertex -2.34923 -57.2 46.855
      vertex -2.40315 -52.2 46.6891
      vertex -2.34923 -52.2 46.855
    endloop
  endfacet
  facet normal 0.95103 0 -0.309099
    outer loop
      vertex -2.40315 -52.2 46.6891
      vertex -2.34923 -57.2 46.855
      vertex -2.40315 -57.2 46.6891
    endloop
  endfacet
  facet normal 0.865995 0 -0.500053
    outer loop
      vertex -2.12012 -57.2 47.3248
      vertex -2.20737 -52.2 47.1737
      vertex -2.12012 -52.2 47.3248
    endloop
  endfacet
  facet normal 0.865995 0 -0.500053
    outer loop
      vertex -2.20737 -52.2 47.1737
      vertex -2.12012 -57.2 47.3248
      vertex -2.20737 -57.2 47.1737
    endloop
  endfacet
  facet normal 0.46938 0 -0.882996
    outer loop
      vertex -1.25 -57.2 48.1651
      vertex -1.09593 -52.2 48.247
      vertex -1.09593 -57.2 48.247
    endloop
  endfacet
  facet normal 0.46938 0 -0.882996
    outer loop
      vertex -1.09593 -52.2 48.247
      vertex -1.25 -57.2 48.1651
      vertex -1.25 -52.2 48.1651
    endloop
  endfacet
  facet normal -0.406853 0 -0.913494
    outer loop
      vertex 0.936516 -57.2 48.318
      vertex 1.09593 -52.2 48.247
      vertex 1.09593 -57.2 48.247
    endloop
  endfacet
  facet normal -0.406853 0 -0.913494
    outer loop
      vertex 1.09593 -52.2 48.247
      vertex 0.936516 -57.2 48.318
      vertex 0.936516 -52.2 48.318
    endloop
  endfacet
  facet normal -0.341607 0 -0.939843
    outer loop
      vertex 0.772542 -57.2 48.3776
      vertex 0.936516 -52.2 48.318
      vertex 0.936516 -57.2 48.318
    endloop
  endfacet
  facet normal -0.341607 0 -0.939843
    outer loop
      vertex 0.936516 -52.2 48.318
      vertex 0.772542 -57.2 48.3776
      vertex 0.772542 -52.2 48.3776
    endloop
  endfacet
  facet normal -0.788002 0 -0.615673
    outer loop
      vertex 2.02254 -57.2 47.4695
      vertex 1.91511 -52.2 47.607
      vertex 2.02254 -52.2 47.4695
    endloop
  endfacet
  facet normal -0.788002 -0 -0.615673
    outer loop
      vertex 1.91511 -52.2 47.607
      vertex 2.02254 -57.2 47.4695
      vertex 1.91511 -57.2 47.607
    endloop
  endfacet
  facet normal -0.587913 0 -0.808924
    outer loop
      vertex 1.39798 -57.2 48.0726
      vertex 1.53915 -52.2 47.97
      vertex 1.53915 -57.2 47.97
    endloop
  endfacet
  facet normal -0.587913 0 -0.808924
    outer loop
      vertex 1.53915 -52.2 47.97
      vertex 1.39798 -57.2 48.0726
      vertex 1.39798 -52.2 48.0726
    endloop
  endfacet
  facet normal 0.341607 0 -0.939843
    outer loop
      vertex -0.936516 -57.2 48.318
      vertex -0.772542 -52.2 48.3776
      vertex -0.772542 -57.2 48.3776
    endloop
  endfacet
  facet normal 0.341607 0 -0.939843
    outer loop
      vertex -0.772542 -52.2 48.3776
      vertex -0.936516 -57.2 48.318
      vertex -0.936516 -52.2 48.318
    endloop
  endfacet
  facet normal 0.642549 0 -0.766244
    outer loop
      vertex -1.67283 -57.2 47.8579
      vertex -1.53915 -52.2 47.97
      vertex -1.53915 -57.2 47.97
    endloop
  endfacet
  facet normal 0.642549 0 -0.766244
    outer loop
      vertex -1.53915 -52.2 47.97
      vertex -1.67283 -57.2 47.8579
      vertex -1.67283 -52.2 47.8579
    endloop
  endfacet
  facet normal -0.970284 0 0.241969
    outer loop
      vertex 2.40315 -57.2 45.3109
      vertex 2.44537 -52.2 45.4802
      vertex 2.40315 -52.2 45.3109
    endloop
  endfacet
  facet normal -0.970284 0 0.241969
    outer loop
      vertex 2.44537 -52.2 45.4802
      vertex 2.40315 -57.2 45.3109
      vertex 2.44537 -57.2 45.4802
    endloop
  endfacet
  facet normal -0.865995 0 0.500053
    outer loop
      vertex 2.12012 -57.2 44.6752
      vertex 2.20737 -52.2 44.8263
      vertex 2.12012 -52.2 44.6752
    endloop
  endfacet
  facet normal -0.865995 0 0.500053
    outer loop
      vertex 2.20737 -52.2 44.8263
      vertex 2.12012 -57.2 44.6752
      vertex 2.20737 -57.2 44.8263
    endloop
  endfacet
  facet normal 0.788002 -0 0.615673
    outer loop
      vertex -2.02254 -57.2 44.5305
      vertex -1.91511 -52.2 44.393
      vertex -2.02254 -52.2 44.5305
    endloop
  endfacet
  facet normal 0.788002 0 0.615673
    outer loop
      vertex -1.91511 -52.2 44.393
      vertex -2.02254 -57.2 44.5305
      vertex -1.91511 -57.2 44.393
    endloop
  endfacet
  facet normal 0.587913 0 0.808924
    outer loop
      vertex -1.53915 -52.2 44.03
      vertex -1.39798 -57.2 43.9274
      vertex -1.39798 -52.2 43.9274
    endloop
  endfacet
  facet normal 0.587913 0 0.808924
    outer loop
      vertex -1.39798 -57.2 43.9274
      vertex -1.53915 -52.2 44.03
      vertex -1.53915 -57.2 44.03
    endloop
  endfacet
  facet normal -0.46938 0 0.882996
    outer loop
      vertex 1.09593 -52.2 43.753
      vertex 1.25 -57.2 43.8349
      vertex 1.25 -52.2 43.8349
    endloop
  endfacet
  facet normal -0.46938 0 0.882996
    outer loop
      vertex 1.25 -57.2 43.8349
      vertex 1.09593 -52.2 43.753
      vertex 1.09593 -57.2 43.753
    endloop
  endfacet
  facet normal 0.984818 0 -0.173589
    outer loop
      vertex -2.44537 -57.2 46.5198
      vertex -2.47567 -52.2 46.3479
      vertex -2.44537 -52.2 46.5198
    endloop
  endfacet
  facet normal 0.984818 0 -0.173589
    outer loop
      vertex -2.47567 -52.2 46.3479
      vertex -2.44537 -57.2 46.5198
      vertex -2.47567 -57.2 46.3479
    endloop
  endfacet
  facet normal 0.898874 0 -0.438208
    outer loop
      vertex -2.20737 -57.2 47.1737
      vertex -2.28386 -52.2 47.0168
      vertex -2.20737 -52.2 47.1737
    endloop
  endfacet
  facet normal 0.898874 0 -0.438208
    outer loop
      vertex -2.28386 -52.2 47.0168
      vertex -2.20737 -57.2 47.1737
      vertex -2.28386 -57.2 47.0168
    endloop
  endfacet
  facet normal -0.898874 0 0.438208
    outer loop
      vertex 2.20737 -57.2 44.8263
      vertex 2.28386 -52.2 44.9832
      vertex 2.20737 -52.2 44.8263
    endloop
  endfacet
  facet normal -0.898874 0 0.438208
    outer loop
      vertex 2.28386 -52.2 44.9832
      vertex 2.20737 -57.2 44.8263
      vertex 2.28386 -57.2 44.9832
    endloop
  endfacet
  facet normal 0.970284 -0 0.241969
    outer loop
      vertex -2.44537 -57.2 45.4802
      vertex -2.40315 -52.2 45.3109
      vertex -2.44537 -52.2 45.4802
    endloop
  endfacet
  facet normal 0.970284 0 0.241969
    outer loop
      vertex -2.40315 -52.2 45.3109
      vertex -2.44537 -57.2 45.4802
      vertex -2.40315 -57.2 45.3109
    endloop
  endfacet
  facet normal 0.341607 0 0.939843
    outer loop
      vertex -0.936516 -52.2 43.682
      vertex -0.772542 -57.2 43.6224
      vertex -0.772542 -52.2 43.6224
    endloop
  endfacet
  facet normal 0.341607 0 0.939843
    outer loop
      vertex -0.772542 -57.2 43.6224
      vertex -0.936516 -52.2 43.682
      vertex -0.936516 -57.2 43.682
    endloop
  endfacet
  facet normal 0.406853 0 0.913494
    outer loop
      vertex -1.09593 -52.2 43.753
      vertex -0.936516 -57.2 43.682
      vertex -0.936516 -52.2 43.682
    endloop
  endfacet
  facet normal 0.406853 0 0.913494
    outer loop
      vertex -0.936516 -57.2 43.682
      vertex -1.09593 -52.2 43.753
      vertex -1.09593 -57.2 43.753
    endloop
  endfacet
  facet normal -0.788002 0 0.615673
    outer loop
      vertex 1.91511 -57.2 44.393
      vertex 2.02254 -52.2 44.5305
      vertex 1.91511 -52.2 44.393
    endloop
  endfacet
  facet normal -0.788002 0 0.615673
    outer loop
      vertex 2.02254 -52.2 44.5305
      vertex 1.91511 -57.2 44.393
      vertex 2.02254 -57.2 44.5305
    endloop
  endfacet
  facet normal -0.208021 0 0.978124
    outer loop
      vertex 0.43412 -52.2 43.538
      vertex 0.604804 -57.2 43.5743
      vertex 0.604804 -52.2 43.5743
    endloop
  endfacet
  facet normal -0.208021 0 0.978124
    outer loop
      vertex 0.604804 -57.2 43.5743
      vertex 0.43412 -52.2 43.538
      vertex 0.43412 -57.2 43.538
    endloop
  endfacet
  facet normal 0.829094 0 -0.559109
    outer loop
      vertex -2.02254 -57.2 47.4695
      vertex -2.12012 -52.2 47.3248
      vertex -2.02254 -52.2 47.4695
    endloop
  endfacet
  facet normal 0.829094 0 -0.559109
    outer loop
      vertex -2.12012 -52.2 47.3248
      vertex -2.02254 -57.2 47.4695
      vertex -2.12012 -57.2 47.3248
    endloop
  endfacet
  facet normal 0 1 0
    outer loop
      vertex 0.261321 -57.2 48.4863
      vertex -0.0872478 -57.2 48.4985
      vertex 0.0872478 -57.2 48.4985
    endloop
  endfacet
  facet normal 0 1 0
    outer loop
      vertex 0.261321 -57.2 48.4863
      vertex -0.261321 -57.2 48.4863
      vertex -0.0872478 -57.2 48.4985
    endloop
  endfacet
  facet normal 0 1 0
    outer loop
      vertex 0.43412 -57.2 48.462
      vertex -0.261321 -57.2 48.4863
      vertex 0.261321 -57.2 48.4863
    endloop
  endfacet
  facet normal 0 1 0
    outer loop
      vertex 0.43412 -57.2 48.462
      vertex -0.43412 -57.2 48.462
      vertex -0.261321 -57.2 48.4863
    endloop
  endfacet
  facet normal 0 1 0
    outer loop
      vertex 0.604804 -57.2 48.4257
      vertex -0.43412 -57.2 48.462
      vertex 0.43412 -57.2 48.462
    endloop
  endfacet
  facet normal 0 1 0
    outer loop
      vertex 0.604804 -57.2 48.4257
      vertex -0.604804 -57.2 48.4257
      vertex -0.43412 -57.2 48.462
    endloop
  endfacet
  facet normal 0 1 0
    outer loop
      vertex 0.772542 -57.2 48.3776
      vertex -0.604804 -57.2 48.4257
      vertex 0.604804 -57.2 48.4257
    endloop
  endfacet
  facet normal 0 1 0
    outer loop
      vertex 0.772542 -57.2 48.3776
      vertex -0.772542 -57.2 48.3776
      vertex -0.604804 -57.2 48.4257
    endloop
  endfacet
  facet normal 0 1 0
    outer loop
      vertex 0.936516 -57.2 48.318
      vertex -0.772542 -57.2 48.3776
      vertex 0.772542 -57.2 48.3776
    endloop
  endfacet
  facet normal 0 1 0
    outer loop
      vertex 0.936516 -57.2 48.318
      vertex -0.936516 -57.2 48.318
      vertex -0.772542 -57.2 48.3776
    endloop
  endfacet
  facet normal 0 1 0
    outer loop
      vertex 1.09593 -57.2 48.247
      vertex -0.936516 -57.2 48.318
      vertex 0.936516 -57.2 48.318
    endloop
  endfacet
  facet normal 0 1 0
    outer loop
      vertex 1.09593 -57.2 48.247
      vertex -1.09593 -57.2 48.247
      vertex -0.936516 -57.2 48.318
    endloop
  endfacet
  facet normal 0 1 0
    outer loop
      vertex 1.25 -57.2 48.1651
      vertex -1.09593 -57.2 48.247
      vertex 1.09593 -57.2 48.247
    endloop
  endfacet
  facet normal 0 1 0
    outer loop
      vertex 1.25 -57.2 48.1651
      vertex -1.25 -57.2 48.1651
      vertex -1.09593 -57.2 48.247
    endloop
  endfacet
  facet normal 0 1 0
    outer loop
      vertex 1.39798 -57.2 48.0726
      vertex -1.25 -57.2 48.1651
      vertex 1.25 -57.2 48.1651
    endloop
  endfacet
  facet normal 0 1 0
    outer loop
      vertex 1.39798 -57.2 48.0726
      vertex -1.39798 -57.2 48.0726
      vertex -1.25 -57.2 48.1651
    endloop
  endfacet
  facet normal 0 1 0
    outer loop
      vertex 1.53915 -57.2 47.97
      vertex -1.39798 -57.2 48.0726
      vertex 1.39798 -57.2 48.0726
    endloop
  endfacet
  facet normal 0 1 0
    outer loop
      vertex 1.53915 -57.2 47.97
      vertex -1.53915 -57.2 47.97
      vertex -1.39798 -57.2 48.0726
    endloop
  endfacet
  facet normal 0 1 0
    outer loop
      vertex 1.67283 -57.2 47.8579
      vertex -1.53915 -57.2 47.97
      vertex 1.53915 -57.2 47.97
    endloop
  endfacet
  facet normal 0 1 0
    outer loop
      vertex 1.67283 -57.2 47.8579
      vertex -1.67283 -57.2 47.8579
      vertex -1.53915 -57.2 47.97
    endloop
  endfacet
  facet normal 0 1 0
    outer loop
      vertex 1.79835 -57.2 47.7366
      vertex -1.67283 -57.2 47.8579
      vertex 1.67283 -57.2 47.8579
    endloop
  endfacet
  facet normal 0 1 0
    outer loop
      vertex 1.79835 -57.2 47.7366
      vertex -1.79835 -57.2 47.7366
      vertex -1.67283 -57.2 47.8579
    endloop
  endfacet
  facet normal 0 1 0
    outer loop
      vertex 1.91511 -57.2 47.607
      vertex -1.79835 -57.2 47.7366
      vertex 1.79835 -57.2 47.7366
    endloop
  endfacet
  facet normal 0 1 0
    outer loop
      vertex 1.91511 -57.2 47.607
      vertex -1.91511 -57.2 47.607
      vertex -1.79835 -57.2 47.7366
    endloop
  endfacet
  facet normal 0 1 0
    outer loop
      vertex 2.02254 -57.2 47.4695
      vertex -1.91511 -57.2 47.607
      vertex 1.91511 -57.2 47.607
    endloop
  endfacet
  facet normal 0 1 0
    outer loop
      vertex 2.02254 -57.2 47.4695
      vertex -2.02254 -57.2 47.4695
      vertex -1.91511 -57.2 47.607
    endloop
  endfacet
  facet normal 0 1 0
    outer loop
      vertex 2.12012 -57.2 47.3248
      vertex -2.02254 -57.2 47.4695
      vertex 2.02254 -57.2 47.4695
    endloop
  endfacet
  facet normal 0 1 0
    outer loop
      vertex 2.12012 -57.2 47.3248
      vertex -2.12012 -57.2 47.3248
      vertex -2.02254 -57.2 47.4695
    endloop
  endfacet
  facet normal 0 1 0
    outer loop
      vertex 2.20737 -57.2 47.1737
      vertex -2.12012 -57.2 47.3248
      vertex 2.12012 -57.2 47.3248
    endloop
  endfacet
  facet normal 0 1 0
    outer loop
      vertex 2.20737 -57.2 47.1737
      vertex -2.20737 -57.2 47.1737
      vertex -2.12012 -57.2 47.3248
    endloop
  endfacet
  facet normal 0 1 0
    outer loop
      vertex 2.28386 -57.2 47.0168
      vertex -2.20737 -57.2 47.1737
      vertex 2.20737 -57.2 47.1737
    endloop
  endfacet
  facet normal 0 1 0
    outer loop
      vertex 2.28386 -57.2 47.0168
      vertex -2.28386 -57.2 47.0168
      vertex -2.20737 -57.2 47.1737
    endloop
  endfacet
  facet normal 0 1 0
    outer loop
      vertex 2.34923 -57.2 46.855
      vertex -2.28386 -57.2 47.0168
      vertex 2.28386 -57.2 47.0168
    endloop
  endfacet
  facet normal 0 1 0
    outer loop
      vertex 2.34923 -57.2 46.855
      vertex -2.34923 -57.2 46.855
      vertex -2.28386 -57.2 47.0168
    endloop
  endfacet
  facet normal 0 1 0
    outer loop
      vertex 2.40315 -57.2 46.6891
      vertex -2.34923 -57.2 46.855
      vertex 2.34923 -57.2 46.855
    endloop
  endfacet
  facet normal 0 1 0
    outer loop
      vertex 2.40315 -57.2 46.6891
      vertex -2.40315 -57.2 46.6891
      vertex -2.34923 -57.2 46.855
    endloop
  endfacet
  facet normal 0 1 0
    outer loop
      vertex 2.44537 -57.2 46.5198
      vertex -2.40315 -57.2 46.6891
      vertex 2.40315 -57.2 46.6891
    endloop
  endfacet
  facet normal 0 1 0
    outer loop
      vertex 2.44537 -57.2 46.5198
      vertex -2.44537 -57.2 46.5198
      vertex -2.40315 -57.2 46.6891
    endloop
  endfacet
  facet normal 0 1 0
    outer loop
      vertex 2.47567 -57.2 46.3479
      vertex -2.44537 -57.2 46.5198
      vertex 2.44537 -57.2 46.5198
    endloop
  endfacet
  facet normal 0 1 0
    outer loop
      vertex 2.47567 -57.2 46.3479
      vertex -2.47567 -57.2 46.3479
      vertex -2.44537 -57.2 46.5198
    endloop
  endfacet
  facet normal 0 1 0
    outer loop
      vertex 2.49391 -57.2 46.1744
      vertex -2.47567 -57.2 46.3479
      vertex 2.47567 -57.2 46.3479
    endloop
  endfacet
  facet normal 0 1 0
    outer loop
      vertex 2.49391 -57.2 46.1744
      vertex -2.49391 -57.2 46.1744
      vertex -2.47567 -57.2 46.3479
    endloop
  endfacet
  facet normal 0 1 0
    outer loop
      vertex 2.5 -57.2 46
      vertex -2.49391 -57.2 46.1744
      vertex 2.49391 -57.2 46.1744
    endloop
  endfacet
  facet normal 0 1 0
    outer loop
      vertex 2.5 -57.2 46
      vertex -2.5 -57.2 46
      vertex -2.49391 -57.2 46.1744
    endloop
  endfacet
  facet normal 0 1 -0
    outer loop
      vertex 2.49391 -57.2 45.8256
      vertex -2.5 -57.2 46
      vertex 2.5 -57.2 46
    endloop
  endfacet
  facet normal 0 1 0
    outer loop
      vertex 2.49391 -57.2 45.8256
      vertex -2.49391 -57.2 45.8256
      vertex -2.5 -57.2 46
    endloop
  endfacet
  facet normal 0 1 -0
    outer loop
      vertex 2.47567 -57.2 45.6521
      vertex -2.49391 -57.2 45.8256
      vertex 2.49391 -57.2 45.8256
    endloop
  endfacet
  facet normal 0 1 0
    outer loop
      vertex 2.47567 -57.2 45.6521
      vertex -2.47567 -57.2 45.6521
      vertex -2.49391 -57.2 45.8256
    endloop
  endfacet
  facet normal 0 1 -0
    outer loop
      vertex 2.44537 -57.2 45.4802
      vertex -2.47567 -57.2 45.6521
      vertex 2.47567 -57.2 45.6521
    endloop
  endfacet
  facet normal 0 1 0
    outer loop
      vertex 2.44537 -57.2 45.4802
      vertex -2.44537 -57.2 45.4802
      vertex -2.47567 -57.2 45.6521
    endloop
  endfacet
  facet normal 0 1 -0
    outer loop
      vertex 2.40315 -57.2 45.3109
      vertex -2.44537 -57.2 45.4802
      vertex 2.44537 -57.2 45.4802
    endloop
  endfacet
  facet normal 0 1 0
    outer loop
      vertex 2.40315 -57.2 45.3109
      vertex -2.40315 -57.2 45.3109
      vertex -2.44537 -57.2 45.4802
    endloop
  endfacet
  facet normal 0 1 -0
    outer loop
      vertex 2.34923 -57.2 45.145
      vertex -2.40315 -57.2 45.3109
      vertex 2.40315 -57.2 45.3109
    endloop
  endfacet
  facet normal 0 1 0
    outer loop
      vertex 2.34923 -57.2 45.145
      vertex -2.34923 -57.2 45.145
      vertex -2.40315 -57.2 45.3109
    endloop
  endfacet
  facet normal 0 1 -0
    outer loop
      vertex 2.28386 -57.2 44.9832
      vertex -2.34923 -57.2 45.145
      vertex 2.34923 -57.2 45.145
    endloop
  endfacet
  facet normal 0 1 0
    outer loop
      vertex 2.28386 -57.2 44.9832
      vertex -2.28386 -57.2 44.9832
      vertex -2.34923 -57.2 45.145
    endloop
  endfacet
  facet normal 0 1 -0
    outer loop
      vertex 2.20737 -57.2 44.8263
      vertex -2.28386 -57.2 44.9832
      vertex 2.28386 -57.2 44.9832
    endloop
  endfacet
  facet normal 0 1 0
    outer loop
      vertex 2.20737 -57.2 44.8263
      vertex -2.20737 -57.2 44.8263
      vertex -2.28386 -57.2 44.9832
    endloop
  endfacet
  facet normal 0 1 -0
    outer loop
      vertex 2.12012 -57.2 44.6752
      vertex -2.20737 -57.2 44.8263
      vertex 2.20737 -57.2 44.8263
    endloop
  endfacet
  facet normal 0 1 0
    outer loop
      vertex 2.12012 -57.2 44.6752
      vertex -2.12012 -57.2 44.6752
      vertex -2.20737 -57.2 44.8263
    endloop
  endfacet
  facet normal 0 1 -0
    outer loop
      vertex 2.02254 -57.2 44.5305
      vertex -2.12012 -57.2 44.6752
      vertex 2.12012 -57.2 44.6752
    endloop
  endfacet
  facet normal 0 1 0
    outer loop
      vertex 2.02254 -57.2 44.5305
      vertex -2.02254 -57.2 44.5305
      vertex -2.12012 -57.2 44.6752
    endloop
  endfacet
  facet normal 0 1 -0
    outer loop
      vertex 1.91511 -57.2 44.393
      vertex -2.02254 -57.2 44.5305
      vertex 2.02254 -57.2 44.5305
    endloop
  endfacet
  facet normal 0 1 0
    outer loop
      vertex 1.91511 -57.2 44.393
      vertex -1.91511 -57.2 44.393
      vertex -2.02254 -57.2 44.5305
    endloop
  endfacet
  facet normal 0 1 -0
    outer loop
      vertex 1.79835 -57.2 44.2634
      vertex -1.91511 -57.2 44.393
      vertex 1.91511 -57.2 44.393
    endloop
  endfacet
  facet normal 0 1 0
    outer loop
      vertex 1.79835 -57.2 44.2634
      vertex -1.79835 -57.2 44.2634
      vertex -1.91511 -57.2 44.393
    endloop
  endfacet
  facet normal 0 1 -0
    outer loop
      vertex 1.67283 -57.2 44.1421
      vertex -1.79835 -57.2 44.2634
      vertex 1.79835 -57.2 44.2634
    endloop
  endfacet
  facet normal 0 1 0
    outer loop
      vertex 1.67283 -57.2 44.1421
      vertex -1.67283 -57.2 44.1421
      vertex -1.79835 -57.2 44.2634
    endloop
  endfacet
  facet normal 0 1 -0
    outer loop
      vertex 1.53915 -57.2 44.03
      vertex -1.67283 -57.2 44.1421
      vertex 1.67283 -57.2 44.1421
    endloop
  endfacet
  facet normal 0 1 0
    outer loop
      vertex 1.53915 -57.2 44.03
      vertex -1.53915 -57.2 44.03
      vertex -1.67283 -57.2 44.1421
    endloop
  endfacet
  facet normal 0 1 -0
    outer loop
      vertex 1.39798 -57.2 43.9274
      vertex -1.53915 -57.2 44.03
      vertex 1.53915 -57.2 44.03
    endloop
  endfacet
  facet normal 0 1 0
    outer loop
      vertex 1.39798 -57.2 43.9274
      vertex -1.39798 -57.2 43.9274
      vertex -1.53915 -57.2 44.03
    endloop
  endfacet
  facet normal 0 1 -0
    outer loop
      vertex 1.25 -57.2 43.8349
      vertex -1.39798 -57.2 43.9274
      vertex 1.39798 -57.2 43.9274
    endloop
  endfacet
  facet normal 0 1 0
    outer loop
      vertex 1.25 -57.2 43.8349
      vertex -1.25 -57.2 43.8349
      vertex -1.39798 -57.2 43.9274
    endloop
  endfacet
  facet normal 0 1 -0
    outer loop
      vertex 1.09593 -57.2 43.753
      vertex -1.25 -57.2 43.8349
      vertex 1.25 -57.2 43.8349
    endloop
  endfacet
  facet normal 0 1 0
    outer loop
      vertex 1.09593 -57.2 43.753
      vertex -1.09593 -57.2 43.753
      vertex -1.25 -57.2 43.8349
    endloop
  endfacet
  facet normal 0 1 -0
    outer loop
      vertex 0.936516 -57.2 43.682
      vertex -1.09593 -57.2 43.753
      vertex 1.09593 -57.2 43.753
    endloop
  endfacet
  facet normal 0 1 0
    outer loop
      vertex 0.936516 -57.2 43.682
      vertex -0.936516 -57.2 43.682
      vertex -1.09593 -57.2 43.753
    endloop
  endfacet
  facet normal 0 1 -0
    outer loop
      vertex 0.772542 -57.2 43.6224
      vertex -0.936516 -57.2 43.682
      vertex 0.936516 -57.2 43.682
    endloop
  endfacet
  facet normal 0 1 0
    outer loop
      vertex 0.772542 -57.2 43.6224
      vertex -0.772542 -57.2 43.6224
      vertex -0.936516 -57.2 43.682
    endloop
  endfacet
  facet normal 0 1 -0
    outer loop
      vertex 0.604804 -57.2 43.5743
      vertex -0.772542 -57.2 43.6224
      vertex 0.772542 -57.2 43.6224
    endloop
  endfacet
  facet normal 0 1 0
    outer loop
      vertex 0.604804 -57.2 43.5743
      vertex -0.604804 -57.2 43.5743
      vertex -0.772542 -57.2 43.6224
    endloop
  endfacet
  facet normal 0 1 -0
    outer loop
      vertex 0.43412 -57.2 43.538
      vertex -0.604804 -57.2 43.5743
      vertex 0.604804 -57.2 43.5743
    endloop
  endfacet
  facet normal 0 1 0
    outer loop
      vertex 0.43412 -57.2 43.538
      vertex -0.43412 -57.2 43.538
      vertex -0.604804 -57.2 43.5743
    endloop
  endfacet
  facet normal 0 1 -0
    outer loop
      vertex 0.261321 -57.2 43.5137
      vertex -0.43412 -57.2 43.538
      vertex 0.43412 -57.2 43.538
    endloop
  endfacet
  facet normal 0 1 0
    outer loop
      vertex 0.261321 -57.2 43.5137
      vertex -0.261321 -57.2 43.5137
      vertex -0.43412 -57.2 43.538
    endloop
  endfacet
  facet normal 0 1 -0
    outer loop
      vertex 0.0872478 -57.2 43.5015
      vertex -0.261321 -57.2 43.5137
      vertex 0.261321 -57.2 43.5137
    endloop
  endfacet
  facet normal 0 1 0
    outer loop
      vertex -0.261321 -57.2 43.5137
      vertex 0.0872478 -57.2 43.5015
      vertex -0.0872478 -57.2 43.5015
    endloop
  endfacet
  facet normal -0.642549 0 0.766244
    outer loop
      vertex 1.53915 -52.2 44.03
      vertex 1.67283 -57.2 44.1421
      vertex 1.67283 -52.2 44.1421
    endloop
  endfacet
  facet normal -0.642549 0 0.766244
    outer loop
      vertex 1.67283 -57.2 44.1421
      vertex 1.53915 -52.2 44.03
      vertex 1.53915 -57.2 44.03
    endloop
  endfacet
  facet normal 0.53005 0 0.847966
    outer loop
      vertex -1.39798 -52.2 43.9274
      vertex -1.25 -57.2 43.8349
      vertex -1.25 -52.2 43.8349
    endloop
  endfacet
  facet normal 0.53005 0 0.847966
    outer loop
      vertex -1.25 -57.2 43.8349
      vertex -1.39798 -52.2 43.9274
      vertex -1.39798 -57.2 43.9274
    endloop
  endfacet
  facet normal -0.743133 0.669144 0
    outer loop
      vertex 1.61851 -1.56298 0
      vertex 1.7236 -1.44627 12.3
      vertex 1.7236 -1.44627 0
    endloop
  endfacet
  facet normal -0.743133 0.669144 0
    outer loop
      vertex 1.7236 -1.44627 12.3
      vertex 1.61851 -1.56298 0
      vertex 1.61851 -1.56298 12.3
    endloop
  endfacet
  facet normal -0.13913 -0.990274 0
    outer loop
      vertex 0.235188 2.23767 0
      vertex 0.390708 2.21582 12.3
      vertex 0.235188 2.23767 12.3
    endloop
  endfacet
  facet normal -0.13913 -0.990274 -0
    outer loop
      vertex 0.390708 2.21582 12.3
      vertex 0.235188 2.23767 0
      vertex 0.390708 2.21582 0
    endloop
  endfacet
  facet normal -0.829041 0.559188 0
    outer loop
      vertex 1.82029 -1.32252 0
      vertex 1.90811 -1.19232 12.3
      vertex 1.90811 -1.19232 0
    endloop
  endfacet
  facet normal -0.829041 0.559188 0
    outer loop
      vertex 1.90811 -1.19232 12.3
      vertex 1.82029 -1.32252 0
      vertex 1.82029 -1.32252 12.3
    endloop
  endfacet
  facet normal 0.642774 0.766056 -0
    outer loop
      vertex -1.38524 -1.77302 0
      vertex -1.50554 -1.67208 12.3
      vertex -1.38524 -1.77302 12.3
    endloop
  endfacet
  facet normal 0.642774 0.766056 0
    outer loop
      vertex -1.50554 -1.67208 12.3
      vertex -1.38524 -1.77302 0
      vertex -1.50554 -1.67208 0
    endloop
  endfacet
  facet normal 0.275589 0.961276 -0
    outer loop
      vertex -0.544324 -2.18316 0
      vertex -0.695288 -2.13988 12.3
      vertex -0.544324 -2.18316 12.3
    endloop
  endfacet
  facet normal 0.275589 0.961276 0
    outer loop
      vertex -0.695288 -2.13988 12.3
      vertex -0.544324 -2.18316 0
      vertex -0.695288 -2.13988 0
    endloop
  endfacet
  facet normal -0.743133 -0.669144 0
    outer loop
      vertex 1.7236 1.44627 0
      vertex 1.61851 1.56298 12.3
      vertex 1.61851 1.56298 0
    endloop
  endfacet
  facet normal -0.743133 -0.669144 0
    outer loop
      vertex 1.61851 1.56298 12.3
      vertex 1.7236 1.44627 0
      vertex 1.7236 1.44627 12.3
    endloop
  endfacet
  facet normal 0.898781 0.438397 0
    outer loop
      vertex -1.98663 -1.05631 12.3
      vertex -2.05548 -0.915157 0
      vertex -2.05548 -0.915157 12.3
    endloop
  endfacet
  facet normal 0.898781 0.438397 0
    outer loop
      vertex -2.05548 -0.915157 0
      vertex -1.98663 -1.05631 12.3
      vertex -1.98663 -1.05631 0
    endloop
  endfacet
  facet normal -0.999391 0.0348939 0
    outer loop
      vertex 2.24452 -0.156952 0
      vertex 2.25 0 12.3
      vertex 2.25 0 0
    endloop
  endfacet
  facet normal -0.999391 0.0348939 0
    outer loop
      vertex 2.25 0 12.3
      vertex 2.24452 -0.156952 0
      vertex 2.24452 -0.156952 12.3
    endloop
  endfacet
  facet normal -0.694679 -0.71932 0
    outer loop
      vertex 1.50554 1.67208 0
      vertex 1.61851 1.56298 12.3
      vertex 1.50554 1.67208 12.3
    endloop
  endfacet
  facet normal -0.694679 -0.71932 -0
    outer loop
      vertex 1.61851 1.56298 12.3
      vertex 1.50554 1.67208 0
      vertex 1.61851 1.56298 0
    endloop
  endfacet
  facet normal -0.994519 -0.104554 0
    outer loop
      vertex 2.24452 0.156952 0
      vertex 2.2281 0.313139 12.3
      vertex 2.2281 0.313139 0
    endloop
  endfacet
  facet normal -0.994519 -0.104554 0
    outer loop
      vertex 2.2281 0.313139 12.3
      vertex 2.24452 0.156952 0
      vertex 2.24452 0.156952 12.3
    endloop
  endfacet
  facet normal 0 1 -0
    outer loop
      vertex 0.0785236 -2.24863 0
      vertex -0.0785236 -2.24863 12.3
      vertex 0.0785236 -2.24863 12.3
    endloop
  endfacet
  facet normal 0 1 0
    outer loop
      vertex -0.0785236 -2.24863 12.3
      vertex 0.0785236 -2.24863 0
      vertex -0.0785236 -2.24863 0
    endloop
  endfacet
  facet normal -0.898781 0.438397 0
    outer loop
      vertex 1.98663 -1.05631 0
      vertex 2.05548 -0.915157 12.3
      vertex 2.05548 -0.915157 0
    endloop
  endfacet
  facet normal -0.898781 0.438397 0
    outer loop
      vertex 2.05548 -0.915157 12.3
      vertex 1.98663 -1.05631 0
      vertex 1.98663 -1.05631 12.3
    endloop
  endfacet
  facet normal -0.994519 0.104554 0
    outer loop
      vertex 2.2281 -0.313139 0
      vertex 2.24452 -0.156952 12.3
      vertex 2.24452 -0.156952 0
    endloop
  endfacet
  facet normal -0.994519 0.104554 0
    outer loop
      vertex 2.24452 -0.156952 12.3
      vertex 2.2281 -0.313139 0
      vertex 2.2281 -0.313139 12.3
    endloop
  endfacet
  facet normal -0.927186 -0.374601 0
    outer loop
      vertex 2.11431 0.769545 0
      vertex 2.05548 0.915157 12.3
      vertex 2.05548 0.915157 0
    endloop
  endfacet
  facet normal -0.927186 -0.374601 0
    outer loop
      vertex 2.05548 0.915157 12.3
      vertex 2.11431 0.769545 0
      vertex 2.11431 0.769545 12.3
    endloop
  endfacet
  facet normal -0.984809 -0.173641 0
    outer loop
      vertex 2.2281 0.313139 0
      vertex 2.20083 0.467801 12.3
      vertex 2.20083 0.467801 0
    endloop
  endfacet
  facet normal -0.984809 -0.173641 0
    outer loop
      vertex 2.20083 0.467801 12.3
      vertex 2.2281 0.313139 0
      vertex 2.2281 0.313139 12.3
    endloop
  endfacet
  facet normal -0.86604 -0.499974 0
    outer loop
      vertex 1.98663 1.05631 0
      vertex 1.90811 1.19232 12.3
      vertex 1.90811 1.19232 0
    endloop
  endfacet
  facet normal -0.86604 -0.499974 0
    outer loop
      vertex 1.90811 1.19232 12.3
      vertex 1.98663 1.05631 0
      vertex 1.98663 1.05631 12.3
    endloop
  endfacet
  facet normal 0.0697879 -0.997562 0
    outer loop
      vertex -0.235188 2.23767 0
      vertex -0.0785236 2.24863 12.3
      vertex -0.235188 2.23767 12.3
    endloop
  endfacet
  facet normal 0.0697879 -0.997562 0
    outer loop
      vertex -0.0785236 2.24863 12.3
      vertex -0.235188 2.23767 0
      vertex -0.0785236 2.24863 0
    endloop
  endfacet
  facet normal 0.743133 0.669144 0
    outer loop
      vertex -1.61851 -1.56298 12.3
      vertex -1.7236 -1.44627 0
      vertex -1.7236 -1.44627 12.3
    endloop
  endfacet
  facet normal 0.743133 0.669144 0
    outer loop
      vertex -1.7236 -1.44627 0
      vertex -1.61851 -1.56298 12.3
      vertex -1.61851 -1.56298 0
    endloop
  endfacet
  facet normal -0.999391 -0.0348939 0
    outer loop
      vertex 2.25 0 0
      vertex 2.24452 0.156952 12.3
      vertex 2.24452 0.156952 0
    endloop
  endfacet
  facet normal -0.999391 -0.0348939 0
    outer loop
      vertex 2.24452 0.156952 12.3
      vertex 2.25 0 0
      vertex 2.25 0 12.3
    endloop
  endfacet
  facet normal -0.642774 0.766056 0
    outer loop
      vertex 1.50554 -1.67208 0
      vertex 1.38524 -1.77302 12.3
      vertex 1.50554 -1.67208 12.3
    endloop
  endfacet
  facet normal -0.642774 0.766056 0
    outer loop
      vertex 1.38524 -1.77302 12.3
      vertex 1.50554 -1.67208 0
      vertex 1.38524 -1.77302 0
    endloop
  endfacet
  facet normal 0.86604 0.499974 0
    outer loop
      vertex -1.90811 -1.19232 12.3
      vertex -1.98663 -1.05631 0
      vertex -1.98663 -1.05631 12.3
    endloop
  endfacet
  facet normal 0.86604 0.499974 0
    outer loop
      vertex -1.98663 -1.05631 0
      vertex -1.90811 -1.19232 12.3
      vertex -1.90811 -1.19232 0
    endloop
  endfacet
  facet normal -0.86604 0.499974 0
    outer loop
      vertex 1.90811 -1.19232 0
      vertex 1.98663 -1.05631 12.3
      vertex 1.98663 -1.05631 0
    endloop
  endfacet
  facet normal -0.86604 0.499974 0
    outer loop
      vertex 1.98663 -1.05631 12.3
      vertex 1.90811 -1.19232 0
      vertex 1.90811 -1.19232 12.3
    endloop
  endfacet
  facet normal 0.994519 0.104554 0
    outer loop
      vertex -2.2281 -0.313139 12.3
      vertex -2.24452 -0.156952 0
      vertex -2.24452 -0.156952 12.3
    endloop
  endfacet
  facet normal 0.994519 0.104554 0
    outer loop
      vertex -2.24452 -0.156952 0
      vertex -2.2281 -0.313139 12.3
      vertex -2.2281 -0.313139 0
    endloop
  endfacet
  facet normal -0.529965 -0.84802 0
    outer loop
      vertex 1.125 1.94856 0
      vertex 1.25818 1.86533 12.3
      vertex 1.125 1.94856 12.3
    endloop
  endfacet
  facet normal -0.529965 -0.84802 -0
    outer loop
      vertex 1.25818 1.86533 12.3
      vertex 1.125 1.94856 0
      vertex 1.25818 1.86533 0
    endloop
  endfacet
  facet normal -0.970301 0.241902 0
    outer loop
      vertex 2.16284 -0.620184 0
      vertex 2.20083 -0.467801 12.3
      vertex 2.20083 -0.467801 0
    endloop
  endfacet
  facet normal -0.970301 0.241902 0
    outer loop
      vertex 2.20083 -0.467801 12.3
      vertex 2.16284 -0.620184 0
      vertex 2.16284 -0.620184 12.3
    endloop
  endfacet
  facet normal -0.275589 0.961276 0
    outer loop
      vertex 0.695288 -2.13988 0
      vertex 0.544324 -2.18316 12.3
      vertex 0.695288 -2.13988 12.3
    endloop
  endfacet
  facet normal -0.275589 0.961276 0
    outer loop
      vertex 0.544324 -2.18316 12.3
      vertex 0.695288 -2.13988 0
      vertex 0.544324 -2.18316 0
    endloop
  endfacet
  facet normal 0.587767 -0.809031 0
    outer loop
      vertex -1.38524 1.77302 0
      vertex -1.25818 1.86533 12.3
      vertex -1.38524 1.77302 12.3
    endloop
  endfacet
  facet normal 0.587767 -0.809031 0
    outer loop
      vertex -1.25818 1.86533 12.3
      vertex -1.38524 1.77302 0
      vertex -1.25818 1.86533 0
    endloop
  endfacet
  facet normal -0.898781 -0.438397 0
    outer loop
      vertex 2.05548 0.915157 0
      vertex 1.98663 1.05631 12.3
      vertex 1.98663 1.05631 0
    endloop
  endfacet
  facet normal -0.898781 -0.438397 0
    outer loop
      vertex 1.98663 1.05631 12.3
      vertex 2.05548 0.915157 0
      vertex 2.05548 0.915157 12.3
    endloop
  endfacet
  facet normal -0.984809 0.173641 0
    outer loop
      vertex 2.20083 -0.467801 0
      vertex 2.2281 -0.313139 12.3
      vertex 2.2281 -0.313139 0
    endloop
  endfacet
  facet normal -0.984809 0.173641 0
    outer loop
      vertex 2.2281 -0.313139 12.3
      vertex 2.20083 -0.467801 0
      vertex 2.20083 -0.467801 12.3
    endloop
  endfacet
  facet normal 0.927186 -0.374601 0
    outer loop
      vertex -2.11431 0.769545 12.3
      vertex -2.05548 0.915157 0
      vertex -2.05548 0.915157 12.3
    endloop
  endfacet
  facet normal 0.927186 -0.374601 0
    outer loop
      vertex -2.05548 0.915157 0
      vertex -2.11431 0.769545 12.3
      vertex -2.11431 0.769545 0
    endloop
  endfacet
  facet normal 0.951057 0.309015 0
    outer loop
      vertex -2.11431 -0.769545 12.3
      vertex -2.16284 -0.620184 0
      vertex -2.16284 -0.620184 12.3
    endloop
  endfacet
  facet normal 0.951057 0.309015 0
    outer loop
      vertex -2.16284 -0.620184 0
      vertex -2.11431 -0.769545 12.3
      vertex -2.11431 -0.769545 0
    endloop
  endfacet
  facet normal 0.13913 -0.990274 0
    outer loop
      vertex -0.390708 2.21582 0
      vertex -0.235188 2.23767 12.3
      vertex -0.390708 2.21582 12.3
    endloop
  endfacet
  facet normal 0.13913 -0.990274 0
    outer loop
      vertex -0.235188 2.23767 12.3
      vertex -0.390708 2.21582 0
      vertex -0.235188 2.23767 0
    endloop
  endfacet
  facet normal -0.787993 -0.615685 0
    outer loop
      vertex 1.82029 1.32252 0
      vertex 1.7236 1.44627 12.3
      vertex 1.7236 1.44627 0
    endloop
  endfacet
  facet normal -0.787993 -0.615685 0
    outer loop
      vertex 1.7236 1.44627 12.3
      vertex 1.82029 1.32252 0
      vertex 1.82029 1.32252 12.3
    endloop
  endfacet
  facet normal 0 -1 0
    outer loop
      vertex -0.0785236 2.24863 0
      vertex 0.0785236 2.24863 12.3
      vertex -0.0785236 2.24863 12.3
    endloop
  endfacet
  facet normal 0 -1 -0
    outer loop
      vertex 0.0785236 2.24863 12.3
      vertex -0.0785236 2.24863 0
      vertex 0.0785236 2.24863 0
    endloop
  endfacet
  facet normal -0.829041 -0.559188 0
    outer loop
      vertex 1.90811 1.19232 0
      vertex 1.82029 1.32252 12.3
      vertex 1.82029 1.32252 0
    endloop
  endfacet
  facet normal -0.829041 -0.559188 0
    outer loop
      vertex 1.82029 1.32252 12.3
      vertex 1.90811 1.19232 0
      vertex 1.90811 1.19232 12.3
    endloop
  endfacet
  facet normal -0.406697 -0.913563 0
    outer loop
      vertex 0.842864 2.08616 0
      vertex 0.986335 2.02229 12.3
      vertex 0.842864 2.08616 12.3
    endloop
  endfacet
  facet normal -0.406697 -0.913563 -0
    outer loop
      vertex 0.986335 2.02229 12.3
      vertex 0.842864 2.08616 0
      vertex 0.986335 2.02229 0
    endloop
  endfacet
  facet normal -0.927186 0.374601 0
    outer loop
      vertex 2.05548 -0.915157 0
      vertex 2.11431 -0.769545 12.3
      vertex 2.11431 -0.769545 0
    endloop
  endfacet
  facet normal -0.927186 0.374601 0
    outer loop
      vertex 2.11431 -0.769545 12.3
      vertex 2.05548 -0.915157 0
      vertex 2.05548 -0.915157 12.3
    endloop
  endfacet
  facet normal 0.529965 -0.84802 0
    outer loop
      vertex -1.25818 1.86533 0
      vertex -1.125 1.94856 12.3
      vertex -1.25818 1.86533 12.3
    endloop
  endfacet
  facet normal 0.529965 -0.84802 0
    outer loop
      vertex -1.125 1.94856 12.3
      vertex -1.25818 1.86533 0
      vertex -1.125 1.94856 0
    endloop
  endfacet
  facet normal 0.999391 0.0348939 0
    outer loop
      vertex -2.24452 -0.156952 12.3
      vertex -2.25 0 0
      vertex -2.25 0 12.3
    endloop
  endfacet
  facet normal 0.999391 0.0348939 0
    outer loop
      vertex -2.25 0 0
      vertex -2.24452 -0.156952 12.3
      vertex -2.24452 -0.156952 0
    endloop
  endfacet
  facet normal 0.469474 0.882946 -0
    outer loop
      vertex -0.986335 -2.02229 0
      vertex -1.125 -1.94856 12.3
      vertex -0.986335 -2.02229 12.3
    endloop
  endfacet
  facet normal 0.469474 0.882946 0
    outer loop
      vertex -1.125 -1.94856 12.3
      vertex -0.986335 -2.02229 0
      vertex -1.125 -1.94856 0
    endloop
  endfacet
  facet normal -0.529965 0.84802 0
    outer loop
      vertex 1.25818 -1.86533 0
      vertex 1.125 -1.94856 12.3
      vertex 1.25818 -1.86533 12.3
    endloop
  endfacet
  facet normal -0.529965 0.84802 0
    outer loop
      vertex 1.125 -1.94856 12.3
      vertex 1.25818 -1.86533 0
      vertex 1.125 -1.94856 0
    endloop
  endfacet
  facet normal -0.406697 0.913563 0
    outer loop
      vertex 0.986335 -2.02229 0
      vertex 0.842864 -2.08616 12.3
      vertex 0.986335 -2.02229 12.3
    endloop
  endfacet
  facet normal -0.406697 0.913563 0
    outer loop
      vertex 0.842864 -2.08616 12.3
      vertex 0.986335 -2.02229 0
      vertex 0.842864 -2.08616 0
    endloop
  endfacet
  facet normal -0.0697879 0.997562 0
    outer loop
      vertex 0.235188 -2.23767 0
      vertex 0.0785236 -2.24863 12.3
      vertex 0.235188 -2.23767 12.3
    endloop
  endfacet
  facet normal -0.0697879 0.997562 0
    outer loop
      vertex 0.0785236 -2.24863 12.3
      vertex 0.235188 -2.23767 0
      vertex 0.0785236 -2.24863 0
    endloop
  endfacet
  facet normal -0.13913 0.990274 0
    outer loop
      vertex 0.390708 -2.21582 0
      vertex 0.235188 -2.23767 12.3
      vertex 0.390708 -2.21582 12.3
    endloop
  endfacet
  facet normal -0.13913 0.990274 0
    outer loop
      vertex 0.235188 -2.23767 12.3
      vertex 0.390708 -2.21582 0
      vertex 0.235188 -2.23767 0
    endloop
  endfacet
  facet normal 0.927186 0.374601 0
    outer loop
      vertex -2.05548 -0.915157 12.3
      vertex -2.11431 -0.769545 0
      vertex -2.11431 -0.769545 12.3
    endloop
  endfacet
  facet normal 0.927186 0.374601 0
    outer loop
      vertex -2.11431 -0.769545 0
      vertex -2.05548 -0.915157 12.3
      vertex -2.05548 -0.915157 0
    endloop
  endfacet
  facet normal 0.642774 -0.766056 0
    outer loop
      vertex -1.50554 1.67208 0
      vertex -1.38524 1.77302 12.3
      vertex -1.50554 1.67208 12.3
    endloop
  endfacet
  facet normal 0.642774 -0.766056 0
    outer loop
      vertex -1.38524 1.77302 12.3
      vertex -1.50554 1.67208 0
      vertex -1.38524 1.77302 0
    endloop
  endfacet
  facet normal 0.694679 0.71932 -0
    outer loop
      vertex -1.50554 -1.67208 0
      vertex -1.61851 -1.56298 12.3
      vertex -1.50554 -1.67208 12.3
    endloop
  endfacet
  facet normal 0.694679 0.71932 0
    outer loop
      vertex -1.61851 -1.56298 12.3
      vertex -1.50554 -1.67208 0
      vertex -1.61851 -1.56298 0
    endloop
  endfacet
  facet normal 0.342058 -0.939679 0
    outer loop
      vertex -0.842864 2.08616 0
      vertex -0.695288 2.13988 12.3
      vertex -0.842864 2.08616 12.3
    endloop
  endfacet
  facet normal 0.342058 -0.939679 0
    outer loop
      vertex -0.695288 2.13988 12.3
      vertex -0.842864 2.08616 0
      vertex -0.695288 2.13988 0
    endloop
  endfacet
  facet normal 0.694679 -0.71932 0
    outer loop
      vertex -1.61851 1.56298 0
      vertex -1.50554 1.67208 12.3
      vertex -1.61851 1.56298 12.3
    endloop
  endfacet
  facet normal 0.694679 -0.71932 0
    outer loop
      vertex -1.50554 1.67208 12.3
      vertex -1.61851 1.56298 0
      vertex -1.50554 1.67208 0
    endloop
  endfacet
  facet normal -0.587767 -0.809031 0
    outer loop
      vertex 1.25818 1.86533 0
      vertex 1.38524 1.77302 12.3
      vertex 1.25818 1.86533 12.3
    endloop
  endfacet
  facet normal -0.587767 -0.809031 -0
    outer loop
      vertex 1.38524 1.77302 12.3
      vertex 1.25818 1.86533 0
      vertex 1.38524 1.77302 0
    endloop
  endfacet
  facet normal -0.469474 -0.882946 0
    outer loop
      vertex 0.986335 2.02229 0
      vertex 1.125 1.94856 12.3
      vertex 0.986335 2.02229 12.3
    endloop
  endfacet
  facet normal -0.469474 -0.882946 -0
    outer loop
      vertex 1.125 1.94856 12.3
      vertex 0.986335 2.02229 0
      vertex 1.125 1.94856 0
    endloop
  endfacet
  facet normal -0.642774 -0.766056 0
    outer loop
      vertex 1.38524 1.77302 0
      vertex 1.50554 1.67208 12.3
      vertex 1.38524 1.77302 12.3
    endloop
  endfacet
  facet normal -0.642774 -0.766056 -0
    outer loop
      vertex 1.50554 1.67208 12.3
      vertex 1.38524 1.77302 0
      vertex 1.50554 1.67208 0
    endloop
  endfacet
  facet normal 0.406697 -0.913563 0
    outer loop
      vertex -0.986335 2.02229 0
      vertex -0.842864 2.08616 12.3
      vertex -0.986335 2.02229 12.3
    endloop
  endfacet
  facet normal 0.406697 -0.913563 0
    outer loop
      vertex -0.842864 2.08616 12.3
      vertex -0.986335 2.02229 0
      vertex -0.842864 2.08616 0
    endloop
  endfacet
  facet normal -0.951057 -0.309015 0
    outer loop
      vertex 2.16284 0.620184 0
      vertex 2.11431 0.769545 12.3
      vertex 2.11431 0.769545 0
    endloop
  endfacet
  facet normal -0.951057 -0.309015 0
    outer loop
      vertex 2.11431 0.769545 12.3
      vertex 2.16284 0.620184 0
      vertex 2.16284 0.620184 12.3
    endloop
  endfacet
  facet normal -0.787993 0.615685 0
    outer loop
      vertex 1.7236 -1.44627 0
      vertex 1.82029 -1.32252 12.3
      vertex 1.82029 -1.32252 0
    endloop
  endfacet
  facet normal -0.787993 0.615685 0
    outer loop
      vertex 1.82029 -1.32252 12.3
      vertex 1.7236 -1.44627 0
      vertex 1.7236 -1.44627 12.3
    endloop
  endfacet
  facet normal 0.787993 -0.615685 0
    outer loop
      vertex -1.82029 1.32252 12.3
      vertex -1.7236 1.44627 0
      vertex -1.7236 1.44627 12.3
    endloop
  endfacet
  facet normal 0.787993 -0.615685 0
    outer loop
      vertex -1.7236 1.44627 0
      vertex -1.82029 1.32252 12.3
      vertex -1.82029 1.32252 0
    endloop
  endfacet
  facet normal 0.984809 -0.173641 0
    outer loop
      vertex -2.2281 0.313139 12.3
      vertex -2.20083 0.467801 0
      vertex -2.20083 0.467801 12.3
    endloop
  endfacet
  facet normal 0.984809 -0.173641 0
    outer loop
      vertex -2.20083 0.467801 0
      vertex -2.2281 0.313139 12.3
      vertex -2.2281 0.313139 0
    endloop
  endfacet
  facet normal -0.694679 0.71932 0
    outer loop
      vertex 1.61851 -1.56298 0
      vertex 1.50554 -1.67208 12.3
      vertex 1.61851 -1.56298 12.3
    endloop
  endfacet
  facet normal -0.694679 0.71932 0
    outer loop
      vertex 1.50554 -1.67208 12.3
      vertex 1.61851 -1.56298 0
      vertex 1.50554 -1.67208 0
    endloop
  endfacet
  facet normal 0.469474 -0.882946 0
    outer loop
      vertex -1.125 1.94856 0
      vertex -0.986335 2.02229 12.3
      vertex -1.125 1.94856 12.3
    endloop
  endfacet
  facet normal 0.469474 -0.882946 0
    outer loop
      vertex -0.986335 2.02229 12.3
      vertex -1.125 1.94856 0
      vertex -0.986335 2.02229 0
    endloop
  endfacet
  facet normal 0.529965 0.84802 -0
    outer loop
      vertex -1.125 -1.94856 0
      vertex -1.25818 -1.86533 12.3
      vertex -1.125 -1.94856 12.3
    endloop
  endfacet
  facet normal 0.529965 0.84802 0
    outer loop
      vertex -1.25818 -1.86533 12.3
      vertex -1.125 -1.94856 0
      vertex -1.25818 -1.86533 0
    endloop
  endfacet
  facet normal -0.951057 0.309015 0
    outer loop
      vertex 2.11431 -0.769545 0
      vertex 2.16284 -0.620184 12.3
      vertex 2.16284 -0.620184 0
    endloop
  endfacet
  facet normal -0.951057 0.309015 0
    outer loop
      vertex 2.16284 -0.620184 12.3
      vertex 2.11431 -0.769545 0
      vertex 2.11431 -0.769545 12.3
    endloop
  endfacet
  facet normal 0.994519 -0.104554 0
    outer loop
      vertex -2.24452 0.156952 12.3
      vertex -2.2281 0.313139 0
      vertex -2.2281 0.313139 12.3
    endloop
  endfacet
  facet normal 0.994519 -0.104554 0
    outer loop
      vertex -2.2281 0.313139 0
      vertex -2.24452 0.156952 12.3
      vertex -2.24452 0.156952 0
    endloop
  endfacet
  facet normal -0.20796 -0.978137 0
    outer loop
      vertex 0.390708 2.21582 0
      vertex 0.544324 2.18316 12.3
      vertex 0.390708 2.21582 12.3
    endloop
  endfacet
  facet normal -0.20796 -0.978137 -0
    outer loop
      vertex 0.544324 2.18316 12.3
      vertex 0.390708 2.21582 0
      vertex 0.544324 2.18316 0
    endloop
  endfacet
  facet normal -0.970301 -0.241902 0
    outer loop
      vertex 2.20083 0.467801 0
      vertex 2.16284 0.620184 12.3
      vertex 2.16284 0.620184 0
    endloop
  endfacet
  facet normal -0.970301 -0.241902 0
    outer loop
      vertex 2.16284 0.620184 12.3
      vertex 2.20083 0.467801 0
      vertex 2.20083 0.467801 12.3
    endloop
  endfacet
  facet normal 0.787993 0.615685 0
    outer loop
      vertex -1.7236 -1.44627 12.3
      vertex -1.82029 -1.32252 0
      vertex -1.82029 -1.32252 12.3
    endloop
  endfacet
  facet normal 0.787993 0.615685 0
    outer loop
      vertex -1.82029 -1.32252 0
      vertex -1.7236 -1.44627 12.3
      vertex -1.7236 -1.44627 0
    endloop
  endfacet
  facet normal 0.951057 -0.309015 0
    outer loop
      vertex -2.16284 0.620184 12.3
      vertex -2.11431 0.769545 0
      vertex -2.11431 0.769545 12.3
    endloop
  endfacet
  facet normal 0.951057 -0.309015 0
    outer loop
      vertex -2.11431 0.769545 0
      vertex -2.16284 0.620184 12.3
      vertex -2.16284 0.620184 0
    endloop
  endfacet
  facet normal 0.829041 0.559188 0
    outer loop
      vertex -1.82029 -1.32252 12.3
      vertex -1.90811 -1.19232 0
      vertex -1.90811 -1.19232 12.3
    endloop
  endfacet
  facet normal 0.829041 0.559188 0
    outer loop
      vertex -1.90811 -1.19232 0
      vertex -1.82029 -1.32252 12.3
      vertex -1.82029 -1.32252 0
    endloop
  endfacet
  facet normal -0.587767 0.809031 0
    outer loop
      vertex 1.38524 -1.77302 0
      vertex 1.25818 -1.86533 12.3
      vertex 1.38524 -1.77302 12.3
    endloop
  endfacet
  facet normal -0.587767 0.809031 0
    outer loop
      vertex 1.25818 -1.86533 12.3
      vertex 1.38524 -1.77302 0
      vertex 1.25818 -1.86533 0
    endloop
  endfacet
  facet normal 0.20796 0.978137 -0
    outer loop
      vertex -0.390708 -2.21582 0
      vertex -0.544324 -2.18316 12.3
      vertex -0.390708 -2.21582 12.3
    endloop
  endfacet
  facet normal 0.20796 0.978137 0
    outer loop
      vertex -0.544324 -2.18316 12.3
      vertex -0.390708 -2.21582 0
      vertex -0.544324 -2.18316 0
    endloop
  endfacet
  facet normal 0.20796 -0.978137 0
    outer loop
      vertex -0.544324 2.18316 0
      vertex -0.390708 2.21582 12.3
      vertex -0.544324 2.18316 12.3
    endloop
  endfacet
  facet normal 0.20796 -0.978137 0
    outer loop
      vertex -0.390708 2.21582 12.3
      vertex -0.544324 2.18316 0
      vertex -0.390708 2.21582 0
    endloop
  endfacet
  facet normal -0.342058 -0.939679 0
    outer loop
      vertex 0.695288 2.13988 0
      vertex 0.842864 2.08616 12.3
      vertex 0.695288 2.13988 12.3
    endloop
  endfacet
  facet normal -0.342058 -0.939679 -0
    outer loop
      vertex 0.842864 2.08616 12.3
      vertex 0.695288 2.13988 0
      vertex 0.842864 2.08616 0
    endloop
  endfacet
  facet normal 0.587767 0.809031 -0
    outer loop
      vertex -1.25818 -1.86533 0
      vertex -1.38524 -1.77302 12.3
      vertex -1.25818 -1.86533 12.3
    endloop
  endfacet
  facet normal 0.587767 0.809031 0
    outer loop
      vertex -1.38524 -1.77302 12.3
      vertex -1.25818 -1.86533 0
      vertex -1.38524 -1.77302 0
    endloop
  endfacet
  facet normal -0.469474 0.882946 0
    outer loop
      vertex 1.125 -1.94856 0
      vertex 0.986335 -2.02229 12.3
      vertex 1.125 -1.94856 12.3
    endloop
  endfacet
  facet normal -0.469474 0.882946 0
    outer loop
      vertex 0.986335 -2.02229 12.3
      vertex 1.125 -1.94856 0
      vertex 0.986335 -2.02229 0
    endloop
  endfacet
  facet normal 0.0697879 0.997562 -0
    outer loop
      vertex -0.0785236 -2.24863 0
      vertex -0.235188 -2.23767 12.3
      vertex -0.0785236 -2.24863 12.3
    endloop
  endfacet
  facet normal 0.0697879 0.997562 0
    outer loop
      vertex -0.235188 -2.23767 12.3
      vertex -0.0785236 -2.24863 0
      vertex -0.235188 -2.23767 0
    endloop
  endfacet
  facet normal 0.970301 -0.241902 0
    outer loop
      vertex -2.20083 0.467801 12.3
      vertex -2.16284 0.620184 0
      vertex -2.16284 0.620184 12.3
    endloop
  endfacet
  facet normal 0.970301 -0.241902 0
    outer loop
      vertex -2.16284 0.620184 0
      vertex -2.20083 0.467801 12.3
      vertex -2.20083 0.467801 0
    endloop
  endfacet
  facet normal 0.406697 0.913563 -0
    outer loop
      vertex -0.842864 -2.08616 0
      vertex -0.986335 -2.02229 12.3
      vertex -0.842864 -2.08616 12.3
    endloop
  endfacet
  facet normal 0.406697 0.913563 0
    outer loop
      vertex -0.986335 -2.02229 12.3
      vertex -0.842864 -2.08616 0
      vertex -0.986335 -2.02229 0
    endloop
  endfacet
  facet normal 0.275589 -0.961276 0
    outer loop
      vertex -0.695288 2.13988 0
      vertex -0.544324 2.18316 12.3
      vertex -0.695288 2.13988 12.3
    endloop
  endfacet
  facet normal 0.275589 -0.961276 0
    outer loop
      vertex -0.544324 2.18316 12.3
      vertex -0.695288 2.13988 0
      vertex -0.544324 2.18316 0
    endloop
  endfacet
  facet normal -0.0697879 -0.997562 0
    outer loop
      vertex 0.0785236 2.24863 0
      vertex 0.235188 2.23767 12.3
      vertex 0.0785236 2.24863 12.3
    endloop
  endfacet
  facet normal -0.0697879 -0.997562 -0
    outer loop
      vertex 0.235188 2.23767 12.3
      vertex 0.0785236 2.24863 0
      vertex 0.235188 2.23767 0
    endloop
  endfacet
  facet normal 0.984809 0.173641 0
    outer loop
      vertex -2.20083 -0.467801 12.3
      vertex -2.2281 -0.313139 0
      vertex -2.2281 -0.313139 12.3
    endloop
  endfacet
  facet normal 0.984809 0.173641 0
    outer loop
      vertex -2.2281 -0.313139 0
      vertex -2.20083 -0.467801 12.3
      vertex -2.20083 -0.467801 0
    endloop
  endfacet
  facet normal -0.275589 -0.961276 0
    outer loop
      vertex 0.544324 2.18316 0
      vertex 0.695288 2.13988 12.3
      vertex 0.544324 2.18316 12.3
    endloop
  endfacet
  facet normal -0.275589 -0.961276 -0
    outer loop
      vertex 0.695288 2.13988 12.3
      vertex 0.544324 2.18316 0
      vertex 0.695288 2.13988 0
    endloop
  endfacet
  facet normal -0.20796 0.978137 0
    outer loop
      vertex 0.544324 -2.18316 0
      vertex 0.390708 -2.21582 12.3
      vertex 0.544324 -2.18316 12.3
    endloop
  endfacet
  facet normal -0.20796 0.978137 0
    outer loop
      vertex 0.390708 -2.21582 12.3
      vertex 0.544324 -2.18316 0
      vertex 0.390708 -2.21582 0
    endloop
  endfacet
  facet normal 0.743133 -0.669144 0
    outer loop
      vertex -1.7236 1.44627 12.3
      vertex -1.61851 1.56298 0
      vertex -1.61851 1.56298 12.3
    endloop
  endfacet
  facet normal 0.743133 -0.669144 0
    outer loop
      vertex -1.61851 1.56298 0
      vertex -1.7236 1.44627 12.3
      vertex -1.7236 1.44627 0
    endloop
  endfacet
  facet normal 0.999391 -0.0348939 0
    outer loop
      vertex -2.25 0 12.3
      vertex -2.24452 0.156952 0
      vertex -2.24452 0.156952 12.3
    endloop
  endfacet
  facet normal 0.999391 -0.0348939 0
    outer loop
      vertex -2.24452 0.156952 0
      vertex -2.25 0 12.3
      vertex -2.25 0 0
    endloop
  endfacet
  facet normal 0.342058 0.939679 -0
    outer loop
      vertex -0.695288 -2.13988 0
      vertex -0.842864 -2.08616 12.3
      vertex -0.695288 -2.13988 12.3
    endloop
  endfacet
  facet normal 0.342058 0.939679 0
    outer loop
      vertex -0.842864 -2.08616 12.3
      vertex -0.695288 -2.13988 0
      vertex -0.842864 -2.08616 0
    endloop
  endfacet
  facet normal 0.970301 0.241902 0
    outer loop
      vertex -2.16284 -0.620184 12.3
      vertex -2.20083 -0.467801 0
      vertex -2.20083 -0.467801 12.3
    endloop
  endfacet
  facet normal 0.970301 0.241902 0
    outer loop
      vertex -2.20083 -0.467801 0
      vertex -2.16284 -0.620184 12.3
      vertex -2.16284 -0.620184 0
    endloop
  endfacet
  facet normal 0.13913 0.990274 -0
    outer loop
      vertex -0.235188 -2.23767 0
      vertex -0.390708 -2.21582 12.3
      vertex -0.235188 -2.23767 12.3
    endloop
  endfacet
  facet normal 0.13913 0.990274 0
    outer loop
      vertex -0.390708 -2.21582 12.3
      vertex -0.235188 -2.23767 0
      vertex -0.390708 -2.21582 0
    endloop
  endfacet
  facet normal 0.898781 -0.438397 0
    outer loop
      vertex -2.05548 0.915157 12.3
      vertex -1.98663 1.05631 0
      vertex -1.98663 1.05631 12.3
    endloop
  endfacet
  facet normal 0.898781 -0.438397 0
    outer loop
      vertex -1.98663 1.05631 0
      vertex -2.05548 0.915157 12.3
      vertex -2.05548 0.915157 0
    endloop
  endfacet
  facet normal 0.86604 -0.499974 0
    outer loop
      vertex -1.98663 1.05631 12.3
      vertex -1.90811 1.19232 0
      vertex -1.90811 1.19232 12.3
    endloop
  endfacet
  facet normal 0.86604 -0.499974 0
    outer loop
      vertex -1.90811 1.19232 0
      vertex -1.98663 1.05631 12.3
      vertex -1.98663 1.05631 0
    endloop
  endfacet
  facet normal -0.342058 0.939679 0
    outer loop
      vertex 0.842864 -2.08616 0
      vertex 0.695288 -2.13988 12.3
      vertex 0.842864 -2.08616 12.3
    endloop
  endfacet
  facet normal -0.342058 0.939679 0
    outer loop
      vertex 0.695288 -2.13988 12.3
      vertex 0.842864 -2.08616 0
      vertex 0.695288 -2.13988 0
    endloop
  endfacet
  facet normal 0.829041 -0.559188 0
    outer loop
      vertex -1.90811 1.19232 12.3
      vertex -1.82029 1.32252 0
      vertex -1.82029 1.32252 12.3
    endloop
  endfacet
  facet normal 0.829041 -0.559188 0
    outer loop
      vertex -1.82029 1.32252 0
      vertex -1.90811 1.19232 12.3
      vertex -1.90811 1.19232 0
    endloop
  endfacet
endsolid OpenSCAD_Model
