solid OpenSCAD_Model
  facet normal 1 -0 0
    outer loop
      vertex 50 0 25
      vertex 50 9.5 5
      vertex 50 9.5 25
    endloop
  endfacet
  facet normal 1 0 0
    outer loop
      vertex 50 9.5 5
      vertex 50 0 25
      vertex 50 0 5
    endloop
  endfacet
  facet normal 1 0 0
    outer loop
      vertex 50 46 47.3033
      vertex 50 36.5 30
      vertex 50 46 30
    endloop
  endfacet
  facet normal 1 0 0
    outer loop
      vertex 50 9.5 25
      vertex 50 36.5 25
      vertex 50 36.5 30
    endloop
  endfacet
  facet normal 1 0 0
    outer loop
      vertex 50 36.5 25
      vertex 50 9.5 25
      vertex 50 36.5 5
    endloop
  endfacet
  facet normal 1 0 0
    outer loop
      vertex 50 9.5 25
      vertex 50 36.5 30
      vertex 50 9.5 30
    endloop
  endfacet
  facet normal 1 0 0
    outer loop
      vertex 50 46 47.3033
      vertex 50 9.5 30
      vertex 50 36.5 30
    endloop
  endfacet
  facet normal 1 -0 0
    outer loop
      vertex 50 0 47.3033
      vertex 50 9.5 30
      vertex 50 46 47.3033
    endloop
  endfacet
  facet normal 1 0 0
    outer loop
      vertex 50 9.5 30
      vertex 50 0 47.3033
      vertex 50 0 30
    endloop
  endfacet
  facet normal 1 -0 0
    outer loop
      vertex 50 36.5 25
      vertex 50 46 5
      vertex 50 46 25
    endloop
  endfacet
  facet normal 1 0 0
    outer loop
      vertex 50 46 5
      vertex 50 36.5 25
      vertex 50 36.5 5
    endloop
  endfacet
  facet normal 1 0 0
    outer loop
      vertex 50 9.5 5
      vertex 50 36.5 5
      vertex 50 9.5 25
    endloop
  endfacet
  facet normal 1 0 0
    outer loop
      vertex 50 36.5 5
      vertex 50 9.5 5
      vertex 50 36.5 0
    endloop
  endfacet
  facet normal 1 0 0
    outer loop
      vertex 50 36.5 0
      vertex 50 9.5 5
      vertex 50 9.5 0
    endloop
  endfacet
  facet normal 0 0 1
    outer loop
      vertex 10 46 25
      vertex 5 36.5 25
      vertex 10 36.5 25
    endloop
  endfacet
  facet normal -0 0 1
    outer loop
      vertex 0 46 25
      vertex 5 36.5 25
      vertex 10 46 25
    endloop
  endfacet
  facet normal 0 0 1
    outer loop
      vertex 5 36.5 25
      vertex 0 46 25
      vertex 0 36.5 25
    endloop
  endfacet
  facet normal 0 0 1
    outer loop
      vertex 50 46 25
      vertex 45 36.5 25
      vertex 50 36.5 25
    endloop
  endfacet
  facet normal -0 0 1
    outer loop
      vertex 40 46 25
      vertex 45 36.5 25
      vertex 50 46 25
    endloop
  endfacet
  facet normal 0 0 1
    outer loop
      vertex 45 36.5 25
      vertex 40 46 25
      vertex 40 36.5 25
    endloop
  endfacet
  facet normal -0 0 1
    outer loop
      vertex 5 9.5 25
      vertex 10 0 25
      vertex 10 9.5 25
    endloop
  endfacet
  facet normal 0 0 1
    outer loop
      vertex 0 0 25
      vertex 5 9.5 25
      vertex 0 9.5 25
    endloop
  endfacet
  facet normal 0 0 1
    outer loop
      vertex 5 9.5 25
      vertex 0 0 25
      vertex 10 0 25
    endloop
  endfacet
  facet normal -0 0 1
    outer loop
      vertex 45 9.5 25
      vertex 50 0 25
      vertex 50 9.5 25
    endloop
  endfacet
  facet normal 0 0 1
    outer loop
      vertex 40 0 25
      vertex 45 9.5 25
      vertex 40 9.5 25
    endloop
  endfacet
  facet normal 0 0 1
    outer loop
      vertex 45 9.5 25
      vertex 40 0 25
      vertex 50 0 25
    endloop
  endfacet
  facet normal -0 0 1
    outer loop
      vertex 5 36.5 25
      vertex 10 9.5 25
      vertex 10 36.5 25
    endloop
  endfacet
  facet normal 0 0 1
    outer loop
      vertex 10 9.5 25
      vertex 5 36.5 25
      vertex 5 9.5 25
    endloop
  endfacet
  facet normal -0 0 1
    outer loop
      vertex 40 36.5 25
      vertex 45 9.5 25
      vertex 45 36.5 25
    endloop
  endfacet
  facet normal 0 0 1
    outer loop
      vertex 45 9.5 25
      vertex 40 36.5 25
      vertex 40 9.5 25
    endloop
  endfacet
  facet normal 0 0 -1
    outer loop
      vertex 50 9.5 0
      vertex 28.9 23 0
      vertex 50 36.5 0
    endloop
  endfacet
  facet normal 0 0 -1
    outer loop
      vertex 50 9.5 0
      vertex 28.8981 22.8775 0
      vertex 28.9 23 0
    endloop
  endfacet
  facet normal 0 0 -1
    outer loop
      vertex 50 9.5 0
      vertex 28.8923 22.7551 0
      vertex 28.8981 22.8775 0
    endloop
  endfacet
  facet normal 0 0 -1
    outer loop
      vertex 50 9.5 0
      vertex 28.8827 22.633 0
      vertex 28.8923 22.7551 0
    endloop
  endfacet
  facet normal 0 0 -1
    outer loop
      vertex 50 9.5 0
      vertex 28.8692 22.5112 0
      vertex 28.8827 22.633 0
    endloop
  endfacet
  facet normal 0 0 -1
    outer loop
      vertex 50 9.5 0
      vertex 28.852 22.3899 0
      vertex 28.8692 22.5112 0
    endloop
  endfacet
  facet normal 0 0 -1
    outer loop
      vertex 50 9.5 0
      vertex 28.8309 22.2692 0
      vertex 28.852 22.3899 0
    endloop
  endfacet
  facet normal 0 0 -1
    outer loop
      vertex 50 9.5 0
      vertex 28.8061 22.1492 0
      vertex 28.8309 22.2692 0
    endloop
  endfacet
  facet normal 0 0 -1
    outer loop
      vertex 50 9.5 0
      vertex 28.7775 22.0301 0
      vertex 28.8061 22.1492 0
    endloop
  endfacet
  facet normal 0 0 -1
    outer loop
      vertex 50 9.5 0
      vertex 28.7451 21.9119 0
      vertex 28.7775 22.0301 0
    endloop
  endfacet
  facet normal 0 0 -1
    outer loop
      vertex 50 9.5 0
      vertex 28.7091 21.7948 0
      vertex 28.7451 21.9119 0
    endloop
  endfacet
  facet normal 0 0 -1
    outer loop
      vertex 50 9.5 0
      vertex 28.6694 21.6789 0
      vertex 28.7091 21.7948 0
    endloop
  endfacet
  facet normal 0 0 -1
    outer loop
      vertex 50 9.5 0
      vertex 28.6261 21.5643 0
      vertex 28.6694 21.6789 0
    endloop
  endfacet
  facet normal 0 0 -1
    outer loop
      vertex 50 9.5 0
      vertex 28.5792 21.4511 0
      vertex 28.6261 21.5643 0
    endloop
  endfacet
  facet normal 0 0 -1
    outer loop
      vertex 50 9.5 0
      vertex 28.5288 21.3395 0
      vertex 28.5792 21.4511 0
    endloop
  endfacet
  facet normal 0 0 -1
    outer loop
      vertex 50 9.5 0
      vertex 28.4749 21.2294 0
      vertex 28.5288 21.3395 0
    endloop
  endfacet
  facet normal 0 0 -1
    outer loop
      vertex 50 9.5 0
      vertex 28.4176 21.1212 0
      vertex 28.4749 21.2294 0
    endloop
  endfacet
  facet normal 0 0 -1
    outer loop
      vertex 50 9.5 0
      vertex 28.3569 21.0147 0
      vertex 28.4176 21.1212 0
    endloop
  endfacet
  facet normal 0 0 -1
    outer loop
      vertex 50 9.5 0
      vertex 28.2929 20.9103 0
      vertex 28.3569 21.0147 0
    endloop
  endfacet
  facet normal 0 0 -1
    outer loop
      vertex 50 9.5 0
      vertex 28.2256 20.8079 0
      vertex 28.2929 20.9103 0
    endloop
  endfacet
  facet normal 0 0 -1
    outer loop
      vertex 50 9.5 0
      vertex 28.1552 20.7076 0
      vertex 28.2256 20.8079 0
    endloop
  endfacet
  facet normal 0 0 -1
    outer loop
      vertex 50 9.5 0
      vertex 28.0816 20.6097 0
      vertex 28.1552 20.7076 0
    endloop
  endfacet
  facet normal 0 0 -1
    outer loop
      vertex 50 9.5 0
      vertex 28.005 20.514 0
      vertex 28.0816 20.6097 0
    endloop
  endfacet
  facet normal 0 0 -1
    outer loop
      vertex 50 9.5 0
      vertex 27.9254 20.4209 0
      vertex 28.005 20.514 0
    endloop
  endfacet
  facet normal 0 0 -1
    outer loop
      vertex 50 9.5 0
      vertex 27.843 20.3303 0
      vertex 27.9254 20.4209 0
    endloop
  endfacet
  facet normal 0 0 -1
    outer loop
      vertex 50 9.5 0
      vertex 27.7577 20.2423 0
      vertex 27.843 20.3303 0
    endloop
  endfacet
  facet normal 0 0 -1
    outer loop
      vertex 50 9.5 0
      vertex 27.6697 20.157 0
      vertex 27.7577 20.2423 0
    endloop
  endfacet
  facet normal 0 0 -1
    outer loop
      vertex 50 9.5 0
      vertex 27.5791 20.0746 0
      vertex 27.6697 20.157 0
    endloop
  endfacet
  facet normal 0 0 -1
    outer loop
      vertex 50 9.5 0
      vertex 27.486 19.995 0
      vertex 27.5791 20.0746 0
    endloop
  endfacet
  facet normal 0 0 -1
    outer loop
      vertex 50 9.5 0
      vertex 27.3903 19.9184 0
      vertex 27.486 19.995 0
    endloop
  endfacet
  facet normal 0 0 -1
    outer loop
      vertex 50 9.5 0
      vertex 27.2924 19.8448 0
      vertex 27.3903 19.9184 0
    endloop
  endfacet
  facet normal 0 0 -1
    outer loop
      vertex 50 9.5 0
      vertex 27.1921 19.7744 0
      vertex 27.2924 19.8448 0
    endloop
  endfacet
  facet normal 0 0 -1
    outer loop
      vertex 50 9.5 0
      vertex 27.0897 19.7071 0
      vertex 27.1921 19.7744 0
    endloop
  endfacet
  facet normal 0 0 -1
    outer loop
      vertex 50 9.5 0
      vertex 26.9853 19.6431 0
      vertex 27.0897 19.7071 0
    endloop
  endfacet
  facet normal 0 0 -1
    outer loop
      vertex 50 9.5 0
      vertex 26.8788 19.5824 0
      vertex 26.9853 19.6431 0
    endloop
  endfacet
  facet normal 0 0 -1
    outer loop
      vertex 50 9.5 0
      vertex 26.7706 19.5251 0
      vertex 26.8788 19.5824 0
    endloop
  endfacet
  facet normal 0 0 -1
    outer loop
      vertex 50 9.5 0
      vertex 26.6605 19.4712 0
      vertex 26.7706 19.5251 0
    endloop
  endfacet
  facet normal 0 0 -1
    outer loop
      vertex 50 9.5 0
      vertex 26.5489 19.4208 0
      vertex 26.6605 19.4712 0
    endloop
  endfacet
  facet normal 0 0 -1
    outer loop
      vertex 50 9.5 0
      vertex 26.4357 19.3739 0
      vertex 26.5489 19.4208 0
    endloop
  endfacet
  facet normal 0 0 -1
    outer loop
      vertex 50 9.5 0
      vertex 26.3211 19.3306 0
      vertex 26.4357 19.3739 0
    endloop
  endfacet
  facet normal 0 0 -1
    outer loop
      vertex 50 9.5 0
      vertex 26.2052 19.2909 0
      vertex 26.3211 19.3306 0
    endloop
  endfacet
  facet normal 0 0 -1
    outer loop
      vertex 50 9.5 0
      vertex 26.0881 19.2549 0
      vertex 26.2052 19.2909 0
    endloop
  endfacet
  facet normal 0 0 -1
    outer loop
      vertex 50 9.5 0
      vertex 25.9699 19.2225 0
      vertex 26.0881 19.2549 0
    endloop
  endfacet
  facet normal 0 0 -1
    outer loop
      vertex 50 9.5 0
      vertex 25.8508 19.1939 0
      vertex 25.9699 19.2225 0
    endloop
  endfacet
  facet normal 0 0 -1
    outer loop
      vertex 50 9.5 0
      vertex 25.7308 19.1691 0
      vertex 25.8508 19.1939 0
    endloop
  endfacet
  facet normal 0 0 -1
    outer loop
      vertex 50 9.5 0
      vertex 25.6101 19.148 0
      vertex 25.7308 19.1691 0
    endloop
  endfacet
  facet normal 0 0 -1
    outer loop
      vertex 50 9.5 0
      vertex 25.4888 19.1308 0
      vertex 25.6101 19.148 0
    endloop
  endfacet
  facet normal 0 0 -1
    outer loop
      vertex 50 9.5 0
      vertex 25.367 19.1173 0
      vertex 25.4888 19.1308 0
    endloop
  endfacet
  facet normal 0 0 -1
    outer loop
      vertex 50 9.5 0
      vertex 25.2449 19.1077 0
      vertex 25.367 19.1173 0
    endloop
  endfacet
  facet normal 0 0 -1
    outer loop
      vertex 50 9.5 0
      vertex 25.1225 19.1019 0
      vertex 25.2449 19.1077 0
    endloop
  endfacet
  facet normal 0 0 -1
    outer loop
      vertex 50 9.5 0
      vertex 25 19.1 0
      vertex 25.1225 19.1019 0
    endloop
  endfacet
  facet normal 0 0 -1
    outer loop
      vertex 0 9.5 0
      vertex 25 19.1 0
      vertex 50 9.5 0
    endloop
  endfacet
  facet normal -0 0 -1
    outer loop
      vertex 25 19.1 0
      vertex 0 9.5 0
      vertex 24.8775 19.1019 0
    endloop
  endfacet
  facet normal -0 0 -1
    outer loop
      vertex 24.8775 19.1019 0
      vertex 0 9.5 0
      vertex 24.7551 19.1077 0
    endloop
  endfacet
  facet normal -0 0 -1
    outer loop
      vertex 24.7551 19.1077 0
      vertex 0 9.5 0
      vertex 24.633 19.1173 0
    endloop
  endfacet
  facet normal -0 0 -1
    outer loop
      vertex 24.633 19.1173 0
      vertex 0 9.5 0
      vertex 24.5112 19.1308 0
    endloop
  endfacet
  facet normal -0 0 -1
    outer loop
      vertex 24.5112 19.1308 0
      vertex 0 9.5 0
      vertex 24.3899 19.148 0
    endloop
  endfacet
  facet normal -0 0 -1
    outer loop
      vertex 24.3899 19.148 0
      vertex 0 9.5 0
      vertex 24.2692 19.1691 0
    endloop
  endfacet
  facet normal -0 0 -1
    outer loop
      vertex 24.2692 19.1691 0
      vertex 0 9.5 0
      vertex 24.1492 19.1939 0
    endloop
  endfacet
  facet normal -0 0 -1
    outer loop
      vertex 24.1492 19.1939 0
      vertex 0 9.5 0
      vertex 24.0301 19.2225 0
    endloop
  endfacet
  facet normal -0 0 -1
    outer loop
      vertex 24.0301 19.2225 0
      vertex 0 9.5 0
      vertex 23.9119 19.2549 0
    endloop
  endfacet
  facet normal -0 0 -1
    outer loop
      vertex 23.9119 19.2549 0
      vertex 0 9.5 0
      vertex 23.7948 19.2909 0
    endloop
  endfacet
  facet normal -0 0 -1
    outer loop
      vertex 21.1019 22.8775 0
      vertex 0 9.5 0
      vertex 21.1 23 0
    endloop
  endfacet
  facet normal -0 0 -1
    outer loop
      vertex 21.1077 22.7551 0
      vertex 0 9.5 0
      vertex 21.1019 22.8775 0
    endloop
  endfacet
  facet normal -0 0 -1
    outer loop
      vertex 21.1173 22.633 0
      vertex 0 9.5 0
      vertex 21.1077 22.7551 0
    endloop
  endfacet
  facet normal -0 0 -1
    outer loop
      vertex 21.1308 22.5112 0
      vertex 0 9.5 0
      vertex 21.1173 22.633 0
    endloop
  endfacet
  facet normal -0 0 -1
    outer loop
      vertex 21.148 22.3899 0
      vertex 0 9.5 0
      vertex 21.1308 22.5112 0
    endloop
  endfacet
  facet normal -0 0 -1
    outer loop
      vertex 21.1691 22.2692 0
      vertex 0 9.5 0
      vertex 21.148 22.3899 0
    endloop
  endfacet
  facet normal -0 0 -1
    outer loop
      vertex 21.1939 22.1492 0
      vertex 0 9.5 0
      vertex 21.1691 22.2692 0
    endloop
  endfacet
  facet normal -0 0 -1
    outer loop
      vertex 21.2225 22.0301 0
      vertex 0 9.5 0
      vertex 21.1939 22.1492 0
    endloop
  endfacet
  facet normal -0 0 -1
    outer loop
      vertex 21.2549 21.9119 0
      vertex 0 9.5 0
      vertex 21.2225 22.0301 0
    endloop
  endfacet
  facet normal -0 0 -1
    outer loop
      vertex 21.2909 21.7948 0
      vertex 0 9.5 0
      vertex 21.2549 21.9119 0
    endloop
  endfacet
  facet normal -0 0 -1
    outer loop
      vertex 21.3306 21.6789 0
      vertex 0 9.5 0
      vertex 21.2909 21.7948 0
    endloop
  endfacet
  facet normal -0 0 -1
    outer loop
      vertex 21.3739 21.5643 0
      vertex 0 9.5 0
      vertex 21.3306 21.6789 0
    endloop
  endfacet
  facet normal -0 0 -1
    outer loop
      vertex 21.4208 21.4511 0
      vertex 0 9.5 0
      vertex 21.3739 21.5643 0
    endloop
  endfacet
  facet normal -0 0 -1
    outer loop
      vertex 21.4712 21.3395 0
      vertex 0 9.5 0
      vertex 21.4208 21.4511 0
    endloop
  endfacet
  facet normal -0 0 -1
    outer loop
      vertex 21.5251 21.2294 0
      vertex 0 9.5 0
      vertex 21.4712 21.3395 0
    endloop
  endfacet
  facet normal -0 0 -1
    outer loop
      vertex 21.5824 21.1212 0
      vertex 0 9.5 0
      vertex 21.5251 21.2294 0
    endloop
  endfacet
  facet normal -0 0 -1
    outer loop
      vertex 21.6431 21.0147 0
      vertex 0 9.5 0
      vertex 21.5824 21.1212 0
    endloop
  endfacet
  facet normal -0 0 -1
    outer loop
      vertex 21.7071 20.9103 0
      vertex 0 9.5 0
      vertex 21.6431 21.0147 0
    endloop
  endfacet
  facet normal -0 0 -1
    outer loop
      vertex 21.7744 20.8079 0
      vertex 0 9.5 0
      vertex 21.7071 20.9103 0
    endloop
  endfacet
  facet normal -0 0 -1
    outer loop
      vertex 21.8448 20.7076 0
      vertex 0 9.5 0
      vertex 21.7744 20.8079 0
    endloop
  endfacet
  facet normal -0 0 -1
    outer loop
      vertex 21.9184 20.6097 0
      vertex 0 9.5 0
      vertex 21.8448 20.7076 0
    endloop
  endfacet
  facet normal -0 0 -1
    outer loop
      vertex 21.995 20.514 0
      vertex 0 9.5 0
      vertex 21.9184 20.6097 0
    endloop
  endfacet
  facet normal -0 0 -1
    outer loop
      vertex 22.0746 20.4209 0
      vertex 0 9.5 0
      vertex 21.995 20.514 0
    endloop
  endfacet
  facet normal -0 0 -1
    outer loop
      vertex 22.157 20.3303 0
      vertex 0 9.5 0
      vertex 22.0746 20.4209 0
    endloop
  endfacet
  facet normal -0 0 -1
    outer loop
      vertex 22.2423 20.2423 0
      vertex 0 9.5 0
      vertex 22.157 20.3303 0
    endloop
  endfacet
  facet normal -0 0 -1
    outer loop
      vertex 22.3303 20.157 0
      vertex 0 9.5 0
      vertex 22.2423 20.2423 0
    endloop
  endfacet
  facet normal -0 0 -1
    outer loop
      vertex 22.4209 20.0746 0
      vertex 0 9.5 0
      vertex 22.3303 20.157 0
    endloop
  endfacet
  facet normal -0 0 -1
    outer loop
      vertex 22.514 19.995 0
      vertex 0 9.5 0
      vertex 22.4209 20.0746 0
    endloop
  endfacet
  facet normal -0 0 -1
    outer loop
      vertex 22.6097 19.9184 0
      vertex 0 9.5 0
      vertex 22.514 19.995 0
    endloop
  endfacet
  facet normal -0 0 -1
    outer loop
      vertex 22.7076 19.8448 0
      vertex 0 9.5 0
      vertex 22.6097 19.9184 0
    endloop
  endfacet
  facet normal -0 0 -1
    outer loop
      vertex 22.8079 19.7744 0
      vertex 0 9.5 0
      vertex 22.7076 19.8448 0
    endloop
  endfacet
  facet normal -0 0 -1
    outer loop
      vertex 22.9103 19.7071 0
      vertex 0 9.5 0
      vertex 22.8079 19.7744 0
    endloop
  endfacet
  facet normal -0 0 -1
    outer loop
      vertex 23.0147 19.6431 0
      vertex 0 9.5 0
      vertex 22.9103 19.7071 0
    endloop
  endfacet
  facet normal -0 0 -1
    outer loop
      vertex 23.1212 19.5824 0
      vertex 0 9.5 0
      vertex 23.0147 19.6431 0
    endloop
  endfacet
  facet normal -0 0 -1
    outer loop
      vertex 23.2294 19.5251 0
      vertex 0 9.5 0
      vertex 23.1212 19.5824 0
    endloop
  endfacet
  facet normal -0 0 -1
    outer loop
      vertex 23.3395 19.4712 0
      vertex 0 9.5 0
      vertex 23.2294 19.5251 0
    endloop
  endfacet
  facet normal -0 0 -1
    outer loop
      vertex 23.4511 19.4208 0
      vertex 0 9.5 0
      vertex 23.3395 19.4712 0
    endloop
  endfacet
  facet normal -0 0 -1
    outer loop
      vertex 23.5643 19.3739 0
      vertex 0 9.5 0
      vertex 23.4511 19.4208 0
    endloop
  endfacet
  facet normal -0 0 -1
    outer loop
      vertex 23.6789 19.3306 0
      vertex 0 9.5 0
      vertex 23.5643 19.3739 0
    endloop
  endfacet
  facet normal -0 0 -1
    outer loop
      vertex 23.7948 19.2909 0
      vertex 0 9.5 0
      vertex 23.6789 19.3306 0
    endloop
  endfacet
  facet normal 0 0 -1
    outer loop
      vertex 28.8981 23.1225 0
      vertex 50 36.5 0
      vertex 28.9 23 0
    endloop
  endfacet
  facet normal 0 0 -1
    outer loop
      vertex 28.8923 23.2449 0
      vertex 50 36.5 0
      vertex 28.8981 23.1225 0
    endloop
  endfacet
  facet normal 0 0 -1
    outer loop
      vertex 28.8827 23.367 0
      vertex 50 36.5 0
      vertex 28.8923 23.2449 0
    endloop
  endfacet
  facet normal 0 0 -1
    outer loop
      vertex 28.8692 23.4888 0
      vertex 50 36.5 0
      vertex 28.8827 23.367 0
    endloop
  endfacet
  facet normal 0 0 -1
    outer loop
      vertex 28.852 23.6101 0
      vertex 50 36.5 0
      vertex 28.8692 23.4888 0
    endloop
  endfacet
  facet normal 0 0 -1
    outer loop
      vertex 28.8309 23.7308 0
      vertex 50 36.5 0
      vertex 28.852 23.6101 0
    endloop
  endfacet
  facet normal 0 0 -1
    outer loop
      vertex 28.8061 23.8508 0
      vertex 50 36.5 0
      vertex 28.8309 23.7308 0
    endloop
  endfacet
  facet normal 0 0 -1
    outer loop
      vertex 28.7775 23.9699 0
      vertex 50 36.5 0
      vertex 28.8061 23.8508 0
    endloop
  endfacet
  facet normal 0 0 -1
    outer loop
      vertex 28.7451 24.0881 0
      vertex 50 36.5 0
      vertex 28.7775 23.9699 0
    endloop
  endfacet
  facet normal 0 0 -1
    outer loop
      vertex 28.7091 24.2052 0
      vertex 50 36.5 0
      vertex 28.7451 24.0881 0
    endloop
  endfacet
  facet normal 0 0 -1
    outer loop
      vertex 28.6694 24.3211 0
      vertex 50 36.5 0
      vertex 28.7091 24.2052 0
    endloop
  endfacet
  facet normal 0 0 -1
    outer loop
      vertex 28.6261 24.4357 0
      vertex 50 36.5 0
      vertex 28.6694 24.3211 0
    endloop
  endfacet
  facet normal 0 0 -1
    outer loop
      vertex 28.5792 24.5489 0
      vertex 50 36.5 0
      vertex 28.6261 24.4357 0
    endloop
  endfacet
  facet normal 0 0 -1
    outer loop
      vertex 28.5288 24.6605 0
      vertex 50 36.5 0
      vertex 28.5792 24.5489 0
    endloop
  endfacet
  facet normal 0 0 -1
    outer loop
      vertex 28.4749 24.7706 0
      vertex 50 36.5 0
      vertex 28.5288 24.6605 0
    endloop
  endfacet
  facet normal 0 0 -1
    outer loop
      vertex 28.4176 24.8788 0
      vertex 50 36.5 0
      vertex 28.4749 24.7706 0
    endloop
  endfacet
  facet normal 0 0 -1
    outer loop
      vertex 28.3569 24.9853 0
      vertex 50 36.5 0
      vertex 28.4176 24.8788 0
    endloop
  endfacet
  facet normal 0 0 -1
    outer loop
      vertex 28.2929 25.0897 0
      vertex 50 36.5 0
      vertex 28.3569 24.9853 0
    endloop
  endfacet
  facet normal 0 0 -1
    outer loop
      vertex 28.2256 25.1921 0
      vertex 50 36.5 0
      vertex 28.2929 25.0897 0
    endloop
  endfacet
  facet normal 0 0 -1
    outer loop
      vertex 28.1552 25.2924 0
      vertex 50 36.5 0
      vertex 28.2256 25.1921 0
    endloop
  endfacet
  facet normal 0 0 -1
    outer loop
      vertex 28.0816 25.3903 0
      vertex 50 36.5 0
      vertex 28.1552 25.2924 0
    endloop
  endfacet
  facet normal 0 0 -1
    outer loop
      vertex 28.005 25.486 0
      vertex 50 36.5 0
      vertex 28.0816 25.3903 0
    endloop
  endfacet
  facet normal 0 0 -1
    outer loop
      vertex 27.9254 25.5791 0
      vertex 50 36.5 0
      vertex 28.005 25.486 0
    endloop
  endfacet
  facet normal 0 0 -1
    outer loop
      vertex 27.843 25.6697 0
      vertex 50 36.5 0
      vertex 27.9254 25.5791 0
    endloop
  endfacet
  facet normal 0 0 -1
    outer loop
      vertex 27.7577 25.7577 0
      vertex 50 36.5 0
      vertex 27.843 25.6697 0
    endloop
  endfacet
  facet normal 0 0 -1
    outer loop
      vertex 27.6697 25.843 0
      vertex 50 36.5 0
      vertex 27.7577 25.7577 0
    endloop
  endfacet
  facet normal 0 0 -1
    outer loop
      vertex 27.5791 25.9254 0
      vertex 50 36.5 0
      vertex 27.6697 25.843 0
    endloop
  endfacet
  facet normal 0 0 -1
    outer loop
      vertex 27.486 26.005 0
      vertex 50 36.5 0
      vertex 27.5791 25.9254 0
    endloop
  endfacet
  facet normal 0 0 -1
    outer loop
      vertex 27.3903 26.0816 0
      vertex 50 36.5 0
      vertex 27.486 26.005 0
    endloop
  endfacet
  facet normal 0 0 -1
    outer loop
      vertex 27.2924 26.1552 0
      vertex 50 36.5 0
      vertex 27.3903 26.0816 0
    endloop
  endfacet
  facet normal 0 0 -1
    outer loop
      vertex 27.1921 26.2256 0
      vertex 50 36.5 0
      vertex 27.2924 26.1552 0
    endloop
  endfacet
  facet normal 0 0 -1
    outer loop
      vertex 27.0897 26.2929 0
      vertex 50 36.5 0
      vertex 27.1921 26.2256 0
    endloop
  endfacet
  facet normal 0 0 -1
    outer loop
      vertex 26.9853 26.3569 0
      vertex 50 36.5 0
      vertex 27.0897 26.2929 0
    endloop
  endfacet
  facet normal 0 0 -1
    outer loop
      vertex 26.8788 26.4176 0
      vertex 50 36.5 0
      vertex 26.9853 26.3569 0
    endloop
  endfacet
  facet normal 0 0 -1
    outer loop
      vertex 26.7706 26.4749 0
      vertex 50 36.5 0
      vertex 26.8788 26.4176 0
    endloop
  endfacet
  facet normal 0 0 -1
    outer loop
      vertex 26.6605 26.5288 0
      vertex 50 36.5 0
      vertex 26.7706 26.4749 0
    endloop
  endfacet
  facet normal 0 0 -1
    outer loop
      vertex 26.5489 26.5792 0
      vertex 50 36.5 0
      vertex 26.6605 26.5288 0
    endloop
  endfacet
  facet normal 0 0 -1
    outer loop
      vertex 26.4357 26.6261 0
      vertex 50 36.5 0
      vertex 26.5489 26.5792 0
    endloop
  endfacet
  facet normal 0 0 -1
    outer loop
      vertex 26.3211 26.6694 0
      vertex 50 36.5 0
      vertex 26.4357 26.6261 0
    endloop
  endfacet
  facet normal 0 0 -1
    outer loop
      vertex 26.2052 26.7091 0
      vertex 50 36.5 0
      vertex 26.3211 26.6694 0
    endloop
  endfacet
  facet normal 0 0 -1
    outer loop
      vertex 26.0881 26.7451 0
      vertex 50 36.5 0
      vertex 26.2052 26.7091 0
    endloop
  endfacet
  facet normal 0 0 -1
    outer loop
      vertex 25.9699 26.7775 0
      vertex 50 36.5 0
      vertex 26.0881 26.7451 0
    endloop
  endfacet
  facet normal 0 0 -1
    outer loop
      vertex 25.8508 26.8061 0
      vertex 50 36.5 0
      vertex 25.9699 26.7775 0
    endloop
  endfacet
  facet normal 0 0 -1
    outer loop
      vertex 25.7308 26.8309 0
      vertex 50 36.5 0
      vertex 25.8508 26.8061 0
    endloop
  endfacet
  facet normal 0 0 -1
    outer loop
      vertex 25.6101 26.852 0
      vertex 50 36.5 0
      vertex 25.7308 26.8309 0
    endloop
  endfacet
  facet normal 0 0 -1
    outer loop
      vertex 25.4888 26.8692 0
      vertex 50 36.5 0
      vertex 25.6101 26.852 0
    endloop
  endfacet
  facet normal 0 0 -1
    outer loop
      vertex 25.367 26.8827 0
      vertex 50 36.5 0
      vertex 25.4888 26.8692 0
    endloop
  endfacet
  facet normal 0 0 -1
    outer loop
      vertex 25.2449 26.8923 0
      vertex 50 36.5 0
      vertex 25.367 26.8827 0
    endloop
  endfacet
  facet normal 0 0 -1
    outer loop
      vertex 25.1225 26.8981 0
      vertex 50 36.5 0
      vertex 25.2449 26.8923 0
    endloop
  endfacet
  facet normal 0 0 -1
    outer loop
      vertex 25 26.9 0
      vertex 50 36.5 0
      vertex 25.1225 26.8981 0
    endloop
  endfacet
  facet normal 0 0 -1
    outer loop
      vertex 0 36.5 0
      vertex 25 26.9 0
      vertex 24.8775 26.8981 0
    endloop
  endfacet
  facet normal 0 0 -1
    outer loop
      vertex 0 36.5 0
      vertex 24.8775 26.8981 0
      vertex 24.7551 26.8923 0
    endloop
  endfacet
  facet normal 0 0 -1
    outer loop
      vertex 0 36.5 0
      vertex 24.7551 26.8923 0
      vertex 24.633 26.8827 0
    endloop
  endfacet
  facet normal 0 0 -1
    outer loop
      vertex 0 36.5 0
      vertex 24.633 26.8827 0
      vertex 24.5112 26.8692 0
    endloop
  endfacet
  facet normal 0 0 -1
    outer loop
      vertex 0 36.5 0
      vertex 24.5112 26.8692 0
      vertex 24.3899 26.852 0
    endloop
  endfacet
  facet normal 0 0 -1
    outer loop
      vertex 0 36.5 0
      vertex 24.3899 26.852 0
      vertex 24.2692 26.8309 0
    endloop
  endfacet
  facet normal 0 0 -1
    outer loop
      vertex 0 36.5 0
      vertex 24.2692 26.8309 0
      vertex 24.1492 26.8061 0
    endloop
  endfacet
  facet normal 0 0 -1
    outer loop
      vertex 0 36.5 0
      vertex 24.1492 26.8061 0
      vertex 24.0301 26.7775 0
    endloop
  endfacet
  facet normal 0 0 -1
    outer loop
      vertex 0 36.5 0
      vertex 24.0301 26.7775 0
      vertex 23.9119 26.7451 0
    endloop
  endfacet
  facet normal 0 0 -1
    outer loop
      vertex 0 36.5 0
      vertex 23.9119 26.7451 0
      vertex 23.7948 26.7091 0
    endloop
  endfacet
  facet normal 0 0 -1
    outer loop
      vertex 0 36.5 0
      vertex 23.7948 26.7091 0
      vertex 23.6789 26.6694 0
    endloop
  endfacet
  facet normal 0 0 -1
    outer loop
      vertex 0 36.5 0
      vertex 21.1 23 0
      vertex 0 9.5 0
    endloop
  endfacet
  facet normal 0 0 -1
    outer loop
      vertex 21.1 23 0
      vertex 0 36.5 0
      vertex 21.1019 23.1225 0
    endloop
  endfacet
  facet normal 0 0 -1
    outer loop
      vertex 21.1019 23.1225 0
      vertex 0 36.5 0
      vertex 21.1077 23.2449 0
    endloop
  endfacet
  facet normal 0 0 -1
    outer loop
      vertex 21.1077 23.2449 0
      vertex 0 36.5 0
      vertex 21.1173 23.367 0
    endloop
  endfacet
  facet normal 0 0 -1
    outer loop
      vertex 21.1173 23.367 0
      vertex 0 36.5 0
      vertex 21.1308 23.4888 0
    endloop
  endfacet
  facet normal 0 0 -1
    outer loop
      vertex 21.1308 23.4888 0
      vertex 0 36.5 0
      vertex 21.148 23.6101 0
    endloop
  endfacet
  facet normal 0 0 -1
    outer loop
      vertex 21.148 23.6101 0
      vertex 0 36.5 0
      vertex 21.1691 23.7308 0
    endloop
  endfacet
  facet normal 0 0 -1
    outer loop
      vertex 21.1691 23.7308 0
      vertex 0 36.5 0
      vertex 21.1939 23.8508 0
    endloop
  endfacet
  facet normal 0 0 -1
    outer loop
      vertex 21.1939 23.8508 0
      vertex 0 36.5 0
      vertex 21.2225 23.9699 0
    endloop
  endfacet
  facet normal 0 0 -1
    outer loop
      vertex 21.2225 23.9699 0
      vertex 0 36.5 0
      vertex 21.2549 24.0881 0
    endloop
  endfacet
  facet normal 0 0 -1
    outer loop
      vertex 21.2549 24.0881 0
      vertex 0 36.5 0
      vertex 21.2909 24.2052 0
    endloop
  endfacet
  facet normal 0 0 -1
    outer loop
      vertex 21.2909 24.2052 0
      vertex 0 36.5 0
      vertex 21.3306 24.3211 0
    endloop
  endfacet
  facet normal 0 0 -1
    outer loop
      vertex 21.3306 24.3211 0
      vertex 0 36.5 0
      vertex 21.3739 24.4357 0
    endloop
  endfacet
  facet normal 0 0 -1
    outer loop
      vertex 21.3739 24.4357 0
      vertex 0 36.5 0
      vertex 21.4208 24.5489 0
    endloop
  endfacet
  facet normal 0 0 -1
    outer loop
      vertex 21.4208 24.5489 0
      vertex 0 36.5 0
      vertex 21.4712 24.6605 0
    endloop
  endfacet
  facet normal 0 0 -1
    outer loop
      vertex 21.4712 24.6605 0
      vertex 0 36.5 0
      vertex 21.5251 24.7706 0
    endloop
  endfacet
  facet normal 0 0 -1
    outer loop
      vertex 21.5251 24.7706 0
      vertex 0 36.5 0
      vertex 21.5824 24.8788 0
    endloop
  endfacet
  facet normal 0 0 -1
    outer loop
      vertex 21.5824 24.8788 0
      vertex 0 36.5 0
      vertex 21.6431 24.9853 0
    endloop
  endfacet
  facet normal 0 0 -1
    outer loop
      vertex 21.6431 24.9853 0
      vertex 0 36.5 0
      vertex 21.7071 25.0897 0
    endloop
  endfacet
  facet normal 0 0 -1
    outer loop
      vertex 21.7071 25.0897 0
      vertex 0 36.5 0
      vertex 21.7744 25.1921 0
    endloop
  endfacet
  facet normal 0 0 -1
    outer loop
      vertex 21.7744 25.1921 0
      vertex 0 36.5 0
      vertex 21.8448 25.2924 0
    endloop
  endfacet
  facet normal 0 0 -1
    outer loop
      vertex 21.8448 25.2924 0
      vertex 0 36.5 0
      vertex 21.9184 25.3903 0
    endloop
  endfacet
  facet normal 0 0 -1
    outer loop
      vertex 21.9184 25.3903 0
      vertex 0 36.5 0
      vertex 21.995 25.486 0
    endloop
  endfacet
  facet normal 0 0 -1
    outer loop
      vertex 21.995 25.486 0
      vertex 0 36.5 0
      vertex 22.0746 25.5791 0
    endloop
  endfacet
  facet normal 0 0 -1
    outer loop
      vertex 22.0746 25.5791 0
      vertex 0 36.5 0
      vertex 22.157 25.6697 0
    endloop
  endfacet
  facet normal 0 0 -1
    outer loop
      vertex 22.157 25.6697 0
      vertex 0 36.5 0
      vertex 22.2423 25.7577 0
    endloop
  endfacet
  facet normal 0 0 -1
    outer loop
      vertex 22.2423 25.7577 0
      vertex 0 36.5 0
      vertex 22.3303 25.843 0
    endloop
  endfacet
  facet normal 0 0 -1
    outer loop
      vertex 22.3303 25.843 0
      vertex 0 36.5 0
      vertex 22.4209 25.9254 0
    endloop
  endfacet
  facet normal 0 0 -1
    outer loop
      vertex 22.4209 25.9254 0
      vertex 0 36.5 0
      vertex 22.514 26.005 0
    endloop
  endfacet
  facet normal 0 0 -1
    outer loop
      vertex 22.514 26.005 0
      vertex 0 36.5 0
      vertex 22.6097 26.0816 0
    endloop
  endfacet
  facet normal 0 0 -1
    outer loop
      vertex 25 26.9 0
      vertex 0 36.5 0
      vertex 50 36.5 0
    endloop
  endfacet
  facet normal 0 0 -1
    outer loop
      vertex 23.5643 26.6261 0
      vertex 0 36.5 0
      vertex 23.6789 26.6694 0
    endloop
  endfacet
  facet normal 0 0 -1
    outer loop
      vertex 23.4511 26.5792 0
      vertex 0 36.5 0
      vertex 23.5643 26.6261 0
    endloop
  endfacet
  facet normal 0 0 -1
    outer loop
      vertex 23.3395 26.5288 0
      vertex 0 36.5 0
      vertex 23.4511 26.5792 0
    endloop
  endfacet
  facet normal 0 0 -1
    outer loop
      vertex 23.2294 26.4749 0
      vertex 0 36.5 0
      vertex 23.3395 26.5288 0
    endloop
  endfacet
  facet normal 0 0 -1
    outer loop
      vertex 23.1212 26.4176 0
      vertex 0 36.5 0
      vertex 23.2294 26.4749 0
    endloop
  endfacet
  facet normal 0 0 -1
    outer loop
      vertex 23.0147 26.3569 0
      vertex 0 36.5 0
      vertex 23.1212 26.4176 0
    endloop
  endfacet
  facet normal 0 0 -1
    outer loop
      vertex 22.9103 26.2929 0
      vertex 0 36.5 0
      vertex 23.0147 26.3569 0
    endloop
  endfacet
  facet normal 0 0 -1
    outer loop
      vertex 22.8079 26.2256 0
      vertex 0 36.5 0
      vertex 22.9103 26.2929 0
    endloop
  endfacet
  facet normal 0 0 -1
    outer loop
      vertex 22.7076 26.1552 0
      vertex 0 36.5 0
      vertex 22.8079 26.2256 0
    endloop
  endfacet
  facet normal 0 0 -1
    outer loop
      vertex 22.6097 26.0816 0
      vertex 0 36.5 0
      vertex 22.7076 26.1552 0
    endloop
  endfacet
  facet normal -1 0 0
    outer loop
      vertex 0 9.5 5
      vertex 0 36.5 5
      vertex 0 36.5 0
    endloop
  endfacet
  facet normal -1 0 0
    outer loop
      vertex 0 36.5 5
      vertex 0 9.5 5
      vertex 0 36.5 25
    endloop
  endfacet
  facet normal -1 0 0
    outer loop
      vertex 0 9.5 5
      vertex 0 36.5 0
      vertex 0 9.5 0
    endloop
  endfacet
  facet normal -1 0 0
    outer loop
      vertex 0 36.5 5
      vertex 0 46 25
      vertex 0 46 5
    endloop
  endfacet
  facet normal -1 -0 0
    outer loop
      vertex 0 46 25
      vertex 0 36.5 5
      vertex 0 36.5 25
    endloop
  endfacet
  facet normal -1 0 0
    outer loop
      vertex 0 36.5 30
      vertex 0 46 47.3033
      vertex 0 46 30
    endloop
  endfacet
  facet normal -1 0 0
    outer loop
      vertex 0 9.5 25
      vertex 0 36.5 25
      vertex 0 9.5 5
    endloop
  endfacet
  facet normal -1 0 0
    outer loop
      vertex 0 36.5 25
      vertex 0 9.5 25
      vertex 0 36.5 30
    endloop
  endfacet
  facet normal -1 0 0
    outer loop
      vertex 0 9.5 30
      vertex 0 36.5 30
      vertex 0 9.5 25
    endloop
  endfacet
  facet normal -1 0 0
    outer loop
      vertex 0 36.5 30
      vertex 0 9.5 30
      vertex 0 46 47.3033
    endloop
  endfacet
  facet normal -1 0 0
    outer loop
      vertex 0 0 47.3033
      vertex 0 9.5 30
      vertex 0 0 30
    endloop
  endfacet
  facet normal -1 0 0
    outer loop
      vertex 0 9.5 30
      vertex 0 0 47.3033
      vertex 0 46 47.3033
    endloop
  endfacet
  facet normal -1 0 0
    outer loop
      vertex 0 0 5
      vertex 0 9.5 25
      vertex 0 9.5 5
    endloop
  endfacet
  facet normal -1 -0 0
    outer loop
      vertex 0 9.5 25
      vertex 0 0 5
      vertex 0 0 25
    endloop
  endfacet
  facet normal 0 1 -0
    outer loop
      vertex 50 46 30
      vertex 45 46 42.7635
      vertex 50 46 47.3033
    endloop
  endfacet
  facet normal 0 1 0
    outer loop
      vertex 45 46 42.7635
      vertex 50 46 30
      vertex 45 46 30
    endloop
  endfacet
  facet normal 0 1 0
    outer loop
      vertex 42.3921 46 60.7635
      vertex 42 46 49.2635
      vertex 36.02 46 60.7635
    endloop
  endfacet
  facet normal 0 1 0
    outer loop
      vertex 5 46 42.7635
      vertex 8 46 49.2635
      vertex 42 46 49.2635
    endloop
  endfacet
  facet normal 0 1 0
    outer loop
      vertex 50 46 47.3033
      vertex 42 46 49.2635
      vertex 42.3921 46 60.7635
    endloop
  endfacet
  facet normal 0 1 -0
    outer loop
      vertex 45 46 42.7635
      vertex 42 46 49.2635
      vertex 50 46 47.3033
    endloop
  endfacet
  facet normal 0 1 0
    outer loop
      vertex 5 46 42.7635
      vertex 42 46 49.2635
      vertex 45 46 42.7635
    endloop
  endfacet
  facet normal 0 1 0
    outer loop
      vertex 8 46 49.2635
      vertex 5 46 42.7635
      vertex 0 46 47.3033
    endloop
  endfacet
  facet normal 0 1 0
    outer loop
      vertex 0 46 30
      vertex 5 46 42.7635
      vertex 5 46 30
    endloop
  endfacet
  facet normal 0 1 0
    outer loop
      vertex 5 46 42.7635
      vertex 0 46 30
      vertex 0 46 47.3033
    endloop
  endfacet
  facet normal 0 1 -0
    outer loop
      vertex 8 46 49.2635
      vertex 7.60791 46 60.7635
      vertex 13.98 46 60.7635
    endloop
  endfacet
  facet normal 0 1 0
    outer loop
      vertex 7.60791 46 60.7635
      vertex 8 46 49.2635
      vertex 0 46 47.3033
    endloop
  endfacet
  facet normal 0 1 -0
    outer loop
      vertex 50 46 5
      vertex 40 46 25
      vertex 50 46 25
    endloop
  endfacet
  facet normal 0 1 0
    outer loop
      vertex 40 46 25
      vertex 50 46 5
      vertex 25 46 10
    endloop
  endfacet
  facet normal 0 1 0
    outer loop
      vertex 0 46 5
      vertex 10 46 25
      vertex 25 46 10
    endloop
  endfacet
  facet normal 0 1 0
    outer loop
      vertex 10 46 25
      vertex 0 46 5
      vertex 0 46 25
    endloop
  endfacet
  facet normal 0 1 0
    outer loop
      vertex 0 46 5
      vertex 25 46 10
      vertex 50 46 5
    endloop
  endfacet
  facet normal 0 -1 0
    outer loop
      vertex 7.60791 0 60.7635
      vertex 8 0 49.2635
      vertex 13.98 0 60.7635
    endloop
  endfacet
  facet normal 0 -1 0
    outer loop
      vertex 5 0 42.7635
      vertex 8 0 49.2635
      vertex 0 0 47.3033
    endloop
  endfacet
  facet normal 0 -1 0
    outer loop
      vertex 0 0 47.3033
      vertex 8 0 49.2635
      vertex 7.60791 0 60.7635
    endloop
  endfacet
  facet normal 0 -1 0
    outer loop
      vertex 42 0 49.2635
      vertex 42.3921 0 60.7635
      vertex 36.02 0 60.7635
    endloop
  endfacet
  facet normal 0 -1 0
    outer loop
      vertex 42 0 49.2635
      vertex 50 0 47.3033
      vertex 42.3921 0 60.7635
    endloop
  endfacet
  facet normal 0 -1 -0
    outer loop
      vertex 8 0 49.2635
      vertex 5 0 42.7635
      vertex 42 0 49.2635
    endloop
  endfacet
  facet normal 0 -1 0
    outer loop
      vertex 45 0 42.7635
      vertex 42 0 49.2635
      vertex 5 0 42.7635
    endloop
  endfacet
  facet normal 0 -1 0
    outer loop
      vertex 0 0 30
      vertex 5 0 42.7635
      vertex 0 0 47.3033
    endloop
  endfacet
  facet normal 0 -1 -0
    outer loop
      vertex 5 0 42.7635
      vertex 0 0 30
      vertex 5 0 30
    endloop
  endfacet
  facet normal 0 -1 0
    outer loop
      vertex 42 0 49.2635
      vertex 45 0 42.7635
      vertex 50 0 47.3033
    endloop
  endfacet
  facet normal 0 -1 0
    outer loop
      vertex 50 0 30
      vertex 45 0 42.7635
      vertex 45 0 30
    endloop
  endfacet
  facet normal 0 -1 0
    outer loop
      vertex 45 0 42.7635
      vertex 50 0 30
      vertex 50 0 47.3033
    endloop
  endfacet
  facet normal 0 -1 0
    outer loop
      vertex 0 0 5
      vertex 10 0 25
      vertex 0 0 25
    endloop
  endfacet
  facet normal 0 -1 -0
    outer loop
      vertex 10 0 25
      vertex 0 0 5
      vertex 25 0 10
    endloop
  endfacet
  facet normal 0 -1 0
    outer loop
      vertex 50 0 5
      vertex 40 0 25
      vertex 25 0 10
    endloop
  endfacet
  facet normal 0 -1 0
    outer loop
      vertex 40 0 25
      vertex 50 0 5
      vertex 50 0 25
    endloop
  endfacet
  facet normal 0 -1 0
    outer loop
      vertex 50 0 5
      vertex 25 0 10
      vertex 0 0 5
    endloop
  endfacet
  facet normal -0.707107 0 0.707107
    outer loop
      vertex 25 46 10
      vertex 40 36.5 25
      vertex 40 46 25
    endloop
  endfacet
  facet normal -0.707107 0 0.707107
    outer loop
      vertex 25 46 10
      vertex 40 9.5 25
      vertex 40 36.5 25
    endloop
  endfacet
  facet normal -0.707107 0 0.707107
    outer loop
      vertex 25 0 10
      vertex 40 9.5 25
      vertex 25 46 10
    endloop
  endfacet
  facet normal -0.707107 0 0.707107
    outer loop
      vertex 40 9.5 25
      vertex 25 0 10
      vertex 40 0 25
    endloop
  endfacet
  facet normal 0.707107 -0 0.707107
    outer loop
      vertex 10 36.5 25
      vertex 25 46 10
      vertex 10 46 25
    endloop
  endfacet
  facet normal 0.707107 -0 0.707107
    outer loop
      vertex 10 9.5 25
      vertex 25 46 10
      vertex 10 36.5 25
    endloop
  endfacet
  facet normal 0.707107 0 0.707107
    outer loop
      vertex 25 0 10
      vertex 10 9.5 25
      vertex 10 0 25
    endloop
  endfacet
  facet normal 0.707107 0 0.707107
    outer loop
      vertex 10 9.5 25
      vertex 25 0 10
      vertex 25 46 10
    endloop
  endfacet
  facet normal 0 0 -1
    outer loop
      vertex 0 0 5
      vertex 50 9.5 5
      vertex 50 0 5
    endloop
  endfacet
  facet normal -0 0 -1
    outer loop
      vertex 50 9.5 5
      vertex 0 0 5
      vertex 0 9.5 5
    endloop
  endfacet
  facet normal 0 -1 0
    outer loop
      vertex 0 9.5 0
      vertex 50 9.5 5
      vertex 0 9.5 5
    endloop
  endfacet
  facet normal 0 -1 -0
    outer loop
      vertex 50 9.5 5
      vertex 0 9.5 0
      vertex 50 9.5 0
    endloop
  endfacet
  facet normal 0 0 -1
    outer loop
      vertex 0 36.5 5
      vertex 50 46 5
      vertex 50 36.5 5
    endloop
  endfacet
  facet normal -0 0 -1
    outer loop
      vertex 50 46 5
      vertex 0 36.5 5
      vertex 0 46 5
    endloop
  endfacet
  facet normal 0 1 -0
    outer loop
      vertex 50 36.5 0
      vertex 0 36.5 5
      vertex 50 36.5 5
    endloop
  endfacet
  facet normal 0 1 0
    outer loop
      vertex 0 36.5 5
      vertex 50 36.5 0
      vertex 0 36.5 0
    endloop
  endfacet
  facet normal 1 0 0
    outer loop
      vertex 5 46 42.7635
      vertex 5 36.5 30
      vertex 5 46 30
    endloop
  endfacet
  facet normal 1 0 0
    outer loop
      vertex 5 36.5 30
      vertex 5 9.5 30
      vertex 5 36.5 25
    endloop
  endfacet
  facet normal 1 0 0
    outer loop
      vertex 5 46 42.7635
      vertex 5 9.5 30
      vertex 5 36.5 30
    endloop
  endfacet
  facet normal 1 -0 0
    outer loop
      vertex 5 0 42.7635
      vertex 5 9.5 30
      vertex 5 46 42.7635
    endloop
  endfacet
  facet normal 1 0 0
    outer loop
      vertex 5 9.5 30
      vertex 5 0 42.7635
      vertex 5 0 30
    endloop
  endfacet
  facet normal 1 0 0
    outer loop
      vertex 5 36.5 25
      vertex 5 9.5 30
      vertex 5 9.5 25
    endloop
  endfacet
  facet normal 0 0 -1
    outer loop
      vertex 5 0 42.7635
      vertex 45 46 42.7635
      vertex 45 0 42.7635
    endloop
  endfacet
  facet normal -0 0 -1
    outer loop
      vertex 45 46 42.7635
      vertex 5 0 42.7635
      vertex 5 46 42.7635
    endloop
  endfacet
  facet normal -1 0 0
    outer loop
      vertex 45 36.5 25
      vertex 45 9.5 25
      vertex 45 36.5 30
    endloop
  endfacet
  facet normal -1 0 0
    outer loop
      vertex 45 36.5 30
      vertex 45 46 42.7635
      vertex 45 46 30
    endloop
  endfacet
  facet normal -1 0 0
    outer loop
      vertex 45 9.5 30
      vertex 45 36.5 30
      vertex 45 9.5 25
    endloop
  endfacet
  facet normal -1 0 0
    outer loop
      vertex 45 36.5 30
      vertex 45 9.5 30
      vertex 45 46 42.7635
    endloop
  endfacet
  facet normal -1 0 0
    outer loop
      vertex 45 0 42.7635
      vertex 45 9.5 30
      vertex 45 0 30
    endloop
  endfacet
  facet normal -1 0 0
    outer loop
      vertex 45 9.5 30
      vertex 45 0 42.7635
      vertex 45 46 42.7635
    endloop
  endfacet
  facet normal -0 0 1
    outer loop
      vertex 7.60791 46 60.7635
      vertex 13.98 0 60.7635
      vertex 13.98 46 60.7635
    endloop
  endfacet
  facet normal 0 0 1
    outer loop
      vertex 13.98 0 60.7635
      vertex 7.60791 46 60.7635
      vertex 7.60791 0 60.7635
    endloop
  endfacet
  facet normal -0 0 1
    outer loop
      vertex 36.02 46 60.7635
      vertex 42.3921 0 60.7635
      vertex 42.3921 46 60.7635
    endloop
  endfacet
  facet normal 0 0 1
    outer loop
      vertex 42.3921 0 60.7635
      vertex 36.02 46 60.7635
      vertex 36.02 0 60.7635
    endloop
  endfacet
  facet normal -0.0846697 0.985084 -0.149804
    outer loop
      vertex 9.5431 5.34783 55.042
      vertex 5.58445 5.33324 57.1835
      vertex 5.62557 5.34783 57.2562
    endloop
  endfacet
  facet normal -0.0845917 0.985112 -0.14966
    outer loop
      vertex 5.58445 5.33324 57.1835
      vertex 9.5431 5.34783 55.042
      vertex 9.50199 5.33324 54.9692
    endloop
  endfacet
  facet normal 0.159299 0.946148 0.281831
    outer loop
      vertex 8.88361 5.43215 53.8752
      vertex 4.92659 5.45962 56.0196
      vertex 4.96608 5.43215 56.0895
    endloop
  endfacet
  facet normal 0.159299 0.946148 0.281831
    outer loop
      vertex 4.92659 5.45962 56.0196
      vertex 8.88361 5.43215 53.8752
      vertex 8.84412 5.45962 53.8053
    endloop
  endfacet
  facet normal 0.331219 -0.739532 0.585992
    outer loop
      vertex 4.46716 9.96821 55.2068
      vertex 8.41557 10.0253 53.0471
      vertex 4.49803 10.0253 55.2614
    endloop
  endfacet
  facet normal 0.331219 -0.739532 0.585992
    outer loop
      vertex 8.41557 10.0253 53.0471
      vertex 4.46716 9.96821 55.2068
      vertex 8.3847 9.96821 52.9925
    endloop
  endfacet
  facet normal -0.427366 0.495653 -0.7561
    outer loop
      vertex 10.4377 6.62559 56.6247
      vertex 6.54084 6.69927 58.8756
      vertex 10.4584 6.69927 56.6613
    endloop
  endfacet
  facet normal -0.427405 0.495522 -0.756163
    outer loop
      vertex 6.54084 6.69927 58.8756
      vertex 10.4377 6.62559 56.6247
      vertex 6.52017 6.62559 58.839
    endloop
  endfacet
  facet normal 0.48472 -0.171936 0.857604
    outer loop
      vertex 4.0716 8.50593 54.5069
      vertex 7.98196 8.42237 52.28
      vertex 7.98913 8.50593 52.2927
    endloop
  endfacet
  facet normal 0.48472 -0.171936 0.857604
    outer loop
      vertex 7.98196 8.42237 52.28
      vertex 4.0716 8.50593 54.5069
      vertex 4.06443 8.42237 54.4942
    endloop
  endfacet
  facet normal 0.283078 -0.817937 0.500845
    outer loop
      vertex 4.59572 10.1843 55.4342
      vertex 8.5474 10.2331 53.2804
      vertex 4.62986 10.2331 55.4946
    endloop
  endfacet
  facet normal 0.282838 -0.818295 0.500395
    outer loop
      vertex 8.5474 10.2331 53.2804
      vertex 4.59572 10.1843 55.4342
      vertex 8.51325 10.1843 53.2199
    endloop
  endfacet
  facet normal 0.129734 0.964618 0.229524
    outer loop
      vertex 8.96376 5.38483 54.017
      vertex 5.00597 5.40721 56.16
      vertex 5.04623 5.38483 56.2313
    endloop
  endfacet
  facet normal 0.129858 0.964547 0.229754
    outer loop
      vertex 5.00597 5.40721 56.16
      vertex 8.96376 5.38483 54.017
      vertex 8.9235 5.40721 53.9458
    endloop
  endfacet
  facet normal -0.465574 -0.323674 -0.823696
    outer loop
      vertex 6.64015 8.83435 59.0513
      vertex 10.5442 8.91459 56.8131
      vertex 10.5577 8.83435 56.837
    endloop
  endfacet
  facet normal -0.465555 -0.323778 -0.823666
    outer loop
      vertex 10.5442 8.91459 56.8131
      vertex 6.64015 8.83435 59.0513
      vertex 6.62663 8.91459 59.0274
    endloop
  endfacet
  facet normal 0.419733 0.521904 0.74259
    outer loop
      vertex 8.15061 6.62559 52.5784
      vertex 4.25489 6.55327 54.8312
      vertex 8.17242 6.55327 52.6169
    endloop
  endfacet
  facet normal 0.419494 0.522651 0.7422
    outer loop
      vertex 4.25489 6.55327 54.8312
      vertex 8.15061 6.62559 52.5784
      vertex 4.23308 6.62559 54.7926
    endloop
  endfacet
  facet normal 0.374073 0.649677 0.661808
    outer loop
      vertex 8.27049 6.27896 52.7904
      vertex 4.38006 6.21446 55.0527
      vertex 8.29759 6.21446 52.8384
    endloop
  endfacet
  facet normal 0.374058 0.64971 0.661783
    outer loop
      vertex 4.38006 6.21446 55.0527
      vertex 8.27049 6.27896 52.7904
      vertex 4.35295 6.27896 55.0047
    endloop
  endfacet
  facet normal 0.30771 0.780331 0.544425
    outer loop
      vertex 8.47988 5.86658 53.1609
      vertex 4.52977 5.91961 55.3175
      vertex 4.56234 5.86658 55.3751
    endloop
  endfacet
  facet normal 0.307696 0.780354 0.5444
    outer loop
      vertex 4.52977 5.91961 55.3175
      vertex 8.47988 5.86658 53.1609
      vertex 8.4473 5.91961 53.1033
    endloop
  endfacet
  facet normal 0.474593 0.263984 0.839687
    outer loop
      vertex 8.00734 7.32854 52.3249
      vertex 4.10082 7.24672 54.5586
      vertex 8.01835 7.24672 52.3444
    endloop
  endfacet
  facet normal 0.474593 0.263984 0.839687
    outer loop
      vertex 4.10082 7.24672 54.5586
      vertex 8.00734 7.32854 52.3249
      vertex 4.08981 7.32854 54.5391
    endloop
  endfacet
  facet normal -0.490539 0.0786704 -0.867861
    outer loop
      vertex 10.6168 7.74591 56.9416
      vertex 6.70256 7.83047 59.1617
      vertex 10.6201 7.83047 56.9474
    endloop
  endfacet
  facet normal -0.490545 0.0785551 -0.867868
    outer loop
      vertex 6.70256 7.83047 59.1617
      vertex 10.6168 7.74591 56.9416
      vertex 6.69928 7.74591 59.1559
    endloop
  endfacet
  facet normal -0.393271 0.600988 -0.695809
    outer loop
      vertex 10.3439 6.34515 56.4588
      vertex 6.45145 6.41298 58.7174
      vertex 10.369 6.41298 56.5032
    endloop
  endfacet
  facet normal -0.393585 0.600184 -0.696326
    outer loop
      vertex 6.45145 6.41298 58.7174
      vertex 10.3439 6.34515 56.4588
      vertex 6.42639 6.34515 58.6731
    endloop
  endfacet
  facet normal 0.487142 0.14086 0.861888
    outer loop
      vertex 7.97608 7.6616 52.2696
      vertex 4.06443 7.57763 54.4942
      vertex 7.98196 7.57763 52.28
    endloop
  endfacet
  facet normal 0.487137 0.140917 0.861882
    outer loop
      vertex 4.06443 7.57763 54.4942
      vertex 7.97608 7.6616 52.2696
      vertex 4.05854 7.6616 54.4838
    endloop
  endfacet
  facet normal 0.478381 -0.234048 0.846388
    outer loop
      vertex 4.08981 8.67146 54.5391
      vertex 7.9976 8.58899 52.3076
      vertex 8.00734 8.67146 52.3249
    endloop
  endfacet
  facet normal 0.478505 -0.233133 0.846571
    outer loop
      vertex 7.9976 8.58899 52.3076
      vertex 4.08981 8.67146 54.5391
      vertex 4.08006 8.58899 54.5219
    endloop
  endfacet
  facet normal -0.053951 -0.993971 -0.0954502
    outer loop
      vertex 5.50165 10.688 57.037
      vertex 9.46067 10.6787 54.8961
      vertex 5.54313 10.6787 57.1104
    endloop
  endfacet
  facet normal -0.053948 -0.993972 -0.0954446
    outer loop
      vertex 9.46067 10.6787 54.8961
      vertex 5.50165 10.688 57.037
      vertex 9.41918 10.688 54.8227
    endloop
  endfacet
  facet normal -0.0690441 -0.990107 -0.122153
    outer loop
      vertex 5.54313 10.6787 57.1104
      vertex 9.50199 10.6668 54.9692
      vertex 5.58445 10.6668 57.1835
    endloop
  endfacet
  facet normal -0.0690441 -0.990107 -0.122153
    outer loop
      vertex 9.50199 10.6668 54.9692
      vertex 5.54313 10.6787 57.1104
      vertex 9.46067 10.6787 54.8961
    endloop
  endfacet
  facet normal 0.243761 -0.868664 0.431281
    outer loop
      vertex 4.70033 10.324 55.6193
      vertex 8.65412 10.366 53.4692
      vertex 4.73659 10.366 55.6834
    endloop
  endfacet
  facet normal 0.243564 -0.868902 0.430914
    outer loop
      vertex 8.65412 10.366 53.4692
      vertex 4.70033 10.324 55.6193
      vertex 8.61787 10.324 53.405
    endloop
  endfacet
  facet normal -0.084726 -0.985064 -0.149904
    outer loop
      vertex 5.58445 10.6668 57.1835
      vertex 9.5431 10.6522 55.042
      vertex 5.62557 10.6522 57.2562
    endloop
  endfacet
  facet normal -0.084648 -0.985092 -0.149759
    outer loop
      vertex 9.5431 10.6522 55.042
      vertex 5.58445 10.6668 57.1835
      vertex 9.50199 10.6668 54.9692
    endloop
  endfacet
  facet normal 0.489077 -0.109703 0.865314
    outer loop
      vertex 4.05854 8.3384 54.4838
      vertex 7.9715 8.25409 52.2615
      vertex 7.97608 8.3384 52.2696
    endloop
  endfacet
  facet normal 0.489077 -0.109703 0.865314
    outer loop
      vertex 7.9715 8.25409 52.2615
      vertex 4.05854 8.3384 54.4838
      vertex 4.05396 8.25409 54.4757
    endloop
  endfacet
  facet normal -0.188543 -0.923679 -0.333569
    outer loop
      vertex 5.8657 10.5104 57.6811
      vertex 9.82179 10.4779 55.535
      vertex 5.90426 10.4779 57.7493
    endloop
  endfacet
  facet normal -0.188543 -0.923679 -0.333569
    outer loop
      vertex 9.82179 10.4779 55.535
      vertex 5.8657 10.5104 57.6811
      vertex 9.78323 10.5104 55.4668
    endloop
  endfacet
  facet normal 0.48472 0.171936 0.857604
    outer loop
      vertex 7.98196 7.57763 52.28
      vertex 4.0716 7.49407 54.5069
      vertex 7.98913 7.49407 52.2927
    endloop
  endfacet
  facet normal 0.48472 0.171936 0.857604
    outer loop
      vertex 4.0716 7.49407 54.5069
      vertex 7.98196 7.57763 52.28
      vertex 4.06443 7.57763 54.4942
    endloop
  endfacet
  facet normal -0.374324 0.649083 -0.662248
    outer loop
      vertex 10.2907 6.21446 56.3647
      vertex 6.40029 6.27896 58.6269
      vertex 10.3178 6.27896 56.4126
    endloop
  endfacet
  facet normal -0.374061 0.649677 -0.661814
    outer loop
      vertex 6.40029 6.27896 58.6269
      vertex 10.2907 6.21446 56.3647
      vertex 6.37319 6.21446 58.5789
    endloop
  endfacet
  facet normal 0.490526 0.0785551 0.867878
    outer loop
      vertex 7.96822 7.83047 52.2557
      vertex 4.05396 7.74591 54.4757
      vertex 7.9715 7.74591 52.2615
    endloop
  endfacet
  facet normal 0.49053 0.0784975 0.867882
    outer loop
      vertex 4.05396 7.74591 54.4757
      vertex 7.96822 7.83047 52.2557
      vertex 4.05069 7.83047 54.4699
    endloop
  endfacet
  facet normal 0.470306 0.293968 0.832103
    outer loop
      vertex 8.01835 7.24672 52.3444
      vertex 4.11309 7.16565 54.5803
      vertex 8.03063 7.16565 52.3661
    endloop
  endfacet
  facet normal 0.470315 0.293915 0.832117
    outer loop
      vertex 4.11309 7.16565 54.5803
      vertex 8.01835 7.24672 52.3444
      vertex 4.10082 7.24672 54.5586
    endloop
  endfacet
  facet normal 0.448444 -0.411626 0.793386
    outer loop
      vertex 4.17451 9.1496 54.689
      vertex 8.07487 9.0723 52.4443
      vertex 8.09204 9.1496 52.4747
    endloop
  endfacet
  facet normal 0.448444 -0.411626 0.793386
    outer loop
      vertex 8.07487 9.0723 52.4443
      vertex 4.17451 9.1496 54.689
      vertex 4.15734 9.0723 54.6586
    endloop
  endfacet
  facet normal 0.490526 -0.0785551 0.867878
    outer loop
      vertex 4.05396 8.25409 54.4757
      vertex 7.96822 8.16953 52.2557
      vertex 7.9715 8.25409 52.2615
    endloop
  endfacet
  facet normal 0.49053 -0.0784975 0.867882
    outer loop
      vertex 7.96822 8.16953 52.2557
      vertex 4.05396 8.25409 54.4757
      vertex 4.05069 8.16953 54.4699
    endloop
  endfacet
  facet normal -0.470303 -0.294074 -0.832067
    outer loop
      vertex 6.65243 8.75328 59.073
      vertex 10.5577 8.83435 56.837
      vertex 10.57 8.75328 56.8587
    endloop
  endfacet
  facet normal -0.470321 -0.293968 -0.832094
    outer loop
      vertex 10.5577 8.83435 56.837
      vertex 6.65243 8.75328 59.073
      vertex 6.64015 8.83435 59.0513
    endloop
  endfacet
  facet normal 0.411119 0.54945 0.727383
    outer loop
      vertex 8.17242 6.55327 52.6169
      vertex 4.2778 6.48238 54.8717
      vertex 8.19533 6.48238 52.6575
    endloop
  endfacet
  facet normal 0.411365 0.548733 0.727785
    outer loop
      vertex 4.2778 6.48238 54.8717
      vertex 8.17242 6.55327 52.6169
      vertex 4.25489 6.55327 54.8312
    endloop
  endfacet
  facet normal 0.491983 -0.016145 0.870455
    outer loop
      vertex 4.04872 8.08481 54.4664
      vertex 7.9656 8 52.251
      vertex 7.96626 8.08481 52.2522
    endloop
  endfacet
  facet normal 0.492009 -0.0150609 0.87046
    outer loop
      vertex 7.9656 8 52.251
      vertex 4.04872 8.08481 54.4664
      vertex 4.04807 8 54.4653
    endloop
  endfacet
  facet normal 0.173984 -0.935404 0.307812
    outer loop
      vertex 4.88755 10.5104 55.9505
      vertex 8.84412 10.5404 53.8053
      vertex 4.92659 10.5404 56.0196
    endloop
  endfacet
  facet normal 0.174145 -0.935276 0.308111
    outer loop
      vertex 8.84412 10.5404 53.8053
      vertex 4.88755 10.5104 55.9505
      vertex 8.80508 10.5104 53.7363
    endloop
  endfacet
  facet normal 0.411119 -0.54945 0.727383
    outer loop
      vertex 4.2778 9.51762 54.8717
      vertex 8.17242 9.44673 52.6169
      vertex 8.19533 9.51762 52.6575
    endloop
  endfacet
  facet normal 0.411365 -0.548733 0.727785
    outer loop
      vertex 8.17242 9.44673 52.6169
      vertex 4.2778 9.51762 54.8717
      vertex 4.25489 9.44673 54.8312
    endloop
  endfacet
  facet normal -0.307707 0.780354 -0.544393
    outer loop
      vertex 10.141 5.91961 56.0998
      vertex 6.1909 5.86658 58.2565
      vertex 6.22348 5.91961 58.3141
    endloop
  endfacet
  facet normal -0.307681 0.780399 -0.544343
    outer loop
      vertex 6.1909 5.86658 58.2565
      vertex 10.141 5.91961 56.0998
      vertex 10.1084 5.86658 56.0422
    endloop
  endfacet
  facet normal -0.159457 -0.946033 -0.282125
    outer loop
      vertex 5.78717 10.5679 57.5421
      vertex 9.74419 10.5404 55.3978
      vertex 5.82665 10.5404 57.612
    endloop
  endfacet
  facet normal -0.159449 -0.946039 -0.282109
    outer loop
      vertex 9.74419 10.5404 55.3978
      vertex 5.78717 10.5679 57.5421
      vertex 9.7047 10.5679 55.3279
    endloop
  endfacet
  facet normal -0.490539 -0.0786704 -0.867861
    outer loop
      vertex 6.70256 8.16953 59.1617
      vertex 10.6168 8.25409 56.9416
      vertex 10.6201 8.16953 56.9474
    endloop
  endfacet
  facet normal -0.490545 -0.0785551 -0.867868
    outer loop
      vertex 10.6168 8.25409 56.9416
      vertex 6.70256 8.16953 59.1617
      vertex 6.69928 8.25409 59.1559
    endloop
  endfacet
  facet normal 0.256985 0.852787 0.454658
    outer loop
      vertex 8.61787 5.676 53.405
      vertex 4.66475 5.72031 55.5563
      vertex 4.70033 5.676 55.6193
    endloop
  endfacet
  facet normal 0.257189 0.852522 0.455038
    outer loop
      vertex 4.66475 5.72031 55.5563
      vertex 8.61787 5.676 53.405
      vertex 8.58228 5.72031 53.3421
    endloop
  endfacet
  facet normal -0.489089 0.109817 -0.865293
    outer loop
      vertex 10.6122 7.6616 56.9335
      vertex 6.69928 7.74591 59.1559
      vertex 10.6168 7.74591 56.9416
    endloop
  endfacet
  facet normal -0.489098 0.109703 -0.865303
    outer loop
      vertex 6.69928 7.74591 59.1559
      vertex 10.6122 7.6616 56.9335
      vertex 6.6947 7.6616 59.1478
    endloop
  endfacet
  facet normal 0.491497 -0.047296 0.869594
    outer loop
      vertex 4.05069 8.16953 54.4699
      vertex 7.96626 8.08481 52.2522
      vertex 7.96822 8.16953 52.2557
    endloop
  endfacet
  facet normal 0.491495 -0.0473538 0.869592
    outer loop
      vertex 7.96626 8.08481 52.2522
      vertex 4.05069 8.16953 54.4699
      vertex 4.04872 8.08481 54.4664
    endloop
  endfacet
  facet normal -0.00771802 0.999877 -0.0136553
    outer loop
      vertex 9.33589 5.30133 54.6754
      vertex 5.37662 5.3 56.8158
      vertex 5.41835 5.30133 56.8896
    endloop
  endfacet
  facet normal -0.00771037 0.999877 -0.0136412
    outer loop
      vertex 5.37662 5.3 56.8158
      vertex 9.33589 5.30133 54.6754
      vertex 9.29416 5.3 54.6015
    endloop
  endfacet
  facet normal 0.474593 -0.263984 0.839687
    outer loop
      vertex 4.10082 8.75328 54.5586
      vertex 8.00734 8.67146 52.3249
      vertex 8.01835 8.75328 52.3444
    endloop
  endfacet
  facet normal 0.474593 -0.263984 0.839687
    outer loop
      vertex 8.00734 8.67146 52.3249
      vertex 4.10082 8.75328 54.5586
      vertex 4.08981 8.67146 54.5391
    endloop
  endfacet
  facet normal 0.319724 -0.760121 0.565679
    outer loop
      vertex 4.49803 10.0253 55.2614
      vertex 8.4473 10.0804 53.1033
      vertex 4.52977 10.0804 55.3175
    endloop
  endfacet
  facet normal 0.319499 -0.760529 0.565257
    outer loop
      vertex 8.4473 10.0804 53.1033
      vertex 4.49803 10.0253 55.2614
      vertex 8.41557 10.0253 53.0471
    endloop
  endfacet
  facet normal -0.402727 0.57458 -0.712509
    outer loop
      vertex 10.369 6.41298 56.5032
      vertex 6.47544 6.48238 58.7599
      vertex 10.393 6.48238 56.5456
    endloop
  endfacet
  facet normal -0.40249 0.575228 -0.71212
    outer loop
      vertex 6.47544 6.48238 58.7599
      vertex 10.369 6.41298 56.5032
      vertex 6.45145 6.41298 58.7174
    endloop
  endfacet
  facet normal -0.282957 0.818123 -0.500611
    outer loop
      vertex 10.0751 5.81565 55.9831
      vertex 6.12338 5.76688 58.137
      vertex 6.15753 5.81565 58.1974
    endloop
  endfacet
  facet normal -0.282892 0.818219 -0.50049
    outer loop
      vertex 6.12338 5.76688 58.137
      vertex 10.0751 5.81565 55.9831
      vertex 10.0409 5.76688 55.9227
    endloop
  endfacet
  facet normal 0.45471 0.382183 0.804472
    outer loop
      vertex 8.0589 7.00606 52.4161
      vertex 4.15734 6.9277 54.6586
      vertex 8.07487 6.9277 52.4443
    endloop
  endfacet
  facet normal 0.454505 0.383108 0.804147
    outer loop
      vertex 4.15734 6.9277 54.6586
      vertex 8.0589 7.00606 52.4161
      vertex 4.14136 7.00606 54.6303
    endloop
  endfacet
  facet normal 0.38417 0.624865 0.679674
    outer loop
      vertex 8.24439 6.34515 52.7443
      vertex 4.35295 6.27896 55.0047
      vertex 8.27049 6.27896 52.7904
    endloop
  endfacet
  facet normal 0.383925 0.625455 0.67927
    outer loop
      vertex 4.35295 6.27896 55.0047
      vertex 8.24439 6.34515 52.7443
      vertex 4.32686 6.34515 54.9585
    endloop
  endfacet
  facet normal -0.31974 -0.760096 -0.565703
    outer loop
      vertex 6.22348 10.0804 58.3141
      vertex 10.1727 10.0253 56.156
      vertex 6.25521 10.0253 58.3702
    endloop
  endfacet
  facet normal -0.319542 -0.760456 -0.565331
    outer loop
      vertex 10.1727 10.0253 56.156
      vertex 6.22348 10.0804 58.3141
      vertex 10.141 10.0804 56.0998
    endloop
  endfacet
  facet normal 0.353322 0.695976 0.625125
    outer loop
      vertex 8.35473 6.09081 52.9395
      vertex 4.40815 6.15172 55.1023
      vertex 4.43719 6.09081 55.1537
    endloop
  endfacet
  facet normal 0.353308 0.696006 0.625099
    outer loop
      vertex 4.40815 6.15172 55.1023
      vertex 8.35473 6.09081 52.9395
      vertex 8.32568 6.15172 52.8881
    endloop
  endfacet
  facet normal -0.173975 -0.935412 -0.307795
    outer loop
      vertex 5.82665 10.5404 57.612
      vertex 9.78323 10.5104 55.4668
      vertex 5.8657 10.5104 57.6811
    endloop
  endfacet
  facet normal -0.174145 -0.935276 -0.308111
    outer loop
      vertex 9.78323 10.5104 55.4668
      vertex 5.82665 10.5404 57.612
      vertex 9.74419 10.5404 55.3978
    endloop
  endfacet
  facet normal 0.342231 -0.718525 0.605475
    outer loop
      vertex 4.43719 9.90919 55.1537
      vertex 8.3847 9.96821 52.9925
      vertex 4.46716 9.96821 55.2068
    endloop
  endfacet
  facet normal 0.342471 -0.718028 0.605928
    outer loop
      vertex 8.3847 9.96821 52.9925
      vertex 4.43719 9.90919 55.1537
      vertex 8.35473 9.90919 52.9395
    endloop
  endfacet
  facet normal 0.295215 -0.800036 0.522293
    outer loop
      vertex 4.56234 10.1334 55.3751
      vertex 8.51325 10.1843 53.2199
      vertex 4.59572 10.1843 55.4342
    endloop
  endfacet
  facet normal 0.295461 -0.799645 0.522753
    outer loop
      vertex 8.51325 10.1843 53.2199
      vertex 4.56234 10.1334 55.3751
      vertex 8.47988 10.1334 53.1609
    endloop
  endfacet
  facet normal 0.202466 -0.911427 0.358202
    outer loop
      vertex 4.81095 10.443 55.815
      vertex 8.76652 10.4779 53.668
      vertex 4.84899 10.4779 55.8823
    endloop
  endfacet
  facet normal 0.202476 -0.911417 0.358221
    outer loop
      vertex 8.76652 10.4779 53.668
      vertex 4.81095 10.443 55.815
      vertex 8.72849 10.443 53.6007
    endloop
  endfacet
  facet normal -0.129734 0.964618 -0.229524
    outer loop
      vertex 9.66481 5.40721 55.2573
      vertex 5.70702 5.38483 57.4003
      vertex 5.74728 5.40721 57.4716
    endloop
  endfacet
  facet normal -0.129858 0.964547 -0.229754
    outer loop
      vertex 5.70702 5.38483 57.4003
      vertex 9.66481 5.40721 55.2573
      vertex 9.62455 5.38483 55.1861
    endloop
  endfacet
  facet normal -0.383926 0.62549 -0.679237
    outer loop
      vertex 10.3178 6.27896 56.4126
      vertex 6.42639 6.34515 58.6731
      vertex 10.3439 6.34515 56.4588
    endloop
  endfacet
  facet normal -0.383926 0.62549 -0.679237
    outer loop
      vertex 6.42639 6.34515 58.6731
      vertex 10.3178 6.27896 56.4126
      vertex 6.40029 6.27896 58.6269
    endloop
  endfacet
  facet normal 0.230171 0.883852 0.407218
    outer loop
      vertex 8.691 5.59428 53.5344
      vertex 4.73659 5.63397 55.6834
      vertex 4.77347 5.59428 55.7487
    endloop
  endfacet
  facet normal 0.230372 0.883627 0.407592
    outer loop
      vertex 4.73659 5.63397 55.6834
      vertex 8.691 5.59428 53.5344
      vertex 8.65412 5.63397 53.4692
    endloop
  endfacet
  facet normal 0.216428 -0.898077 0.382904
    outer loop
      vertex 4.77347 10.4057 55.7487
      vertex 8.72849 10.443 53.6007
      vertex 4.81095 10.443 55.815
    endloop
  endfacet
  facet normal 0.216417 -0.898089 0.382884
    outer loop
      vertex 8.72849 10.443 53.6007
      vertex 4.77347 10.4057 55.7487
      vertex 8.691 10.4057 53.5344
    endloop
  endfacet
  facet normal -0.454502 -0.383207 -0.804102
    outer loop
      vertex 6.61188 8.99394 59.0013
      vertex 10.5134 9.0723 56.7587
      vertex 10.5294 8.99394 56.787
    endloop
  endfacet
  facet normal -0.454535 -0.383059 -0.804154
    outer loop
      vertex 10.5134 9.0723 56.7587
      vertex 6.61188 8.99394 59.0013
      vertex 6.59591 9.0723 58.973
    endloop
  endfacet
  facet normal 0.44186 0.440055 0.781736
    outer loop
      vertex 8.09204 6.8504 52.4747
      vertex 4.19287 6.77423 54.7215
      vertex 8.1104 6.77423 52.5072
    endloop
  endfacet
  facet normal 0.44186 0.440055 0.781736
    outer loop
      vertex 4.19287 6.77423 54.7215
      vertex 8.09204 6.8504 52.4747
      vertex 4.17451 6.8504 54.689
    endloop
  endfacet
  facet normal 0.216475 0.898031 0.382987
    outer loop
      vertex 8.72849 5.55697 53.6007
      vertex 4.77347 5.59428 55.7487
      vertex 4.81095 5.55697 55.815
    endloop
  endfacet
  facet normal 0.216464 0.898042 0.382967
    outer loop
      vertex 4.77347 5.59428 55.7487
      vertex 8.72849 5.55697 53.6007
      vertex 8.691 5.59428 53.5344
    endloop
  endfacet
  facet normal 0.307604 -0.780504 0.544237
    outer loop
      vertex 4.52977 10.0804 55.3175
      vertex 8.47988 10.1334 53.1609
      vertex 4.56234 10.1334 55.3751
    endloop
  endfacet
  facet normal 0.30759 -0.780526 0.544212
    outer loop
      vertex 8.47988 10.1334 53.1609
      vertex 4.52977 10.0804 55.3175
      vertex 8.4473 10.0804 53.1033
    endloop
  endfacet
  facet normal -0.159302 0.946142 -0.281849
    outer loop
      vertex 9.74419 5.45962 55.3978
      vertex 5.78717 5.43215 57.5421
      vertex 5.82665 5.45962 57.612
    endloop
  endfacet
  facet normal -0.159293 0.946148 -0.281834
    outer loop
      vertex 5.78717 5.43215 57.5421
      vertex 9.74419 5.45962 55.3978
      vertex 9.7047 5.43215 55.3279
    endloop
  endfacet
  facet normal -0.319707 0.760154 -0.565644
    outer loop
      vertex 10.1727 5.9747 56.156
      vertex 6.22348 5.91961 58.3141
      vertex 6.25521 5.9747 58.3702
    endloop
  endfacet
  facet normal -0.319509 0.760514 -0.565272
    outer loop
      vertex 6.22348 5.91961 58.3141
      vertex 10.1727 5.9747 56.156
      vertex 10.141 5.91961 56.0998
    endloop
  endfacet
  facet normal 0.489077 0.109703 0.865314
    outer loop
      vertex 7.9715 7.74591 52.2615
      vertex 4.05854 7.6616 54.4838
      vertex 7.97608 7.6616 52.2696
    endloop
  endfacet
  facet normal 0.489077 0.109703 0.865314
    outer loop
      vertex 4.05854 7.6616 54.4838
      vertex 7.9715 7.74591 52.2615
      vertex 4.05396 7.74591 54.4757
    endloop
  endfacet
  facet normal 0.393328 0.60084 0.695905
    outer loop
      vertex 8.21933 6.41298 52.6999
      vertex 4.32686 6.34515 54.9585
      vertex 8.24439 6.34515 52.7443
    endloop
  endfacet
  facet normal 0.393584 0.600184 0.696327
    outer loop
      vertex 4.32686 6.34515 54.9585
      vertex 8.21933 6.41298 52.6999
      vertex 4.3018 6.41298 54.9142
    endloop
  endfacet
  facet normal -0.484718 -0.172105 -0.857571
    outer loop
      vertex 6.68882 8.42237 59.1374
      vertex 10.5992 8.50593 56.9104
      vertex 10.6064 8.42237 56.9231
    endloop
  endfacet
  facet normal -0.484729 -0.171993 -0.857587
    outer loop
      vertex 10.5992 8.50593 56.9104
      vertex 6.68882 8.42237 59.1374
      vertex 6.68164 8.50593 59.1247
    endloop
  endfacet
  facet normal 0.460281 0.353481 0.814366
    outer loop
      vertex 8.04414 7.08541 52.39
      vertex 4.14136 7.00606 54.6303
      vertex 8.0589 7.00606 52.4161
    endloop
  endfacet
  facet normal 0.460291 0.35343 0.814383
    outer loop
      vertex 4.14136 7.00606 54.6303
      vertex 8.04414 7.08541 52.39
      vertex 4.12661 7.08541 54.6042
    endloop
  endfacet
  facet normal 0.40273 -0.57458 0.712508
    outer loop
      vertex 4.3018 9.58702 54.9142
      vertex 8.19533 9.51762 52.6575
      vertex 8.21933 9.58702 52.6999
    endloop
  endfacet
  facet normal 0.402478 -0.575267 0.712095
    outer loop
      vertex 8.19533 9.51762 52.6575
      vertex 4.3018 9.58702 54.9142
      vertex 4.2778 9.51762 54.8717
    endloop
  endfacet
  facet normal 0.0690442 -0.990107 0.122153
    outer loop
      vertex 5.16879 10.6668 56.4481
      vertex 9.12764 10.6787 54.3069
      vertex 5.21011 10.6787 56.5212
    endloop
  endfacet
  facet normal 0.0690442 -0.990107 0.122153
    outer loop
      vertex 9.12764 10.6787 54.3069
      vertex 5.16879 10.6668 56.4481
      vertex 9.08632 10.6668 54.2338
    endloop
  endfacet
  facet normal 0.427378 -0.495566 0.75615
    outer loop
      vertex 4.23308 9.37441 54.7926
      vertex 8.12993 9.30073 52.5418
      vertex 8.15061 9.37441 52.5784
    endloop
  endfacet
  facet normal 0.427378 -0.495566 0.75615
    outer loop
      vertex 8.12993 9.30073 52.5418
      vertex 4.23308 9.37441 54.7926
      vertex 4.2124 9.30073 54.756
    endloop
  endfacet
  facet normal 0.00771828 0.999877 0.0136552
    outer loop
      vertex 9.29416 5.3 54.6015
      vertex 5.33489 5.30133 56.742
      vertex 5.37662 5.3 56.8158
    endloop
  endfacet
  facet normal 0.00771828 0.999877 0.0136552
    outer loop
      vertex 5.33489 5.30133 56.742
      vertex 9.29416 5.3 54.6015
      vertex 9.25243 5.30133 54.5277
    endloop
  endfacet
  facet normal -0.353322 -0.696006 -0.625091
    outer loop
      vertex 6.31605 9.90919 58.4779
      vertex 10.2626 9.84828 56.315
      vertex 6.3451 9.84828 58.5293
    endloop
  endfacet
  facet normal -0.35339 -0.695856 -0.62522
    outer loop
      vertex 10.2626 9.84828 56.315
      vertex 6.31605 9.90919 58.4779
      vertex 10.2336 9.90919 56.2636
    endloop
  endfacet
  facet normal 0.0693286 0.990025 0.122656
    outer loop
      vertex 9.12764 5.32129 54.3069
      vertex 5.16879 5.33324 56.4481
      vertex 5.21011 5.32129 56.5212
    endloop
  endfacet
  facet normal 0.0693286 0.990025 0.122656
    outer loop
      vertex 5.16879 5.33324 56.4481
      vertex 9.12764 5.32129 54.3069
      vertex 9.08632 5.33324 54.2338
    endloop
  endfacet
  facet normal -0.491504 -0.0475275 -0.869578
    outer loop
      vertex 6.70452 8.08481 59.1652
      vertex 10.6201 8.16953 56.9474
      vertex 10.6221 8.08481 56.9509
    endloop
  endfacet
  facet normal -0.491513 -0.047296 -0.869585
    outer loop
      vertex 10.6201 8.16953 56.9474
      vertex 6.70452 8.08481 59.1652
      vertex 6.70256 8.16953 59.1617
    endloop
  endfacet
  facet normal 0.0997886 0.979221 0.176546
    outer loop
      vertex 9.04521 5.34783 54.1611
      vertex 5.08681 5.36503 56.3031
      vertex 5.12768 5.34783 56.3754
    endloop
  endfacet
  facet normal 0.0997886 0.979221 0.176546
    outer loop
      vertex 5.08681 5.36503 56.3031
      vertex 9.04521 5.34783 54.1611
      vertex 9.00434 5.36503 54.0888
    endloop
  endfacet
  facet normal 0.491983 0.016145 0.870455
    outer loop
      vertex 7.9656 8 52.251
      vertex 4.04872 7.91519 54.4664
      vertex 7.96626 7.91519 52.2522
    endloop
  endfacet
  facet normal 0.492009 0.0150609 0.87046
    outer loop
      vertex 4.04872 7.91519 54.4664
      vertex 7.9656 8 52.251
      vertex 4.04807 8 54.4653
    endloop
  endfacet
  facet normal -0.216467 0.898031 -0.382991
    outer loop
      vertex 9.89731 5.59428 55.6687
      vertex 5.94229 5.55697 57.8166
      vertex 5.97977 5.59428 57.8829
    endloop
  endfacet
  facet normal -0.216275 0.898229 -0.382635
    outer loop
      vertex 5.94229 5.55697 57.8166
      vertex 9.89731 5.59428 55.6687
      vertex 9.85983 5.55697 55.6023
    endloop
  endfacet
  facet normal -0.0388718 -0.996875 -0.0687718
    outer loop
      vertex 5.46004 10.6947 56.9634
      vertex 9.41918 10.688 54.8227
      vertex 5.50165 10.688 57.037
    endloop
  endfacet
  facet normal -0.038874 -0.996874 -0.0687758
    outer loop
      vertex 9.41918 10.688 54.8227
      vertex 5.46004 10.6947 56.9634
      vertex 9.37758 10.6947 54.7491
    endloop
  endfacet
  facet normal 0.481911 -0.202089 0.852597
    outer loop
      vertex 4.08006 8.58899 54.5219
      vertex 7.98913 8.50593 52.2927
      vertex 7.9976 8.58899 52.3076
    endloop
  endfacet
  facet normal 0.481801 -0.203017 0.852439
    outer loop
      vertex 7.98913 8.50593 52.2927
      vertex 4.08006 8.58899 54.5219
      vertex 4.0716 8.50593 54.5069
    endloop
  endfacet
  facet normal -0.144577 -0.955858 -0.255797
    outer loop
      vertex 5.74728 10.5928 57.4716
      vertex 9.7047 10.5679 55.3279
      vertex 5.78717 10.5679 57.5421
    endloop
  endfacet
  facet normal -0.14444 -0.955947 -0.255543
    outer loop
      vertex 9.7047 10.5679 55.3279
      vertex 5.74728 10.5928 57.4716
      vertex 9.66481 10.5928 55.2573
    endloop
  endfacet
  facet normal -0.374324 -0.649083 -0.662248
    outer loop
      vertex 6.40029 9.72104 58.6269
      vertex 10.2907 9.78554 56.3647
      vertex 10.3178 9.72104 56.4126
    endloop
  endfacet
  facet normal -0.374061 -0.649677 -0.661814
    outer loop
      vertex 10.2907 9.78554 56.3647
      vertex 6.40029 9.72104 58.6269
      vertex 6.37319 9.78554 58.5789
    endloop
  endfacet
  facet normal -0.364187 -0.67245 -0.644344
    outer loop
      vertex 6.3451 9.84828 58.5293
      vertex 10.2907 9.78554 56.3647
      vertex 6.37319 9.78554 58.5789
    endloop
  endfacet
  facet normal -0.363935 -0.673043 -0.643867
    outer loop
      vertex 10.2907 9.78554 56.3647
      vertex 6.3451 9.84828 58.5293
      vertex 10.2626 9.84828 56.315
    endloop
  endfacet
  facet normal -0.0540083 0.993958 -0.0955516
    outer loop
      vertex 9.46067 5.32129 54.8961
      vertex 5.50165 5.31198 57.037
      vertex 5.54313 5.32129 57.1104
    endloop
  endfacet
  facet normal -0.0540053 0.993959 -0.095546
    outer loop
      vertex 5.50165 5.31198 57.037
      vertex 9.46067 5.32129 54.8961
      vertex 9.41918 5.31198 54.8227
    endloop
  endfacet
  facet normal 0.45471 -0.382183 0.804472
    outer loop
      vertex 4.15734 9.0723 54.6586
      vertex 8.0589 8.99394 52.4161
      vertex 8.07487 9.0723 52.4443
    endloop
  endfacet
  facet normal 0.454505 -0.383108 0.804147
    outer loop
      vertex 8.0589 8.99394 52.4161
      vertex 4.15734 9.0723 54.6586
      vertex 4.14136 8.99394 54.6303
    endloop
  endfacet
  facet normal 0.419733 -0.521904 0.74259
    outer loop
      vertex 4.25489 9.44673 54.8312
      vertex 8.15061 9.37441 52.5784
      vertex 8.17242 9.44673 52.6169
    endloop
  endfacet
  facet normal 0.419494 -0.522651 0.7422
    outer loop
      vertex 8.15061 9.37441 52.5784
      vertex 4.25489 9.44673 54.8312
      vertex 4.23308 9.37441 54.7926
    endloop
  endfacet
  facet normal 0.491497 0.047296 0.869594
    outer loop
      vertex 7.96626 7.91519 52.2522
      vertex 4.05069 7.83047 54.4699
      vertex 7.96822 7.83047 52.2557
    endloop
  endfacet
  facet normal 0.491495 0.0473538 0.869592
    outer loop
      vertex 4.05069 7.83047 54.4699
      vertex 7.96626 7.91519 52.2522
      vertex 4.04872 7.91519 54.4664
    endloop
  endfacet
  facet normal -0.353322 0.696006 -0.625091
    outer loop
      vertex 10.2626 6.15172 56.315
      vertex 6.31605 6.09081 58.4779
      vertex 6.3451 6.15172 58.5293
    endloop
  endfacet
  facet normal -0.35339 0.695856 -0.62522
    outer loop
      vertex 6.31605 6.09081 58.4779
      vertex 10.2626 6.15172 56.315
      vertex 10.2336 6.09081 56.2636
    endloop
  endfacet
  facet normal -0.454502 0.383207 -0.804102
    outer loop
      vertex 10.5134 6.9277 56.7587
      vertex 6.61188 7.00606 59.0013
      vertex 10.5294 7.00606 56.787
    endloop
  endfacet
  facet normal -0.454535 0.383059 -0.804154
    outer loop
      vertex 6.61188 7.00606 59.0013
      vertex 10.5134 6.9277 56.7587
      vertex 6.59591 6.9277 58.973
    endloop
  endfacet
  facet normal -0.173873 0.93549 -0.307616
    outer loop
      vertex 9.78323 5.4896 55.4668
      vertex 5.82665 5.45962 57.612
      vertex 5.8657 5.4896 57.6811
    endloop
  endfacet
  facet normal -0.174043 0.935354 -0.307931
    outer loop
      vertex 5.82665 5.45962 57.612
      vertex 9.78323 5.4896 55.4668
      vertex 9.74419 5.45962 55.3978
    endloop
  endfacet
  facet normal 0.44186 -0.440055 0.781736
    outer loop
      vertex 4.19287 9.22577 54.7215
      vertex 8.09204 9.1496 52.4747
      vertex 8.1104 9.22577 52.5072
    endloop
  endfacet
  facet normal 0.44186 -0.440055 0.781736
    outer loop
      vertex 8.09204 9.1496 52.4747
      vertex 4.19287 9.22577 54.7215
      vertex 4.17451 9.1496 54.689
    endloop
  endfacet
  facet normal 0.427378 0.495566 0.75615
    outer loop
      vertex 8.12993 6.69927 52.5418
      vertex 4.23308 6.62559 54.7926
      vertex 8.15061 6.62559 52.5784
    endloop
  endfacet
  facet normal 0.427378 0.495566 0.75615
    outer loop
      vertex 4.23308 6.62559 54.7926
      vertex 8.12993 6.69927 52.5418
      vertex 4.2124 6.69927 54.756
    endloop
  endfacet
  facet normal 0.465551 -0.323726 0.823689
    outer loop
      vertex 4.12661 8.91459 54.6042
      vertex 8.03063 8.83435 52.3661
      vertex 8.04414 8.91459 52.39
    endloop
  endfacet
  facet normal 0.465542 -0.323778 0.823674
    outer loop
      vertex 8.03063 8.83435 52.3661
      vertex 4.12661 8.91459 54.6042
      vertex 4.11309 8.83435 54.5803
    endloop
  endfacet
  facet normal -0.491987 0.015797 -0.870459
    outer loop
      vertex 10.6221 7.91519 56.9509
      vertex 6.70518 8 59.1663
      vertex 10.6227 8 56.9521
    endloop
  endfacet
  facet normal -0.492004 0.0151189 -0.870462
    outer loop
      vertex 6.70518 8 59.1663
      vertex 10.6221 7.91519 56.9509
      vertex 6.70452 7.91519 59.1652
    endloop
  endfacet
  facet normal 0.053948 -0.993972 0.0954446
    outer loop
      vertex 5.21011 10.6787 56.5212
      vertex 9.16913 10.688 54.3803
      vertex 5.2516 10.688 56.5946
    endloop
  endfacet
  facet normal 0.053948 -0.993972 0.0954446
    outer loop
      vertex 9.16913 10.688 54.3803
      vertex 5.21011 10.6787 56.5212
      vertex 9.12764 10.6787 54.3069
    endloop
  endfacet
  facet normal -0.34223 -0.718525 -0.605475
    outer loop
      vertex 6.28608 9.96821 58.4248
      vertex 10.2336 9.90919 56.2636
      vertex 6.31605 9.90919 58.4779
    endloop
  endfacet
  facet normal -0.34243 -0.718113 -0.605851
    outer loop
      vertex 10.2336 9.90919 56.2636
      vertex 6.28608 9.96821 58.4248
      vertex 10.2036 9.96821 56.2106
    endloop
  endfacet
  facet normal 0.270305 -0.835594 0.478245
    outer loop
      vertex 4.62986 10.2331 55.4946
      vertex 8.58228 10.2797 53.3421
      vertex 4.66475 10.2797 55.5563
    endloop
  endfacet
  facet normal 0.270318 -0.835576 0.478268
    outer loop
      vertex 8.58228 10.2797 53.3421
      vertex 4.62986 10.2331 55.4946
      vertex 8.5474 10.2331 53.2804
    endloop
  endfacet
  facet normal -0.00754397 -0.999882 -0.0133474
    outer loop
      vertex 5.37662 10.7 56.8158
      vertex 9.33589 10.6987 54.6754
      vertex 5.41835 10.6987 56.8896
    endloop
  endfacet
  facet normal -0.00753649 -0.999883 -0.0133336
    outer loop
      vertex 9.33589 10.6987 54.6754
      vertex 5.37662 10.7 56.8158
      vertex 9.29416 10.7 54.6015
    endloop
  endfacet
  facet normal -0.283073 -0.817956 -0.500817
    outer loop
      vertex 6.12338 10.2331 58.137
      vertex 10.0751 10.1843 55.9831
      vertex 6.15753 10.1843 58.1974
    endloop
  endfacet
  facet normal -0.283009 -0.818052 -0.500696
    outer loop
      vertex 10.0751 10.1843 55.9831
      vertex 6.12338 10.2331 58.137
      vertex 10.0409 10.2331 55.9227
    endloop
  endfacet
  facet normal -0.243905 0.868497 -0.431535
    outer loop
      vertex 9.97044 5.676 55.7981
      vertex 6.01666 5.63397 57.9482
      vertex 6.05291 5.676 58.0123
    endloop
  endfacet
  facet normal -0.243696 0.868749 -0.431146
    outer loop
      vertex 6.01666 5.63397 57.9482
      vertex 9.97044 5.676 55.7981
      vertex 9.93419 5.63397 55.7339
    endloop
  endfacet
  facet normal 0.243893 0.868512 0.431513
    outer loop
      vertex 8.65412 5.63397 53.4692
      vertex 4.70033 5.676 55.6193
      vertex 4.73659 5.63397 55.6834
    endloop
  endfacet
  facet normal 0.243695 0.868749 0.431146
    outer loop
      vertex 4.70033 5.676 55.6193
      vertex 8.65412 5.63397 53.4692
      vertex 8.61787 5.676 53.405
    endloop
  endfacet
  facet normal 0.448444 0.411626 0.793386
    outer loop
      vertex 8.07487 6.9277 52.4443
      vertex 4.17451 6.8504 54.689
      vertex 8.09204 6.8504 52.4747
    endloop
  endfacet
  facet normal 0.448444 0.411626 0.793386
    outer loop
      vertex 4.17451 6.8504 54.689
      vertex 8.07487 6.9277 52.4443
      vertex 4.15734 6.9277 54.6586
    endloop
  endfacet
  facet normal -0.460256 0.353684 -0.814292
    outer loop
      vertex 10.5294 7.00606 56.787
      vertex 6.62663 7.08541 59.0274
      vertex 10.5442 7.08541 56.8131
    endloop
  endfacet
  facet normal -0.460308 0.35343 -0.814373
    outer loop
      vertex 6.62663 7.08541 59.0274
      vertex 10.5294 7.00606 56.787
      vertex 6.61188 7.00606 59.0013
    endloop
  endfacet
  facet normal -0.489089 -0.109817 -0.865293
    outer loop
      vertex 6.69928 8.25409 59.1559
      vertex 10.6122 8.3384 56.9335
      vertex 10.6168 8.25409 56.9416
    endloop
  endfacet
  facet normal -0.489098 -0.109703 -0.865303
    outer loop
      vertex 10.6122 8.3384 56.9335
      vertex 6.69928 8.25409 59.1559
      vertex 6.6947 8.3384 59.1478
    endloop
  endfacet
  facet normal -0.448712 0.410436 -0.793851
    outer loop
      vertex 10.4963 6.8504 56.7284
      vertex 6.59591 6.9277 58.973
      vertex 10.5134 6.9277 56.7587
    endloop
  endfacet
  facet normal -0.448415 0.411675 -0.793378
    outer loop
      vertex 6.59591 6.9277 58.973
      vertex 10.4963 6.8504 56.7284
      vertex 6.57873 6.8504 58.9426
    endloop
  endfacet
  facet normal -0.364187 0.67245 -0.644344
    outer loop
      vertex 10.2907 6.21446 56.3647
      vertex 6.3451 6.15172 58.5293
      vertex 6.37319 6.21446 58.5789
    endloop
  endfacet
  facet normal -0.363935 0.673043 -0.643867
    outer loop
      vertex 6.3451 6.15172 58.5293
      vertex 10.2907 6.21446 56.3647
      vertex 10.2626 6.15172 56.315
    endloop
  endfacet
  facet normal 0.487142 -0.14086 0.861888
    outer loop
      vertex 4.06443 8.42237 54.4942
      vertex 7.97608 8.3384 52.2696
      vertex 7.98196 8.42237 52.28
    endloop
  endfacet
  facet normal 0.487137 -0.140917 0.861882
    outer loop
      vertex 7.97608 8.3384 52.2696
      vertex 4.06443 8.42237 54.4942
      vertex 4.05854 8.3384 54.4838
    endloop
  endfacet
  facet normal 0.0385843 0.996921 0.0682665
    outer loop
      vertex 9.21074 5.30533 54.454
      vertex 5.2516 5.31198 56.5946
      vertex 5.2932 5.30533 56.6682
    endloop
  endfacet
  facet normal 0.0385441 0.996927 0.068192
    outer loop
      vertex 5.2516 5.31198 56.5946
      vertex 9.21074 5.30533 54.454
      vertex 9.16913 5.31198 54.3803
    endloop
  endfacet
  facet normal 0.188338 0.923846 0.333222
    outer loop
      vertex 8.80508 5.4896 53.7363
      vertex 4.84899 5.52206 55.8823
      vertex 4.88755 5.4896 55.9505
    endloop
  endfacet
  facet normal 0.188166 0.923996 0.332903
    outer loop
      vertex 4.84899 5.52206 55.8823
      vertex 8.80508 5.4896 53.7363
      vertex 8.76652 5.52206 53.668
    endloop
  endfacet
  facet normal -0.474614 -0.26393 -0.839692
    outer loop
      vertex 6.66344 8.67146 59.0925
      vertex 10.57 8.75328 56.8587
      vertex 10.581 8.67146 56.8782
    endloop
  endfacet
  facet normal -0.474606 -0.263984 -0.839679
    outer loop
      vertex 10.57 8.75328 56.8587
      vertex 6.66344 8.67146 59.0925
      vertex 6.65243 8.75328 59.073
    endloop
  endfacet
  facet normal -0.34223 0.718525 -0.605475
    outer loop
      vertex 10.2336 6.09081 56.2636
      vertex 6.28608 6.03179 58.4248
      vertex 6.31605 6.09081 58.4779
    endloop
  endfacet
  facet normal -0.34243 0.718113 -0.605851
    outer loop
      vertex 6.28608 6.03179 58.4248
      vertex 10.2336 6.09081 56.2636
      vertex 10.2036 6.03179 56.2106
    endloop
  endfacet
  facet normal -0.419746 0.521862 -0.742613
    outer loop
      vertex 10.4159 6.55327 56.5862
      vertex 6.52017 6.62559 58.839
      vertex 10.4377 6.62559 56.6247
    endloop
  endfacet
  facet normal -0.419493 0.522651 -0.742201
    outer loop
      vertex 6.52017 6.62559 58.839
      vertex 10.4159 6.55327 56.5862
      vertex 6.49836 6.55327 58.8004
    endloop
  endfacet
  facet normal 0.230217 -0.883803 0.407299
    outer loop
      vertex 4.73659 10.366 55.6834
      vertex 8.691 10.4057 53.5344
      vertex 4.77347 10.4057 55.7487
    endloop
  endfacet
  facet normal 0.230418 -0.883578 0.407673
    outer loop
      vertex 8.691 10.4057 53.5344
      vertex 4.73659 10.366 55.6834
      vertex 8.65412 10.366 53.4692
    endloop
  endfacet
  facet normal 0.364186 0.67245 0.644345
    outer loop
      vertex 8.32568 6.15172 52.8881
      vertex 4.38006 6.21446 55.0527
      vertex 4.40815 6.15172 55.1023
    endloop
  endfacet
  facet normal 0.363947 0.673012 0.643893
    outer loop
      vertex 4.38006 6.21446 55.0527
      vertex 8.32568 6.15172 52.8881
      vertex 8.29759 6.21446 52.8384
    endloop
  endfacet
  facet normal -0.295231 -0.800015 -0.522317
    outer loop
      vertex 6.15753 10.1843 58.1974
      vertex 10.1084 10.1334 56.0422
      vertex 6.1909 10.1334 58.2565
    endloop
  endfacet
  facet normal -0.295323 -0.799869 -0.522489
    outer loop
      vertex 10.1084 10.1334 56.0422
      vertex 6.15753 10.1843 58.1974
      vertex 10.0751 10.1843 55.9831
    endloop
  endfacet
  facet normal 0.159454 -0.946039 0.282106
    outer loop
      vertex 4.92659 10.5404 56.0196
      vertex 8.88361 10.5679 53.8752
      vertex 4.96608 10.5679 56.0895
    endloop
  endfacet
  facet normal 0.159454 -0.946039 0.282106
    outer loop
      vertex 8.88361 10.5679 53.8752
      vertex 4.92659 10.5404 56.0196
      vertex 8.84412 10.5404 53.8053
    endloop
  endfacet
  facet normal -0.434789 -0.468181 -0.769262
    outer loop
      vertex 6.56037 9.22577 58.9101
      vertex 10.4584 9.30073 56.6613
      vertex 10.4779 9.22577 56.6959
    endloop
  endfacet
  facet normal -0.434975 -0.467515 -0.769562
    outer loop
      vertex 10.4584 9.30073 56.6613
      vertex 6.56037 9.22577 58.9101
      vertex 6.54084 9.30073 58.8756
    endloop
  endfacet
  facet normal 0.40273 0.57458 0.712508
    outer loop
      vertex 8.19533 6.48238 52.6575
      vertex 4.3018 6.41298 54.9142
      vertex 8.21933 6.41298 52.6999
    endloop
  endfacet
  facet normal 0.402478 0.575267 0.712095
    outer loop
      vertex 4.3018 6.41298 54.9142
      vertex 8.19533 6.48238 52.6575
      vertex 4.2778 6.48238 54.8717
    endloop
  endfacet
  facet normal -0.0231953 0.998888 -0.0410371
    outer loop
      vertex 9.37758 5.30533 54.7491
      vertex 5.41835 5.30133 56.8896
      vertex 5.46004 5.30533 56.9634
    endloop
  endfacet
  facet normal -0.0232183 0.998886 -0.0410797
    outer loop
      vertex 5.41835 5.30133 56.8896
      vertex 9.37758 5.30533 54.7491
      vertex 9.33589 5.30133 54.6754
    endloop
  endfacet
  facet normal 0.0540053 0.993959 0.095546
    outer loop
      vertex 9.16913 5.31198 54.3803
      vertex 5.21011 5.32129 56.5212
      vertex 5.2516 5.31198 56.5946
    endloop
  endfacet
  facet normal 0.0540053 0.993959 0.095546
    outer loop
      vertex 5.21011 5.32129 56.5212
      vertex 9.16913 5.31198 54.3803
      vertex 9.12764 5.32129 54.3069
    endloop
  endfacet
  facet normal -0.114865 0.972371 -0.203227
    outer loop
      vertex 9.62455 5.38483 55.1861
      vertex 5.66644 5.36503 57.3285
      vertex 5.70702 5.38483 57.4003
    endloop
  endfacet
  facet normal -0.114865 0.972371 -0.203227
    outer loop
      vertex 5.66644 5.36503 57.3285
      vertex 9.62455 5.38483 55.1861
      vertex 9.58397 5.36503 55.1143
    endloop
  endfacet
  facet normal -0.188344 0.923846 -0.333218
    outer loop
      vertex 9.82179 5.52206 55.535
      vertex 5.8657 5.4896 57.6811
      vertex 5.90426 5.52206 57.7493
    endloop
  endfacet
  facet normal -0.188344 0.923846 -0.333218
    outer loop
      vertex 5.8657 5.4896 57.6811
      vertex 9.82179 5.52206 55.535
      vertex 9.78323 5.4896 55.4668
    endloop
  endfacet
  facet normal -0.402727 -0.57458 -0.712509
    outer loop
      vertex 6.47544 9.51762 58.7599
      vertex 10.369 9.58702 56.5032
      vertex 10.393 9.51762 56.5456
    endloop
  endfacet
  facet normal -0.40249 -0.575228 -0.71212
    outer loop
      vertex 10.369 9.58702 56.5032
      vertex 6.47544 9.51762 58.7599
      vertex 6.45145 9.58702 58.7174
    endloop
  endfacet
  facet normal -0.460256 -0.353684 -0.814292
    outer loop
      vertex 6.62663 8.91459 59.0274
      vertex 10.5294 8.99394 56.787
      vertex 10.5442 8.91459 56.8131
    endloop
  endfacet
  facet normal -0.460308 -0.35343 -0.814373
    outer loop
      vertex 10.5294 8.99394 56.787
      vertex 6.62663 8.91459 59.0274
      vertex 6.61188 8.99394 59.0013
    endloop
  endfacet
  facet normal 0.353322 -0.695976 0.625125
    outer loop
      vertex 4.40815 9.84828 55.1023
      vertex 8.35473 9.90919 52.9395
      vertex 4.43719 9.90919 55.1537
    endloop
  endfacet
  facet normal 0.353308 -0.696006 0.625099
    outer loop
      vertex 8.35473 9.90919 52.9395
      vertex 4.40815 9.84828 55.1023
      vertex 8.32568 9.84828 52.8881
    endloop
  endfacet
  facet normal -0.491504 0.0475275 -0.869578
    outer loop
      vertex 10.6201 7.83047 56.9474
      vertex 6.70452 7.91519 59.1652
      vertex 10.6221 7.91519 56.9509
    endloop
  endfacet
  facet normal -0.491513 0.047296 -0.869585
    outer loop
      vertex 6.70452 7.91519 59.1652
      vertex 10.6201 7.83047 56.9474
      vertex 6.70256 7.83047 59.1617
    endloop
  endfacet
  facet normal -0.411131 0.549409 -0.727407
    outer loop
      vertex 10.393 6.48238 56.5456
      vertex 6.49836 6.55327 58.8004
      vertex 10.4159 6.55327 56.5862
    endloop
  endfacet
  facet normal -0.411349 0.548773 -0.727763
    outer loop
      vertex 6.49836 6.55327 58.8004
      vertex 10.393 6.48238 56.5456
      vertex 6.47544 6.48238 58.7599
    endloop
  endfacet
  facet normal 0.00754423 -0.999882 0.0133472
    outer loop
      vertex 5.33489 10.6987 56.742
      vertex 9.29416 10.7 54.6015
      vertex 5.37662 10.7 56.8158
    endloop
  endfacet
  facet normal 0.00754423 -0.999882 0.0133472
    outer loop
      vertex 9.29416 10.7 54.6015
      vertex 5.33489 10.6987 56.742
      vertex 9.25243 10.6987 54.5277
    endloop
  endfacet
  facet normal 0.188536 -0.923679 0.333572
    outer loop
      vertex 4.84899 10.4779 55.8823
      vertex 8.80508 10.5104 53.7363
      vertex 4.88755 10.5104 55.9505
    endloop
  endfacet
  facet normal 0.188364 -0.92383 0.333253
    outer loop
      vertex 8.80508 10.5104 53.7363
      vertex 4.84899 10.4779 55.8823
      vertex 8.76652 10.4779 53.668
    endloop
  endfacet
  facet normal -0.243774 -0.86865 -0.431303
    outer loop
      vertex 6.01666 10.366 57.9482
      vertex 9.97044 10.324 55.7981
      vertex 6.05291 10.324 58.0123
    endloop
  endfacet
  facet normal -0.243565 -0.868902 -0.430913
    outer loop
      vertex 9.97044 10.324 55.7981
      vertex 6.01666 10.366 57.9482
      vertex 9.93419 10.366 55.7339
    endloop
  endfacet
  facet normal -0.307601 -0.780526 -0.544206
    outer loop
      vertex 6.1909 10.1334 58.2565
      vertex 10.141 10.0804 56.0998
      vertex 6.22348 10.0804 58.3141
    endloop
  endfacet
  facet normal -0.307575 -0.780572 -0.544156
    outer loop
      vertex 10.141 10.0804 56.0998
      vertex 6.1909 10.1334 58.2565
      vertex 10.1084 10.1334 56.0422
    endloop
  endfacet
  facet normal -0.427366 -0.495653 -0.7561
    outer loop
      vertex 6.54084 9.30073 58.8756
      vertex 10.4377 9.37441 56.6247
      vertex 10.4584 9.30073 56.6613
    endloop
  endfacet
  facet normal -0.427405 -0.495522 -0.756163
    outer loop
      vertex 10.4377 9.37441 56.6247
      vertex 6.54084 9.30073 58.8756
      vertex 6.52017 9.37441 58.839
    endloop
  endfacet
  facet normal 0.470306 -0.293968 0.832103
    outer loop
      vertex 4.11309 8.83435 54.5803
      vertex 8.01835 8.75328 52.3444
      vertex 8.03063 8.83435 52.3661
    endloop
  endfacet
  facet normal 0.470315 -0.293915 0.832117
    outer loop
      vertex 8.01835 8.75328 52.3444
      vertex 4.11309 8.83435 54.5803
      vertex 4.10082 8.75328 54.5586
    endloop
  endfacet
  facet normal 0.434754 -0.468317 0.7692
    outer loop
      vertex 4.2124 9.30073 54.756
      vertex 8.1104 9.22577 52.5072
      vertex 8.12993 9.30073 52.5418
    endloop
  endfacet
  facet normal 0.434978 -0.467515 0.769561
    outer loop
      vertex 8.1104 9.22577 52.5072
      vertex 4.2124 9.30073 54.756
      vertex 4.19287 9.22577 54.7215
    endloop
  endfacet
  facet normal -0.487193 -0.140405 -0.861933
    outer loop
      vertex 6.6947 8.3384 59.1478
      vertex 10.6064 8.42237 56.9231
      vertex 10.6122 8.3384 56.9335
    endloop
  endfacet
  facet normal -0.487154 -0.14086 -0.861881
    outer loop
      vertex 10.6064 8.42237 56.9231
      vertex 6.6947 8.3384 59.1478
      vertex 6.68882 8.42237 59.1374
    endloop
  endfacet
  facet normal -0.331209 -0.739532 -0.585998
    outer loop
      vertex 6.25521 10.0253 58.3702
      vertex 10.2036 9.96821 56.2106
      vertex 6.28608 9.96821 58.4248
    endloop
  endfacet
  facet normal -0.331168 -0.739611 -0.585921
    outer loop
      vertex 10.2036 9.96821 56.2106
      vertex 6.25521 10.0253 58.3702
      vertex 10.1727 10.0253 56.156
    endloop
  endfacet
  facet normal -0.478408 -0.233829 -0.846434
    outer loop
      vertex 6.67318 8.58899 59.1097
      vertex 10.581 8.67146 56.8782
      vertex 10.5907 8.58899 56.8955
    endloop
  endfacet
  facet normal -0.478509 -0.233078 -0.846583
    outer loop
      vertex 10.581 8.67146 56.8782
      vertex 6.67318 8.58899 59.1097
      vertex 6.66344 8.67146 59.0925
    endloop
  endfacet
  facet normal 0.434754 0.468317 0.7692
    outer loop
      vertex 8.1104 6.77423 52.5072
      vertex 4.2124 6.69927 54.756
      vertex 8.12993 6.69927 52.5418
    endloop
  endfacet
  facet normal 0.434978 0.467515 0.769561
    outer loop
      vertex 4.2124 6.69927 54.756
      vertex 8.1104 6.77423 52.5072
      vertex 4.19287 6.77423 54.7215
    endloop
  endfacet
  facet normal -0.491987 -0.015797 -0.870459
    outer loop
      vertex 6.70518 8 59.1663
      vertex 10.6221 8.08481 56.9509
      vertex 10.6227 8 56.9521
    endloop
  endfacet
  facet normal -0.492004 -0.0151189 -0.870462
    outer loop
      vertex 10.6221 8.08481 56.9509
      vertex 6.70518 8 59.1663
      vertex 6.70452 8.08481 59.1652
    endloop
  endfacet
  facet normal 0.465551 0.323726 0.823689
    outer loop
      vertex 8.03063 7.16565 52.3661
      vertex 4.12661 7.08541 54.6042
      vertex 8.04414 7.08541 52.39
    endloop
  endfacet
  facet normal 0.465542 0.323778 0.823674
    outer loop
      vertex 4.12661 7.08541 54.6042
      vertex 8.03063 7.16565 52.3661
      vertex 4.11309 7.16565 54.5803
    endloop
  endfacet
  facet normal 0.270184 0.835756 0.47803
    outer loop
      vertex 8.58228 5.72031 53.3421
      vertex 4.62986 5.76688 55.4946
      vertex 4.66475 5.72031 55.5563
    endloop
  endfacet
  facet normal 0.270197 0.835739 0.478053
    outer loop
      vertex 4.62986 5.76688 55.4946
      vertex 8.58228 5.72031 53.3421
      vertex 8.5474 5.76688 53.2804
    endloop
  endfacet
  facet normal 0.173883 0.935482 0.307632
    outer loop
      vertex 8.84412 5.45962 53.8053
      vertex 4.88755 5.4896 55.9505
      vertex 4.92659 5.45962 56.0196
    endloop
  endfacet
  facet normal 0.174044 0.935354 0.307931
    outer loop
      vertex 4.88755 5.4896 55.9505
      vertex 8.84412 5.45962 53.8053
      vertex 8.80508 5.4896 53.7363
    endloop
  endfacet
  facet normal 0.393328 -0.60084 0.695905
    outer loop
      vertex 4.32686 9.65485 54.9585
      vertex 8.21933 9.58702 52.6999
      vertex 8.24439 9.65485 52.7443
    endloop
  endfacet
  facet normal 0.393584 -0.600184 0.696327
    outer loop
      vertex 8.21933 9.58702 52.6999
      vertex 4.32686 9.65485 54.9585
      vertex 4.3018 9.58702 54.9142
    endloop
  endfacet
  facet normal -0.0231953 -0.998888 -0.0410371
    outer loop
      vertex 5.41835 10.6987 56.8896
      vertex 9.37758 10.6947 54.7491
      vertex 5.46004 10.6947 56.9634
    endloop
  endfacet
  facet normal -0.0232183 -0.998886 -0.0410797
    outer loop
      vertex 9.37758 10.6947 54.7491
      vertex 5.41835 10.6987 56.8896
      vertex 9.33589 10.6987 54.6754
    endloop
  endfacet
  facet normal 0.114869 0.972371 0.203225
    outer loop
      vertex 9.00434 5.36503 54.0888
      vertex 5.04623 5.38483 56.2313
      vertex 5.08681 5.36503 56.3031
    endloop
  endfacet
  facet normal 0.114869 0.972371 0.203225
    outer loop
      vertex 5.04623 5.38483 56.2313
      vertex 9.00434 5.36503 54.0888
      vertex 8.96376 5.38483 54.017
    endloop
  endfacet
  facet normal -0.448712 -0.410436 -0.793851
    outer loop
      vertex 6.59591 9.0723 58.973
      vertex 10.4963 9.1496 56.7284
      vertex 10.5134 9.0723 56.7587
    endloop
  endfacet
  facet normal -0.448415 -0.411675 -0.793378
    outer loop
      vertex 10.4963 9.1496 56.7284
      vertex 6.59591 9.0723 58.973
      vertex 6.57873 9.1496 58.9426
    endloop
  endfacet
  facet normal -0.295342 0.799845 -0.522514
    outer loop
      vertex 10.1084 5.86658 56.0422
      vertex 6.15753 5.81565 58.1974
      vertex 6.1909 5.86658 58.2565
    endloop
  endfacet
  facet normal -0.295434 0.799699 -0.522686
    outer loop
      vertex 6.15753 5.81565 58.1974
      vertex 10.1084 5.86658 56.0422
      vertex 10.0751 5.81565 55.9831
    endloop
  endfacet
  facet normal -0.393271 -0.600988 -0.695809
    outer loop
      vertex 6.45145 9.58702 58.7174
      vertex 10.3439 9.65485 56.4588
      vertex 10.369 9.58702 56.5032
    endloop
  endfacet
  facet normal -0.393585 -0.600184 -0.696326
    outer loop
      vertex 10.3439 9.65485 56.4588
      vertex 6.45145 9.58702 58.7174
      vertex 6.42639 9.65485 58.6731
    endloop
  endfacet
  facet normal 0.0847338 -0.985062 0.149911
    outer loop
      vertex 5.12768 10.6522 56.3754
      vertex 9.08632 10.6668 54.2338
      vertex 5.16879 10.6668 56.4481
    endloop
  endfacet
  facet normal 0.0847338 -0.985062 0.149911
    outer loop
      vertex 9.08632 10.6668 54.2338
      vertex 5.12768 10.6522 56.3754
      vertex 9.04521 10.6522 54.1611
    endloop
  endfacet
  facet normal -0.434789 0.468181 -0.769262
    outer loop
      vertex 10.4584 6.69927 56.6613
      vertex 6.56037 6.77423 58.9101
      vertex 10.4779 6.77423 56.6959
    endloop
  endfacet
  facet normal -0.434975 0.467515 -0.769562
    outer loop
      vertex 6.56037 6.77423 58.9101
      vertex 10.4584 6.69927 56.6613
      vertex 6.54084 6.69927 58.8756
    endloop
  endfacet
  facet normal 0.129842 -0.964558 0.229715
    outer loop
      vertex 5.00597 10.5928 56.16
      vertex 8.96376 10.6152 54.017
      vertex 5.04623 10.6152 56.2313
    endloop
  endfacet
  facet normal 0.129966 -0.964487 0.229945
    outer loop
      vertex 8.96376 10.6152 54.017
      vertex 5.00597 10.5928 56.16
      vertex 8.9235 10.5928 53.9458
    endloop
  endfacet
  facet normal -0.144789 0.955726 -0.256172
    outer loop
      vertex 9.7047 5.43215 55.3279
      vertex 5.74728 5.40721 57.4716
      vertex 5.78717 5.43215 57.5421
    endloop
  endfacet
  facet normal -0.144652 0.955815 -0.255918
    outer loop
      vertex 5.74728 5.40721 57.4716
      vertex 9.7047 5.43215 55.3279
      vertex 9.66481 5.40721 55.2573
    endloop
  endfacet
  facet normal -0.129842 -0.964558 -0.229715
    outer loop
      vertex 5.70702 10.6152 57.4003
      vertex 9.66481 10.5928 55.2573
      vertex 5.74728 10.5928 57.4716
    endloop
  endfacet
  facet normal -0.129966 -0.964487 -0.229945
    outer loop
      vertex 9.66481 10.5928 55.2573
      vertex 5.70702 10.6152 57.4003
      vertex 9.62455 10.6152 55.1861
    endloop
  endfacet
  facet normal -0.484718 0.172105 -0.857571
    outer loop
      vertex 10.5992 7.49407 56.9104
      vertex 6.68882 7.57763 59.1374
      vertex 10.6064 7.57763 56.9231
    endloop
  endfacet
  facet normal -0.484729 0.171993 -0.857587
    outer loop
      vertex 6.68882 7.57763 59.1374
      vertex 10.5992 7.49407 56.9104
      vertex 6.68164 7.49407 59.1247
    endloop
  endfacet
  facet normal -0.487193 0.140405 -0.861933
    outer loop
      vertex 10.6064 7.57763 56.9231
      vertex 6.6947 7.6616 59.1478
      vertex 10.6122 7.6616 56.9335
    endloop
  endfacet
  facet normal -0.487154 0.14086 -0.861881
    outer loop
      vertex 6.6947 7.6616 59.1478
      vertex 10.6064 7.57763 56.9231
      vertex 6.68882 7.57763 59.1374
    endloop
  endfacet
  facet normal 0.31969 0.760179 0.56562
    outer loop
      vertex 8.4473 5.91961 53.1033
      vertex 4.49803 5.9747 55.2614
      vertex 4.52977 5.91961 55.3175
    endloop
  endfacet
  facet normal 0.319465 0.760587 0.565198
    outer loop
      vertex 4.49803 5.9747 55.2614
      vertex 8.4473 5.91961 53.1033
      vertex 8.41557 5.9747 53.0471
    endloop
  endfacet
  facet normal 0.0231953 0.998888 0.0410371
    outer loop
      vertex 9.25243 5.30133 54.5277
      vertex 5.2932 5.30533 56.6682
      vertex 5.33489 5.30133 56.742
    endloop
  endfacet
  facet normal 0.0232183 0.998886 0.0410797
    outer loop
      vertex 5.2932 5.30533 56.6682
      vertex 9.25243 5.30133 54.5277
      vertex 9.21074 5.30533 54.454
    endloop
  endfacet
  facet normal 0.256943 -0.852839 0.454583
    outer loop
      vertex 4.66475 10.2797 55.5563
      vertex 8.61787 10.324 53.405
      vertex 4.70033 10.324 55.6193
    endloop
  endfacet
  facet normal 0.257147 -0.852575 0.454964
    outer loop
      vertex 8.61787 10.324 53.405
      vertex 4.66475 10.2797 55.5563
      vertex 8.58228 10.2797 53.3421
    endloop
  endfacet
  facet normal -0.419746 -0.521862 -0.742613
    outer loop
      vertex 6.52017 9.37441 58.839
      vertex 10.4159 9.44673 56.5862
      vertex 10.4377 9.37441 56.6247
    endloop
  endfacet
  facet normal -0.419493 -0.522651 -0.742201
    outer loop
      vertex 10.4159 9.44673 56.5862
      vertex 6.52017 9.37441 58.839
      vertex 6.49836 9.44673 58.8004
    endloop
  endfacet
  facet normal 0.460281 -0.353481 0.814366
    outer loop
      vertex 4.14136 8.99394 54.6303
      vertex 8.04414 8.91459 52.39
      vertex 8.0589 8.99394 52.4161
    endloop
  endfacet
  facet normal 0.460291 -0.35343 0.814383
    outer loop
      vertex 8.04414 8.91459 52.39
      vertex 4.14136 8.99394 54.6303
      vertex 4.12661 8.91459 54.6042
    endloop
  endfacet
  facet normal 0.342231 0.718525 0.605475
    outer loop
      vertex 8.3847 6.03179 52.9925
      vertex 4.43719 6.09081 55.1537
      vertex 4.46716 6.03179 55.2068
    endloop
  endfacet
  facet normal 0.342471 0.718028 0.605928
    outer loop
      vertex 4.43719 6.09081 55.1537
      vertex 8.3847 6.03179 52.9925
      vertex 8.35473 6.09081 52.9395
    endloop
  endfacet
  facet normal -0.474614 0.26393 -0.839692
    outer loop
      vertex 10.57 7.24672 56.8587
      vertex 6.66344 7.32854 59.0925
      vertex 10.581 7.32854 56.8782
    endloop
  endfacet
  facet normal -0.474606 0.263984 -0.839679
    outer loop
      vertex 6.66344 7.32854 59.0925
      vertex 10.57 7.24672 56.8587
      vertex 6.65243 7.24672 59.073
    endloop
  endfacet
  facet normal -0.23016 0.883865 -0.407198
    outer loop
      vertex 9.93419 5.63397 55.7339
      vertex 5.97977 5.59428 57.8829
      vertex 6.01666 5.63397 57.9482
    endloop
  endfacet
  facet normal -0.230372 0.883627 -0.407593
    outer loop
      vertex 5.97977 5.59428 57.8829
      vertex 9.93419 5.63397 55.7339
      vertex 9.89731 5.59428 55.6687
    endloop
  endfacet
  facet normal -0.0693284 0.990025 -0.122656
    outer loop
      vertex 9.50199 5.33324 54.9692
      vertex 5.54313 5.32129 57.1104
      vertex 5.58445 5.33324 57.1835
    endloop
  endfacet
  facet normal -0.0693284 0.990025 -0.122656
    outer loop
      vertex 5.54313 5.32129 57.1104
      vertex 9.50199 5.33324 54.9692
      vertex 9.46067 5.32129 54.8961
    endloop
  endfacet
  facet normal 0.364186 -0.67245 0.644345
    outer loop
      vertex 4.38006 9.78554 55.0527
      vertex 8.32568 9.84828 52.8881
      vertex 4.40815 9.84828 55.1023
    endloop
  endfacet
  facet normal 0.363947 -0.673012 0.643893
    outer loop
      vertex 8.32568 9.84828 52.8881
      vertex 4.38006 9.78554 55.0527
      vertex 8.29759 9.78554 52.8384
    endloop
  endfacet
  facet normal 0.282962 0.818103 0.500639
    outer loop
      vertex 8.5474 5.76688 53.2804
      vertex 4.59572 5.81565 55.4342
      vertex 4.62986 5.76688 55.4946
    endloop
  endfacet
  facet normal 0.282721 0.818462 0.500189
    outer loop
      vertex 4.59572 5.81565 55.4342
      vertex 8.5474 5.76688 53.2804
      vertex 8.51325 5.81565 53.2199
    endloop
  endfacet
  facet normal -0.114865 -0.972371 -0.203227
    outer loop
      vertex 5.66644 10.635 57.3285
      vertex 9.62455 10.6152 55.1861
      vertex 5.70702 10.6152 57.4003
    endloop
  endfacet
  facet normal -0.114865 -0.972371 -0.203227
    outer loop
      vertex 9.62455 10.6152 55.1861
      vertex 5.66644 10.635 57.3285
      vertex 9.58397 10.635 55.1143
    endloop
  endfacet
  facet normal 0.0231953 -0.998888 0.0410371
    outer loop
      vertex 5.2932 10.6947 56.6682
      vertex 9.25243 10.6987 54.5277
      vertex 5.33489 10.6987 56.742
    endloop
  endfacet
  facet normal 0.0232183 -0.998886 0.0410797
    outer loop
      vertex 9.25243 10.6987 54.5277
      vertex 5.2932 10.6947 56.6682
      vertex 9.21074 10.6947 54.454
    endloop
  endfacet
  facet normal 0.0388726 -0.996874 0.0687766
    outer loop
      vertex 5.2516 10.688 56.5946
      vertex 9.21074 10.6947 54.454
      vertex 5.2932 10.6947 56.6682
    endloop
  endfacet
  facet normal 0.0388321 -0.996881 0.0687015
    outer loop
      vertex 9.21074 10.6947 54.454
      vertex 5.2516 10.688 56.5946
      vertex 9.16913 10.688 54.3803
    endloop
  endfacet
  facet normal 0.374073 -0.649677 0.661808
    outer loop
      vertex 4.38006 9.78554 55.0527
      vertex 8.27049 9.72104 52.7904
      vertex 8.29759 9.78554 52.8384
    endloop
  endfacet
  facet normal 0.374058 -0.64971 0.661783
    outer loop
      vertex 8.27049 9.72104 52.7904
      vertex 4.38006 9.78554 55.0527
      vertex 4.35295 9.72104 55.0047
    endloop
  endfacet
  facet normal 0.202514 0.911383 0.358287
    outer loop
      vertex 8.76652 5.52206 53.668
      vertex 4.81095 5.55697 55.815
      vertex 4.84899 5.52206 55.8823
    endloop
  endfacet
  facet normal 0.202524 0.911373 0.358306
    outer loop
      vertex 4.81095 5.55697 55.815
      vertex 8.76652 5.52206 53.668
      vertex 8.72849 5.55697 53.6007
    endloop
  endfacet
  facet normal 0.144789 0.955726 0.256172
    outer loop
      vertex 8.9235 5.40721 53.9458
      vertex 4.96608 5.43215 56.0895
      vertex 5.00597 5.40721 56.16
    endloop
  endfacet
  facet normal 0.144652 0.955815 0.255918
    outer loop
      vertex 4.96608 5.43215 56.0895
      vertex 8.9235 5.40721 53.9458
      vertex 8.88361 5.43215 53.8752
    endloop
  endfacet
  facet normal 0.144577 -0.955858 0.255797
    outer loop
      vertex 4.96608 10.5679 56.0895
      vertex 8.9235 10.5928 53.9458
      vertex 5.00597 10.5928 56.16
    endloop
  endfacet
  facet normal 0.14444 -0.955947 0.255543
    outer loop
      vertex 8.9235 10.5928 53.9458
      vertex 4.96608 10.5679 56.0895
      vertex 8.88361 10.5679 53.8752
    endloop
  endfacet
  facet normal -0.441796 0.440242 -0.781667
    outer loop
      vertex 10.4779 6.77423 56.6959
      vertex 6.57873 6.8504 58.9426
      vertex 10.4963 6.8504 56.7284
    endloop
  endfacet
  facet normal -0.441845 0.440055 -0.781745
    outer loop
      vertex 6.57873 6.8504 58.9426
      vertex 10.4779 6.77423 56.6959
      vertex 6.56037 6.77423 58.9101
    endloop
  endfacet
  facet normal 0.331219 0.739532 0.585992
    outer loop
      vertex 8.41557 5.9747 53.0471
      vertex 4.46716 6.03179 55.2068
      vertex 4.49803 5.9747 55.2614
    endloop
  endfacet
  facet normal 0.331219 0.739532 0.585992
    outer loop
      vertex 4.46716 6.03179 55.2068
      vertex 8.41557 5.9747 53.0471
      vertex 8.3847 6.03179 52.9925
    endloop
  endfacet
  facet normal 0.0846774 0.985082 0.149811
    outer loop
      vertex 9.08632 5.33324 54.2338
      vertex 5.12768 5.34783 56.3754
      vertex 5.16879 5.33324 56.4481
    endloop
  endfacet
  facet normal 0.0846774 0.985082 0.149811
    outer loop
      vertex 5.12768 5.34783 56.3754
      vertex 9.08632 5.33324 54.2338
      vertex 9.04521 5.34783 54.1611
    endloop
  endfacet
  facet normal -0.202476 -0.911417 -0.358221
    outer loop
      vertex 5.90426 10.4779 57.7493
      vertex 9.85983 10.443 55.6023
      vertex 5.94229 10.443 57.8166
    endloop
  endfacet
  facet normal -0.202466 -0.911427 -0.358202
    outer loop
      vertex 9.85983 10.443 55.6023
      vertex 5.90426 10.4779 57.7493
      vertex 9.82179 10.4779 55.535
    endloop
  endfacet
  facet normal -0.270328 -0.835576 -0.478263
    outer loop
      vertex 6.0885 10.2797 58.0753
      vertex 10.0409 10.2331 55.9227
      vertex 6.12338 10.2331 58.137
    endloop
  endfacet
  facet normal -0.270303 -0.835611 -0.478216
    outer loop
      vertex 10.0409 10.2331 55.9227
      vertex 6.0885 10.2797 58.0753
      vertex 10.006 10.2797 55.861
    endloop
  endfacet
  facet normal -0.256932 -0.852855 -0.45456
    outer loop
      vertex 6.05291 10.324 58.0123
      vertex 10.006 10.2797 55.861
      vertex 6.0885 10.2797 58.0753
    endloop
  endfacet
  facet normal -0.257185 -0.852527 -0.455031
    outer loop
      vertex 10.006 10.2797 55.861
      vertex 6.05291 10.324 58.0123
      vertex 9.97044 10.324 55.7981
    endloop
  endfacet
  facet normal -0.0385835 0.996921 -0.0682618
    outer loop
      vertex 9.41918 5.31198 54.8227
      vertex 5.46004 5.30533 56.9634
      vertex 5.50165 5.31198 57.037
    endloop
  endfacet
  facet normal -0.0385857 0.996921 -0.0682658
    outer loop
      vertex 5.46004 5.30533 56.9634
      vertex 9.41918 5.31198 54.8227
      vertex 9.37758 5.30533 54.7491
    endloop
  endfacet
  facet normal -0.383926 -0.62549 -0.679237
    outer loop
      vertex 6.42639 9.65485 58.6731
      vertex 10.3178 9.72104 56.4126
      vertex 10.3439 9.65485 56.4588
    endloop
  endfacet
  facet normal -0.383926 -0.62549 -0.679237
    outer loop
      vertex 10.3178 9.72104 56.4126
      vertex 6.42639 9.65485 58.6731
      vertex 6.40029 9.72104 58.6269
    endloop
  endfacet
  facet normal -0.230205 -0.883816 -0.407278
    outer loop
      vertex 5.97977 10.4057 57.8829
      vertex 9.93419 10.366 55.7339
      vertex 6.01666 10.366 57.9482
    endloop
  endfacet
  facet normal -0.230417 -0.883578 -0.407673
    outer loop
      vertex 9.93419 10.366 55.7339
      vertex 5.97977 10.4057 57.8829
      vertex 9.89731 10.4057 55.6687
    endloop
  endfacet
  facet normal 0.481911 0.202089 0.852597
    outer loop
      vertex 7.98913 7.49407 52.2927
      vertex 4.08006 7.41101 54.5219
      vertex 7.9976 7.41101 52.3076
    endloop
  endfacet
  facet normal 0.481801 0.203017 0.852439
    outer loop
      vertex 4.08006 7.41101 54.5219
      vertex 7.98913 7.49407 52.2927
      vertex 4.0716 7.49407 54.5069
    endloop
  endfacet
  facet normal 0.478381 0.234048 0.846388
    outer loop
      vertex 7.9976 7.41101 52.3076
      vertex 4.08981 7.32854 54.5391
      vertex 8.00734 7.32854 52.3249
    endloop
  endfacet
  facet normal 0.478505 0.233133 0.846571
    outer loop
      vertex 4.08981 7.32854 54.5391
      vertex 7.9976 7.41101 52.3076
      vertex 4.08006 7.41101 54.5219
    endloop
  endfacet
  facet normal 0.0997886 -0.979221 0.176546
    outer loop
      vertex 5.08681 10.635 56.3031
      vertex 9.04521 10.6522 54.1611
      vertex 5.12768 10.6522 56.3754
    endloop
  endfacet
  facet normal 0.0997886 -0.979221 0.176546
    outer loop
      vertex 9.04521 10.6522 54.1611
      vertex 5.08681 10.635 56.3031
      vertex 9.00434 10.635 54.0888
    endloop
  endfacet
  facet normal -0.441796 -0.440242 -0.781667
    outer loop
      vertex 6.57873 9.1496 58.9426
      vertex 10.4779 9.22577 56.6959
      vertex 10.4963 9.1496 56.7284
    endloop
  endfacet
  facet normal -0.441845 -0.440055 -0.781745
    outer loop
      vertex 10.4779 9.22577 56.6959
      vertex 6.57873 9.1496 58.9426
      vertex 6.56037 9.22577 58.9101
    endloop
  endfacet
  facet normal -0.470303 0.294074 -0.832067
    outer loop
      vertex 10.5577 7.16565 56.837
      vertex 6.65243 7.24672 59.073
      vertex 10.57 7.24672 56.8587
    endloop
  endfacet
  facet normal -0.470321 0.293968 -0.832094
    outer loop
      vertex 6.65243 7.24672 59.073
      vertex 10.5577 7.16565 56.837
      vertex 6.64015 7.16565 59.0513
    endloop
  endfacet
  facet normal -0.465574 0.323674 -0.823696
    outer loop
      vertex 10.5442 7.08541 56.8131
      vertex 6.64015 7.16565 59.0513
      vertex 10.5577 7.16565 56.837
    endloop
  endfacet
  facet normal -0.465555 0.323778 -0.823666
    outer loop
      vertex 6.64015 7.16565 59.0513
      vertex 10.5442 7.08541 56.8131
      vertex 6.62663 7.08541 59.0274
    endloop
  endfacet
  facet normal -0.0997852 0.979221 -0.176547
    outer loop
      vertex 9.58397 5.36503 55.1143
      vertex 5.62557 5.34783 57.2562
      vertex 5.66644 5.36503 57.3285
    endloop
  endfacet
  facet normal -0.0997852 0.979221 -0.176547
    outer loop
      vertex 5.62557 5.34783 57.2562
      vertex 9.58397 5.36503 55.1143
      vertex 9.5431 5.34783 55.042
    endloop
  endfacet
  facet normal -0.202524 0.911373 -0.358306
    outer loop
      vertex 9.85983 5.55697 55.6023
      vertex 5.90426 5.52206 57.7493
      vertex 5.94229 5.55697 57.8166
    endloop
  endfacet
  facet normal -0.202514 0.911383 -0.358287
    outer loop
      vertex 5.90426 5.52206 57.7493
      vertex 9.85983 5.55697 55.6023
      vertex 9.82179 5.52206 55.535
    endloop
  endfacet
  facet normal -0.216421 -0.898077 -0.382909
    outer loop
      vertex 5.94229 10.443 57.8166
      vertex 9.89731 10.4057 55.6687
      vertex 5.97977 10.4057 57.8829
    endloop
  endfacet
  facet normal -0.216229 -0.898276 -0.382552
    outer loop
      vertex 9.89731 10.4057 55.6687
      vertex 5.94229 10.443 57.8166
      vertex 9.85983 10.443 55.6023
    endloop
  endfacet
  facet normal -0.478408 0.233829 -0.846434
    outer loop
      vertex 10.581 7.32854 56.8782
      vertex 6.67318 7.41101 59.1097
      vertex 10.5907 7.41101 56.8955
    endloop
  endfacet
  facet normal -0.478509 0.233078 -0.846583
    outer loop
      vertex 6.67318 7.41101 59.1097
      vertex 10.581 7.32854 56.8782
      vertex 6.66344 7.32854 59.0925
    endloop
  endfacet
  facet normal 0.38417 -0.624865 0.679674
    outer loop
      vertex 4.35295 9.72104 55.0047
      vertex 8.24439 9.65485 52.7443
      vertex 8.27049 9.72104 52.7904
    endloop
  endfacet
  facet normal 0.383925 -0.625455 0.67927
    outer loop
      vertex 8.24439 9.65485 52.7443
      vertex 4.35295 9.72104 55.0047
      vertex 4.32686 9.65485 54.9585
    endloop
  endfacet
  facet normal -0.270207 0.835739 -0.478047
    outer loop
      vertex 10.0409 5.76688 55.9227
      vertex 6.0885 5.72031 58.0753
      vertex 6.12338 5.76688 58.137
    endloop
  endfacet
  facet normal -0.270182 0.835774 -0.478001
    outer loop
      vertex 6.0885 5.72031 58.0753
      vertex 10.0409 5.76688 55.9227
      vertex 10.006 5.72031 55.861
    endloop
  endfacet
  facet normal -0.0997852 -0.979221 -0.176547
    outer loop
      vertex 5.62557 10.6522 57.2562
      vertex 9.58397 10.635 55.1143
      vertex 5.66644 10.635 57.3285
    endloop
  endfacet
  facet normal -0.0997852 -0.979221 -0.176547
    outer loop
      vertex 9.58397 10.635 55.1143
      vertex 5.62557 10.6522 57.2562
      vertex 9.5431 10.6522 55.042
    endloop
  endfacet
  facet normal -0.331209 0.739532 -0.585998
    outer loop
      vertex 10.2036 6.03179 56.2106
      vertex 6.25521 5.9747 58.3702
      vertex 6.28608 6.03179 58.4248
    endloop
  endfacet
  facet normal -0.331168 0.739611 -0.585921
    outer loop
      vertex 6.25521 5.9747 58.3702
      vertex 10.2036 6.03179 56.2106
      vertex 10.1727 5.9747 56.156
    endloop
  endfacet
  facet normal 0.295327 0.799866 0.52249
    outer loop
      vertex 8.51325 5.81565 53.2199
      vertex 4.56234 5.86658 55.3751
      vertex 4.59572 5.81565 55.4342
    endloop
  endfacet
  facet normal 0.295572 0.799475 0.52295
    outer loop
      vertex 4.56234 5.86658 55.3751
      vertex 8.51325 5.81565 53.2199
      vertex 8.47988 5.86658 53.1609
    endloop
  endfacet
  facet normal -0.481892 0.202256 -0.852568
    outer loop
      vertex 10.5907 7.41101 56.8955
      vertex 6.68164 7.49407 59.1247
      vertex 10.5992 7.49407 56.9104
    endloop
  endfacet
  facet normal -0.481802 0.203017 -0.852438
    outer loop
      vertex 6.68164 7.49407 59.1247
      vertex 10.5907 7.41101 56.8955
      vertex 6.67318 7.41101 59.1097
    endloop
  endfacet
  facet normal 0.114869 -0.972371 0.203225
    outer loop
      vertex 5.04623 10.6152 56.2313
      vertex 9.00434 10.635 54.0888
      vertex 5.08681 10.635 56.3031
    endloop
  endfacet
  facet normal 0.114869 -0.972371 0.203225
    outer loop
      vertex 9.00434 10.635 54.0888
      vertex 5.04623 10.6152 56.2313
      vertex 8.96376 10.6152 54.017
    endloop
  endfacet
  facet normal -0.256974 0.852802 -0.454634
    outer loop
      vertex 10.006 5.72031 55.861
      vertex 6.05291 5.676 58.0123
      vertex 6.0885 5.72031 58.0753
    endloop
  endfacet
  facet normal -0.257227 0.852475 -0.455106
    outer loop
      vertex 6.05291 5.676 58.0123
      vertex 10.006 5.72031 55.861
      vertex 9.97044 5.676 55.7981
    endloop
  endfacet
  facet normal -0.411131 -0.549409 -0.727407
    outer loop
      vertex 6.49836 9.44673 58.8004
      vertex 10.393 9.51762 56.5456
      vertex 10.4159 9.44673 56.5862
    endloop
  endfacet
  facet normal -0.411349 -0.548773 -0.727763
    outer loop
      vertex 10.393 9.51762 56.5456
      vertex 6.49836 9.44673 58.8004
      vertex 6.47544 9.51762 58.7599
    endloop
  endfacet
  facet normal -0.481892 -0.202256 -0.852568
    outer loop
      vertex 6.68164 8.50593 59.1247
      vertex 10.5907 8.58899 56.8955
      vertex 10.5992 8.50593 56.9104
    endloop
  endfacet
  facet normal -0.481802 -0.203017 -0.852438
    outer loop
      vertex 10.5907 8.58899 56.8955
      vertex 6.68164 8.50593 59.1247
      vertex 6.67318 8.58899 59.1097
    endloop
  endfacet
  facet normal -0.870477 0 0.492209
    outer loop
      vertex 9.29416 10.25 54.6015
      vertex 9.29416 10.7 54.6015
      vertex 9.25243 10.6987 54.5277
    endloop
  endfacet
  facet normal -0.870394 1.49962e-05 0.492356
    outer loop
      vertex 9.25938 10.2489 54.54
      vertex 9.25243 10.6987 54.5277
      vertex 9.21074 10.6947 54.454
    endloop
  endfacet
  facet normal -0.870762 0 0.491704
    outer loop
      vertex 9.29416 10.7 54.6015
      vertex 9.29416 10.25 54.6015
      vertex 9.33589 10.6987 54.6754
    endloop
  endfacet
  facet normal -0.870793 -0.000130503 0.49165
    outer loop
      vertex 9.22464 10.2456 54.4785
      vertex 9.21074 10.6947 54.454
      vertex 9.16913 10.688 54.3803
    endloop
  endfacet
  facet normal -0.870849 3.34565e-05 0.49155
    outer loop
      vertex 9.32893 10.2489 54.6631
      vertex 9.33589 10.6987 54.6754
      vertex 9.29416 10.25 54.6015
    endloop
  endfacet
  facet normal -0.870549 3.47157e-05 0.492081
    outer loop
      vertex 9.18997 10.24 54.4172
      vertex 9.16913 10.688 54.3803
      vertex 9.12764 10.6787 54.3069
    endloop
  endfacet
  facet normal -0.870393 4.32582e-06 0.492357
    outer loop
      vertex 9.33589 10.6987 54.6754
      vertex 9.32893 10.2489 54.6631
      vertex 9.37758 10.6947 54.7491
    endloop
  endfacet
  facet normal -0.870549 -1.16366e-05 0.492082
    outer loop
      vertex 9.1554 10.2323 54.356
      vertex 9.12764 10.6787 54.3069
      vertex 9.08632 10.6668 54.2338
    endloop
  endfacet
  facet normal -0.870347 -1.66794e-05 0.49244
    outer loop
      vertex 9.36367 10.2456 54.7245
      vertex 9.37758 10.6947 54.7491
      vertex 9.32893 10.2489 54.6631
    endloop
  endfacet
  facet normal -0.870471 4.49519e-05 0.49222
    outer loop
      vertex 9.12096 10.2223 54.2951
      vertex 9.08632 10.6668 54.2338
      vertex 9.04521 10.6522 54.1611
    endloop
  endfacet
  facet normal -0.870562 1.09022e-05 0.492058
    outer loop
      vertex 9.37758 10.6947 54.7491
      vertex 9.36367 10.2456 54.7245
      vertex 9.41918 10.688 54.8227
    endloop
  endfacet
  facet normal -0.870539 3.43224e-06 0.4921
    outer loop
      vertex 9.0867 10.2101 54.2345
      vertex 9.04521 10.6522 54.1611
      vertex 9.00434 10.635 54.0888
    endloop
  endfacet
  facet normal -0.870707 8.60236e-05 0.491802
    outer loop
      vertex 9.39835 10.24 54.7859
      vertex 9.41918 10.688 54.8227
      vertex 9.36367 10.2456 54.7245
    endloop
  endfacet
  facet normal -0.870581 4.32311e-05 0.492024
    outer loop
      vertex 9.05264 10.1958 54.1743
      vertex 9.00434 10.635 54.0888
      vertex 8.96376 10.6152 54.017
    endloop
  endfacet
  facet normal -0.870544 5.47604e-05 0.49209
    outer loop
      vertex 9.41918 10.688 54.8227
      vertex 9.39835 10.24 54.7859
      vertex 9.46067 10.6787 54.8961
    endloop
  endfacet
  facet normal -0.87048 2.75679e-05 0.492204
    outer loop
      vertex 9.01882 10.1793 54.1144
      vertex 8.96376 10.6152 54.017
      vertex 8.9235 10.5928 53.9458
    endloop
  endfacet
  facet normal -0.870351 -5.86044e-05 0.492432
    outer loop
      vertex 9.43292 10.2323 54.847
      vertex 9.46067 10.6787 54.8961
      vertex 9.39835 10.24 54.7859
    endloop
  endfacet
  facet normal -0.870632 -4.43074e-05 0.491935
    outer loop
      vertex 8.98528 10.1607 54.0551
      vertex 8.9235 10.5928 53.9458
      vertex 8.88361 10.5679 53.8752
    endloop
  endfacet
  facet normal -0.87055 -7.52188e-06 0.49208
    outer loop
      vertex 9.46067 10.6787 54.8961
      vertex 9.43292 10.2323 54.847
      vertex 9.50199 10.6668 54.9692
    endloop
  endfacet
  facet normal -0.870661 -8.35375e-06 0.491883
    outer loop
      vertex 8.95203 10.1399 53.9963
      vertex 8.88361 10.5679 53.8752
      vertex 8.84412 10.5404 53.8053
    endloop
  endfacet
  facet normal -0.870845 0.000186063 0.491558
    outer loop
      vertex 9.46735 10.2223 54.908
      vertex 9.50199 10.6668 54.9692
      vertex 9.43292 10.2323 54.847
    endloop
  endfacet
  facet normal -0.870371 0.000128947 0.492397
    outer loop
      vertex 8.91913 10.117 53.938
      vertex 8.84412 10.5404 53.8053
      vertex 8.80508 10.5104 53.7363
    endloop
  endfacet
  facet normal -0.870743 0.000153446 0.491738
    outer loop
      vertex 9.50199 10.6668 54.9692
      vertex 9.46735 10.2223 54.908
      vertex 9.5431 10.6522 55.042
    endloop
  endfacet
  facet normal -0.870769 -0.000177514 0.491693
    outer loop
      vertex 8.88659 10.092 53.8805
      vertex 8.80508 10.5104 53.7363
      vertex 8.76652 10.4779 53.668
    endloop
  endfacet
  facet normal -0.870516 -1.22622e-05 0.492141
    outer loop
      vertex 9.50161 10.2101 54.9686
      vertex 9.5431 10.6522 55.042
      vertex 9.46735 10.2223 54.908
    endloop
  endfacet
  facet normal -0.870608 -2.34256e-05 0.491977
    outer loop
      vertex 8.85446 10.0649 53.8236
      vertex 8.76652 10.4779 53.668
      vertex 8.72849 10.443 53.6007
    endloop
  endfacet
  facet normal -0.870539 -3.43224e-06 0.4921
    outer loop
      vertex 9.5431 10.6522 55.042
      vertex 9.50161 10.2101 54.9686
      vertex 9.58397 10.635 55.1143
    endloop
  endfacet
  facet normal -0.870493 8.46842e-05 0.492181
    outer loop
      vertex 8.82276 10.0359 53.7675
      vertex 8.72849 10.443 53.6007
      vertex 8.691 10.4057 53.5344
    endloop
  endfacet
  facet normal -0.870367 -0.000140643 0.492403
    outer loop
      vertex 9.53567 10.1958 55.0288
      vertex 9.58397 10.635 55.1143
      vertex 9.50161 10.2101 54.9686
    endloop
  endfacet
  facet normal -0.870447 0.000167686 0.492261
    outer loop
      vertex 8.79153 10.0048 53.7123
      vertex 8.691 10.4057 53.5344
      vertex 8.65412 10.366 53.4692
    endloop
  endfacet
  facet normal -0.870581 -4.32311e-05 0.492024
    outer loop
      vertex 9.58397 10.635 55.1143
      vertex 9.53567 10.1958 55.0288
      vertex 9.62455 10.6152 55.1861
    endloop
  endfacet
  facet normal -0.87072 -0.000205342 0.491779
    outer loop
      vertex 8.76079 9.97169 53.6579
      vertex 8.65412 10.366 53.4692
      vertex 8.61787 10.324 53.405
    endloop
  endfacet
  facet normal -0.870775 0.000126481 0.491681
    outer loop
      vertex 9.56949 10.1793 55.0887
      vertex 9.62455 10.6152 55.1861
      vertex 9.53567 10.1958 55.0288
    endloop
  endfacet
  facet normal -0.870424 0.000281726 0.492304
    outer loop
      vertex 8.73058 9.93667 53.6045
      vertex 8.61787 10.324 53.405
      vertex 8.58228 10.2797 53.3421
    endloop
  endfacet
  facet normal -0.87048 -2.75679e-05 0.492204
    outer loop
      vertex 9.62455 10.6152 55.1861
      vertex 9.56949 10.1793 55.0887
      vertex 9.66481 10.5928 55.2573
    endloop
  endfacet
  facet normal -0.870431 -7.45278e-05 0.492291
    outer loop
      vertex 9.60303 10.1607 55.148
      vertex 9.66481 10.5928 55.2573
      vertex 9.56949 10.1793 55.0887
    endloop
  endfacet
  facet normal -0.870447 1.16054e-05 0.492262
    outer loop
      vertex 9.25243 10.6987 54.5277
      vertex 9.25938 10.2489 54.54
      vertex 9.29416 10.25 54.6015
    endloop
  endfacet
  facet normal -0.870687 -0.000116928 0.491838
    outer loop
      vertex 9.21074 10.6947 54.454
      vertex 9.22464 10.2456 54.4785
      vertex 9.25938 10.2489 54.54
    endloop
  endfacet
  facet normal -0.87043 5.76008e-05 0.492292
    outer loop
      vertex 9.16913 10.688 54.3803
      vertex 9.18997 10.24 54.4172
      vertex 9.22464 10.2456 54.4785
    endloop
  endfacet
  facet normal -0.870531 1.59041e-05 0.492113
    outer loop
      vertex 8.70093 9.89974 53.552
      vertex 8.58228 10.2797 53.3421
      vertex 8.5474 10.2331 53.2804
    endloop
  endfacet
  facet normal -0.87069 -4.7939e-05 0.491832
    outer loop
      vertex 9.12764 10.6787 54.3069
      vertex 9.1554 10.2323 54.356
      vertex 9.18997 10.24 54.4172
    endloop
  endfacet
  facet normal -0.870455 5.0184e-05 0.492249
    outer loop
      vertex 9.08632 10.6668 54.2338
      vertex 9.12096 10.2223 54.2951
      vertex 9.1554 10.2323 54.356
    endloop
  endfacet
  facet normal -0.870516 1.22622e-05 0.492141
    outer loop
      vertex 9.04521 10.6522 54.1611
      vertex 9.0867 10.2101 54.2345
      vertex 9.12096 10.2223 54.2951
    endloop
  endfacet
  facet normal -0.870367 0.000140643 0.492403
    outer loop
      vertex 9.00434 10.635 54.0888
      vertex 9.05264 10.1958 54.1743
      vertex 9.0867 10.2101 54.2345
    endloop
  endfacet
  facet normal -0.870754 -0.000261786 0.491719
    outer loop
      vertex 8.67186 9.86093 53.5006
      vertex 8.5474 10.2331 53.2804
      vertex 8.51325 10.1843 53.2199
    endloop
  endfacet
  facet normal -0.870775 -0.000126481 0.491681
    outer loop
      vertex 8.96376 10.6152 54.017
      vertex 9.01882 10.1793 54.1144
      vertex 9.05264 10.1958 54.1743
    endloop
  endfacet
  facet normal -0.870431 7.45278e-05 0.492291
    outer loop
      vertex 8.9235 10.5928 53.9458
      vertex 8.98528 10.1607 54.0551
      vertex 9.01882 10.1793 54.1144
    endloop
  endfacet
  facet normal -0.870483 0.000109387 0.492199
    outer loop
      vertex 8.88361 10.5679 53.8752
      vertex 8.95203 10.1399 53.9963
      vertex 8.98528 10.1607 54.0551
    endloop
  endfacet
  facet normal -0.870483 0.000164165 0.492198
    outer loop
      vertex 8.6434 9.82029 53.4502
      vertex 8.51325 10.1843 53.2199
      vertex 8.47988 10.1334 53.1609
    endloop
  endfacet
  facet normal -0.870858 -0.000227837 0.491534
    outer loop
      vertex 8.84412 10.5404 53.8053
      vertex 8.91913 10.117 53.938
      vertex 8.95203 10.1399 53.9963
    endloop
  endfacet
  facet normal -0.870335 0.000171248 0.49246
    outer loop
      vertex 8.80508 10.5104 53.7363
      vertex 8.88659 10.092 53.8805
      vertex 8.91913 10.117 53.938
    endloop
  endfacet
  facet normal -0.870468 0.000145808 0.492224
    outer loop
      vertex 8.61559 9.77785 53.401
      vertex 8.47988 10.1334 53.1609
      vertex 8.4473 10.0804 53.1033
    endloop
  endfacet
  facet normal -0.870737 -0.00013691 0.491749
    outer loop
      vertex 8.76652 10.4779 53.668
      vertex 8.85446 10.0649 53.8236
      vertex 8.88659 10.092 53.8805
    endloop
  endfacet
  facet normal -0.870614 -3.1049e-05 0.491967
    outer loop
      vertex 8.72849 10.443 53.6007
      vertex 8.82276 10.0359 53.7675
      vertex 8.85446 10.0649 53.8236
    endloop
  endfacet
  facet normal -0.87069 -0.000252702 0.491831
    outer loop
      vertex 8.58845 9.73365 53.353
      vertex 8.4473 10.0804 53.1033
      vertex 8.41557 10.0253 53.0471
    endloop
  endfacet
  facet normal -0.87041 0.000206445 0.492328
    outer loop
      vertex 8.691 10.4057 53.5344
      vertex 8.79153 10.0048 53.7123
      vertex 8.82276 10.0359 53.7675
    endloop
  endfacet
  facet normal -0.870598 -6.94635e-05 0.491994
    outer loop
      vertex 8.65412 10.366 53.4692
      vertex 8.76079 9.97169 53.6579
      vertex 8.79153 10.0048 53.7123
    endloop
  endfacet
  facet normal -0.87054 8.74935e-05 0.492098
    outer loop
      vertex 8.562 9.68775 53.3062
      vertex 8.41557 10.0253 53.0471
      vertex 8.3847 9.96821 52.9925
    endloop
  endfacet
  facet normal -0.870444 0.000257359 0.492268
    outer loop
      vertex 8.61787 10.324 53.405
      vertex 8.73058 9.93667 53.6045
      vertex 8.76079 9.97169 53.6579
    endloop
  endfacet
  facet normal -0.870527 0.000124336 0.49212
    outer loop
      vertex 8.53627 9.64018 53.2607
      vertex 8.3847 9.96821 52.9925
      vertex 8.35473 9.90919 52.9395
    endloop
  endfacet
  facet normal -0.87068 -0.000175711 0.49185
    outer loop
      vertex 8.58228 10.2797 53.3421
      vertex 8.70093 9.89974 53.552
      vertex 8.73058 9.93667 53.6045
    endloop
  endfacet
  facet normal -0.870474 0.000124868 0.492215
    outer loop
      vertex 8.5474 10.2331 53.2804
      vertex 8.67186 9.86093 53.5006
      vertex 8.70093 9.89974 53.552
    endloop
  endfacet
  facet normal -0.870567 -2.22177e-05 0.492049
    outer loop
      vertex 8.5113 9.59099 53.2165
      vertex 8.35473 9.90919 52.9395
      vertex 8.32568 9.84828 52.8881
    endloop
  endfacet
  facet normal -0.870706 -0.000164113 0.491805
    outer loop
      vertex 8.51325 10.1843 53.2199
      vertex 8.6434 9.82029 53.4502
      vertex 8.67186 9.86093 53.5006
    endloop
  endfacet
  facet normal -0.870579 1.11873e-05 0.492029
    outer loop
      vertex 8.48709 9.54023 53.1737
      vertex 8.32568 9.84828 52.8881
      vertex 8.29759 9.78554 52.8384
    endloop
  endfacet
  facet normal -0.870556 7.83041e-06 0.49207
    outer loop
      vertex 8.47988 10.1334 53.1609
      vertex 8.61559 9.77785 53.401
      vertex 8.6434 9.82029 53.4502
    endloop
  endfacet
  facet normal -0.870509 5.21411e-05 0.492152
    outer loop
      vertex 8.4473 10.0804 53.1033
      vertex 8.58845 9.73365 53.353
      vertex 8.61559 9.77785 53.401
    endloop
  endfacet
  facet normal -0.870636 -0.00028345 0.491928
    outer loop
      vertex 8.46369 9.48795 53.1322
      vertex 8.29759 9.78554 52.8384
      vertex 8.27049 9.72104 52.7904
    endloop
  endfacet
  facet normal -0.870584 8.52033e-06 0.49202
    outer loop
      vertex 8.41557 10.0253 53.0471
      vertex 8.562 9.68775 53.3062
      vertex 8.58845 9.73365 53.353
    endloop
  endfacet
  facet normal -0.870444 0.000379282 0.492267
    outer loop
      vertex 8.4411 9.4342 53.0923
      vertex 8.27049 9.72104 52.7904
      vertex 8.24439 9.65485 52.7443
    endloop
  endfacet
  facet normal -0.870521 0.000136819 0.492132
    outer loop
      vertex 8.3847 9.96821 52.9925
      vertex 8.53627 9.64018 53.2607
      vertex 8.562 9.68775 53.3062
    endloop
  endfacet
  facet normal -0.870614 -0.000116459 0.491967
    outer loop
      vertex 8.35473 9.90919 52.9395
      vertex 8.5113 9.59099 53.2165
      vertex 8.53627 9.64018 53.2607
    endloop
  endfacet
  facet normal -0.870654 -0.000318355 0.491896
    outer loop
      vertex 8.41935 9.37904 53.0538
      vertex 8.24439 9.65485 52.7443
      vertex 8.21933 9.58702 52.6999
    endloop
  endfacet
  facet normal -0.870496 0.000189561 0.492175
    outer loop
      vertex 8.32568 9.84828 52.8881
      vertex 8.48709 9.54023 53.1737
      vertex 8.5113 9.59099 53.2165
    endloop
  endfacet
  facet normal -0.870486 0.000326656 0.492193
    outer loop
      vertex 8.39847 9.32252 53.0169
      vertex 8.21933 9.58702 52.6999
      vertex 8.19533 9.51762 52.6575
    endloop
  endfacet
  facet normal -0.870762 -0.000572864 0.491705
    outer loop
      vertex 8.29759 9.78554 52.8384
      vertex 8.46369 9.48795 53.1322
      vertex 8.48709 9.54023 53.1737
    endloop
  endfacet
  facet normal -0.870663 -0.000331214 0.491881
    outer loop
      vertex 8.37847 9.26469 52.9815
      vertex 8.19533 9.51762 52.6575
      vertex 8.17242 9.44673 52.6169
    endloop
  endfacet
  facet normal -0.870438 0.000395773 0.492279
    outer loop
      vertex 8.27049 9.72104 52.7904
      vertex 8.4411 9.4342 53.0923
      vertex 8.46369 9.48795 53.1322
    endloop
  endfacet
  facet normal -0.870584 -0.000136291 0.492019
    outer loop
      vertex 8.24439 9.65485 52.7443
      vertex 8.41935 9.37904 53.0538
      vertex 8.4411 9.4342 53.0923
    endloop
  endfacet
  facet normal -0.870441 0.000440062 0.492273
    outer loop
      vertex 8.35938 9.20561 52.9477
      vertex 8.17242 9.44673 52.6169
      vertex 8.15061 9.37441 52.5784
    endloop
  endfacet
  facet normal -0.870505 0.000273447 0.49216
    outer loop
      vertex 8.21933 9.58702 52.6999
      vertex 8.39847 9.32252 53.0169
      vertex 8.41935 9.37904 53.0538
    endloop
  endfacet
  facet normal -0.870582 -6.02066e-05 0.492024
    outer loop
      vertex 8.3412 9.14534 52.9156
      vertex 8.15061 9.37441 52.5784
      vertex 8.12993 9.30073 52.5418
    endloop
  endfacet
  facet normal -0.870585 -9.92236e-05 0.492018
    outer loop
      vertex 8.19533 9.51762 52.6575
      vertex 8.37847 9.26469 52.9815
      vertex 8.39847 9.32252 53.0169
    endloop
  endfacet
  facet normal -0.870627 -0.000239306 0.491944
    outer loop
      vertex 8.32397 9.08395 52.8851
      vertex 8.12993 9.30073 52.5418
      vertex 8.1104 9.22577 52.5072
    endloop
  endfacet
  facet normal -0.87062 -0.000134428 0.491955
    outer loop
      vertex 8.17242 9.44673 52.6169
      vertex 8.35938 9.20561 52.9477
      vertex 8.37847 9.26469 52.9815
    endloop
  endfacet
  facet normal -0.8706 -7.26758e-05 0.491992
    outer loop
      vertex 8.3077 9.02148 52.8563
      vertex 8.1104 9.22577 52.5072
      vertex 8.09204 9.1496 52.4747
    endloop
  endfacet
  facet normal -0.870451 0.000388643 0.492255
    outer loop
      vertex 8.15061 9.37441 52.5784
      vertex 8.3412 9.14534 52.9156
      vertex 8.35938 9.20561 52.9477
    endloop
  endfacet
  facet normal -0.870589 -9.93944e-05 0.492011
    outer loop
      vertex 8.12993 9.30073 52.5418
      vertex 8.32397 9.08395 52.8851
      vertex 8.3412 9.14534 52.9156
    endloop
  endfacet
  facet normal -0.870598 -0.000109495 0.491995
    outer loop
      vertex 8.2924 8.958 52.8292
      vertex 8.09204 9.1496 52.4747
      vertex 8.07487 9.0723 52.4443
    endloop
  endfacet
  facet normal -0.8706 -7.49189e-05 0.491991
    outer loop
      vertex 8.1104 9.22577 52.5072
      vertex 8.3077 9.02148 52.8563
      vertex 8.32397 9.08395 52.8851
    endloop
  endfacet
  facet normal -0.870538 0.00032208 0.492101
    outer loop
      vertex 8.27808 8.89358 52.8039
      vertex 8.07487 9.0723 52.4443
      vertex 8.0589 8.99394 52.4161
    endloop
  endfacet
  facet normal -0.870616 -0.000185653 0.491963
    outer loop
      vertex 8.09204 9.1496 52.4747
      vertex 8.2924 8.958 52.8292
      vertex 8.3077 9.02148 52.8563
    endloop
  endfacet
  facet normal -0.870532 6.24935e-05 0.492111
    outer loop
      vertex 8.26477 8.82828 52.7803
      vertex 8.0589 8.99394 52.4161
      vertex 8.04414 8.91459 52.39
    endloop
  endfacet
  facet normal -0.870551 0.000259684 0.492078
    outer loop
      vertex 8.07487 9.0723 52.4443
      vertex 8.27808 8.89358 52.8039
      vertex 8.2924 8.958 52.8292
    endloop
  endfacet
  facet normal -0.87056 1.20549e-05 0.492063
    outer loop
      vertex 8.25248 8.76216 52.7586
      vertex 8.04414 8.91459 52.39
      vertex 8.03063 8.83435 52.3661
    endloop
  endfacet
  facet normal -0.870612 -0.000346776 0.49197
    outer loop
      vertex 8.0589 8.99394 52.4161
      vertex 8.26477 8.82828 52.7803
      vertex 8.27808 8.89358 52.8039
    endloop
  endfacet
  facet normal -0.870511 0.000286695 0.492149
    outer loop
      vertex 8.04414 8.91459 52.39
      vertex 8.25248 8.76216 52.7586
      vertex 8.26477 8.82828 52.7803
    endloop
  endfacet
  facet normal -0.870507 0.000123541 0.492157
    outer loop
      vertex 8.24121 8.69529 52.7386
      vertex 8.03063 8.83435 52.3661
      vertex 8.01835 8.75328 52.3444
    endloop
  endfacet
  facet normal -0.870594 -0.000425232 0.492002
    outer loop
      vertex 8.03063 8.83435 52.3661
      vertex 8.24121 8.69529 52.7386
      vertex 8.25248 8.76216 52.7586
    endloop
  endfacet
  facet normal -0.870575 -0.000118368 0.492036
    outer loop
      vertex 8.23099 8.62773 52.7206
      vertex 8.01835 8.75328 52.3444
      vertex 8.00734 8.67146 52.3249
    endloop
  endfacet
  facet normal -0.87048 0.000542368 0.492204
    outer loop
      vertex 8.01835 8.75328 52.3444
      vertex 8.23099 8.62773 52.7206
      vertex 8.24121 8.69529 52.7386
    endloop
  endfacet
  facet normal -0.870586 -0.000392384 0.492016
    outer loop
      vertex 8.22181 8.55955 52.7043
      vertex 8.00734 8.67146 52.3249
      vertex 7.9976 8.58899 52.3076
    endloop
  endfacet
  facet normal -0.870588 -0.000407728 0.492012
    outer loop
      vertex 8.00734 8.67146 52.3249
      vertex 8.22181 8.55955 52.7043
      vertex 8.23099 8.62773 52.7206
    endloop
  endfacet
  facet normal -0.870503 0.000480634 0.492163
    outer loop
      vertex 8.21369 8.49082 52.6899
      vertex 7.9976 8.58899 52.3076
      vertex 7.98913 8.50593 52.2927
    endloop
  endfacet
  facet normal -0.870581 -0.000233294 0.492025
    outer loop
      vertex 7.9976 8.58899 52.3076
      vertex 8.21369 8.49082 52.6899
      vertex 8.22181 8.55955 52.7043
    endloop
  endfacet
  facet normal -0.870557 -8.80651e-05 0.492067
    outer loop
      vertex 8.20664 8.42161 52.6775
      vertex 7.98913 8.50593 52.2927
      vertex 7.98196 8.42237 52.28
    endloop
  endfacet
  facet normal -0.870502 0.000494292 0.492164
    outer loop
      vertex 7.98913 8.50593 52.2927
      vertex 8.20664 8.42161 52.6775
      vertex 8.21369 8.49082 52.6899
    endloop
  endfacet
  facet normal -0.870557 -0.000143322 0.492067
    outer loop
      vertex 7.98196 8.42237 52.28
      vertex 8.20066 8.35198 52.6669
      vertex 8.20664 8.42161 52.6775
    endloop
  endfacet
  facet normal -0.870545 1.28931e-05 0.492089
    outer loop
      vertex 7.97608 8.3384 52.2696
      vertex 8.20066 8.35198 52.6669
      vertex 7.98196 8.42237 52.28
    endloop
  endfacet
  facet normal -0.870542 -0.000222502 0.492095
    outer loop
      vertex 7.97608 8.3384 52.2696
      vertex 8.19576 8.282 52.6582
      vertex 8.20066 8.35198 52.6669
    endloop
  endfacet
  facet normal -0.870527 9.95795e-06 0.49212
    outer loop
      vertex 7.9715 8.25409 52.2615
      vertex 8.19576 8.282 52.6582
      vertex 7.97608 8.3384 52.2696
    endloop
  endfacet
  facet normal -0.870539 0.000404122 0.492099
    outer loop
      vertex 7.9715 8.25409 52.2615
      vertex 8.19194 8.21174 52.6515
      vertex 8.19576 8.282 52.6582
    endloop
  endfacet
  facet normal -0.870557 1.69793e-05 0.492067
    outer loop
      vertex 7.96822 8.16953 52.2557
      vertex 8.19194 8.21174 52.6515
      vertex 7.9715 8.25409 52.2615
    endloop
  endfacet
  facet normal -0.870534 -0.000493553 0.492109
    outer loop
      vertex 7.96822 8.16953 52.2557
      vertex 8.18921 8.14128 52.6466
      vertex 8.19194 8.21174 52.6515
    endloop
  endfacet
  facet normal -0.870524 -0.000191345 0.492125
    outer loop
      vertex 7.96626 8.08481 52.2522
      vertex 8.18921 8.14128 52.6466
      vertex 7.96822 8.16953 52.2557
    endloop
  endfacet
  facet normal -0.870537 8.20703e-06 0.492104
    outer loop
      vertex 7.96626 8.08481 52.2522
      vertex 8.18757 8.07067 52.6437
      vertex 8.18921 8.14128 52.6466
    endloop
  endfacet
  facet normal -0.87054 -0.000188206 0.492098
    outer loop
      vertex 7.9656 8 52.251
      vertex 8.18757 8.07067 52.6437
      vertex 7.96626 8.08481 52.2522
    endloop
  endfacet
  facet normal -0.870584 0.000386266 0.49202
    outer loop
      vertex 7.9656 8 52.251
      vertex 8.18703 8 52.6428
      vertex 8.18757 8.07067 52.6437
    endloop
  endfacet
  facet normal -0.870584 -0.000386266 0.49202
    outer loop
      vertex 7.9656 8 52.251
      vertex 8.18757 7.92933 52.6437
      vertex 8.18703 8 52.6428
    endloop
  endfacet
  facet normal -0.87054 0.000188206 0.492098
    outer loop
      vertex 7.96626 7.91519 52.2522
      vertex 8.18757 7.92933 52.6437
      vertex 7.9656 8 52.251
    endloop
  endfacet
  facet normal -0.870537 -8.20703e-06 0.492104
    outer loop
      vertex 7.96626 7.91519 52.2522
      vertex 8.18921 7.85872 52.6466
      vertex 8.18757 7.92933 52.6437
    endloop
  endfacet
  facet normal -0.870524 0.000191345 0.492125
    outer loop
      vertex 7.96822 7.83047 52.2557
      vertex 8.18921 7.85872 52.6466
      vertex 7.96626 7.91519 52.2522
    endloop
  endfacet
  facet normal -0.870534 0.000493553 0.492109
    outer loop
      vertex 7.96822 7.83047 52.2557
      vertex 8.19194 7.78826 52.6515
      vertex 8.18921 7.85872 52.6466
    endloop
  endfacet
  facet normal -0.870557 -1.69793e-05 0.492067
    outer loop
      vertex 7.9715 7.74591 52.2615
      vertex 8.19194 7.78826 52.6515
      vertex 7.96822 7.83047 52.2557
    endloop
  endfacet
  facet normal -0.870539 -0.000404122 0.492099
    outer loop
      vertex 7.9715 7.74591 52.2615
      vertex 8.19576 7.718 52.6582
      vertex 8.19194 7.78826 52.6515
    endloop
  endfacet
  facet normal -0.870527 -9.95795e-06 0.49212
    outer loop
      vertex 7.97608 7.6616 52.2696
      vertex 8.19576 7.718 52.6582
      vertex 7.9715 7.74591 52.2615
    endloop
  endfacet
  facet normal -0.870542 0.000222502 0.492095
    outer loop
      vertex 7.97608 7.6616 52.2696
      vertex 8.20066 7.64802 52.6669
      vertex 8.19576 7.718 52.6582
    endloop
  endfacet
  facet normal -0.870545 -1.28931e-05 0.492089
    outer loop
      vertex 7.98196 7.57763 52.28
      vertex 8.20066 7.64802 52.6669
      vertex 7.97608 7.6616 52.2696
    endloop
  endfacet
  facet normal -0.870557 0.000143322 0.492067
    outer loop
      vertex 8.20066 7.64802 52.6669
      vertex 7.98196 7.57763 52.28
      vertex 8.20664 7.57839 52.6775
    endloop
  endfacet
  facet normal -0.870557 8.80651e-05 0.492067
    outer loop
      vertex 7.98913 7.49407 52.2927
      vertex 8.20664 7.57839 52.6775
      vertex 7.98196 7.57763 52.28
    endloop
  endfacet
  facet normal -0.870502 -0.000494292 0.492164
    outer loop
      vertex 8.20664 7.57839 52.6775
      vertex 7.98913 7.49407 52.2927
      vertex 8.21369 7.50918 52.6899
    endloop
  endfacet
  facet normal -0.870503 -0.000480634 0.492163
    outer loop
      vertex 7.9976 7.41101 52.3076
      vertex 8.21369 7.50918 52.6899
      vertex 7.98913 7.49407 52.2927
    endloop
  endfacet
  facet normal -0.870581 0.000233294 0.492025
    outer loop
      vertex 8.21369 7.50918 52.6899
      vertex 7.9976 7.41101 52.3076
      vertex 8.22181 7.44045 52.7043
    endloop
  endfacet
  facet normal -0.870586 0.000392384 0.492016
    outer loop
      vertex 8.00734 7.32854 52.3249
      vertex 8.22181 7.44045 52.7043
      vertex 7.9976 7.41101 52.3076
    endloop
  endfacet
  facet normal -0.870588 0.000407728 0.492012
    outer loop
      vertex 8.22181 7.44045 52.7043
      vertex 8.00734 7.32854 52.3249
      vertex 8.23099 7.37227 52.7206
    endloop
  endfacet
  facet normal -0.870575 0.000118368 0.492036
    outer loop
      vertex 8.01835 7.24672 52.3444
      vertex 8.23099 7.37227 52.7206
      vertex 8.00734 7.32854 52.3249
    endloop
  endfacet
  facet normal -0.87048 -0.000542368 0.492204
    outer loop
      vertex 8.23099 7.37227 52.7206
      vertex 8.01835 7.24672 52.3444
      vertex 8.24121 7.30471 52.7386
    endloop
  endfacet
  facet normal -0.870507 -0.000123541 0.492157
    outer loop
      vertex 8.03063 7.16565 52.3661
      vertex 8.24121 7.30471 52.7386
      vertex 8.01835 7.24672 52.3444
    endloop
  endfacet
  facet normal -0.870594 0.000425232 0.492002
    outer loop
      vertex 8.24121 7.30471 52.7386
      vertex 8.03063 7.16565 52.3661
      vertex 8.25248 7.23784 52.7586
    endloop
  endfacet
  facet normal -0.87056 -1.20549e-05 0.492063
    outer loop
      vertex 8.04414 7.08541 52.39
      vertex 8.25248 7.23784 52.7586
      vertex 8.03063 7.16565 52.3661
    endloop
  endfacet
  facet normal -0.870511 -0.000286695 0.492149
    outer loop
      vertex 8.25248 7.23784 52.7586
      vertex 8.04414 7.08541 52.39
      vertex 8.26477 7.17172 52.7803
    endloop
  endfacet
  facet normal -0.870532 -6.24935e-05 0.492111
    outer loop
      vertex 8.0589 7.00606 52.4161
      vertex 8.26477 7.17172 52.7803
      vertex 8.04414 7.08541 52.39
    endloop
  endfacet
  facet normal -0.870612 0.000346776 0.49197
    outer loop
      vertex 8.26477 7.17172 52.7803
      vertex 8.0589 7.00606 52.4161
      vertex 8.27808 7.10642 52.8039
    endloop
  endfacet
  facet normal -0.870538 -0.00032208 0.492101
    outer loop
      vertex 8.07487 6.9277 52.4443
      vertex 8.27808 7.10642 52.8039
      vertex 8.0589 7.00606 52.4161
    endloop
  endfacet
  facet normal -0.870551 -0.000259684 0.492078
    outer loop
      vertex 8.27808 7.10642 52.8039
      vertex 8.07487 6.9277 52.4443
      vertex 8.2924 7.042 52.8292
    endloop
  endfacet
  facet normal -0.870598 0.000109495 0.491995
    outer loop
      vertex 8.09204 6.8504 52.4747
      vertex 8.2924 7.042 52.8292
      vertex 8.07487 6.9277 52.4443
    endloop
  endfacet
  facet normal -0.870616 0.000185653 0.491963
    outer loop
      vertex 8.2924 7.042 52.8292
      vertex 8.09204 6.8504 52.4747
      vertex 8.3077 6.97852 52.8563
    endloop
  endfacet
  facet normal -0.8706 7.26758e-05 0.491992
    outer loop
      vertex 8.1104 6.77423 52.5072
      vertex 8.3077 6.97852 52.8563
      vertex 8.09204 6.8504 52.4747
    endloop
  endfacet
  facet normal -0.8706 7.49189e-05 0.491991
    outer loop
      vertex 8.3077 6.97852 52.8563
      vertex 8.1104 6.77423 52.5072
      vertex 8.32397 6.91605 52.8851
    endloop
  endfacet
  facet normal -0.870627 0.000239306 0.491944
    outer loop
      vertex 8.12993 6.69927 52.5418
      vertex 8.32397 6.91605 52.8851
      vertex 8.1104 6.77423 52.5072
    endloop
  endfacet
  facet normal -0.870589 9.93944e-05 0.492011
    outer loop
      vertex 8.32397 6.91605 52.8851
      vertex 8.12993 6.69927 52.5418
      vertex 8.3412 6.85466 52.9156
    endloop
  endfacet
  facet normal -0.870582 6.02066e-05 0.492024
    outer loop
      vertex 8.15061 6.62559 52.5784
      vertex 8.3412 6.85466 52.9156
      vertex 8.12993 6.69927 52.5418
    endloop
  endfacet
  facet normal -0.870451 -0.000388643 0.492255
    outer loop
      vertex 8.3412 6.85466 52.9156
      vertex 8.15061 6.62559 52.5784
      vertex 8.35938 6.79439 52.9477
    endloop
  endfacet
  facet normal -0.870441 -0.000440062 0.492273
    outer loop
      vertex 8.17242 6.55327 52.6169
      vertex 8.35938 6.79439 52.9477
      vertex 8.15061 6.62559 52.5784
    endloop
  endfacet
  facet normal -0.87062 0.000134428 0.491955
    outer loop
      vertex 8.35938 6.79439 52.9477
      vertex 8.17242 6.55327 52.6169
      vertex 8.37847 6.73531 52.9815
    endloop
  endfacet
  facet normal -0.870663 0.000331214 0.491881
    outer loop
      vertex 8.19533 6.48238 52.6575
      vertex 8.37847 6.73531 52.9815
      vertex 8.17242 6.55327 52.6169
    endloop
  endfacet
  facet normal -0.870585 9.92236e-05 0.492018
    outer loop
      vertex 8.37847 6.73531 52.9815
      vertex 8.19533 6.48238 52.6575
      vertex 8.39847 6.67748 53.0169
    endloop
  endfacet
  facet normal -0.870486 -0.000326656 0.492193
    outer loop
      vertex 8.21933 6.41298 52.6999
      vertex 8.39847 6.67748 53.0169
      vertex 8.19533 6.48238 52.6575
    endloop
  endfacet
  facet normal -0.870505 -0.000273447 0.49216
    outer loop
      vertex 8.39847 6.67748 53.0169
      vertex 8.21933 6.41298 52.6999
      vertex 8.41935 6.62096 53.0538
    endloop
  endfacet
  facet normal -0.870654 0.000318355 0.491896
    outer loop
      vertex 8.24439 6.34515 52.7443
      vertex 8.41935 6.62096 53.0538
      vertex 8.21933 6.41298 52.6999
    endloop
  endfacet
  facet normal -0.870584 0.000136291 0.492019
    outer loop
      vertex 8.41935 6.62096 53.0538
      vertex 8.24439 6.34515 52.7443
      vertex 8.4411 6.5658 53.0923
    endloop
  endfacet
  facet normal -0.870444 -0.000379282 0.492267
    outer loop
      vertex 8.27049 6.27896 52.7904
      vertex 8.4411 6.5658 53.0923
      vertex 8.24439 6.34515 52.7443
    endloop
  endfacet
  facet normal -0.870438 -0.000395773 0.492279
    outer loop
      vertex 8.4411 6.5658 53.0923
      vertex 8.27049 6.27896 52.7904
      vertex 8.46369 6.51205 53.1322
    endloop
  endfacet
  facet normal -0.870636 0.00028345 0.491928
    outer loop
      vertex 8.29759 6.21446 52.8384
      vertex 8.46369 6.51205 53.1322
      vertex 8.27049 6.27896 52.7904
    endloop
  endfacet
  facet normal -0.870762 0.000572864 0.491705
    outer loop
      vertex 8.46369 6.51205 53.1322
      vertex 8.29759 6.21446 52.8384
      vertex 8.48709 6.45977 53.1737
    endloop
  endfacet
  facet normal -0.870579 -1.11873e-05 0.492029
    outer loop
      vertex 8.32568 6.15172 52.8881
      vertex 8.48709 6.45977 53.1737
      vertex 8.29759 6.21446 52.8384
    endloop
  endfacet
  facet normal -0.870496 -0.000189561 0.492175
    outer loop
      vertex 8.48709 6.45977 53.1737
      vertex 8.32568 6.15172 52.8881
      vertex 8.5113 6.40901 53.2165
    endloop
  endfacet
  facet normal -0.870567 2.22177e-05 0.492049
    outer loop
      vertex 8.35473 6.09081 52.9395
      vertex 8.5113 6.40901 53.2165
      vertex 8.32568 6.15172 52.8881
    endloop
  endfacet
  facet normal -0.870614 0.000116459 0.491967
    outer loop
      vertex 8.5113 6.40901 53.2165
      vertex 8.35473 6.09081 52.9395
      vertex 8.53627 6.35982 53.2607
    endloop
  endfacet
  facet normal -0.870527 -0.000124336 0.49212
    outer loop
      vertex 8.3847 6.03179 52.9925
      vertex 8.53627 6.35982 53.2607
      vertex 8.35473 6.09081 52.9395
    endloop
  endfacet
  facet normal -0.870521 -0.000136819 0.492132
    outer loop
      vertex 8.53627 6.35982 53.2607
      vertex 8.3847 6.03179 52.9925
      vertex 8.562 6.31225 53.3062
    endloop
  endfacet
  facet normal -0.87054 -8.74935e-05 0.492098
    outer loop
      vertex 8.41557 5.9747 53.0471
      vertex 8.562 6.31225 53.3062
      vertex 8.3847 6.03179 52.9925
    endloop
  endfacet
  facet normal -0.870584 -8.52033e-06 0.49202
    outer loop
      vertex 8.562 6.31225 53.3062
      vertex 8.41557 5.9747 53.0471
      vertex 8.58845 6.26635 53.353
    endloop
  endfacet
  facet normal -0.87069 0.000252725 0.491831
    outer loop
      vertex 8.4473 5.91961 53.1033
      vertex 8.58845 6.26635 53.353
      vertex 8.41557 5.9747 53.0471
    endloop
  endfacet
  facet normal -0.870509 -5.2142e-05 0.492152
    outer loop
      vertex 8.58845 6.26635 53.353
      vertex 8.4473 5.91961 53.1033
      vertex 8.61559 6.22215 53.401
    endloop
  endfacet
  facet normal -0.870468 -0.000145771 0.492224
    outer loop
      vertex 8.47988 5.86658 53.1609
      vertex 8.61559 6.22215 53.401
      vertex 8.4473 5.91961 53.1033
    endloop
  endfacet
  facet normal -0.870556 -7.83013e-06 0.49207
    outer loop
      vertex 8.61559 6.22215 53.401
      vertex 8.47988 5.86658 53.1609
      vertex 8.6434 6.17971 53.4502
    endloop
  endfacet
  facet normal -0.870483 -0.000164116 0.492198
    outer loop
      vertex 8.51325 5.81565 53.2199
      vertex 8.6434 6.17971 53.4502
      vertex 8.47988 5.86658 53.1609
    endloop
  endfacet
  facet normal -0.870706 0.000164098 0.491805
    outer loop
      vertex 8.6434 6.17971 53.4502
      vertex 8.51325 5.81565 53.2199
      vertex 8.67186 6.13907 53.5006
    endloop
  endfacet
  facet normal -0.870754 0.000261828 0.491719
    outer loop
      vertex 8.5474 5.76688 53.2804
      vertex 8.67186 6.13907 53.5006
      vertex 8.51325 5.81565 53.2199
    endloop
  endfacet
  facet normal -0.870474 -0.000124863 0.492215
    outer loop
      vertex 8.67186 6.13907 53.5006
      vertex 8.5474 5.76688 53.2804
      vertex 8.70093 6.10026 53.552
    endloop
  endfacet
  facet normal -0.870531 -1.59074e-05 0.492113
    outer loop
      vertex 8.58228 5.72031 53.3421
      vertex 8.70093 6.10026 53.552
      vertex 8.5474 5.76688 53.2804
    endloop
  endfacet
  facet normal -0.87068 0.000175714 0.49185
    outer loop
      vertex 8.70093 6.10026 53.552
      vertex 8.58228 5.72031 53.3421
      vertex 8.73058 6.06333 53.6045
    endloop
  endfacet
  facet normal -0.870424 -0.000281709 0.492304
    outer loop
      vertex 8.61787 5.676 53.405
      vertex 8.73058 6.06333 53.6045
      vertex 8.58228 5.72031 53.3421
    endloop
  endfacet
  facet normal -0.870444 -0.000257359 0.492268
    outer loop
      vertex 8.73058 6.06333 53.6045
      vertex 8.61787 5.676 53.405
      vertex 8.76079 6.02831 53.6579
    endloop
  endfacet
  facet normal -0.87072 0.000205295 0.491779
    outer loop
      vertex 8.65412 5.63397 53.4692
      vertex 8.76079 6.02831 53.6579
      vertex 8.61787 5.676 53.405
    endloop
  endfacet
  facet normal -0.870598 6.94783e-05 0.491994
    outer loop
      vertex 8.76079 6.02831 53.6579
      vertex 8.65412 5.63397 53.4692
      vertex 8.79153 5.99524 53.7123
    endloop
  endfacet
  facet normal -0.870447 -0.000167675 0.492261
    outer loop
      vertex 8.691 5.59428 53.5344
      vertex 8.79153 5.99524 53.7123
      vertex 8.65412 5.63397 53.4692
    endloop
  endfacet
  facet normal -0.87041 -0.00020642 0.492328
    outer loop
      vertex 8.79153 5.99524 53.7123
      vertex 8.691 5.59428 53.5344
      vertex 8.82276 5.96414 53.7675
    endloop
  endfacet
  facet normal -0.870493 -8.46681e-05 0.492181
    outer loop
      vertex 8.72849 5.55697 53.6007
      vertex 8.82276 5.96414 53.7675
      vertex 8.691 5.59428 53.5344
    endloop
  endfacet
  facet normal -0.870614 3.10277e-05 0.491967
    outer loop
      vertex 8.82276 5.96414 53.7675
      vertex 8.72849 5.55697 53.6007
      vertex 8.85446 5.93505 53.8236
    endloop
  endfacet
  facet normal -0.870608 2.3425e-05 0.491977
    outer loop
      vertex 8.76652 5.52206 53.668
      vertex 8.85446 5.93505 53.8236
      vertex 8.72849 5.55697 53.6007
    endloop
  endfacet
  facet normal -0.870737 0.000136952 0.491749
    outer loop
      vertex 8.85446 5.93505 53.8236
      vertex 8.76652 5.52206 53.668
      vertex 8.88659 5.908 53.8805
    endloop
  endfacet
  facet normal -0.870769 0.000177545 0.491693
    outer loop
      vertex 8.80508 5.4896 53.7363
      vertex 8.88659 5.908 53.8805
      vertex 8.76652 5.52206 53.668
    endloop
  endfacet
  facet normal -0.870335 -0.000171266 0.49246
    outer loop
      vertex 8.88659 5.908 53.8805
      vertex 8.80508 5.4896 53.7363
      vertex 8.91913 5.88302 53.938
    endloop
  endfacet
  facet normal -0.870371 -0.000128958 0.492397
    outer loop
      vertex 8.84412 5.45962 53.8053
      vertex 8.91913 5.88302 53.938
      vertex 8.80508 5.4896 53.7363
    endloop
  endfacet
  facet normal -0.870858 0.000227837 0.491534
    outer loop
      vertex 8.91913 5.88302 53.938
      vertex 8.84412 5.45962 53.8053
      vertex 8.95203 5.86012 53.9963
    endloop
  endfacet
  facet normal -0.870661 8.35519e-06 0.491883
    outer loop
      vertex 8.88361 5.43215 53.8752
      vertex 8.95203 5.86012 53.9963
      vertex 8.84412 5.45962 53.8053
    endloop
  endfacet
  facet normal -0.870483 -0.000109404 0.492199
    outer loop
      vertex 8.95203 5.86012 53.9963
      vertex 8.88361 5.43215 53.8752
      vertex 8.98528 5.83934 54.0551
    endloop
  endfacet
  facet normal -0.870632 4.42987e-05 0.491935
    outer loop
      vertex 8.9235 5.40721 53.9458
      vertex 8.98528 5.83934 54.0551
      vertex 8.88361 5.43215 53.8752
    endloop
  endfacet
  facet normal -0.870632 4.43074e-05 0.491935
    outer loop
      vertex 9.66481 10.5928 55.2573
      vertex 9.60303 10.1607 55.148
      vertex 9.7047 10.5679 55.3279
    endloop
  endfacet
  facet normal -0.870483 -0.000109387 0.492199
    outer loop
      vertex 9.63628 10.1399 55.2068
      vertex 9.7047 10.5679 55.3279
      vertex 9.60303 10.1607 55.148
    endloop
  endfacet
  facet normal -0.870661 8.35375e-06 0.491883
    outer loop
      vertex 9.7047 10.5679 55.3279
      vertex 9.63628 10.1399 55.2068
      vertex 9.74419 10.5404 55.3978
    endloop
  endfacet
  facet normal -0.870554 -0.00011126 0.492073
    outer loop
      vertex 9.66918 10.117 55.265
      vertex 9.74419 10.5404 55.3978
      vertex 9.63628 10.1399 55.2068
    endloop
  endfacet
  facet normal -0.87039 -0.000231292 0.492363
    outer loop
      vertex 9.74419 10.5404 55.3978
      vertex 9.66918 10.117 55.265
      vertex 9.78323 10.5104 55.4668
    endloop
  endfacet
  facet normal -0.870654 8.51018e-05 0.491896
    outer loop
      vertex 9.70172 10.092 55.3226
      vertex 9.78323 10.5104 55.4668
      vertex 9.66918 10.117 55.265
    endloop
  endfacet
  facet normal -0.870504 -3.58983e-05 0.492162
    outer loop
      vertex 9.78323 10.5104 55.4668
      vertex 9.70172 10.092 55.3226
      vertex 9.82179 10.4779 55.535
    endloop
  endfacet
  facet normal -0.870717 0.000237867 0.491785
    outer loop
      vertex 9.73385 10.0649 55.3795
      vertex 9.82179 10.4779 55.535
      vertex 9.70172 10.092 55.3226
    endloop
  endfacet
  facet normal -0.87054 8.23324e-05 0.492098
    outer loop
      vertex 9.82179 10.4779 55.535
      vertex 9.73385 10.0649 55.3795
      vertex 9.85983 10.443 55.6023
    endloop
  endfacet
  facet normal -0.870299 -0.000248164 0.492523
    outer loop
      vertex 9.76555 10.0359 55.4355
      vertex 9.85983 10.443 55.6023
      vertex 9.73385 10.0649 55.3795
    endloop
  endfacet
  facet normal -0.870792 0.000223321 0.491651
    outer loop
      vertex 9.85983 10.443 55.6023
      vertex 9.76555 10.0359 55.4355
      vertex 9.89731 10.4057 55.6687
    endloop
  endfacet
  facet normal -0.870715 0.000109757 0.491788
    outer loop
      vertex 9.79678 10.0048 55.4908
      vertex 9.89731 10.4057 55.6687
      vertex 9.76555 10.0359 55.4355
    endloop
  endfacet
  facet normal -0.870447 -0.000167686 0.492261
    outer loop
      vertex 9.89731 10.4057 55.6687
      vertex 9.79678 10.0048 55.4908
      vertex 9.93419 10.366 55.7339
    endloop
  endfacet
  facet normal -0.870598 6.94635e-05 0.491994
    outer loop
      vertex 9.82752 9.97169 55.5452
      vertex 9.93419 10.366 55.7339
      vertex 9.79678 10.0048 55.4908
    endloop
  endfacet
  facet normal -0.87072 0.000205342 0.491779
    outer loop
      vertex 9.93419 10.366 55.7339
      vertex 9.82752 9.97169 55.5452
      vertex 9.97044 10.324 55.7981
    endloop
  endfacet
  facet normal -0.870444 -0.000257359 0.492268
    outer loop
      vertex 9.85773 9.93667 55.5986
      vertex 9.97044 10.324 55.7981
      vertex 9.82752 9.97169 55.5452
    endloop
  endfacet
  facet normal -0.870554 -0.000124837 0.492073
    outer loop
      vertex 9.97044 10.324 55.7981
      vertex 9.85773 9.93667 55.5986
      vertex 10.006 10.2797 55.861
    endloop
  endfacet
  facet normal -0.870648 4.37218e-05 0.491906
    outer loop
      vertex 9.88739 9.89974 55.6511
      vertex 10.006 10.2797 55.861
      vertex 9.85773 9.93667 55.5986
    endloop
  endfacet
  facet normal -0.870467 -0.000190547 0.492227
    outer loop
      vertex 10.006 10.2797 55.861
      vertex 9.88739 9.89974 55.6511
      vertex 10.0409 10.2331 55.9227
    endloop
  endfacet
  facet normal -0.870529 -7.178e-05 0.492117
    outer loop
      vertex 9.91645 9.86093 55.7025
      vertex 10.0409 10.2331 55.9227
      vertex 9.88739 9.89974 55.6511
    endloop
  endfacet
  facet normal -0.870314 -0.000368297 0.492496
    outer loop
      vertex 10.0409 10.2331 55.9227
      vertex 9.91645 9.86093 55.7025
      vertex 10.0751 10.1843 55.9831
    endloop
  endfacet
  facet normal -0.870653 0.000316939 0.491898
    outer loop
      vertex 9.94491 9.82029 55.7529
      vertex 10.0751 10.1843 55.9831
      vertex 9.91645 9.86093 55.7025
    endloop
  endfacet
  facet normal -0.870945 0.000748778 0.49138
    outer loop
      vertex 10.0751 10.1843 55.9831
      vertex 9.94491 9.82029 55.7529
      vertex 10.1084 10.1334 56.0422
    endloop
  endfacet
  facet normal -0.870573 -5.42479e-05 0.492039
    outer loop
      vertex 9.97272 9.77785 55.8021
      vertex 10.1084 10.1334 56.0422
      vertex 9.94491 9.82029 55.7529
    endloop
  endfacet
  facet normal -0.870406 -0.000316969 0.492334
    outer loop
      vertex 10.1084 10.1334 56.0422
      vertex 9.97272 9.77785 55.8021
      vertex 10.141 10.0804 56.0998
    endloop
  endfacet
  facet normal -0.870474 -0.000160851 0.492214
    outer loop
      vertex 9.99987 9.73365 55.8501
      vertex 10.141 10.0804 56.0998
      vertex 9.97272 9.77785 55.8021
    endloop
  endfacet
  facet normal -0.870819 0.000419513 0.491603
    outer loop
      vertex 10.141 10.0804 56.0998
      vertex 9.99987 9.73365 55.8501
      vertex 10.1727 10.0253 56.156
    endloop
  endfacet
  facet normal -0.870693 0.000110275 0.491827
    outer loop
      vertex 10.0263 9.68775 55.8969
      vertex 10.1727 10.0253 56.156
      vertex 9.99987 9.73365 55.8501
    endloop
  endfacet
  facet normal -0.870445 -0.000334059 0.492265
    outer loop
      vertex 10.1727 10.0253 56.156
      vertex 10.0263 9.68775 55.8969
      vertex 10.2036 9.96821 56.2106
    endloop
  endfacet
  facet normal -0.870634 0.000159134 0.491931
    outer loop
      vertex 10.052 9.64018 55.9424
      vertex 10.2036 9.96821 56.2106
      vertex 10.0263 9.68775 55.8969
    endloop
  endfacet
  facet normal -0.870397 -0.000293497 0.492351
    outer loop
      vertex 10.2036 9.96821 56.2106
      vertex 10.052 9.64018 55.9424
      vertex 10.2336 9.90919 56.2636
    endloop
  endfacet
  facet normal -0.870465 -0.00010311 0.49223
    outer loop
      vertex 10.077 9.59099 55.9866
      vertex 10.2336 9.90919 56.2636
      vertex 10.052 9.64018 55.9424
    endloop
  endfacet
  facet normal -0.870725 0.000425568 0.49177
    outer loop
      vertex 10.2336 9.90919 56.2636
      vertex 10.077 9.59099 55.9866
      vertex 10.2626 9.84828 56.315
    endloop
  endfacet
  facet normal -0.870545 -0.000113215 0.49209
    outer loop
      vertex 10.1012 9.54023 56.0294
      vertex 10.2626 9.84828 56.315
      vertex 10.077 9.59099 55.9866
    endloop
  endfacet
  facet normal -0.870551 -9.90316e-05 0.492078
    outer loop
      vertex 10.2626 9.84828 56.315
      vertex 10.1012 9.54023 56.0294
      vertex 10.2907 9.78554 56.3647
    endloop
  endfacet
  facet normal -0.870575 -2.26407e-05 0.492036
    outer loop
      vertex 10.1246 9.48795 56.0708
      vertex 10.2907 9.78554 56.3647
      vertex 10.1012 9.54023 56.0294
    endloop
  endfacet
  facet normal -0.870488 -0.000222791 0.492189
    outer loop
      vertex 10.2907 9.78554 56.3647
      vertex 10.1246 9.48795 56.0708
      vertex 10.3178 9.72104 56.4126
    endloop
  endfacet
  facet normal -0.870584 0.000104362 0.49202
    outer loop
      vertex 10.1472 9.4342 56.1108
      vertex 10.3178 9.72104 56.4126
      vertex 10.1246 9.48795 56.0708
    endloop
  endfacet
  facet normal -0.870592 0.00012419 0.492006
    outer loop
      vertex 10.3178 9.72104 56.4126
      vertex 10.1472 9.4342 56.1108
      vertex 10.3439 9.65485 56.4588
    endloop
  endfacet
  facet normal -0.870443 -0.000422794 0.492269
    outer loop
      vertex 10.169 9.37904 56.1493
      vertex 10.3439 9.65485 56.4588
      vertex 10.1472 9.4342 56.1108
    endloop
  endfacet
  facet normal -0.870576 -7.56923e-05 0.492034
    outer loop
      vertex 10.3439 9.65485 56.4588
      vertex 10.169 9.37904 56.1493
      vertex 10.369 9.58702 56.5032
    endloop
  endfacet
  facet normal -0.870744 0.000593985 0.491736
    outer loop
      vertex 10.1898 9.32252 56.1862
      vertex 10.369 9.58702 56.5032
      vertex 10.169 9.37904 56.1493
    endloop
  endfacet
  facet normal -0.870439 -0.000259969 0.492276
    outer loop
      vertex 10.369 9.58702 56.5032
      vertex 10.1898 9.32252 56.1862
      vertex 10.393 9.51762 56.5456
    endloop
  endfacet
  facet normal -0.870538 0.000165993 0.492101
    outer loop
      vertex 10.2098 9.26469 56.2216
      vertex 10.393 9.51762 56.5456
      vertex 10.1898 9.32252 56.1862
    endloop
  endfacet
  facet normal -0.870643 0.000479888 0.491915
    outer loop
      vertex 10.393 9.51762 56.5456
      vertex 10.2098 9.26469 56.2216
      vertex 10.4159 9.44673 56.5862
    endloop
  endfacet
  facet normal -0.870556 7.29301e-05 0.492069
    outer loop
      vertex 10.2289 9.20561 56.2554
      vertex 10.4159 9.44673 56.5862
      vertex 10.2098 9.26469 56.2216
    endloop
  endfacet
  facet normal -0.870436 -0.00031298 0.492282
    outer loop
      vertex 10.4159 9.44673 56.5862
      vertex 10.2289 9.20561 56.2554
      vertex 10.4377 9.37441 56.6247
    endloop
  endfacet
  facet normal -0.870381 -0.000590607 0.492378
    outer loop
      vertex 10.2471 9.14534 56.2875
      vertex 10.4377 9.37441 56.6247
      vertex 10.2289 9.20561 56.2554
    endloop
  endfacet
  facet normal -0.870522 -0.000106887 0.492129
    outer loop
      vertex 10.4377 9.37441 56.6247
      vertex 10.2471 9.14534 56.2875
      vertex 10.4584 9.30073 56.6613
    endloop
  endfacet
  facet normal -0.870627 0.000480799 0.491944
    outer loop
      vertex 10.2643 9.08395 56.318
      vertex 10.4584 9.30073 56.6613
      vertex 10.2471 9.14534 56.2875
    endloop
  endfacet
  facet normal -0.870649 0.000563503 0.491904
    outer loop
      vertex 10.4584 9.30073 56.6613
      vertex 10.2643 9.08395 56.318
      vertex 10.4779 9.22577 56.6959
    endloop
  endfacet
  facet normal -0.870518 -0.000254316 0.492137
    outer loop
      vertex 10.2806 9.02148 56.3468
      vertex 10.4779 9.22577 56.6959
      vertex 10.2643 9.08395 56.318
    endloop
  endfacet
  facet normal -0.870508 -0.000293135 0.492154
    outer loop
      vertex 10.4779 9.22577 56.6959
      vertex 10.2806 9.02148 56.3468
      vertex 10.4963 9.1496 56.7284
    endloop
  endfacet
  facet normal -0.870582 0.00021972 0.492024
    outer loop
      vertex 10.2959 8.958 56.3739
      vertex 10.4963 9.1496 56.7284
      vertex 10.2806 9.02148 56.3468
    endloop
  endfacet
  facet normal -0.870593 0.000266618 0.492005
    outer loop
      vertex 10.4963 9.1496 56.7284
      vertex 10.2959 8.958 56.3739
      vertex 10.5134 9.0723 56.7587
    endloop
  endfacet
  facet normal -0.870559 3.45952e-06 0.492064
    outer loop
      vertex 10.3102 8.89358 56.3992
      vertex 10.5134 9.0723 56.7587
      vertex 10.2959 8.958 56.3739
    endloop
  endfacet
  facet normal -0.87055 -3.77268e-05 0.492079
    outer loop
      vertex 10.5134 9.0723 56.7587
      vertex 10.3102 8.89358 56.3992
      vertex 10.5294 8.99394 56.787
    endloop
  endfacet
  facet normal -0.870608 0.000483534 0.491977
    outer loop
      vertex 10.3235 8.82828 56.4228
      vertex 10.5294 8.99394 56.787
      vertex 10.3102 8.89358 56.3992
    endloop
  endfacet
  facet normal -0.870431 -0.000423649 0.49229
    outer loop
      vertex 10.5294 8.99394 56.787
      vertex 10.3235 8.82828 56.4228
      vertex 10.5442 8.91459 56.8131
    endloop
  endfacet
  facet normal -0.870437 -0.00036164 0.492279
    outer loop
      vertex 10.3358 8.76216 56.4445
      vertex 10.5442 8.91459 56.8131
      vertex 10.3235 8.82828 56.4228
    endloop
  endfacet
  facet normal -0.870523 0.000122116 0.492128
    outer loop
      vertex 10.5442 8.91459 56.8131
      vertex 10.3358 8.76216 56.4445
      vertex 10.5577 8.83435 56.837
    endloop
  endfacet
  facet normal -0.870465 -0.000611271 0.49223
    outer loop
      vertex 10.3471 8.69529 56.4644
      vertex 10.5577 8.83435 56.837
      vertex 10.3358 8.76216 56.4445
    endloop
  endfacet
  facet normal -0.870508 -0.000339565 0.492153
    outer loop
      vertex 10.5577 8.83435 56.837
      vertex 10.3471 8.69529 56.4644
      vertex 10.57 8.75328 56.8587
    endloop
  endfacet
  facet normal -0.870555 0.0003971 0.492071
    outer loop
      vertex 10.3573 8.62773 56.4825
      vertex 10.57 8.75328 56.8587
      vertex 10.3471 8.69529 56.4644
    endloop
  endfacet
  facet normal -0.870534 0.000247572 0.492109
    outer loop
      vertex 10.57 8.75328 56.8587
      vertex 10.3573 8.62773 56.4825
      vertex 10.581 8.67146 56.8782
    endloop
  endfacet
  facet normal -0.870531 0.000184533 0.492114
    outer loop
      vertex 10.3665 8.55955 56.4988
      vertex 10.581 8.67146 56.8782
      vertex 10.3573 8.62773 56.4825
    endloop
  endfacet
  facet normal -0.870609 0.000803655 0.491976
    outer loop
      vertex 10.581 8.67146 56.8782
      vertex 10.3665 8.55955 56.4988
      vertex 10.5907 8.58899 56.8955
    endloop
  endfacet
  facet normal -0.870576 -0.000226714 0.492034
    outer loop
      vertex 10.3746 8.49082 56.5131
      vertex 10.5907 8.58899 56.8955
      vertex 10.3665 8.55955 56.4988
    endloop
  endfacet
  facet normal -0.870513 -0.000799381 0.492145
    outer loop
      vertex 10.5907 8.58899 56.8955
      vertex 10.3746 8.49082 56.5131
      vertex 10.5992 8.50593 56.9104
    endloop
  endfacet
  facet normal -0.870519 -0.000419129 0.492134
    outer loop
      vertex 10.3817 8.42161 56.5256
      vertex 10.5992 8.50593 56.9104
      vertex 10.3746 8.49082 56.5131
    endloop
  endfacet
  facet normal -0.870538 -0.000217734 0.492101
    outer loop
      vertex 10.5992 8.50593 56.9104
      vertex 10.3817 8.42161 56.5256
      vertex 10.6064 8.42237 56.9231
    endloop
  endfacet
  facet normal -0.870538 -9.99897e-05 0.492101
    outer loop
      vertex 10.3877 8.35198 56.5362
      vertex 10.6064 8.42237 56.9231
      vertex 10.3817 8.42161 56.5256
    endloop
  endfacet
  facet normal -0.870608 0.000798275 0.491977
    outer loop
      vertex 10.3877 8.35198 56.5362
      vertex 10.6122 8.3384 56.9335
      vertex 10.6064 8.42237 56.9231
    endloop
  endfacet
  facet normal -0.870617 0.000200634 0.491961
    outer loop
      vertex 10.3926 8.282 56.5449
      vertex 10.6122 8.3384 56.9335
      vertex 10.3877 8.35198 56.5362
    endloop
  endfacet
  facet normal -0.87059 -0.000230622 0.492009
    outer loop
      vertex 10.3926 8.282 56.5449
      vertex 10.6168 8.25409 56.9416
      vertex 10.6122 8.3384 56.9335
    endloop
  endfacet
  facet normal -0.870588 -0.000167293 0.492012
    outer loop
      vertex 10.3964 8.21174 56.5516
      vertex 10.6168 8.25409 56.9416
      vertex 10.3926 8.282 56.5449
    endloop
  endfacet
  facet normal -0.870585 -0.000227446 0.492017
    outer loop
      vertex 10.3964 8.21174 56.5516
      vertex 10.6201 8.16953 56.9474
      vertex 10.6168 8.25409 56.9416
    endloop
  endfacet
  facet normal -0.870568 0.000160369 0.492048
    outer loop
      vertex 10.3991 8.14128 56.5564
      vertex 10.6201 8.16953 56.9474
      vertex 10.3964 8.21174 56.5516
    endloop
  endfacet
  facet normal -0.870556 -0.00022272 0.492069
    outer loop
      vertex 10.3991 8.14128 56.5564
      vertex 10.6221 8.08481 56.9509
      vertex 10.6201 8.16953 56.9474
    endloop
  endfacet
  facet normal -0.870512 0.000487253 0.492146
    outer loop
      vertex 10.4007 8.07067 56.5593
      vertex 10.6221 8.08481 56.9509
      vertex 10.3991 8.14128 56.5564
    endloop
  endfacet
  facet normal -0.870498 -0.000426312 0.492171
    outer loop
      vertex 10.4013 8 56.5603
      vertex 10.6221 8.08481 56.9509
      vertex 10.4007 8.07067 56.5593
    endloop
  endfacet
  facet normal -0.870612 0.000801742 0.491969
    outer loop
      vertex 10.4013 8 56.5603
      vertex 10.6227 8 56.9521
      vertex 10.6221 8.08481 56.9509
    endloop
  endfacet
  facet normal -0.870612 0.000430142 0.491969
    outer loop
      vertex 10.4007 7.92933 56.5593
      vertex 10.6227 8 56.9521
      vertex 10.4013 8 56.5603
    endloop
  endfacet
  facet normal -0.870517 -0.000804798 0.492138
    outer loop
      vertex 10.4007 7.92933 56.5593
      vertex 10.6221 7.91519 56.9509
      vertex 10.6227 8 56.9521
    endloop
  endfacet
  facet normal -0.870512 -0.000487253 0.492146
    outer loop
      vertex 10.3991 7.85872 56.5564
      vertex 10.6221 7.91519 56.9509
      vertex 10.4007 7.92933 56.5593
    endloop
  endfacet
  facet normal -0.870556 0.00022272 0.492069
    outer loop
      vertex 10.3991 7.85872 56.5564
      vertex 10.6201 7.83047 56.9474
      vertex 10.6221 7.91519 56.9509
    endloop
  endfacet
  facet normal -0.870568 -0.000160369 0.492048
    outer loop
      vertex 10.3964 7.78826 56.5516
      vertex 10.6201 7.83047 56.9474
      vertex 10.3991 7.85872 56.5564
    endloop
  endfacet
  facet normal -0.870585 0.000227446 0.492017
    outer loop
      vertex 10.3964 7.78826 56.5516
      vertex 10.6168 7.74591 56.9416
      vertex 10.6201 7.83047 56.9474
    endloop
  endfacet
  facet normal -0.870588 0.000167293 0.492012
    outer loop
      vertex 10.3926 7.718 56.5449
      vertex 10.6168 7.74591 56.9416
      vertex 10.3964 7.78826 56.5516
    endloop
  endfacet
  facet normal -0.87059 0.000230622 0.492009
    outer loop
      vertex 10.3926 7.718 56.5449
      vertex 10.6122 7.6616 56.9335
      vertex 10.6168 7.74591 56.9416
    endloop
  endfacet
  facet normal -0.870617 -0.000200634 0.491961
    outer loop
      vertex 10.3877 7.64802 56.5362
      vertex 10.6122 7.6616 56.9335
      vertex 10.3926 7.718 56.5449
    endloop
  endfacet
  facet normal -0.870538 9.99897e-05 0.492101
    outer loop
      vertex 10.6064 7.57763 56.9231
      vertex 10.3877 7.64802 56.5362
      vertex 10.3817 7.57839 56.5256
    endloop
  endfacet
  facet normal -0.870608 -0.000798275 0.491977
    outer loop
      vertex 10.3877 7.64802 56.5362
      vertex 10.6064 7.57763 56.9231
      vertex 10.6122 7.6616 56.9335
    endloop
  endfacet
  facet normal -0.870519 0.000419129 0.492134
    outer loop
      vertex 10.5992 7.49407 56.9104
      vertex 10.3817 7.57839 56.5256
      vertex 10.3746 7.50918 56.5131
    endloop
  endfacet
  facet normal -0.870538 0.000217734 0.492101
    outer loop
      vertex 10.3817 7.57839 56.5256
      vertex 10.5992 7.49407 56.9104
      vertex 10.6064 7.57763 56.9231
    endloop
  endfacet
  facet normal -0.870576 0.000226714 0.492034
    outer loop
      vertex 10.5907 7.41101 56.8955
      vertex 10.3746 7.50918 56.5131
      vertex 10.3665 7.44045 56.4988
    endloop
  endfacet
  facet normal -0.870513 0.000799381 0.492145
    outer loop
      vertex 10.3746 7.50918 56.5131
      vertex 10.5907 7.41101 56.8955
      vertex 10.5992 7.49407 56.9104
    endloop
  endfacet
  facet normal -0.870531 -0.000184533 0.492114
    outer loop
      vertex 10.581 7.32854 56.8782
      vertex 10.3665 7.44045 56.4988
      vertex 10.3573 7.37227 56.4825
    endloop
  endfacet
  facet normal -0.870609 -0.000803655 0.491976
    outer loop
      vertex 10.3665 7.44045 56.4988
      vertex 10.581 7.32854 56.8782
      vertex 10.5907 7.41101 56.8955
    endloop
  endfacet
  facet normal -0.870555 -0.0003971 0.492071
    outer loop
      vertex 10.57 7.24672 56.8587
      vertex 10.3573 7.37227 56.4825
      vertex 10.3471 7.30471 56.4644
    endloop
  endfacet
  facet normal -0.870534 -0.000247572 0.492109
    outer loop
      vertex 10.3573 7.37227 56.4825
      vertex 10.57 7.24672 56.8587
      vertex 10.581 7.32854 56.8782
    endloop
  endfacet
  facet normal -0.870465 0.000611271 0.49223
    outer loop
      vertex 10.5577 7.16565 56.837
      vertex 10.3471 7.30471 56.4644
      vertex 10.3358 7.23784 56.4445
    endloop
  endfacet
  facet normal -0.870437 0.00036164 0.492279
    outer loop
      vertex 10.5442 7.08541 56.8131
      vertex 10.3358 7.23784 56.4445
      vertex 10.3235 7.17172 56.4228
    endloop
  endfacet
  facet normal -0.870508 0.000339565 0.492153
    outer loop
      vertex 10.3471 7.30471 56.4644
      vertex 10.5577 7.16565 56.837
      vertex 10.57 7.24672 56.8587
    endloop
  endfacet
  facet normal -0.870608 -0.000483534 0.491977
    outer loop
      vertex 10.5294 7.00606 56.787
      vertex 10.3235 7.17172 56.4228
      vertex 10.3102 7.10642 56.3992
    endloop
  endfacet
  facet normal -0.870523 -0.000122116 0.492128
    outer loop
      vertex 10.3358 7.23784 56.4445
      vertex 10.5442 7.08541 56.8131
      vertex 10.5577 7.16565 56.837
    endloop
  endfacet
  facet normal -0.870559 -3.45952e-06 0.492064
    outer loop
      vertex 10.5134 6.9277 56.7587
      vertex 10.3102 7.10642 56.3992
      vertex 10.2959 7.042 56.3739
    endloop
  endfacet
  facet normal -0.870431 0.000423649 0.49229
    outer loop
      vertex 10.3235 7.17172 56.4228
      vertex 10.5294 7.00606 56.787
      vertex 10.5442 7.08541 56.8131
    endloop
  endfacet
  facet normal -0.870582 -0.00021972 0.492024
    outer loop
      vertex 10.4963 6.8504 56.7284
      vertex 10.2959 7.042 56.3739
      vertex 10.2806 6.97852 56.3468
    endloop
  endfacet
  facet normal -0.87055 3.77268e-05 0.492079
    outer loop
      vertex 10.3102 7.10642 56.3992
      vertex 10.5134 6.9277 56.7587
      vertex 10.5294 7.00606 56.787
    endloop
  endfacet
  facet normal -0.870518 0.000254316 0.492137
    outer loop
      vertex 10.4779 6.77423 56.6959
      vertex 10.2806 6.97852 56.3468
      vertex 10.2643 6.91605 56.318
    endloop
  endfacet
  facet normal -0.870627 -0.000480799 0.491944
    outer loop
      vertex 10.4584 6.69927 56.6613
      vertex 10.2643 6.91605 56.318
      vertex 10.2471 6.85466 56.2875
    endloop
  endfacet
  facet normal -0.870593 -0.000266618 0.492005
    outer loop
      vertex 10.2959 7.042 56.3739
      vertex 10.4963 6.8504 56.7284
      vertex 10.5134 6.9277 56.7587
    endloop
  endfacet
  facet normal -0.870381 0.000590607 0.492378
    outer loop
      vertex 10.4377 6.62559 56.6247
      vertex 10.2471 6.85466 56.2875
      vertex 10.2289 6.79439 56.2554
    endloop
  endfacet
  facet normal -0.870508 0.000293135 0.492154
    outer loop
      vertex 10.2806 6.97852 56.3468
      vertex 10.4779 6.77423 56.6959
      vertex 10.4963 6.8504 56.7284
    endloop
  endfacet
  facet normal -0.870556 -7.29301e-05 0.492069
    outer loop
      vertex 10.4159 6.55327 56.5862
      vertex 10.2289 6.79439 56.2554
      vertex 10.2098 6.73531 56.2216
    endloop
  endfacet
  facet normal -0.870649 -0.000563503 0.491904
    outer loop
      vertex 10.2643 6.91605 56.318
      vertex 10.4584 6.69927 56.6613
      vertex 10.4779 6.77423 56.6959
    endloop
  endfacet
  facet normal -0.870538 -0.000165993 0.492101
    outer loop
      vertex 10.393 6.48238 56.5456
      vertex 10.2098 6.73531 56.2216
      vertex 10.1898 6.67748 56.1862
    endloop
  endfacet
  facet normal -0.870522 0.000106887 0.492129
    outer loop
      vertex 10.2471 6.85466 56.2875
      vertex 10.4377 6.62559 56.6247
      vertex 10.4584 6.69927 56.6613
    endloop
  endfacet
  facet normal -0.870744 -0.000593985 0.491736
    outer loop
      vertex 10.369 6.41298 56.5032
      vertex 10.1898 6.67748 56.1862
      vertex 10.169 6.62096 56.1493
    endloop
  endfacet
  facet normal -0.870443 0.000422794 0.492269
    outer loop
      vertex 10.3439 6.34515 56.4588
      vertex 10.169 6.62096 56.1493
      vertex 10.1472 6.5658 56.1108
    endloop
  endfacet
  facet normal -0.870436 0.00031298 0.492282
    outer loop
      vertex 10.2289 6.79439 56.2554
      vertex 10.4159 6.55327 56.5862
      vertex 10.4377 6.62559 56.6247
    endloop
  endfacet
  facet normal -0.870584 -0.000104362 0.49202
    outer loop
      vertex 10.3178 6.27896 56.4126
      vertex 10.1472 6.5658 56.1108
      vertex 10.1246 6.51205 56.0708
    endloop
  endfacet
  facet normal -0.870643 -0.000479888 0.491915
    outer loop
      vertex 10.2098 6.73531 56.2216
      vertex 10.393 6.48238 56.5456
      vertex 10.4159 6.55327 56.5862
    endloop
  endfacet
  facet normal -0.870575 2.26407e-05 0.492036
    outer loop
      vertex 10.2907 6.21446 56.3647
      vertex 10.1246 6.51205 56.0708
      vertex 10.1012 6.45977 56.0294
    endloop
  endfacet
  facet normal -0.870439 0.000259969 0.492276
    outer loop
      vertex 10.1898 6.67748 56.1862
      vertex 10.369 6.41298 56.5032
      vertex 10.393 6.48238 56.5456
    endloop
  endfacet
  facet normal -0.870545 0.000113215 0.49209
    outer loop
      vertex 10.2626 6.15172 56.315
      vertex 10.1012 6.45977 56.0294
      vertex 10.077 6.40901 55.9866
    endloop
  endfacet
  facet normal -0.870465 0.00010311 0.49223
    outer loop
      vertex 10.2336 6.09081 56.2636
      vertex 10.077 6.40901 55.9866
      vertex 10.052 6.35982 55.9424
    endloop
  endfacet
  facet normal -0.870576 7.56923e-05 0.492034
    outer loop
      vertex 10.169 6.62096 56.1493
      vertex 10.3439 6.34515 56.4588
      vertex 10.369 6.41298 56.5032
    endloop
  endfacet
  facet normal -0.870634 -0.000159134 0.491931
    outer loop
      vertex 10.2036 6.03179 56.2106
      vertex 10.052 6.35982 55.9424
      vertex 10.0263 6.31225 55.8969
    endloop
  endfacet
  facet normal -0.870592 -0.00012419 0.492006
    outer loop
      vertex 10.1472 6.5658 56.1108
      vertex 10.3178 6.27896 56.4126
      vertex 10.3439 6.34515 56.4588
    endloop
  endfacet
  facet normal -0.870693 -0.000110275 0.491827
    outer loop
      vertex 10.1727 5.9747 56.156
      vertex 10.0263 6.31225 55.8969
      vertex 9.99987 6.26635 55.8501
    endloop
  endfacet
  facet normal -0.870474 0.000160854 0.492214
    outer loop
      vertex 10.141 5.91961 56.0998
      vertex 9.99987 6.26635 55.8501
      vertex 9.97272 6.22215 55.8021
    endloop
  endfacet
  facet normal -0.870488 0.000222791 0.492189
    outer loop
      vertex 10.1246 6.51205 56.0708
      vertex 10.2907 6.21446 56.3647
      vertex 10.3178 6.27896 56.4126
    endloop
  endfacet
  facet normal -0.870573 5.42459e-05 0.492039
    outer loop
      vertex 10.1084 5.86658 56.0422
      vertex 9.97272 6.22215 55.8021
      vertex 9.94491 6.17971 55.7529
    endloop
  endfacet
  facet normal -0.870551 9.90316e-05 0.492078
    outer loop
      vertex 10.1012 6.45977 56.0294
      vertex 10.2626 6.15172 56.315
      vertex 10.2907 6.21446 56.3647
    endloop
  endfacet
  facet normal -0.870653 -0.00031691 0.491898
    outer loop
      vertex 10.0751 5.81565 55.9831
      vertex 9.94491 6.17971 55.7529
      vertex 9.91645 6.13907 55.7025
    endloop
  endfacet
  facet normal -0.870529 7.17773e-05 0.492117
    outer loop
      vertex 10.0409 5.76688 55.9227
      vertex 9.91645 6.13907 55.7025
      vertex 9.88739 6.10026 55.6511
    endloop
  endfacet
  facet normal -0.870725 -0.000425568 0.49177
    outer loop
      vertex 10.077 6.40901 55.9866
      vertex 10.2336 6.09081 56.2636
      vertex 10.2626 6.15172 56.315
    endloop
  endfacet
  facet normal -0.870648 -4.37226e-05 0.491906
    outer loop
      vertex 10.006 5.72031 55.861
      vertex 9.88739 6.10026 55.6511
      vertex 9.85773 6.06333 55.5986
    endloop
  endfacet
  facet normal -0.870397 0.000293497 0.492351
    outer loop
      vertex 10.052 6.35982 55.9424
      vertex 10.2036 6.03179 56.2106
      vertex 10.2336 6.09081 56.2636
    endloop
  endfacet
  facet normal -0.870444 0.000257359 0.492268
    outer loop
      vertex 9.97044 5.676 55.7981
      vertex 9.85773 6.06333 55.5986
      vertex 9.82752 6.02831 55.5452
    endloop
  endfacet
  facet normal -0.870598 -6.94783e-05 0.491994
    outer loop
      vertex 9.93419 5.63397 55.7339
      vertex 9.82752 6.02831 55.5452
      vertex 9.79678 5.99524 55.4908
    endloop
  endfacet
  facet normal -0.870445 0.000334059 0.492265
    outer loop
      vertex 10.0263 6.31225 55.8969
      vertex 10.1727 5.9747 56.156
      vertex 10.2036 6.03179 56.2106
    endloop
  endfacet
  facet normal -0.870715 -0.000109744 0.491788
    outer loop
      vertex 9.89731 5.59428 55.6687
      vertex 9.79678 5.99524 55.4908
      vertex 9.76555 5.96414 55.4355
    endloop
  endfacet
  facet normal -0.870299 0.000247994 0.492523
    outer loop
      vertex 9.85983 5.55697 55.6023
      vertex 9.76555 5.96414 55.4355
      vertex 9.73385 5.93505 55.3795
    endloop
  endfacet
  facet normal -0.870819 -0.000419551 0.491603
    outer loop
      vertex 9.99987 6.26635 55.8501
      vertex 10.141 5.91961 56.0998
      vertex 10.1727 5.9747 56.156
    endloop
  endfacet
  facet normal -0.870717 -0.000237939 0.491785
    outer loop
      vertex 9.82179 5.52206 55.535
      vertex 9.73385 5.93505 55.3795
      vertex 9.70172 5.908 55.3226
    endloop
  endfacet
  facet normal -0.870654 -8.51106e-05 0.491896
    outer loop
      vertex 9.78323 5.4896 55.4668
      vertex 9.70172 5.908 55.3226
      vertex 9.66918 5.88302 55.265
    endloop
  endfacet
  facet normal -0.870406 0.000316889 0.492334
    outer loop
      vertex 9.97272 6.22215 55.8021
      vertex 10.1084 5.86658 56.0422
      vertex 10.141 5.91961 56.0998
    endloop
  endfacet
  facet normal -0.870554 0.00011126 0.492073
    outer loop
      vertex 9.74419 5.45962 55.3978
      vertex 9.66918 5.88302 55.265
      vertex 9.63628 5.86012 55.2068
    endloop
  endfacet
  facet normal -0.870483 0.000109404 0.492199
    outer loop
      vertex 9.7047 5.43215 55.3279
      vertex 9.63628 5.86012 55.2068
      vertex 9.60303 5.83934 55.148
    endloop
  endfacet
  facet normal -0.870431 7.45083e-05 0.492291
    outer loop
      vertex 9.66481 5.40721 55.2573
      vertex 9.60303 5.83934 55.148
      vertex 9.56949 5.82069 55.0887
    endloop
  endfacet
  facet normal -0.870945 -0.000748556 0.49138
    outer loop
      vertex 9.94491 6.17971 55.7529
      vertex 10.0751 5.81565 55.9831
      vertex 10.1084 5.86658 56.0422
    endloop
  endfacet
  facet normal -0.870775 -0.000126492 0.491681
    outer loop
      vertex 9.62455 5.38483 55.1861
      vertex 9.56949 5.82069 55.0887
      vertex 9.53567 5.80419 55.0288
    endloop
  endfacet
  facet normal -0.870367 0.000140638 0.492403
    outer loop
      vertex 9.58397 5.36503 55.1143
      vertex 9.53567 5.80419 55.0288
      vertex 9.50161 5.78985 54.9686
    endloop
  endfacet
  facet normal -0.870516 1.2266e-05 0.492141
    outer loop
      vertex 9.5431 5.34783 55.042
      vertex 9.50161 5.78985 54.9686
      vertex 9.46735 5.7777 54.908
    endloop
  endfacet
  facet normal -0.870845 -0.000186096 0.491558
    outer loop
      vertex 9.50199 5.33324 54.9692
      vertex 9.46735 5.7777 54.908
      vertex 9.43292 5.76774 54.847
    endloop
  endfacet
  facet normal -0.870314 0.000368357 0.492496
    outer loop
      vertex 9.91645 6.13907 55.7025
      vertex 10.0409 5.76688 55.9227
      vertex 10.0751 5.81565 55.9831
    endloop
  endfacet
  facet normal -0.870351 5.85927e-05 0.492432
    outer loop
      vertex 9.46067 5.32129 54.8961
      vertex 9.43292 5.76774 54.847
      vertex 9.39835 5.75999 54.7859
    endloop
  endfacet
  facet normal -0.870707 -8.60274e-05 0.491801
    outer loop
      vertex 9.41918 5.31198 54.8227
      vertex 9.39835 5.75999 54.7859
      vertex 9.36367 5.75444 54.7245
    endloop
  endfacet
  facet normal -0.870347 1.66786e-05 0.49244
    outer loop
      vertex 9.37758 5.30533 54.7491
      vertex 9.36367 5.75444 54.7245
      vertex 9.32893 5.75111 54.6631
    endloop
  endfacet
  facet normal -0.870849 -3.34578e-05 0.49155
    outer loop
      vertex 9.33589 5.30133 54.6754
      vertex 9.32893 5.75111 54.6631
      vertex 9.29416 5.75 54.6015
    endloop
  endfacet
  facet normal -0.870431 -7.45083e-05 0.492291
    outer loop
      vertex 8.98528 5.83934 54.0551
      vertex 8.9235 5.40721 53.9458
      vertex 9.01882 5.82069 54.1144
    endloop
  endfacet
  facet normal -0.870467 0.000190587 0.492227
    outer loop
      vertex 9.88739 6.10026 55.6511
      vertex 10.006 5.72031 55.861
      vertex 10.0409 5.76688 55.9227
    endloop
  endfacet
  facet normal -0.87048 -2.75718e-05 0.492204
    outer loop
      vertex 8.96376 5.38483 54.017
      vertex 9.01882 5.82069 54.1144
      vertex 8.9235 5.40721 53.9458
    endloop
  endfacet
  facet normal -0.870554 0.00012483 0.492073
    outer loop
      vertex 9.85773 6.06333 55.5986
      vertex 9.97044 5.676 55.7981
      vertex 10.006 5.72031 55.861
    endloop
  endfacet
  facet normal -0.870775 0.000126492 0.491681
    outer loop
      vertex 9.01882 5.82069 54.1144
      vertex 8.96376 5.38483 54.017
      vertex 9.05264 5.80419 54.1743
    endloop
  endfacet
  facet normal -0.87072 -0.000205295 0.491779
    outer loop
      vertex 9.82752 6.02831 55.5452
      vertex 9.93419 5.63397 55.7339
      vertex 9.97044 5.676 55.7981
    endloop
  endfacet
  facet normal -0.870581 -4.32348e-05 0.492024
    outer loop
      vertex 9.00434 5.36503 54.0888
      vertex 9.05264 5.80419 54.1743
      vertex 8.96376 5.38483 54.017
    endloop
  endfacet
  facet normal -0.870447 0.000167675 0.492261
    outer loop
      vertex 9.79678 5.99524 55.4908
      vertex 9.89731 5.59428 55.6687
      vertex 9.93419 5.63397 55.7339
    endloop
  endfacet
  facet normal -0.870367 -0.000140638 0.492403
    outer loop
      vertex 9.05264 5.80419 54.1743
      vertex 9.00434 5.36503 54.0888
      vertex 9.0867 5.78985 54.2345
    endloop
  endfacet
  facet normal -0.870792 -0.000223279 0.491651
    outer loop
      vertex 9.76555 5.96414 55.4355
      vertex 9.85983 5.55697 55.6023
      vertex 9.89731 5.59428 55.6687
    endloop
  endfacet
  facet normal -0.870539 -3.43283e-06 0.4921
    outer loop
      vertex 9.04521 5.34783 54.1611
      vertex 9.0867 5.78985 54.2345
      vertex 9.00434 5.36503 54.0888
    endloop
  endfacet
  facet normal -0.87054 -8.23302e-05 0.492098
    outer loop
      vertex 9.73385 5.93505 55.3795
      vertex 9.82179 5.52206 55.535
      vertex 9.85983 5.55697 55.6023
    endloop
  endfacet
  facet normal -0.870516 -1.2266e-05 0.492141
    outer loop
      vertex 9.0867 5.78985 54.2345
      vertex 9.04521 5.34783 54.1611
      vertex 9.12096 5.7777 54.2951
    endloop
  endfacet
  facet normal -0.870504 3.59045e-05 0.492162
    outer loop
      vertex 9.70172 5.908 55.3226
      vertex 9.78323 5.4896 55.4668
      vertex 9.82179 5.52206 55.535
    endloop
  endfacet
  facet normal -0.870471 -4.49566e-05 0.49222
    outer loop
      vertex 9.08632 5.33324 54.2338
      vertex 9.12096 5.7777 54.2951
      vertex 9.04521 5.34783 54.1611
    endloop
  endfacet
  facet normal -0.87039 0.000231311 0.492363
    outer loop
      vertex 9.66918 5.88302 55.265
      vertex 9.74419 5.45962 55.3978
      vertex 9.78323 5.4896 55.4668
    endloop
  endfacet
  facet normal -0.870455 -5.01928e-05 0.492249
    outer loop
      vertex 9.12096 5.7777 54.2951
      vertex 9.08632 5.33324 54.2338
      vertex 9.1554 5.76774 54.356
    endloop
  endfacet
  facet normal -0.870661 -8.35519e-06 0.491883
    outer loop
      vertex 9.63628 5.86012 55.2068
      vertex 9.7047 5.43215 55.3279
      vertex 9.74419 5.45962 55.3978
    endloop
  endfacet
  facet normal -0.870549 1.16345e-05 0.492082
    outer loop
      vertex 9.12764 5.32129 54.3069
      vertex 9.1554 5.76774 54.356
      vertex 9.08632 5.33324 54.2338
    endloop
  endfacet
  facet normal -0.870632 -4.42987e-05 0.491935
    outer loop
      vertex 9.60303 5.83934 55.148
      vertex 9.66481 5.40721 55.2573
      vertex 9.7047 5.43215 55.3279
    endloop
  endfacet
  facet normal -0.87069 4.79295e-05 0.491832
    outer loop
      vertex 9.1554 5.76774 54.356
      vertex 9.12764 5.32129 54.3069
      vertex 9.18997 5.75999 54.4172
    endloop
  endfacet
  facet normal -0.87048 2.75718e-05 0.492204
    outer loop
      vertex 9.56949 5.82069 55.0887
      vertex 9.62455 5.38483 55.1861
      vertex 9.66481 5.40721 55.2573
    endloop
  endfacet
  facet normal -0.870549 -3.47146e-05 0.492081
    outer loop
      vertex 9.16913 5.31198 54.3803
      vertex 9.18997 5.75999 54.4172
      vertex 9.12764 5.32129 54.3069
    endloop
  endfacet
  facet normal -0.870581 4.32348e-05 0.492024
    outer loop
      vertex 9.53567 5.80419 55.0288
      vertex 9.58397 5.36503 55.1143
      vertex 9.62455 5.38483 55.1861
    endloop
  endfacet
  facet normal -0.87043 -5.76033e-05 0.492292
    outer loop
      vertex 9.18997 5.75999 54.4172
      vertex 9.16913 5.31198 54.3803
      vertex 9.22464 5.75444 54.4785
    endloop
  endfacet
  facet normal -0.870539 3.43283e-06 0.4921
    outer loop
      vertex 9.50161 5.78985 54.9686
      vertex 9.5431 5.34783 55.042
      vertex 9.58397 5.36503 55.1143
    endloop
  endfacet
  facet normal -0.870793 0.000130505 0.49165
    outer loop
      vertex 9.21074 5.30533 54.454
      vertex 9.22464 5.75444 54.4785
      vertex 9.16913 5.31198 54.3803
    endloop
  endfacet
  facet normal -0.870743 -0.000153462 0.491738
    outer loop
      vertex 9.46735 5.7777 54.908
      vertex 9.50199 5.33324 54.9692
      vertex 9.5431 5.34783 55.042
    endloop
  endfacet
  facet normal -0.870687 0.000116922 0.491838
    outer loop
      vertex 9.22464 5.75444 54.4785
      vertex 9.21074 5.30533 54.454
      vertex 9.25938 5.75111 54.54
    endloop
  endfacet
  facet normal -0.87055 7.5205e-06 0.49208
    outer loop
      vertex 9.43292 5.76774 54.847
      vertex 9.46067 5.32129 54.8961
      vertex 9.50199 5.33324 54.9692
    endloop
  endfacet
  facet normal -0.870394 -1.49969e-05 0.492356
    outer loop
      vertex 9.25243 5.30133 54.5277
      vertex 9.25938 5.75111 54.54
      vertex 9.21074 5.30533 54.454
    endloop
  endfacet
  facet normal -0.870544 -5.47586e-05 0.49209
    outer loop
      vertex 9.39835 5.75999 54.7859
      vertex 9.41918 5.31198 54.8227
      vertex 9.46067 5.32129 54.8961
    endloop
  endfacet
  facet normal -0.870447 -1.16059e-05 0.492262
    outer loop
      vertex 9.25938 5.75111 54.54
      vertex 9.25243 5.30133 54.5277
      vertex 9.29416 5.75 54.6015
    endloop
  endfacet
  facet normal -0.870562 -1.09023e-05 0.492058
    outer loop
      vertex 9.36367 5.75444 54.7245
      vertex 9.37758 5.30533 54.7491
      vertex 9.41918 5.31198 54.8227
    endloop
  endfacet
  facet normal -0.870477 0 0.492209
    outer loop
      vertex 9.29416 5.3 54.6015
      vertex 9.29416 5.75 54.6015
      vertex 9.25243 5.30133 54.5277
    endloop
  endfacet
  facet normal -0.870393 -4.32601e-06 0.492357
    outer loop
      vertex 9.32893 5.75111 54.6631
      vertex 9.33589 5.30133 54.6754
      vertex 9.37758 5.30533 54.7491
    endloop
  endfacet
  facet normal -0.870762 0 0.491704
    outer loop
      vertex 9.29416 5.75 54.6015
      vertex 9.29416 5.3 54.6015
      vertex 9.33589 5.30133 54.6754
    endloop
  endfacet
  facet normal -0.0232002 0.998888 -0.0410476
    outer loop
      vertex 10.5045 5.75444 54.0797
      vertex 9.32893 5.75111 54.6631
      vertex 9.36367 5.75444 54.7245
    endloop
  endfacet
  facet normal -0.0232027 0.998888 -0.0410525
    outer loop
      vertex 9.32893 5.75111 54.6631
      vertex 10.5045 5.75444 54.0797
      vertex 10.4719 5.75111 54.0171
    endloop
  endfacet
  facet normal 0.402847 0.574319 0.712652
    outer loop
      vertex 9.58018 6.73531 52.3023
      vertex 8.39847 6.67748 53.0169
      vertex 9.59894 6.67748 52.3383
    endloop
  endfacet
  facet normal 0.402514 0.575152 0.712168
    outer loop
      vertex 8.39847 6.67748 53.0169
      vertex 9.58018 6.73531 52.3023
      vertex 8.37847 6.73531 52.9815
    endloop
  endfacet
  facet normal -0.307757 -0.780296 -0.544448
    outer loop
      vertex 9.97272 9.77785 55.8021
      vertex 11.1013 9.73365 55.2275
      vertex 9.99987 9.73365 55.8501
    endloop
  endfacet
  facet normal -0.307988 -0.779867 -0.544933
    outer loop
      vertex 11.1013 9.73365 55.2275
      vertex 9.97272 9.77785 55.8021
      vertex 11.0759 9.77785 55.1786
    endloop
  endfacet
  facet normal 0.129592 -0.964693 0.229288
    outer loop
      vertex 8.98528 10.1607 54.0551
      vertex 10.1809 10.1793 53.4576
      vertex 9.01882 10.1793 54.1144
    endloop
  endfacet
  facet normal 0.129466 -0.96477 0.229034
    outer loop
      vertex 10.1809 10.1793 53.4576
      vertex 8.98528 10.1607 54.0551
      vertex 10.1495 10.1607 53.397
    endloop
  endfacet
  facet normal 0.411113 -0.549455 0.727382
    outer loop
      vertex 8.37847 9.26469 52.9815
      vertex 9.56226 9.20561 52.2678
      vertex 9.58018 9.26469 52.3023
    endloop
  endfacet
  facet normal 0.411238 -0.549123 0.727563
    outer loop
      vertex 9.56226 9.20561 52.2678
      vertex 8.37847 9.26469 52.9815
      vertex 8.35938 9.20561 52.9477
    endloop
  endfacet
  facet normal 0.427421 0.495564 0.756127
    outer loop
      vertex 9.52905 6.91605 52.2039
      vertex 8.3412 6.85466 52.9156
      vertex 9.54521 6.85466 52.235
    endloop
  endfacet
  facet normal 0.427407 0.495609 0.756105
    outer loop
      vertex 8.3412 6.85466 52.9156
      vertex 9.52905 6.91605 52.2039
      vertex 8.32397 6.91605 52.8851
    endloop
  endfacet
  facet normal 0.490581 0.0781792 0.867881
    outer loop
      vertex 9.40262 7.85872 51.9608
      vertex 8.19194 7.78826 52.6515
      vertex 9.40518 7.78826 51.9657
    endloop
  endfacet
  facet normal 0.490484 0.0793555 0.86783
    outer loop
      vertex 8.19194 7.78826 52.6515
      vertex 9.40262 7.85872 51.9608
      vertex 8.18921 7.85872 52.6466
    endloop
  endfacet
  facet normal 0.491476 0.0476651 0.869586
    outer loop
      vertex 9.40108 7.92933 51.9578
      vertex 8.18921 7.85872 52.6466
      vertex 9.40262 7.85872 51.9608
    endloop
  endfacet
  facet normal 0.491512 0.0471308 0.869594
    outer loop
      vertex 8.18921 7.85872 52.6466
      vertex 9.40108 7.92933 51.9578
      vertex 8.18757 7.92933 52.6437
    endloop
  endfacet
  facet normal 0.427421 -0.495564 0.756127
    outer loop
      vertex 8.3412 9.14534 52.9156
      vertex 9.52905 9.08395 52.2039
      vertex 9.54521 9.14534 52.235
    endloop
  endfacet
  facet normal 0.427407 -0.495609 0.756105
    outer loop
      vertex 9.52905 9.08395 52.2039
      vertex 8.3412 9.14534 52.9156
      vertex 8.32397 9.08395 52.8851
    endloop
  endfacet
  facet normal -0.0998944 0.979177 -0.176728
    outer loop
      vertex 10.6658 5.80419 54.39
      vertex 9.50161 5.78985 54.9686
      vertex 9.53567 5.80419 55.0288
    endloop
  endfacet
  facet normal -0.0999171 0.979167 -0.176774
    outer loop
      vertex 9.50161 5.78985 54.9686
      vertex 10.6658 5.80419 54.39
      vertex 10.6339 5.78985 54.3286
    endloop
  endfacet
  facet normal -0.48908 0.110035 -0.865271
    outer loop
      vertex 11.4697 7.718 55.936
      vertex 10.3964 7.78826 56.5516
      vertex 11.4733 7.78826 55.9429
    endloop
  endfacet
  facet normal -0.48919 0.108977 -0.865342
    outer loop
      vertex 10.3964 7.78826 56.5516
      vertex 11.4697 7.718 55.936
      vertex 10.3926 7.718 56.5449
    endloop
  endfacet
  facet normal -0.487246 0.140413 -0.861902
    outer loop
      vertex 11.4651 7.64802 55.9272
      vertex 10.3926 7.718 56.5449
      vertex 11.4697 7.718 55.936
    endloop
  endfacet
  facet normal -0.487145 0.141253 -0.861822
    outer loop
      vertex 10.3926 7.718 56.5449
      vertex 11.4651 7.64802 55.9272
      vertex 10.3877 7.64802 56.5362
    endloop
  endfacet
  facet normal -0.173946 -0.935436 -0.307738
    outer loop
      vertex 9.66918 10.117 55.265
      vertex 10.8216 10.092 54.6896
      vertex 9.70172 10.092 55.3226
    endloop
  endfacet
  facet normal -0.174041 -0.935354 -0.307932
    outer loop
      vertex 10.8216 10.092 54.6896
      vertex 9.66918 10.117 55.265
      vertex 10.7911 10.117 54.6309
    endloop
  endfacet
  facet normal 0.491476 -0.0476651 0.869586
    outer loop
      vertex 8.18921 8.14128 52.6466
      vertex 9.40108 8.07067 51.9578
      vertex 9.40262 8.14128 51.9608
    endloop
  endfacet
  facet normal 0.491512 -0.0471308 0.869594
    outer loop
      vertex 9.40108 8.07067 51.9578
      vertex 8.18921 8.14128 52.6466
      vertex 8.18757 8.07067 52.6437
    endloop
  endfacet
  facet normal -0.441817 -0.440106 -0.781732
    outer loop
      vertex 10.2959 8.958 56.3739
      vertex 11.3647 9.02148 55.7341
      vertex 11.3791 8.958 55.7617
    endloop
  endfacet
  facet normal -0.441791 -0.440192 -0.781698
    outer loop
      vertex 11.3647 9.02148 55.7341
      vertex 10.2959 8.958 56.3739
      vertex 10.2806 9.02148 56.3468
    endloop
  endfacet
  facet normal 0.492006 0.0146363 0.870469
    outer loop
      vertex 9.40057 8 51.9569
      vertex 8.18757 7.92933 52.6437
      vertex 9.40108 7.92933 51.9578
    endloop
  endfacet
  facet normal 0.491995 0.0148451 0.870471
    outer loop
      vertex 8.18757 7.92933 52.6437
      vertex 9.40057 8 51.9569
      vertex 8.18703 8 52.6428
    endloop
  endfacet
  facet normal -0.188503 -0.923713 -0.333498
    outer loop
      vertex 9.70172 10.092 55.3226
      vertex 10.8518 10.0649 54.7476
      vertex 9.73385 10.0649 55.3795
    endloop
  endfacet
  facet normal -0.188486 -0.923729 -0.333462
    outer loop
      vertex 10.8518 10.0649 54.7476
      vertex 9.70172 10.092 55.3226
      vertex 10.8216 10.092 54.6896
    endloop
  endfacet
  facet normal -0.490525 0.0784561 -0.867888
    outer loop
      vertex 11.4733 7.78826 55.9429
      vertex 10.3991 7.85872 56.5564
      vertex 11.4759 7.85872 55.9478
    endloop
  endfacet
  facet normal -0.490572 0.0779238 -0.86791
    outer loop
      vertex 10.3991 7.85872 56.5564
      vertex 11.4733 7.78826 55.9429
      vertex 10.3964 7.78826 56.5516
    endloop
  endfacet
  facet normal 0.00772955 0.999877 0.0136753
    outer loop
      vertex 10.4392 5.75 53.9543
      vertex 9.25938 5.75111 54.54
      vertex 9.29416 5.75 54.6015
    endloop
  endfacet
  facet normal 0.00773231 0.999877 0.0136809
    outer loop
      vertex 9.25938 5.75111 54.54
      vertex 10.4392 5.75 53.9543
      vertex 10.4066 5.75111 53.8916
    endloop
  endfacet
  facet normal 0.478527 0.232898 0.846623
    outer loop
      vertex 9.42558 7.50918 52.005
      vertex 8.22181 7.44045 52.7043
      vertex 9.4332 7.44045 52.0196
    endloop
  endfacet
  facet normal 0.47837 0.23386 0.846447
    outer loop
      vertex 8.22181 7.44045 52.7043
      vertex 9.42558 7.50918 52.005
      vertex 8.21369 7.50918 52.6899
    endloop
  endfacet
  facet normal 0.384138 0.625005 0.679563
    outer loop
      vertex 9.61853 6.62096 52.376
      vertex 8.4411 6.5658 53.0923
      vertex 9.63893 6.5658 52.4152
    endloop
  endfacet
  facet normal 0.383924 0.625479 0.679248
    outer loop
      vertex 8.4411 6.5658 53.0923
      vertex 9.61853 6.62096 52.376
      vertex 8.41935 6.62096 53.0538
    endloop
  endfacet
  facet normal 0.342406 -0.718163 0.605805
    outer loop
      vertex 8.5113 9.59099 53.2165
      vertex 9.72822 9.64018 52.587
      vertex 8.53627 9.64018 53.2607
    endloop
  endfacet
  facet normal 0.342328 -0.718339 0.60564
    outer loop
      vertex 9.72822 9.64018 52.587
      vertex 8.5113 9.59099 53.2165
      vertex 9.70479 9.59099 52.5419
    endloop
  endfacet
  facet normal 0.41952 0.522607 0.742216
    outer loop
      vertex 9.54521 6.85466 52.235
      vertex 8.35938 6.79439 52.9477
      vertex 9.56226 6.79439 52.2678
    endloop
  endfacet
  facet normal 0.419715 0.522058 0.742493
    outer loop
      vertex 8.35938 6.79439 52.9477
      vertex 9.54521 6.85466 52.235
      vertex 8.3412 6.85466 52.9156
    endloop
  endfacet
  facet normal 0.0390021 -0.996853 0.0690078
    outer loop
      vertex 9.18997 10.24 54.4172
      vertex 10.374 10.2456 53.8289
      vertex 9.22464 10.2456 54.4785
    endloop
  endfacet
  facet normal 0.0389703 -0.996859 0.0689437
    outer loop
      vertex 10.374 10.2456 53.8289
      vertex 9.18997 10.24 54.4172
      vertex 10.3415 10.24 53.7663
    endloop
  endfacet
  facet normal 0.20195 -0.911903 0.35728
    outer loop
      vertex 8.82276 10.0359 53.7675
      vertex 10.0267 10.0649 53.161
      vertex 8.85446 10.0649 53.8236
    endloop
  endfacet
  facet normal 0.202012 -0.91184 0.357406
    outer loop
      vertex 10.0267 10.0649 53.161
      vertex 8.82276 10.0359 53.7675
      vertex 9.997 10.0359 53.1038
    endloop
  endfacet
  facet normal -0.402605 -0.574865 -0.712347
    outer loop
      vertex 10.2098 9.26469 56.2216
      vertex 11.2796 9.32252 55.5703
      vertex 11.2983 9.26469 55.6064
    endloop
  endfacet
  facet normal -0.402489 -0.575152 -0.712182
    outer loop
      vertex 11.2796 9.32252 55.5703
      vertex 10.2098 9.26469 56.2216
      vertex 10.1898 9.32252 56.1862
    endloop
  endfacet
  facet normal 0.441896 0.439881 0.781813
    outer loop
      vertex 9.49942 7.042 52.147
      vertex 8.3077 6.97852 52.8563
      vertex 9.51378 6.97852 52.1746
    endloop
  endfacet
  facet normal 0.441806 0.440192 0.781689
    outer loop
      vertex 8.3077 6.97852 52.8563
      vertex 9.49942 7.042 52.147
      vertex 8.2924 7.042 52.8292
    endloop
  endfacet
  facet normal 0.492006 -0.0146363 0.870469
    outer loop
      vertex 8.18757 8.07067 52.6437
      vertex 9.40057 8 51.9569
      vertex 9.40108 8.07067 51.9578
    endloop
  endfacet
  facet normal 0.491995 -0.0148451 0.870471
    outer loop
      vertex 9.40057 8 51.9569
      vertex 8.18757 8.07067 52.6437
      vertex 8.18703 8 52.6428
    endloop
  endfacet
  facet normal 0.25703 0.852755 0.454692
    outer loop
      vertex 9.91052 6.06333 52.9375
      vertex 8.70093 6.10026 53.552
      vertex 8.73058 6.06333 53.6045
    endloop
  endfacet
  facet normal 0.257112 0.852639 0.454862
    outer loop
      vertex 8.70093 6.10026 53.552
      vertex 9.91052 6.06333 52.9375
      vertex 9.8827 6.10026 52.884
    endloop
  endfacet
  facet normal -0.353424 0.695752 -0.625316
    outer loop
      vertex 11.1964 6.45977 55.4104
      vertex 10.077 6.40901 55.9866
      vertex 10.1012 6.45977 56.0294
    endloop
  endfacet
  facet normal -0.353289 0.696083 -0.625024
    outer loop
      vertex 10.077 6.40901 55.9866
      vertex 11.1964 6.45977 55.4104
      vertex 11.1737 6.40901 55.3667
    endloop
  endfacet
  facet normal 0.0996275 -0.97929 0.176255
    outer loop
      vertex 9.05264 10.1958 54.1743
      vertex 10.2446 10.2101 53.58
      vertex 9.0867 10.2101 54.2345
    endloop
  endfacet
  facet normal 0.0996502 -0.979279 0.176301
    outer loop
      vertex 10.2446 10.2101 53.58
      vertex 9.05264 10.1958 54.1743
      vertex 10.2127 10.1958 53.5186
    endloop
  endfacet
  facet normal 0.0229631 -0.99891 0.0406287
    outer loop
      vertex 9.22464 10.2456 54.4785
      vertex 10.4066 10.2489 53.8916
      vertex 9.25938 10.2489 54.54
    endloop
  endfacet
  facet normal 0.0229655 -0.99891 0.0406336
    outer loop
      vertex 10.4066 10.2489 53.8916
      vertex 9.22464 10.2456 54.4785
      vertex 10.374 10.2456 53.8289
    endloop
  endfacet
  facet normal 0.36372 0.673564 0.643443
    outer loop
      vertex 9.68209 6.45977 52.4982
      vertex 8.46369 6.51205 53.1322
      vertex 8.48709 6.45977 53.1737
    endloop
  endfacet
  facet normal 0.364002 0.672836 0.644045
    outer loop
      vertex 8.46369 6.51205 53.1322
      vertex 9.68209 6.45977 52.4982
      vertex 9.66012 6.51205 52.456
    endloop
  endfacet
  facet normal -0.144795 -0.955718 -0.256199
    outer loop
      vertex 9.60303 10.1607 55.148
      vertex 10.7602 10.1399 54.5716
      vertex 9.63628 10.1399 55.2068
    endloop
  endfacet
  facet normal -0.144731 -0.955762 -0.25607
    outer loop
      vertex 10.7602 10.1399 54.5716
      vertex 9.60303 10.1607 55.148
      vertex 10.729 10.1607 54.5116
    endloop
  endfacet
  facet normal 0.0998947 0.979177 0.176727
    outer loop
      vertex 10.2446 5.78985 53.58
      vertex 9.05264 5.80419 54.1743
      vertex 9.0867 5.78985 54.2345
    endloop
  endfacet
  facet normal 0.0999175 0.979167 0.176773
    outer loop
      vertex 9.05264 5.80419 54.1743
      vertex 10.2446 5.78985 53.58
      vertex 10.2127 5.80419 53.5186
    endloop
  endfacet
  facet normal 0.353426 0.695788 0.625275
    outer loop
      vertex 9.70479 6.40901 52.5419
      vertex 8.48709 6.45977 53.1737
      vertex 8.5113 6.40901 53.2165
    endloop
  endfacet
  facet normal 0.353304 0.696083 0.625016
    outer loop
      vertex 8.48709 6.45977 53.1737
      vertex 9.70479 6.40901 52.5419
      vertex 9.68209 6.45977 52.4982
    endloop
  endfacet
  facet normal 0.393414 0.60063 0.696038
    outer loop
      vertex 9.59894 6.67748 52.3383
      vertex 8.41935 6.62096 53.0538
      vertex 9.61853 6.62096 52.376
    endloop
  endfacet
  facet normal 0.393652 0.600072 0.696385
    outer loop
      vertex 8.41935 6.62096 53.0538
      vertex 9.59894 6.67748 52.3383
      vertex 8.39847 6.67748 53.0169
    endloop
  endfacet
  facet normal 0.159265 0.94617 0.281775
    outer loop
      vertex 10.1183 5.86012 53.3371
      vertex 8.91913 5.88302 53.938
      vertex 8.95203 5.86012 53.9963
    endloop
  endfacet
  facet normal 0.159316 0.946131 0.281878
    outer loop
      vertex 8.91913 5.88302 53.938
      vertex 10.1183 5.86012 53.3371
      vertex 10.0874 5.88302 53.2777
    endloop
  endfacet
  facet normal -0.484745 0.172001 -0.857577
    outer loop
      vertex 11.4595 7.57839 55.9164
      vertex 10.3877 7.64802 56.5362
      vertex 11.4651 7.64802 55.9272
    endloop
  endfacet
  facet normal -0.484702 0.172313 -0.857538
    outer loop
      vertex 10.3877 7.64802 56.5362
      vertex 11.4595 7.57839 55.9164
      vertex 10.3817 7.57839 56.5256
    endloop
  endfacet
  facet normal -0.159444 -0.946041 -0.282107
    outer loop
      vertex 9.63628 10.1399 55.2068
      vertex 10.7911 10.117 54.6309
      vertex 9.66918 10.117 55.265
    endloop
  endfacet
  facet normal -0.159495 -0.946002 -0.28221
    outer loop
      vertex 10.7911 10.117 54.6309
      vertex 9.63628 10.1399 55.2068
      vertex 10.7602 10.1399 54.5716
    endloop
  endfacet
  facet normal 0.114775 -0.972417 0.203058
    outer loop
      vertex 9.01882 10.1793 54.1144
      vertex 10.2127 10.1958 53.5186
      vertex 9.05264 10.1958 54.1743
    endloop
  endfacet
  facet normal 0.114826 -0.972389 0.203163
    outer loop
      vertex 10.2127 10.1958 53.5186
      vertex 9.01882 10.1793 54.1144
      vertex 10.1809 10.1793 53.4576
    endloop
  endfacet
  facet normal 0.478527 -0.232898 0.846623
    outer loop
      vertex 8.22181 8.55955 52.7043
      vertex 9.42558 8.49082 52.005
      vertex 9.4332 8.55955 52.0196
    endloop
  endfacet
  facet normal 0.47837 -0.23386 0.846447
    outer loop
      vertex 9.42558 8.49082 52.005
      vertex 8.22181 8.55955 52.7043
      vertex 8.21369 8.49082 52.6899
    endloop
  endfacet
  facet normal 0.470374 -0.293497 0.832231
    outer loop
      vertex 8.24121 8.69529 52.7386
      vertex 9.44181 8.62773 52.0362
      vertex 9.45141 8.69529 52.0546
    endloop
  endfacet
  facet normal 0.470484 -0.292938 0.832365
    outer loop
      vertex 9.44181 8.62773 52.0362
      vertex 8.24121 8.69529 52.7386
      vertex 8.23099 8.62773 52.7206
    endloop
  endfacet
  facet normal 0.490581 -0.0781792 0.867881
    outer loop
      vertex 8.19194 8.21174 52.6515
      vertex 9.40262 8.14128 51.9608
      vertex 9.40518 8.21174 51.9657
    endloop
  endfacet
  facet normal 0.490484 -0.0793555 0.86783
    outer loop
      vertex 9.40262 8.14128 51.9608
      vertex 8.19194 8.21174 52.6515
      vertex 8.18921 8.14128 52.6466
    endloop
  endfacet
  facet normal 0.484858 0.170873 0.857738
    outer loop
      vertex 9.41336 7.64802 51.9815
      vertex 8.20664 7.57839 52.6775
      vertex 9.41897 7.57839 51.9922
    endloop
  endfacet
  facet normal 0.484688 0.172177 0.857574
    outer loop
      vertex 8.20664 7.57839 52.6775
      vertex 9.41336 7.64802 51.9815
      vertex 8.20066 7.64802 52.6669
    endloop
  endfacet
  facet normal 0.144688 0.955797 0.255962
    outer loop
      vertex 10.1495 5.83934 53.397
      vertex 8.95203 5.86012 53.9963
      vertex 8.98528 5.83934 54.0551
    endloop
  endfacet
  facet normal 0.144778 0.955735 0.256145
    outer loop
      vertex 8.95203 5.86012 53.9963
      vertex 10.1495 5.83934 53.397
      vertex 10.1183 5.86012 53.3371
    endloop
  endfacet
  facet normal -0.0849406 -0.984988 -0.150277
    outer loop
      vertex 9.46735 10.2223 54.908
      vertex 10.6339 10.2101 54.3286
      vertex 9.50161 10.2101 54.9686
    endloop
  endfacet
  facet normal -0.0849075 -0.985001 -0.15021
    outer loop
      vertex 10.6339 10.2101 54.3286
      vertex 9.46735 10.2223 54.908
      vertex 10.6017 10.2223 54.2668
    endloop
  endfacet
  facet normal -0.393361 -0.600675 -0.696029
    outer loop
      vertex 10.1898 9.32252 56.1862
      vertex 11.26 9.37904 55.5326
      vertex 11.2796 9.32252 55.5703
    endloop
  endfacet
  facet normal -0.393774 -0.599715 -0.696623
    outer loop
      vertex 11.26 9.37904 55.5326
      vertex 10.1898 9.32252 56.1862
      vertex 10.169 9.37904 56.1493
    endloop
  endfacet
  facet normal 0.481703 -0.203642 0.852345
    outer loop
      vertex 8.21369 8.49082 52.6899
      vertex 9.41897 8.42161 51.9922
      vertex 9.42558 8.49082 52.005
    endloop
  endfacet
  facet normal 0.481966 -0.201855 0.852622
    outer loop
      vertex 9.41897 8.42161 51.9922
      vertex 8.21369 8.49082 52.6899
      vertex 8.20664 8.42161 52.6775
    endloop
  endfacet
  facet normal 0.30774 -0.780269 0.544496
    outer loop
      vertex 8.58845 9.73365 53.353
      vertex 9.80264 9.77785 52.7301
      vertex 8.61559 9.77785 53.401
    endloop
  endfacet
  facet normal 0.307594 -0.780539 0.544192
    outer loop
      vertex 9.80264 9.77785 52.7301
      vertex 8.58845 9.73365 53.353
      vertex 9.77717 9.73365 52.6811
    endloop
  endfacet
  facet normal -0.0695465 -0.989962 -0.123035
    outer loop
      vertex 9.43292 10.2323 54.847
      vertex 10.6017 10.2223 54.2668
      vertex 9.46735 10.2223 54.908
    endloop
  endfacet
  facet normal -0.069626 -0.989937 -0.123196
    outer loop
      vertex 10.6017 10.2223 54.2668
      vertex 9.43292 10.2323 54.847
      vertex 10.5694 10.2323 54.2047
    endloop
  endfacet
  facet normal 0.216643 0.89786 0.383292
    outer loop
      vertex 9.997 5.96414 53.1038
      vertex 8.79153 5.99524 53.7123
      vertex 8.82276 5.96414 53.7675
    endloop
  endfacet
  facet normal 0.216623 0.897882 0.383252
    outer loop
      vertex 8.79153 5.99524 53.7123
      vertex 9.997 5.96414 53.1038
      vertex 9.9677 5.99524 53.0475
    endloop
  endfacet
  facet normal 0.487077 0.14162 0.8618
    outer loop
      vertex 9.40876 7.718 51.9726
      vertex 8.20066 7.64802 52.6669
      vertex 9.41336 7.64802 51.9815
    endloop
  endfacet
  facet normal 0.487119 0.141253 0.861837
    outer loop
      vertex 8.20066 7.64802 52.6669
      vertex 9.40876 7.718 51.9726
      vertex 8.19576 7.718 52.6582
    endloop
  endfacet
  facet normal 0.460256 -0.353664 0.814301
    outer loop
      vertex 8.26477 8.82828 52.7803
      vertex 9.46198 8.76216 52.0749
      vertex 9.47351 8.82828 52.0971
    endloop
  endfacet
  facet normal 0.460434 -0.352904 0.81453
    outer loop
      vertex 9.46198 8.76216 52.0749
      vertex 8.26477 8.82828 52.7803
      vertex 8.25248 8.76216 52.7586
    endloop
  endfacet
  facet normal 0.384138 -0.625005 0.679563
    outer loop
      vertex 8.4411 9.4342 53.0923
      vertex 9.61853 9.37904 52.376
      vertex 9.63893 9.4342 52.4152
    endloop
  endfacet
  facet normal 0.383924 -0.625479 0.679248
    outer loop
      vertex 9.61853 9.37904 52.376
      vertex 8.4411 9.4342 53.0923
      vertex 8.41935 9.37904 53.0538
    endloop
  endfacet
  facet normal 0.454655 -0.382576 0.804316
    outer loop
      vertex 8.27808 8.89358 52.8039
      vertex 9.47351 8.82828 52.0971
      vertex 9.486 8.89358 52.1211
    endloop
  endfacet
  facet normal 0.454487 -0.383244 0.804093
    outer loop
      vertex 9.47351 8.82828 52.0971
      vertex 8.27808 8.89358 52.8039
      vertex 8.26477 8.82828 52.7803
    endloop
  endfacet
  facet normal -0.319537 -0.760438 -0.565358
    outer loop
      vertex 9.99987 9.73365 55.8501
      vertex 11.1261 9.68775 55.2753
      vertex 10.0263 9.68775 55.8969
    endloop
  endfacet
  facet normal -0.319332 -0.760846 -0.564925
    outer loop
      vertex 11.1261 9.68775 55.2753
      vertex 9.99987 9.73365 55.8501
      vertex 11.1013 9.73365 55.2275
    endloop
  endfacet
  facet normal 0.44828 -0.412269 0.793145
    outer loop
      vertex 8.2924 8.958 52.8292
      vertex 9.486 8.89358 52.1211
      vertex 9.49942 8.958 52.147
    endloop
  endfacet
  facet normal 0.448534 -0.411335 0.793487
    outer loop
      vertex 9.486 8.89358 52.1211
      vertex 8.2924 8.958 52.8292
      vertex 8.27808 8.89358 52.8039
    endloop
  endfacet
  facet normal 0.487077 -0.14162 0.8618
    outer loop
      vertex 8.20066 8.35198 52.6669
      vertex 9.40876 8.282 51.9726
      vertex 9.41336 8.35198 51.9815
    endloop
  endfacet
  facet normal 0.487119 -0.141253 0.861837
    outer loop
      vertex 9.40876 8.282 51.9726
      vertex 8.20066 8.35198 52.6669
      vertex 8.19576 8.282 52.6582
    endloop
  endfacet
  facet normal 0.159265 -0.94617 0.281775
    outer loop
      vertex 8.91913 10.117 53.938
      vertex 10.1183 10.1399 53.3371
      vertex 8.95203 10.1399 53.9963
    endloop
  endfacet
  facet normal 0.159316 -0.946131 0.281878
    outer loop
      vertex 10.1183 10.1399 53.3371
      vertex 8.91913 10.117 53.938
      vertex 10.0874 10.117 53.2777
    endloop
  endfacet
  facet normal 0.441896 -0.439881 0.781813
    outer loop
      vertex 8.3077 9.02148 52.8563
      vertex 9.49942 8.958 52.147
      vertex 9.51378 9.02148 52.1746
    endloop
  endfacet
  facet normal 0.441806 -0.440192 0.781689
    outer loop
      vertex 9.49942 8.958 52.147
      vertex 8.3077 9.02148 52.8563
      vertex 8.2924 8.958 52.8292
    endloop
  endfacet
  facet normal 0.129916 0.964513 0.229861
    outer loop
      vertex 10.1809 5.82069 53.4576
      vertex 8.98528 5.83934 54.0551
      vertex 9.01882 5.82069 54.1144
    endloop
  endfacet
  facet normal 0.12979 0.964591 0.229607
    outer loop
      vertex 8.98528 5.83934 54.0551
      vertex 10.1809 5.82069 53.4576
      vertex 10.1495 5.83934 53.397
    endloop
  endfacet
  facet normal -0.465522 0.323836 -0.823663
    outer loop
      vertex 11.4165 7.23784 55.8337
      vertex 10.3471 7.30471 56.4644
      vertex 11.4271 7.30471 55.854
    endloop
  endfacet
  facet normal -0.465532 0.323787 -0.823675
    outer loop
      vertex 10.3471 7.30471 56.4644
      vertex 11.4165 7.23784 55.8337
      vertex 10.3358 7.23784 56.4445
    endloop
  endfacet
  facet normal -0.481879 -0.202394 -0.852543
    outer loop
      vertex 10.3817 8.42161 56.5256
      vertex 11.4529 8.49082 55.9037
      vertex 11.4595 8.42161 55.9164
    endloop
  endfacet
  facet normal -0.48173 -0.20337 -0.852395
    outer loop
      vertex 11.4529 8.49082 55.9037
      vertex 10.3817 8.42161 56.5256
      vertex 10.3746 8.49082 56.5131
    endloop
  endfacet
  facet normal 0.36372 -0.673564 0.643443
    outer loop
      vertex 8.46369 9.48795 53.1322
      vertex 9.68209 9.54023 52.4982
      vertex 8.48709 9.54023 53.1737
    endloop
  endfacet
  facet normal 0.364002 -0.672836 0.644045
    outer loop
      vertex 9.68209 9.54023 52.4982
      vertex 8.46369 9.48795 53.1322
      vertex 9.66012 9.48795 52.456
    endloop
  endfacet
  facet normal -0.0692738 0.990041 -0.122553
    outer loop
      vertex 10.6017 5.7777 54.2668
      vertex 9.43292 5.76774 54.847
      vertex 9.46735 5.7777 54.908
    endloop
  endfacet
  facet normal -0.069353 0.990016 -0.122713
    outer loop
      vertex 9.43292 5.76774 54.847
      vertex 10.6017 5.7777 54.2668
      vertex 10.5694 5.76774 54.2047
    endloop
  endfacet
  facet normal -0.282753 0.818409 -0.500258
    outer loop
      vertex 11.0498 6.17971 55.1284
      vertex 9.91645 6.13907 55.7025
      vertex 9.94491 6.17971 55.7529
    endloop
  endfacet
  facet normal -0.28299 0.818024 -0.500753
    outer loop
      vertex 9.91645 6.13907 55.7025
      vertex 11.0498 6.17971 55.1284
      vertex 11.0231 6.13907 55.0771
    endloop
  endfacet
  facet normal -0.48908 -0.110035 -0.865271
    outer loop
      vertex 10.3964 8.21174 56.5516
      vertex 11.4697 8.282 55.936
      vertex 11.4733 8.21174 55.9429
    endloop
  endfacet
  facet normal -0.48919 -0.108977 -0.865342
    outer loop
      vertex 11.4697 8.282 55.936
      vertex 10.3964 8.21174 56.5516
      vertex 10.3926 8.282 56.5449
    endloop
  endfacet
  facet normal -0.307757 0.780296 -0.544448
    outer loop
      vertex 11.1013 6.26635 55.2275
      vertex 9.97272 6.22215 55.8021
      vertex 9.99987 6.26635 55.8501
    endloop
  endfacet
  facet normal -0.307988 0.779867 -0.544933
    outer loop
      vertex 9.97272 6.22215 55.8021
      vertex 11.1013 6.26635 55.2275
      vertex 11.0759 6.22215 55.1786
    endloop
  endfacet
  facet normal 0.454655 0.382576 0.804316
    outer loop
      vertex 9.47351 7.17172 52.0971
      vertex 8.27808 7.10642 52.8039
      vertex 9.486 7.10642 52.1211
    endloop
  endfacet
  facet normal 0.454487 0.383244 0.804093
    outer loop
      vertex 8.27808 7.10642 52.8039
      vertex 9.47351 7.17172 52.0971
      vertex 8.26477 7.17172 52.7803
    endloop
  endfacet
  facet normal 0.460256 0.353664 0.814301
    outer loop
      vertex 9.46198 7.23784 52.0749
      vertex 8.26477 7.17172 52.7803
      vertex 9.47351 7.17172 52.0971
    endloop
  endfacet
  facet normal 0.460434 0.352904 0.81453
    outer loop
      vertex 8.26477 7.17172 52.7803
      vertex 9.46198 7.23784 52.0749
      vertex 8.25248 7.23784 52.7586
    endloop
  endfacet
  facet normal -0.36398 -0.672891 -0.644
    outer loop
      vertex 10.1012 9.54023 56.0294
      vertex 11.2184 9.48795 55.4526
      vertex 10.1246 9.48795 56.0708
    endloop
  endfacet
  facet normal -0.363957 -0.67295 -0.643952
    outer loop
      vertex 11.2184 9.48795 55.4526
      vertex 10.1012 9.54023 56.0294
      vertex 11.1964 9.54023 55.4104
    endloop
  endfacet
  facet normal -0.470161 -0.294622 -0.831953
    outer loop
      vertex 10.3573 8.62773 56.4825
      vertex 11.4271 8.69529 55.854
      vertex 11.4367 8.62773 55.8725
    endloop
  endfacet
  facet normal -0.4703 -0.293937 -0.832117
    outer loop
      vertex 11.4271 8.69529 55.854
      vertex 10.3573 8.62773 56.4825
      vertex 10.3471 8.69529 56.4644
    endloop
  endfacet
  facet normal -0.256994 0.852774 -0.454676
    outer loop
      vertex 10.9958 6.10026 55.0246
      vertex 9.85773 6.06333 55.5986
      vertex 9.88739 6.10026 55.6511
    endloop
  endfacet
  facet normal -0.257116 0.852602 -0.45493
    outer loop
      vertex 9.85773 6.06333 55.5986
      vertex 10.9958 6.10026 55.0246
      vertex 10.968 6.06333 54.9711
    endloop
  endfacet
  facet normal -0.0229916 -0.998908 -0.0406786
    outer loop
      vertex 9.32893 10.2489 54.6631
      vertex 10.5045 10.2456 54.0797
      vertex 9.36367 10.2456 54.7245
    endloop
  endfacet
  facet normal -0.0229941 -0.998907 -0.0406835
    outer loop
      vertex 10.5045 10.2456 54.0797
      vertex 9.32893 10.2489 54.6631
      vertex 10.4719 10.2489 54.0171
    endloop
  endfacet
  facet normal 0.230393 -0.883612 0.407613
    outer loop
      vertex 8.76079 9.97169 53.6579
      vertex 9.9677 10.0048 53.0475
      vertex 8.79153 10.0048 53.7123
    endloop
  endfacet
  facet normal 0.230334 -0.883683 0.407494
    outer loop
      vertex 9.9677 10.0048 53.0475
      vertex 8.76079 9.97169 53.6579
      vertex 9.93886 9.97169 52.992
    endloop
  endfacet
  facet normal -0.129593 -0.964693 -0.229287
    outer loop
      vertex 9.56949 10.1793 55.0887
      vertex 10.729 10.1607 54.5116
      vertex 9.60303 10.1607 55.148
    endloop
  endfacet
  facet normal -0.129607 -0.964685 -0.229314
    outer loop
      vertex 10.729 10.1607 54.5116
      vertex 9.56949 10.1793 55.0887
      vertex 10.6976 10.1793 54.4511
    endloop
  endfacet
  facet normal 0.114775 0.972417 0.203058
    outer loop
      vertex 10.2127 5.80419 53.5186
      vertex 9.01882 5.82069 54.1144
      vertex 9.05264 5.80419 54.1743
    endloop
  endfacet
  facet normal 0.114826 0.972389 0.203163
    outer loop
      vertex 9.01882 5.82069 54.1144
      vertex 10.2127 5.80419 53.5186
      vertex 10.1809 5.82069 53.4576
    endloop
  endfacet
  facet normal -0.47836 -0.233931 -0.846432
    outer loop
      vertex 10.3746 8.49082 56.5131
      vertex 11.4453 8.55955 55.889
      vertex 11.4529 8.49082 55.9037
    endloop
  endfacet
  facet normal -0.478591 -0.232564 -0.846678
    outer loop
      vertex 11.4453 8.55955 55.889
      vertex 10.3746 8.49082 56.5131
      vertex 10.3665 8.55955 56.4988
    endloop
  endfacet
  facet normal 0.484858 -0.170873 0.857738
    outer loop
      vertex 8.20664 8.42161 52.6775
      vertex 9.41336 8.35198 51.9815
      vertex 9.41897 8.42161 51.9922
    endloop
  endfacet
  facet normal 0.484688 -0.172177 0.857574
    outer loop
      vertex 9.41336 8.35198 51.9815
      vertex 8.20664 8.42161 52.6775
      vertex 8.20066 8.35198 52.6669
    endloop
  endfacet
  facet normal -0.490525 -0.0784561 -0.867888
    outer loop
      vertex 10.3991 8.14128 56.5564
      vertex 11.4733 8.21174 55.9429
      vertex 11.4759 8.14128 55.9478
    endloop
  endfacet
  facet normal -0.490572 -0.0779238 -0.86791
    outer loop
      vertex 11.4733 8.21174 55.9429
      vertex 10.3991 8.14128 56.5564
      vertex 10.3964 8.21174 56.5516
    endloop
  endfacet
  facet normal -0.0539894 0.993961 -0.0955284
    outer loop
      vertex 10.5694 5.76774 54.2047
      vertex 9.39835 5.75999 54.7859
      vertex 9.43292 5.76774 54.847
    endloop
  endfacet
  facet normal -0.0539456 0.993972 -0.0954399
    outer loop
      vertex 9.39835 5.75999 54.7859
      vertex 10.5694 5.76774 54.2047
      vertex 10.537 5.75999 54.1423
    endloop
  endfacet
  facet normal 0.0696154 -0.989939 0.123183
    outer loop
      vertex 9.12096 10.2223 54.2951
      vertex 10.3091 10.2323 53.704
      vertex 9.1554 10.2323 54.356
    endloop
  endfacet
  facet normal 0.069546 -0.989961 0.123043
    outer loop
      vertex 10.3091 10.2323 53.704
      vertex 9.12096 10.2223 54.2951
      vertex 10.2768 10.2223 53.6418
    endloop
  endfacet
  facet normal -0.419418 0.52286 -0.742095
    outer loop
      vertex 11.3162 6.79439 55.6408
      vertex 10.2471 6.85466 56.2875
      vertex 11.3333 6.85466 55.6736
    endloop
  endfacet
  facet normal -0.41967 0.522159 -0.742446
    outer loop
      vertex 10.2471 6.85466 56.2875
      vertex 11.3162 6.79439 55.6408
      vertex 10.2289 6.79439 56.2554
    endloop
  endfacet
  facet normal 0.0693425 0.990018 0.1227
    outer loop
      vertex 10.3091 5.76774 53.704
      vertex 9.12096 5.7777 54.2951
      vertex 9.1554 5.76774 54.356
    endloop
  endfacet
  facet normal 0.0692733 0.99004 0.122561
    outer loop
      vertex 9.12096 5.7777 54.2951
      vertex 10.3091 5.76774 53.704
      vertex 10.2768 5.7777 53.6418
    endloop
  endfacet
  facet normal -0.427466 -0.495249 -0.756307
    outer loop
      vertex 10.2643 9.08395 56.318
      vertex 11.3333 9.14534 55.6736
      vertex 11.3494 9.08395 55.7047
    endloop
  endfacet
  facet normal -0.427398 -0.495451 -0.756214
    outer loop
      vertex 11.3333 9.14534 55.6736
      vertex 10.2643 9.08395 56.318
      vertex 10.2471 9.14534 56.2875
    endloop
  endfacet
  facet normal 0.435054 -0.467322 0.769635
    outer loop
      vertex 8.32397 9.08395 52.8851
      vertex 9.51378 9.02148 52.1746
      vertex 9.52905 9.08395 52.2039
    endloop
  endfacet
  facet normal 0.434859 -0.46795 0.769364
    outer loop
      vertex 9.51378 9.02148 52.1746
      vertex 8.32397 9.08395 52.8851
      vertex 8.3077 9.02148 52.8563
    endloop
  endfacet
  facet normal 0.402847 -0.574319 0.712652
    outer loop
      vertex 8.39847 9.32252 53.0169
      vertex 9.58018 9.26469 52.3023
      vertex 9.59894 9.32252 52.3383
    endloop
  endfacet
  facet normal 0.402514 -0.575152 0.712168
    outer loop
      vertex 9.58018 9.26469 52.3023
      vertex 8.39847 9.32252 53.0169
      vertex 8.37847 9.26469 52.9815
    endloop
  endfacet
  facet normal -0.402605 0.574865 -0.712347
    outer loop
      vertex 11.2796 6.67748 55.5703
      vertex 10.2098 6.73531 56.2216
      vertex 11.2983 6.73531 55.6064
    endloop
  endfacet
  facet normal -0.402489 0.575152 -0.712182
    outer loop
      vertex 10.2098 6.73531 56.2216
      vertex 11.2796 6.67748 55.5703
      vertex 10.1898 6.67748 56.1862
    endloop
  endfacet
  facet normal 0.230175 0.883846 0.407228
    outer loop
      vertex 9.9677 5.99524 53.0475
      vertex 8.76079 6.02831 53.6579
      vertex 8.79153 5.99524 53.7123
    endloop
  endfacet
  facet normal 0.230117 0.883917 0.407109
    outer loop
      vertex 8.76079 6.02831 53.6579
      vertex 9.9677 5.99524 53.0475
      vertex 9.93886 6.02831 52.992
    endloop
  endfacet
  facet normal 0.270265 -0.835673 0.47813
    outer loop
      vertex 8.67186 9.86093 53.5006
      vertex 9.8827 9.89974 52.884
      vertex 8.70093 9.89974 53.552
    endloop
  endfacet
  facet normal 0.270294 -0.835629 0.47819
    outer loop
      vertex 9.8827 9.89974 52.884
      vertex 8.67186 9.86093 53.5006
      vertex 9.85542 9.86093 52.8316
    endloop
  endfacet
  facet normal -0.373993 0.649806 -0.661726
    outer loop
      vertex 11.2184 6.51205 55.4526
      vertex 10.1472 6.5658 56.1108
      vertex 11.2396 6.5658 55.4934
    endloop
  endfacet
  facet normal -0.374023 0.649744 -0.66177
    outer loop
      vertex 10.1472 6.5658 56.1108
      vertex 11.2184 6.51205 55.4526
      vertex 10.1246 6.51205 56.0708
    endloop
  endfacet
  facet normal -0.216413 -0.898099 -0.382862
    outer loop
      vertex 9.76555 10.0359 55.4355
      vertex 10.9108 10.0048 54.8611
      vertex 9.79678 10.0048 55.4908
    endloop
  endfacet
  facet normal -0.216607 -0.897882 -0.38326
    outer loop
      vertex 10.9108 10.0048 54.8611
      vertex 9.76555 10.0359 55.4355
      vertex 10.8815 10.0359 54.8048
    endloop
  endfacet
  facet normal -0.384132 0.625005 -0.679566
    outer loop
      vertex 11.2396 6.5658 55.4934
      vertex 10.169 6.62096 56.1493
      vertex 11.26 6.62096 55.5326
    endloop
  endfacet
  facet normal -0.383819 0.625691 -0.679113
    outer loop
      vertex 10.169 6.62096 56.1493
      vertex 11.2396 6.5658 55.4934
      vertex 10.1472 6.5658 56.1108
    endloop
  endfacet
  facet normal 0.374012 -0.649766 0.661755
    outer loop
      vertex 8.46369 9.48795 53.1322
      vertex 9.63893 9.4342 52.4152
      vertex 9.66012 9.48795 52.456
    endloop
  endfacet
  facet normal 0.374383 -0.648991 0.662305
    outer loop
      vertex 9.63893 9.4342 52.4152
      vertex 8.46369 9.48795 53.1322
      vertex 8.4411 9.4342 53.0923
    endloop
  endfacet
  facet normal 0.0231714 0.998891 0.0409973
    outer loop
      vertex 10.4066 5.75111 53.8916
      vertex 9.22464 5.75444 54.4785
      vertex 9.25938 5.75111 54.54
    endloop
  endfacet
  facet normal 0.0231738 0.99889 0.0410022
    outer loop
      vertex 9.22464 5.75444 54.4785
      vertex 10.4066 5.75111 53.8916
      vertex 10.374 5.75444 53.8289
    endloop
  endfacet
  facet normal 0.319518 -0.760497 0.56529
    outer loop
      vertex 8.562 9.68775 53.3062
      vertex 9.77717 9.73365 52.6811
      vertex 8.58845 9.73365 53.353
    endloop
  endfacet
  facet normal 0.319589 -0.760357 0.565438
    outer loop
      vertex 9.77717 9.73365 52.6811
      vertex 8.562 9.68775 53.3062
      vertex 9.75236 9.68775 52.6334
    endloop
  endfacet
  facet normal 0.243934 0.86848 0.431553
    outer loop
      vertex 9.93886 6.02831 52.992
      vertex 8.73058 6.06333 53.6045
      vertex 8.76079 6.02831 53.6579
    endloop
  endfacet
  facet normal 0.243834 0.86861 0.431348
    outer loop
      vertex 8.73058 6.06333 53.6045
      vertex 9.93886 6.02831 52.992
      vertex 9.91052 6.06333 52.9375
    endloop
  endfacet
  facet normal 0.44828 0.412269 0.793145
    outer loop
      vertex 9.486 7.10642 52.1211
      vertex 8.2924 7.042 52.8292
      vertex 9.49942 7.042 52.147
    endloop
  endfacet
  facet normal 0.448534 0.411335 0.793487
    outer loop
      vertex 8.2924 7.042 52.8292
      vertex 9.486 7.10642 52.1211
      vertex 8.27808 7.10642 52.8039
    endloop
  endfacet
  facet normal 0.20247 0.911426 0.358201
    outer loop
      vertex 10.0267 5.93505 53.161
      vertex 8.82276 5.96414 53.7675
      vertex 8.85446 5.93505 53.8236
    endloop
  endfacet
  facet normal 0.202533 0.911363 0.358327
    outer loop
      vertex 8.82276 5.96414 53.7675
      vertex 10.0267 5.93505 53.161
      vertex 9.997 5.96414 53.1038
    endloop
  endfacet
  facet normal -0.465522 -0.323836 -0.823663
    outer loop
      vertex 10.3471 8.69529 56.4644
      vertex 11.4165 8.76216 55.8337
      vertex 11.4271 8.69529 55.854
    endloop
  endfacet
  facet normal -0.465532 -0.323787 -0.823675
    outer loop
      vertex 11.4165 8.76216 55.8337
      vertex 10.3471 8.69529 56.4644
      vertex 10.3358 8.76216 56.4445
    endloop
  endfacet
  facet normal -0.159444 0.946041 -0.282107
    outer loop
      vertex 10.7911 5.88302 54.6309
      vertex 9.63628 5.86012 55.2068
      vertex 9.66918 5.88302 55.265
    endloop
  endfacet
  facet normal -0.159495 0.946002 -0.28221
    outer loop
      vertex 9.63628 5.86012 55.2068
      vertex 10.7911 5.88302 54.6309
      vertex 10.7602 5.86012 54.5716
    endloop
  endfacet
  facet normal 0.216643 -0.89786 0.383292
    outer loop
      vertex 8.79153 10.0048 53.7123
      vertex 9.997 10.0359 53.1038
      vertex 8.82276 10.0359 53.7675
    endloop
  endfacet
  facet normal 0.216623 -0.897882 0.383252
    outer loop
      vertex 9.997 10.0359 53.1038
      vertex 8.79153 10.0048 53.7123
      vertex 9.9677 10.0048 53.0475
    endloop
  endfacet
  facet normal 0.393414 -0.60063 0.696038
    outer loop
      vertex 8.41935 9.37904 53.0538
      vertex 9.59894 9.32252 52.3383
      vertex 9.61853 9.37904 52.376
    endloop
  endfacet
  facet normal 0.393652 -0.600072 0.696385
    outer loop
      vertex 9.59894 9.32252 52.3383
      vertex 8.41935 9.37904 53.0538
      vertex 8.39847 9.32252 53.0169
    endloop
  endfacet
  facet normal -0.460273 0.353481 -0.814371
    outer loop
      vertex 11.405 7.17172 55.8115
      vertex 10.3358 7.23784 56.4445
      vertex 11.4165 7.23784 55.8337
    endloop
  endfacet
  facet normal -0.460397 0.352965 -0.814525
    outer loop
      vertex 10.3358 7.23784 56.4445
      vertex 11.405 7.17172 55.8115
      vertex 10.3235 7.17172 56.4228
    endloop
  endfacet
  facet normal -0.0536453 -0.994038 -0.0949195
    outer loop
      vertex 9.39835 10.24 54.7859
      vertex 10.5694 10.2323 54.2047
      vertex 9.43292 10.2323 54.847
    endloop
  endfacet
  facet normal -0.0536017 -0.994049 -0.0948315
    outer loop
      vertex 10.5694 10.2323 54.2047
      vertex 9.39835 10.24 54.7859
      vertex 10.537 10.24 54.1423
    endloop
  endfacet
  facet normal -0.202157 -0.911695 -0.357693
    outer loop
      vertex 9.73385 10.0649 55.3795
      vertex 10.8815 10.0359 54.8048
      vertex 9.76555 10.0359 55.4355
    endloop
  endfacet
  facet normal -0.202016 -0.91184 -0.357404
    outer loop
      vertex 10.8815 10.0359 54.8048
      vertex 9.73385 10.0649 55.3795
      vertex 10.8518 10.0649 54.7476
    endloop
  endfacet
  facet normal -0.460273 -0.353481 -0.814371
    outer loop
      vertex 10.3358 8.76216 56.4445
      vertex 11.405 8.82828 55.8115
      vertex 11.4165 8.76216 55.8337
    endloop
  endfacet
  facet normal -0.460397 -0.352965 -0.814525
    outer loop
      vertex 11.405 8.82828 55.8115
      vertex 10.3358 8.76216 56.4445
      vertex 10.3235 8.82828 56.4228
    endloop
  endfacet
  facet normal -0.470161 0.294622 -0.831953
    outer loop
      vertex 11.4271 7.30471 55.854
      vertex 10.3573 7.37227 56.4825
      vertex 11.4367 7.37227 55.8725
    endloop
  endfacet
  facet normal -0.4703 0.293937 -0.832117
    outer loop
      vertex 10.3573 7.37227 56.4825
      vertex 11.4271 7.30471 55.854
      vertex 10.3471 7.30471 56.4644
    endloop
  endfacet
  facet normal 0.435054 0.467322 0.769635
    outer loop
      vertex 9.51378 6.97852 52.1746
      vertex 8.32397 6.91605 52.8851
      vertex 9.52905 6.91605 52.2039
    endloop
  endfacet
  facet normal 0.434859 0.46795 0.769364
    outer loop
      vertex 8.32397 6.91605 52.8851
      vertex 9.51378 6.97852 52.1746
      vertex 8.3077 6.97852 52.8563
    endloop
  endfacet
  facet normal 0.243934 -0.86848 0.431553
    outer loop
      vertex 8.73058 9.93667 53.6045
      vertex 9.93886 9.97169 52.992
      vertex 8.76079 9.97169 53.6579
    endloop
  endfacet
  facet normal 0.243834 -0.86861 0.431348
    outer loop
      vertex 9.93886 9.97169 52.992
      vertex 8.73058 9.93667 53.6045
      vertex 9.91052 9.93667 52.9375
    endloop
  endfacet
  facet normal 0.474566 -0.264347 0.839588
    outer loop
      vertex 8.23099 8.62773 52.7206
      vertex 9.4332 8.55955 52.0196
      vertex 9.44181 8.62773 52.0362
    endloop
  endfacet
  facet normal 0.47452 -0.264601 0.839534
    outer loop
      vertex 9.4332 8.55955 52.0196
      vertex 8.23099 8.62773 52.7206
      vertex 8.22181 8.55955 52.7043
    endloop
  endfacet
  facet normal -0.353424 -0.695752 -0.625316
    outer loop
      vertex 10.077 9.59099 55.9866
      vertex 11.1964 9.54023 55.4104
      vertex 10.1012 9.54023 56.0294
    endloop
  endfacet
  facet normal -0.353289 -0.696083 -0.625024
    outer loop
      vertex 11.1964 9.54023 55.4104
      vertex 10.077 9.59099 55.9866
      vertex 11.1737 9.59099 55.3667
    endloop
  endfacet
  facet normal 0.282764 0.818409 0.500251
    outer loop
      vertex 9.85542 6.13907 52.8316
      vertex 8.6434 6.17971 53.4502
      vertex 8.67186 6.13907 53.5006
    endloop
  endfacet
  facet normal 0.282765 0.818407 0.500254
    outer loop
      vertex 8.6434 6.17971 53.4502
      vertex 9.85542 6.13907 52.8316
      vertex 9.82873 6.17971 52.7802
    endloop
  endfacet
  facet normal 0.489072 0.109897 0.865292
    outer loop
      vertex 9.40518 7.78826 51.9657
      vertex 8.19576 7.718 52.6582
      vertex 9.40876 7.718 51.9726
    endloop
  endfacet
  facet normal 0.489149 0.109114 0.865348
    outer loop
      vertex 8.19576 7.718 52.6582
      vertex 9.40518 7.78826 51.9657
      vertex 8.19194 7.78826 52.6515
    endloop
  endfacet
  facet normal 0.038656 0.996909 0.0683955
    outer loop
      vertex 10.374 5.75444 53.8289
      vertex 9.18997 5.75999 54.4172
      vertex 9.22464 5.75444 54.4785
    endloop
  endfacet
  facet normal 0.0386245 0.996915 0.068332
    outer loop
      vertex 9.18997 5.75999 54.4172
      vertex 10.374 5.75444 53.8289
      vertex 10.3415 5.75999 53.7663
    endloop
  endfacet
  facet normal 0.489072 -0.109897 0.865292
    outer loop
      vertex 8.19576 8.282 52.6582
      vertex 9.40518 8.21174 51.9657
      vertex 9.40876 8.282 51.9726
    endloop
  endfacet
  facet normal 0.489149 -0.109114 0.865348
    outer loop
      vertex 9.40518 8.21174 51.9657
      vertex 8.19576 8.282 52.6582
      vertex 8.19194 8.21174 52.6515
    endloop
  endfacet
  facet normal -0.487246 -0.140413 -0.861902
    outer loop
      vertex 10.3926 8.282 56.5449
      vertex 11.4651 8.35198 55.9272
      vertex 11.4697 8.282 55.936
    endloop
  endfacet
  facet normal -0.487145 -0.141253 -0.861822
    outer loop
      vertex 11.4651 8.35198 55.9272
      vertex 10.3926 8.282 56.5449
      vertex 10.3877 8.35198 56.5362
    endloop
  endfacet
  facet normal 0.331182 0.739583 0.585948
    outer loop
      vertex 9.75236 6.31225 52.6334
      vertex 8.53627 6.35982 53.2607
      vertex 8.562 6.31225 53.3062
    endloop
  endfacet
  facet normal 0.331179 0.73959 0.585941
    outer loop
      vertex 8.53627 6.35982 53.2607
      vertex 9.75236 6.31225 52.6334
      vertex 9.72822 6.35982 52.587
    endloop
  endfacet
  facet normal -0.0846028 0.985108 -0.149679
    outer loop
      vertex 10.6339 5.78985 54.3286
      vertex 9.46735 5.7777 54.908
      vertex 9.50161 5.78985 54.9686
    endloop
  endfacet
  facet normal -0.0845698 0.985121 -0.149613
    outer loop
      vertex 9.46735 5.7777 54.908
      vertex 10.6339 5.78985 54.3286
      vertex 10.6017 5.7777 54.2668
    endloop
  endfacet
  facet normal 0.295481 -0.799639 0.522751
    outer loop
      vertex 8.61559 9.77785 53.401
      vertex 9.82873 9.82029 52.7802
      vertex 8.6434 9.82029 53.4502
    endloop
  endfacet
  facet normal 0.295667 -0.799318 0.523136
    outer loop
      vertex 9.82873 9.82029 52.7802
      vertex 8.61559 9.77785 53.401
      vertex 9.80264 9.77785 52.7301
    endloop
  endfacet
  facet normal -0.384132 -0.625005 -0.679566
    outer loop
      vertex 10.169 9.37904 56.1493
      vertex 11.2396 9.4342 55.4934
      vertex 11.26 9.37904 55.5326
    endloop
  endfacet
  facet normal -0.383819 -0.625691 -0.679113
    outer loop
      vertex 11.2396 9.4342 55.4934
      vertex 10.169 9.37904 56.1493
      vertex 10.1472 9.4342 56.1108
    endloop
  endfacet
  facet normal 0.465609 -0.323648 0.823687
    outer loop
      vertex 8.25248 8.76216 52.7586
      vertex 9.45141 8.69529 52.0546
      vertex 9.46198 8.76216 52.0749
    endloop
  endfacet
  facet normal 0.465382 -0.324703 0.8234
    outer loop
      vertex 9.45141 8.69529 52.0546
      vertex 8.25248 8.76216 52.7586
      vertex 8.24121 8.69529 52.7386
    endloop
  endfacet
  facet normal 0.270265 0.835673 0.47813
    outer loop
      vertex 9.8827 6.10026 52.884
      vertex 8.67186 6.13907 53.5006
      vertex 8.70093 6.10026 53.552
    endloop
  endfacet
  facet normal 0.270294 0.835629 0.47819
    outer loop
      vertex 8.67186 6.13907 53.5006
      vertex 9.8827 6.10026 52.884
      vertex 9.85542 6.13907 52.8316
    endloop
  endfacet
  facet normal -0.295458 0.799639 -0.522764
    outer loop
      vertex 11.0759 6.22215 55.1786
      vertex 9.94491 6.17971 55.7529
      vertex 9.97272 6.22215 55.8021
    endloop
  endfacet
  facet normal -0.295373 0.799788 -0.522585
    outer loop
      vertex 9.94491 6.17971 55.7529
      vertex 11.0759 6.22215 55.1786
      vertex 11.0498 6.17971 55.1284
    endloop
  endfacet
  facet normal 0.470374 0.293497 0.832231
    outer loop
      vertex 9.44181 7.37227 52.0362
      vertex 8.24121 7.30471 52.7386
      vertex 9.45141 7.30471 52.0546
    endloop
  endfacet
  facet normal 0.470484 0.292938 0.832365
    outer loop
      vertex 8.24121 7.30471 52.7386
      vertex 9.44181 7.37227 52.0362
      vertex 8.23099 7.37227 52.7206
    endloop
  endfacet
  facet normal -0.34237 -0.718264 -0.605706
    outer loop
      vertex 10.052 9.64018 55.9424
      vertex 11.1737 9.59099 55.3667
      vertex 10.077 9.59099 55.9866
    endloop
  endfacet
  facet normal -0.342642 -0.717642 -0.606289
    outer loop
      vertex 11.1737 9.59099 55.3667
      vertex 10.052 9.64018 55.9424
      vertex 11.1503 9.64018 55.3217
    endloop
  endfacet
  facet normal 0.41952 -0.522607 0.742216
    outer loop
      vertex 8.35938 9.20561 52.9477
      vertex 9.54521 9.14534 52.235
      vertex 9.56226 9.20561 52.2678
    endloop
  endfacet
  facet normal 0.419715 -0.522058 0.742493
    outer loop
      vertex 9.54521 9.14534 52.235
      vertex 8.35938 9.20561 52.9477
      vertex 8.3412 9.14534 52.9156
    endloop
  endfacet
  facet normal -0.129918 0.964513 -0.229861
    outer loop
      vertex 10.729 5.83934 54.5116
      vertex 9.56949 5.82069 55.0887
      vertex 9.60303 5.83934 55.148
    endloop
  endfacet
  facet normal -0.129931 0.964505 -0.229887
    outer loop
      vertex 9.56949 5.82069 55.0887
      vertex 10.729 5.83934 54.5116
      vertex 10.6976 5.82069 54.4511
    endloop
  endfacet
  facet normal 0.25703 -0.852755 0.454692
    outer loop
      vertex 8.70093 9.89974 53.552
      vertex 9.91052 9.93667 52.9375
      vertex 8.73058 9.93667 53.6045
    endloop
  endfacet
  facet normal 0.257112 -0.852639 0.454862
    outer loop
      vertex 9.91052 9.93667 52.9375
      vertex 8.70093 9.89974 53.552
      vertex 9.8827 9.89974 52.884
    endloop
  endfacet
  facet normal 0.174136 -0.935282 0.308099
    outer loop
      vertex 8.88659 10.092 53.8805
      vertex 10.0874 10.117 53.2777
      vertex 8.91913 10.117 53.938
    endloop
  endfacet
  facet normal 0.174051 -0.935354 0.307927
    outer loop
      vertex 10.0874 10.117 53.2777
      vertex 8.88659 10.092 53.8805
      vertex 10.0569 10.092 53.219
    endloop
  endfacet
  facet normal -0.319537 0.760438 -0.565358
    outer loop
      vertex 11.1261 6.31225 55.2753
      vertex 9.99987 6.26635 55.8501
      vertex 10.0263 6.31225 55.8969
    endloop
  endfacet
  facet normal -0.319332 0.760846 -0.564925
    outer loop
      vertex 9.99987 6.26635 55.8501
      vertex 11.1261 6.31225 55.2753
      vertex 11.1013 6.26635 55.2275
    endloop
  endfacet
  facet normal -0.00765077 -0.999879 -0.0135365
    outer loop
      vertex 9.29416 10.25 54.6015
      vertex 10.4719 10.2489 54.0171
      vertex 9.32893 10.2489 54.6631
    endloop
  endfacet
  facet normal -0.00764821 -0.999879 -0.0135314
    outer loop
      vertex 10.4719 10.2489 54.0171
      vertex 9.29416 10.25 54.6015
      vertex 10.4392 10.25 53.9543
    endloop
  endfacet
  facet normal -0.491988 0.0157981 -0.870459
    outer loop
      vertex 11.4774 7.92933 55.9508
      vertex 10.4013 8 56.5603
      vertex 11.4779 8 55.9518
    endloop
  endfacet
  facet normal -0.491948 0.0164941 -0.870469
    outer loop
      vertex 10.4013 8 56.5603
      vertex 11.4774 7.92933 55.9508
      vertex 10.4007 7.92933 56.5593
    endloop
  endfacet
  facet normal 0.319518 0.760497 0.56529
    outer loop
      vertex 9.77717 6.26635 52.6811
      vertex 8.562 6.31225 53.3062
      vertex 8.58845 6.26635 53.353
    endloop
  endfacet
  facet normal 0.319589 0.760357 0.565438
    outer loop
      vertex 8.562 6.31225 53.3062
      vertex 9.77717 6.26635 52.6811
      vertex 9.75236 6.31225 52.6334
    endloop
  endfacet
  facet normal 0.30774 0.780269 0.544496
    outer loop
      vertex 9.80264 6.22215 52.7301
      vertex 8.58845 6.26635 53.353
      vertex 8.61559 6.22215 53.401
    endloop
  endfacet
  facet normal 0.307594 0.780539 0.544192
    outer loop
      vertex 8.58845 6.26635 53.353
      vertex 9.80264 6.22215 52.7301
      vertex 9.77717 6.26635 52.6811
    endloop
  endfacet
  facet normal -0.243911 -0.86848 -0.431566
    outer loop
      vertex 9.82752 9.97169 55.5452
      vertex 10.968 9.93667 54.9711
      vertex 9.85773 9.93667 55.5986
    endloop
  endfacet
  facet normal -0.243733 -0.868713 -0.431198
    outer loop
      vertex 10.968 9.93667 54.9711
      vertex 9.82752 9.97169 55.5452
      vertex 10.9396 9.97169 54.9166
    endloop
  endfacet
  facet normal -0.038954 -0.996862 -0.068917
    outer loop
      vertex 9.36367 10.2456 54.7245
      vertex 10.537 10.24 54.1423
      vertex 9.39835 10.24 54.7859
    endloop
  endfacet
  facet normal -0.0389679 -0.996859 -0.068945
    outer loop
      vertex 10.537 10.24 54.1423
      vertex 9.36367 10.2456 54.7245
      vertex 10.5045 10.2456 54.0797
    endloop
  endfacet
  facet normal -0.0996271 -0.97929 -0.176255
    outer loop
      vertex 9.50161 10.2101 54.9686
      vertex 10.6658 10.1958 54.39
      vertex 9.53567 10.1958 55.0288
    endloop
  endfacet
  facet normal -0.0996498 -0.979279 -0.176301
    outer loop
      vertex 10.6658 10.1958 54.39
      vertex 9.50161 10.2101 54.9686
      vertex 10.6339 10.2101 54.3286
    endloop
  endfacet
  facet normal -0.454621 -0.382636 -0.804307
    outer loop
      vertex 10.3235 8.82828 56.4228
      vertex 11.3925 8.89358 55.7875
      vertex 11.405 8.82828 55.8115
    endloop
  endfacet
  facet normal -0.45448 -0.383184 -0.804125
    outer loop
      vertex 11.3925 8.89358 55.7875
      vertex 10.3235 8.82828 56.4228
      vertex 10.3102 8.89358 56.3992
    endloop
  endfacet
  facet normal -0.491988 -0.0157981 -0.870459
    outer loop
      vertex 10.4013 8 56.5603
      vertex 11.4774 8.07067 55.9508
      vertex 11.4779 8 55.9518
    endloop
  endfacet
  facet normal -0.491948 -0.0164941 -0.870469
    outer loop
      vertex 11.4774 8.07067 55.9508
      vertex 10.4013 8 56.5603
      vertex 10.4007 8.07067 56.5593
    endloop
  endfacet
  facet normal 0.282764 -0.818409 0.500251
    outer loop
      vertex 8.6434 9.82029 53.4502
      vertex 9.85542 9.86093 52.8316
      vertex 8.67186 9.86093 53.5006
    endloop
  endfacet
  facet normal 0.282765 -0.818407 0.500254
    outer loop
      vertex 9.85542 9.86093 52.8316
      vertex 8.6434 9.82029 53.4502
      vertex 9.82873 9.82029 52.7802
    endloop
  endfacet
  facet normal -0.282753 -0.818409 -0.500258
    outer loop
      vertex 9.91645 9.86093 55.7025
      vertex 11.0498 9.82029 55.1284
      vertex 9.94491 9.82029 55.7529
    endloop
  endfacet
  facet normal -0.28299 -0.818024 -0.500753
    outer loop
      vertex 11.0498 9.82029 55.1284
      vertex 9.91645 9.86093 55.7025
      vertex 11.0231 9.86093 55.0771
    endloop
  endfacet
  facet normal 0.331182 -0.739583 0.585948
    outer loop
      vertex 8.53627 9.64018 53.2607
      vertex 9.75236 9.68775 52.6334
      vertex 8.562 9.68775 53.3062
    endloop
  endfacet
  facet normal 0.331179 -0.73959 0.585941
    outer loop
      vertex 9.75236 9.68775 52.6334
      vertex 8.53627 9.64018 53.2607
      vertex 9.72822 9.64018 52.587
    endloop
  endfacet
  facet normal -0.2304 -0.883612 -0.407609
    outer loop
      vertex 9.79678 10.0048 55.4908
      vertex 10.9396 9.97169 54.9166
      vertex 9.82752 9.97169 55.5452
    endloop
  endfacet
  facet normal -0.230392 -0.883622 -0.407593
    outer loop
      vertex 10.9396 9.97169 54.9166
      vertex 9.79678 10.0048 55.4908
      vertex 10.9108 10.0048 54.8611
    endloop
  endfacet
  facet normal -0.331206 -0.739488 -0.586054
    outer loop
      vertex 10.0263 9.68775 55.8969
      vertex 11.1503 9.64018 55.3217
      vertex 10.052 9.64018 55.9424
    endloop
  endfacet
  facet normal -0.33107 -0.73978 -0.585764
    outer loop
      vertex 11.1503 9.64018 55.3217
      vertex 10.0263 9.68775 55.8969
      vertex 11.1261 9.68775 55.2753
    endloop
  endfacet
  facet normal -0.4347 -0.468448 -0.76915
    outer loop
      vertex 10.2806 9.02148 56.3468
      vertex 11.3494 9.08395 55.7047
      vertex 11.3647 9.02148 55.7341
    endloop
  endfacet
  facet normal -0.434806 -0.468113 -0.769294
    outer loop
      vertex 11.3494 9.08395 55.7047
      vertex 10.2806 9.02148 56.3468
      vertex 10.2643 9.08395 56.318
    endloop
  endfacet
  facet normal -0.411455 -0.548497 -0.727912
    outer loop
      vertex 10.2289 9.20561 56.2554
      vertex 11.2983 9.26469 55.6064
      vertex 11.3162 9.20561 55.6408
    endloop
  endfacet
  facet normal -0.411197 -0.549171 -0.727549
    outer loop
      vertex 11.2983 9.26469 55.6064
      vertex 10.2289 9.20561 56.2554
      vertex 10.2098 9.26469 56.2216
    endloop
  endfacet
  facet normal -0.427466 0.495249 -0.756307
    outer loop
      vertex 11.3333 6.85466 55.6736
      vertex 10.2643 6.91605 56.318
      vertex 11.3494 6.91605 55.7047
    endloop
  endfacet
  facet normal -0.427398 0.495451 -0.756214
    outer loop
      vertex 10.2643 6.91605 56.318
      vertex 11.3333 6.85466 55.6736
      vertex 10.2471 6.85466 56.2875
    endloop
  endfacet
  facet normal 0.0846017 0.985108 0.14968
    outer loop
      vertex 10.2768 5.7777 53.6418
      vertex 9.0867 5.78985 54.2345
      vertex 9.12096 5.7777 54.2951
    endloop
  endfacet
  facet normal 0.0845686 0.985121 0.149613
    outer loop
      vertex 9.0867 5.78985 54.2345
      vertex 10.2768 5.7777 53.6418
      vertex 10.2446 5.78985 53.58
    endloop
  endfacet
  facet normal -0.411455 0.548497 -0.727912
    outer loop
      vertex 11.2983 6.73531 55.6064
      vertex 10.2289 6.79439 56.2554
      vertex 11.3162 6.79439 55.6408
    endloop
  endfacet
  facet normal -0.411197 0.549171 -0.727549
    outer loop
      vertex 10.2289 6.79439 56.2554
      vertex 11.2983 6.73531 55.6064
      vertex 10.2098 6.73531 56.2216
    endloop
  endfacet
  facet normal 0.174014 0.935375 0.307883
    outer loop
      vertex 10.0874 5.88302 53.2777
      vertex 8.88659 5.908 53.8805
      vertex 8.91913 5.88302 53.938
    endloop
  endfacet
  facet normal 0.173929 0.935448 0.307711
    outer loop
      vertex 8.88659 5.908 53.8805
      vertex 10.0874 5.88302 53.2777
      vertex 10.0569 5.908 53.219
    endloop
  endfacet
  facet normal 0.474566 0.264347 0.839588
    outer loop
      vertex 9.4332 7.44045 52.0196
      vertex 8.23099 7.37227 52.7206
      vertex 9.44181 7.37227 52.0362
    endloop
  endfacet
  facet normal 0.47452 0.264601 0.839534
    outer loop
      vertex 8.23099 7.37227 52.7206
      vertex 9.4332 7.44045 52.0196
      vertex 8.22181 7.44045 52.7043
    endloop
  endfacet
  facet normal 0.465609 0.323648 0.823687
    outer loop
      vertex 9.45141 7.30471 52.0546
      vertex 8.25248 7.23784 52.7586
      vertex 9.46198 7.23784 52.0749
    endloop
  endfacet
  facet normal 0.465382 0.324703 0.8234
    outer loop
      vertex 8.25248 7.23784 52.7586
      vertex 9.45141 7.30471 52.0546
      vertex 8.24121 7.30471 52.7386
    endloop
  endfacet
  facet normal -0.448528 0.411131 -0.793595
    outer loop
      vertex 11.3791 7.042 55.7617
      vertex 10.3102 7.10642 56.3992
      vertex 11.3925 7.10642 55.7875
    endloop
  endfacet
  facet normal -0.448504 0.411219 -0.793563
    outer loop
      vertex 10.3102 7.10642 56.3992
      vertex 11.3791 7.042 55.7617
      vertex 10.2959 7.042 56.3739
    endloop
  endfacet
  facet normal -0.454621 0.382636 -0.804307
    outer loop
      vertex 11.3925 7.10642 55.7875
      vertex 10.3235 7.17172 56.4228
      vertex 11.405 7.17172 55.8115
    endloop
  endfacet
  facet normal -0.45448 0.383184 -0.804125
    outer loop
      vertex 10.3235 7.17172 56.4228
      vertex 11.3925 7.10642 55.7875
      vertex 10.3102 7.10642 56.3992
    endloop
  endfacet
  facet normal -0.491462 0.0473873 -0.869609
    outer loop
      vertex 11.4759 7.85872 55.9478
      vertex 10.4007 7.92933 56.5593
      vertex 11.4774 7.92933 55.9508
    endloop
  endfacet
  facet normal -0.491501 0.046853 -0.869616
    outer loop
      vertex 10.4007 7.92933 56.5593
      vertex 11.4759 7.85872 55.9478
      vertex 10.3991 7.85872 56.5564
    endloop
  endfacet
  facet normal -0.484745 -0.172001 -0.857577
    outer loop
      vertex 10.3877 8.35198 56.5362
      vertex 11.4595 8.42161 55.9164
      vertex 11.4651 8.35198 55.9272
    endloop
  endfacet
  facet normal -0.484702 -0.172313 -0.857538
    outer loop
      vertex 11.4595 8.42161 55.9164
      vertex 10.3877 8.35198 56.5362
      vertex 10.3817 8.42161 56.5256
    endloop
  endfacet
  facet normal -0.36398 0.672891 -0.644
    outer loop
      vertex 11.2184 6.51205 55.4526
      vertex 10.1012 6.45977 56.0294
      vertex 10.1246 6.51205 56.0708
    endloop
  endfacet
  facet normal -0.363957 0.67295 -0.643952
    outer loop
      vertex 10.1012 6.45977 56.0294
      vertex 11.2184 6.51205 55.4526
      vertex 11.1964 6.45977 55.4104
    endloop
  endfacet
  facet normal -0.256994 -0.852774 -0.454676
    outer loop
      vertex 9.85773 9.93667 55.5986
      vertex 10.9958 9.89974 55.0246
      vertex 9.88739 9.89974 55.6511
    endloop
  endfacet
  facet normal -0.257116 -0.852602 -0.45493
    outer loop
      vertex 10.9958 9.89974 55.0246
      vertex 9.85773 9.93667 55.5986
      vertex 10.968 9.93667 54.9711
    endloop
  endfacet
  facet normal 0.295481 0.799639 0.522751
    outer loop
      vertex 9.82873 6.17971 52.7802
      vertex 8.61559 6.22215 53.401
      vertex 8.6434 6.17971 53.4502
    endloop
  endfacet
  facet normal 0.295667 0.799318 0.523136
    outer loop
      vertex 8.61559 6.22215 53.401
      vertex 9.82873 6.17971 52.7802
      vertex 9.80264 6.22215 52.7301
    endloop
  endfacet
  facet normal -0.270235 -0.835652 -0.478183
    outer loop
      vertex 9.88739 9.89974 55.6511
      vertex 11.0231 9.86093 55.0771
      vertex 9.91645 9.86093 55.7025
    endloop
  endfacet
  facet normal -0.269977 -0.836042 -0.477646
    outer loop
      vertex 11.0231 9.86093 55.0771
      vertex 9.88739 9.89974 55.6511
      vertex 10.9958 9.89974 55.0246
    endloop
  endfacet
  facet normal 0.00765993 -0.999879 0.0135521
    outer loop
      vertex 9.25938 10.2489 54.54
      vertex 10.4392 10.25 53.9543
      vertex 9.29416 10.25 54.6015
    endloop
  endfacet
  facet normal 0.00766267 -0.999879 0.0135576
    outer loop
      vertex 10.4392 10.25 53.9543
      vertex 9.25938 10.2489 54.54
      vertex 10.4066 10.2489 53.8916
    endloop
  endfacet
  facet normal -0.373993 -0.649806 -0.661726
    outer loop
      vertex 10.1472 9.4342 56.1108
      vertex 11.2184 9.48795 55.4526
      vertex 11.2396 9.4342 55.4934
    endloop
  endfacet
  facet normal -0.374023 -0.649744 -0.66177
    outer loop
      vertex 11.2184 9.48795 55.4526
      vertex 10.1472 9.4342 56.1108
      vertex 10.1246 9.48795 56.0708
    endloop
  endfacet
  facet normal -0.481879 0.202394 -0.852543
    outer loop
      vertex 11.4529 7.50918 55.9037
      vertex 10.3817 7.57839 56.5256
      vertex 11.4595 7.57839 55.9164
    endloop
  endfacet
  facet normal -0.48173 0.20337 -0.852395
    outer loop
      vertex 10.3817 7.57839 56.5256
      vertex 11.4529 7.50918 55.9037
      vertex 10.3746 7.50918 56.5131
    endloop
  endfacet
  facet normal 0.0539293 0.993976 0.0954082
    outer loop
      vertex 10.3415 5.75999 53.7663
      vertex 9.1554 5.76774 54.356
      vertex 9.18997 5.75999 54.4172
    endloop
  endfacet
  facet normal 0.0540048 0.993958 0.0955604
    outer loop
      vertex 9.1554 5.76774 54.356
      vertex 10.3415 5.75999 53.7663
      vertex 10.3091 5.76774 53.704
    endloop
  endfacet
  facet normal -0.331206 0.739488 -0.586054
    outer loop
      vertex 11.1503 6.35982 55.3217
      vertex 10.0263 6.31225 55.8969
      vertex 10.052 6.35982 55.9424
    endloop
  endfacet
  facet normal -0.33107 0.73978 -0.585764
    outer loop
      vertex 10.0263 6.31225 55.8969
      vertex 11.1503 6.35982 55.3217
      vertex 11.1261 6.31225 55.2753
    endloop
  endfacet
  facet normal 0.411113 0.549455 0.727382
    outer loop
      vertex 9.56226 6.79439 52.2678
      vertex 8.37847 6.73531 52.9815
      vertex 9.58018 6.73531 52.3023
    endloop
  endfacet
  facet normal 0.411238 0.549123 0.727563
    outer loop
      vertex 8.37847 6.73531 52.9815
      vertex 9.56226 6.79439 52.2678
      vertex 8.35938 6.79439 52.9477
    endloop
  endfacet
  facet normal -0.243911 0.86848 -0.431566
    outer loop
      vertex 10.968 6.06333 54.9711
      vertex 9.82752 6.02831 55.5452
      vertex 9.85773 6.06333 55.5986
    endloop
  endfacet
  facet normal -0.243733 0.868713 -0.431198
    outer loop
      vertex 9.82752 6.02831 55.5452
      vertex 10.968 6.06333 54.9711
      vertex 10.9396 6.02831 54.9166
    endloop
  endfacet
  facet normal 0.0535855 -0.994053 0.0948
    outer loop
      vertex 9.1554 10.2323 54.356
      vertex 10.3415 10.24 53.7663
      vertex 9.18997 10.24 54.4172
    endloop
  endfacet
  facet normal 0.0536606 -0.994035 0.0949513
    outer loop
      vertex 10.3415 10.24 53.7663
      vertex 9.1554 10.2323 54.356
      vertex 10.3091 10.2323 53.704
    endloop
  endfacet
  facet normal 0.353426 -0.695788 0.625275
    outer loop
      vertex 8.48709 9.54023 53.1737
      vertex 9.70479 9.59099 52.5419
      vertex 8.5113 9.59099 53.2165
    endloop
  endfacet
  facet normal 0.353304 -0.696083 0.625016
    outer loop
      vertex 9.70479 9.59099 52.5419
      vertex 8.48709 9.54023 53.1737
      vertex 9.68209 9.54023 52.4982
    endloop
  endfacet
  facet normal -0.202678 0.911217 -0.358615
    outer loop
      vertex 10.8815 5.96414 54.8048
      vertex 9.73385 5.93505 55.3795
      vertex 9.76555 5.96414 55.4355
    endloop
  endfacet
  facet normal -0.202537 0.911363 -0.358325
    outer loop
      vertex 9.73385 5.93505 55.3795
      vertex 10.8815 5.96414 54.8048
      vertex 10.8518 5.93505 54.7476
    endloop
  endfacet
  facet normal 0.374012 0.649766 0.661755
    outer loop
      vertex 9.63893 6.5658 52.4152
      vertex 8.46369 6.51205 53.1322
      vertex 9.66012 6.51205 52.456
    endloop
  endfacet
  facet normal 0.374383 0.648991 0.662305
    outer loop
      vertex 8.46369 6.51205 53.1322
      vertex 9.63893 6.5658 52.4152
      vertex 8.4411 6.5658 53.0923
    endloop
  endfacet
  facet normal -0.295458 -0.799639 -0.522764
    outer loop
      vertex 9.94491 9.82029 55.7529
      vertex 11.0759 9.77785 55.1786
      vertex 9.97272 9.77785 55.8021
    endloop
  endfacet
  facet normal -0.295373 -0.799788 -0.522585
    outer loop
      vertex 11.0759 9.77785 55.1786
      vertex 9.94491 9.82029 55.7529
      vertex 11.0498 9.82029 55.1284
    endloop
  endfacet
  facet normal 0.0849395 -0.984988 0.150278
    outer loop
      vertex 9.0867 10.2101 54.2345
      vertex 10.2768 10.2223 53.6418
      vertex 9.12096 10.2223 54.2951
    endloop
  endfacet
  facet normal 0.0849063 -0.985001 0.150211
    outer loop
      vertex 10.2768 10.2223 53.6418
      vertex 9.0867 10.2101 54.2345
      vertex 10.2446 10.2101 53.58
    endloop
  endfacet
  facet normal -0.393361 0.600675 -0.696029
    outer loop
      vertex 11.26 6.62096 55.5326
      vertex 10.1898 6.67748 56.1862
      vertex 11.2796 6.67748 55.5703
    endloop
  endfacet
  facet normal -0.393774 0.599715 -0.696623
    outer loop
      vertex 10.1898 6.67748 56.1862
      vertex 11.26 6.62096 55.5326
      vertex 10.169 6.62096 56.1493
    endloop
  endfacet
  facet normal -0.0386083 0.996917 -0.0683054
    outer loop
      vertex 10.537 5.75999 54.1423
      vertex 9.36367 5.75444 54.7245
      vertex 9.39835 5.75999 54.7859
    endloop
  endfacet
  facet normal -0.0386221 0.996915 -0.0683332
    outer loop
      vertex 9.36367 5.75444 54.7245
      vertex 10.537 5.75999 54.1423
      vertex 10.5045 5.75444 54.0797
    endloop
  endfacet
  facet normal -0.491462 -0.0473873 -0.869609
    outer loop
      vertex 10.4007 8.07067 56.5593
      vertex 11.4759 8.14128 55.9478
      vertex 11.4774 8.07067 55.9508
    endloop
  endfacet
  facet normal -0.491501 -0.046853 -0.869616
    outer loop
      vertex 11.4759 8.14128 55.9478
      vertex 10.4007 8.07067 56.5593
      vertex 10.3991 8.14128 56.5564
    endloop
  endfacet
  facet normal -0.188206 0.923963 -0.332972
    outer loop
      vertex 10.8518 5.93505 54.7476
      vertex 9.70172 5.908 55.3226
      vertex 9.73385 5.93505 55.3795
    endloop
  endfacet
  facet normal -0.188189 0.923979 -0.332937
    outer loop
      vertex 9.70172 5.908 55.3226
      vertex 10.8518 5.93505 54.7476
      vertex 10.8216 5.908 54.6896
    endloop
  endfacet
  facet normal -0.173824 0.935529 -0.307523
    outer loop
      vertex 10.8216 5.908 54.6896
      vertex 9.66918 5.88302 55.265
      vertex 9.70172 5.908 55.3226
    endloop
  endfacet
  facet normal -0.173919 0.935448 -0.307717
    outer loop
      vertex 9.66918 5.88302 55.265
      vertex 10.8216 5.908 54.6896
      vertex 10.7911 5.88302 54.6309
    endloop
  endfacet
  facet normal -0.270235 0.835652 -0.478183
    outer loop
      vertex 11.0231 6.13907 55.0771
      vertex 9.88739 6.10026 55.6511
      vertex 9.91645 6.13907 55.7025
    endloop
  endfacet
  facet normal -0.269977 0.836042 -0.477646
    outer loop
      vertex 9.88739 6.10026 55.6511
      vertex 11.0231 6.13907 55.0771
      vertex 10.9958 6.10026 55.0246
    endloop
  endfacet
  facet normal 0.481703 0.203642 0.852345
    outer loop
      vertex 9.41897 7.57839 51.9922
      vertex 8.21369 7.50918 52.6899
      vertex 9.42558 7.50918 52.005
    endloop
  endfacet
  facet normal 0.481966 0.201855 0.852622
    outer loop
      vertex 8.21369 7.50918 52.6899
      vertex 9.41897 7.57839 51.9922
      vertex 8.20664 7.57839 52.6775
    endloop
  endfacet
  facet normal 0.342406 0.718163 0.605805
    outer loop
      vertex 9.72822 6.35982 52.587
      vertex 8.5113 6.40901 53.2165
      vertex 8.53627 6.35982 53.2607
    endloop
  endfacet
  facet normal 0.342328 0.718339 0.60564
    outer loop
      vertex 8.5113 6.40901 53.2165
      vertex 9.72822 6.35982 52.587
      vertex 9.70479 6.40901 52.5419
    endloop
  endfacet
  facet normal -0.230182 0.883846 -0.407224
    outer loop
      vertex 10.9396 6.02831 54.9166
      vertex 9.79678 5.99524 55.4908
      vertex 9.82752 6.02831 55.5452
    endloop
  endfacet
  facet normal -0.230175 0.883856 -0.407209
    outer loop
      vertex 9.79678 5.99524 55.4908
      vertex 10.9396 6.02831 54.9166
      vertex 10.9108 5.99524 54.8611
    endloop
  endfacet
  facet normal -0.0077203 0.999877 -0.0136596
    outer loop
      vertex 10.4719 5.75111 54.0171
      vertex 9.29416 5.75 54.6015
      vertex 9.32893 5.75111 54.6631
    endloop
  endfacet
  facet normal -0.00771772 0.999877 -0.0136544
    outer loop
      vertex 9.29416 5.75 54.6015
      vertex 10.4719 5.75111 54.0171
      vertex 10.4392 5.75 53.9543
    endloop
  endfacet
  facet normal -0.144668 0.955797 -0.255974
    outer loop
      vertex 10.7602 5.86012 54.5716
      vertex 9.60303 5.83934 55.148
      vertex 9.63628 5.86012 55.2068
    endloop
  endfacet
  facet normal -0.144604 0.955841 -0.255845
    outer loop
      vertex 9.60303 5.83934 55.148
      vertex 10.7602 5.86012 54.5716
      vertex 10.729 5.83934 54.5116
    endloop
  endfacet
  facet normal -0.4347 0.468448 -0.76915
    outer loop
      vertex 11.3494 6.91605 55.7047
      vertex 10.2806 6.97852 56.3468
      vertex 11.3647 6.97852 55.7341
    endloop
  endfacet
  facet normal -0.434806 0.468113 -0.769294
    outer loop
      vertex 10.2806 6.97852 56.3468
      vertex 11.3494 6.91605 55.7047
      vertex 10.2643 6.91605 56.318
    endloop
  endfacet
  facet normal 0.188207 0.923963 0.332972
    outer loop
      vertex 10.0569 5.908 53.219
      vertex 8.85446 5.93505 53.8236
      vertex 8.88659 5.908 53.8805
    endloop
  endfacet
  facet normal 0.18819 0.923979 0.332936
    outer loop
      vertex 8.85446 5.93505 53.8236
      vertex 10.0569 5.908 53.219
      vertex 10.0267 5.93505 53.161
    endloop
  endfacet
  facet normal -0.216413 0.898099 -0.382862
    outer loop
      vertex 10.9108 5.99524 54.8611
      vertex 9.76555 5.96414 55.4355
      vertex 9.79678 5.99524 55.4908
    endloop
  endfacet
  facet normal -0.216607 0.897882 -0.38326
    outer loop
      vertex 9.76555 5.96414 55.4355
      vertex 10.9108 5.99524 54.8611
      vertex 10.8815 5.96414 54.8048
    endloop
  endfacet
  facet normal -0.448528 -0.411131 -0.793595
    outer loop
      vertex 10.3102 8.89358 56.3992
      vertex 11.3791 8.958 55.7617
      vertex 11.3925 8.89358 55.7875
    endloop
  endfacet
  facet normal -0.448504 -0.411219 -0.793563
    outer loop
      vertex 11.3791 8.958 55.7617
      vertex 10.3102 8.89358 56.3992
      vertex 10.2959 8.958 56.3739
    endloop
  endfacet
  facet normal 0.144815 -0.955718 0.256187
    outer loop
      vertex 8.95203 10.1399 53.9963
      vertex 10.1495 10.1607 53.397
      vertex 8.98528 10.1607 54.0551
    endloop
  endfacet
  facet normal 0.144906 -0.955655 0.25637
    outer loop
      vertex 10.1495 10.1607 53.397
      vertex 8.95203 10.1399 53.9963
      vertex 10.1183 10.1399 53.3371
    endloop
  endfacet
  facet normal -0.114769 0.972417 -0.203062
    outer loop
      vertex 10.6976 5.82069 54.4511
      vertex 9.53567 5.80419 55.0288
      vertex 9.56949 5.82069 55.0887
    endloop
  endfacet
  facet normal -0.114697 0.972456 -0.202916
    outer loop
      vertex 9.53567 5.80419 55.0288
      vertex 10.6976 5.82069 54.4511
      vertex 10.6658 5.80419 54.39
    endloop
  endfacet
  facet normal -0.34237 0.718264 -0.605706
    outer loop
      vertex 11.1737 6.40901 55.3667
      vertex 10.052 6.35982 55.9424
      vertex 10.077 6.40901 55.9866
    endloop
  endfacet
  facet normal -0.342642 0.717642 -0.606289
    outer loop
      vertex 10.052 6.35982 55.9424
      vertex 11.1737 6.40901 55.3667
      vertex 11.1503 6.35982 55.3217
    endloop
  endfacet
  facet normal 0.188504 -0.923713 0.333497
    outer loop
      vertex 8.85446 10.0649 53.8236
      vertex 10.0569 10.092 53.219
      vertex 8.88659 10.092 53.8805
    endloop
  endfacet
  facet normal 0.188487 -0.923729 0.333462
    outer loop
      vertex 10.0569 10.092 53.219
      vertex 8.85446 10.0649 53.8236
      vertex 10.0267 10.0649 53.161
    endloop
  endfacet
  facet normal -0.474742 0.263136 -0.839869
    outer loop
      vertex 11.4367 7.37227 55.8725
      vertex 10.3665 7.44045 56.4988
      vertex 11.4453 7.44045 55.889
    endloop
  endfacet
  facet normal -0.474445 0.26473 -0.839535
    outer loop
      vertex 10.3665 7.44045 56.4988
      vertex 11.4367 7.37227 55.8725
      vertex 10.3573 7.37227 56.4825
    endloop
  endfacet
  facet normal -0.114769 -0.972417 -0.203062
    outer loop
      vertex 9.53567 10.1958 55.0288
      vertex 10.6976 10.1793 54.4511
      vertex 9.56949 10.1793 55.0887
    endloop
  endfacet
  facet normal -0.114697 -0.972456 -0.202916
    outer loop
      vertex 10.6976 10.1793 54.4511
      vertex 9.53567 10.1958 55.0288
      vertex 10.6658 10.1958 54.39
    endloop
  endfacet
  facet normal -0.419418 -0.52286 -0.742095
    outer loop
      vertex 10.2471 9.14534 56.2875
      vertex 11.3162 9.20561 55.6408
      vertex 11.3333 9.14534 55.6736
    endloop
  endfacet
  facet normal -0.41967 -0.522159 -0.742446
    outer loop
      vertex 11.3162 9.20561 55.6408
      vertex 10.2471 9.14534 56.2875
      vertex 10.2289 9.20561 56.2554
    endloop
  endfacet
  facet normal -0.441817 0.440106 -0.781732
    outer loop
      vertex 11.3647 6.97852 55.7341
      vertex 10.2959 7.042 56.3739
      vertex 11.3791 7.042 55.7617
    endloop
  endfacet
  facet normal -0.441791 0.440192 -0.781698
    outer loop
      vertex 10.2959 7.042 56.3739
      vertex 11.3647 6.97852 55.7341
      vertex 10.2806 6.97852 56.3468
    endloop
  endfacet
  facet normal -0.47836 0.233931 -0.846432
    outer loop
      vertex 11.4453 7.44045 55.889
      vertex 10.3746 7.50918 56.5131
      vertex 11.4529 7.50918 55.9037
    endloop
  endfacet
  facet normal -0.478591 0.232564 -0.846678
    outer loop
      vertex 10.3746 7.50918 56.5131
      vertex 11.4453 7.44045 55.889
      vertex 10.3665 7.44045 56.4988
    endloop
  endfacet
  facet normal -0.474742 -0.263136 -0.839869
    outer loop
      vertex 10.3665 8.55955 56.4988
      vertex 11.4367 8.62773 55.8725
      vertex 11.4453 8.55955 55.889
    endloop
  endfacet
  facet normal -0.474445 -0.26473 -0.839535
    outer loop
      vertex 11.4367 8.62773 55.8725
      vertex 10.3665 8.55955 56.4988
      vertex 10.3573 8.62773 56.4825
    endloop
  endfacet
  facet normal -0.084726 0.985064 -0.149904
    outer loop
      vertex 9.5431 35.3478 55.042
      vertex 5.58445 35.3332 57.1835
      vertex 5.62557 35.3478 57.2562
    endloop
  endfacet
  facet normal -0.084648 0.985092 -0.149759
    outer loop
      vertex 5.58445 35.3332 57.1835
      vertex 9.5431 35.3478 55.042
      vertex 9.50199 35.3332 54.9692
    endloop
  endfacet
  facet normal 0.159454 0.946039 0.282106
    outer loop
      vertex 8.88361 35.4321 53.8752
      vertex 4.92659 35.4596 56.0196
      vertex 4.96608 35.4321 56.0895
    endloop
  endfacet
  facet normal 0.159454 0.946039 0.282106
    outer loop
      vertex 4.92659 35.4596 56.0196
      vertex 8.88361 35.4321 53.8752
      vertex 8.84412 35.4596 53.8053
    endloop
  endfacet
  facet normal 0.33125 -0.739473 0.586048
    outer loop
      vertex 4.46716 39.9682 55.2068
      vertex 8.41557 40.0253 53.0471
      vertex 4.49803 40.0253 55.2614
    endloop
  endfacet
  facet normal 0.33125 -0.739473 0.586048
    outer loop
      vertex 8.41557 40.0253 53.0471
      vertex 4.46716 39.9682 55.2068
      vertex 8.3847 39.9682 52.9925
    endloop
  endfacet
  facet normal -0.427394 0.495552 -0.75615
    outer loop
      vertex 10.4377 36.6256 56.6247
      vertex 6.54084 36.6993 58.8756
      vertex 10.4584 36.6993 56.6613
    endloop
  endfacet
  facet normal -0.427434 0.49542 -0.756214
    outer loop
      vertex 6.54084 36.6993 58.8756
      vertex 10.4377 36.6256 56.6247
      vertex 6.52017 36.6256 58.839
    endloop
  endfacet
  facet normal 0.48471 -0.172056 0.857585
    outer loop
      vertex 4.0716 38.5059 54.5069
      vertex 7.98196 38.4224 52.28
      vertex 7.98913 38.5059 52.2927
    endloop
  endfacet
  facet normal 0.48471 -0.172056 0.857585
    outer loop
      vertex 7.98196 38.4224 52.28
      vertex 4.0716 38.5059 54.5069
      vertex 4.06443 38.4224 54.4942
    endloop
  endfacet
  facet normal 0.283078 -0.817937 0.500845
    outer loop
      vertex 4.59572 40.1843 55.4342
      vertex 8.5474 40.2331 53.2804
      vertex 4.62986 40.2331 55.4946
    endloop
  endfacet
  facet normal 0.282838 -0.818295 0.500395
    outer loop
      vertex 8.5474 40.2331 53.2804
      vertex 4.59572 40.1843 55.4342
      vertex 8.51325 40.1843 53.2199
    endloop
  endfacet
  facet normal 0.129842 0.964558 0.229715
    outer loop
      vertex 8.96376 35.3848 54.017
      vertex 5.00597 35.4072 56.16
      vertex 5.04623 35.3848 56.2313
    endloop
  endfacet
  facet normal 0.129966 0.964487 0.229945
    outer loop
      vertex 5.00597 35.4072 56.16
      vertex 8.96376 35.3848 54.017
      vertex 8.9235 35.4072 53.9458
    endloop
  endfacet
  facet normal -0.465611 -0.323457 -0.823761
    outer loop
      vertex 6.64015 38.8343 59.0513
      vertex 10.5442 38.9146 56.8131
      vertex 10.5577 38.8343 56.837
    endloop
  endfacet
  facet normal -0.465592 -0.323561 -0.823731
    outer loop
      vertex 10.5442 38.9146 56.8131
      vertex 6.64015 38.8343 59.0513
      vertex 6.62663 38.9146 59.0274
    endloop
  endfacet
  facet normal 0.419702 0.522009 0.742534
    outer loop
      vertex 8.15061 36.6256 52.5784
      vertex 4.25489 36.5533 54.8312
      vertex 8.17242 36.5533 52.6169
    endloop
  endfacet
  facet normal 0.419462 0.522756 0.742144
    outer loop
      vertex 4.25489 36.5533 54.8312
      vertex 8.15061 36.6256 52.5784
      vertex 4.23308 36.6256 54.7926
    endloop
  endfacet
  facet normal 0.374073 0.649677 0.661808
    outer loop
      vertex 8.27049 36.279 52.7904
      vertex 4.38006 36.2145 55.0527
      vertex 8.29759 36.2145 52.8384
    endloop
  endfacet
  facet normal 0.374058 0.64971 0.661783
    outer loop
      vertex 4.38006 36.2145 55.0527
      vertex 8.27049 36.279 52.7904
      vertex 4.35295 36.279 55.0047
    endloop
  endfacet
  facet normal 0.307604 0.780504 0.544237
    outer loop
      vertex 8.47988 35.8666 53.1609
      vertex 4.52977 35.9196 55.3175
      vertex 4.56234 35.8666 55.3751
    endloop
  endfacet
  facet normal 0.30759 0.780526 0.544212
    outer loop
      vertex 4.52977 35.9196 55.3175
      vertex 8.47988 35.8666 53.1609
      vertex 8.4473 35.9196 53.1033
    endloop
  endfacet
  facet normal 0.474585 0.264044 0.839672
    outer loop
      vertex 8.00734 37.3285 52.3249
      vertex 4.10082 37.2467 54.5586
      vertex 8.01835 37.2467 52.3444
    endloop
  endfacet
  facet normal 0.474585 0.264044 0.839672
    outer loop
      vertex 4.10082 37.2467 54.5586
      vertex 8.00734 37.3285 52.3249
      vertex 4.08981 37.3285 54.5391
    endloop
  endfacet
  facet normal -0.49054 0.0786335 -0.867864
    outer loop
      vertex 10.6168 37.7459 56.9416
      vertex 6.70256 37.8305 59.1617
      vertex 10.6201 37.8305 56.9474
    endloop
  endfacet
  facet normal -0.490546 0.0785182 -0.86787
    outer loop
      vertex 6.70256 37.8305 59.1617
      vertex 10.6168 37.7459 56.9416
      vertex 6.69928 37.7459 59.1559
    endloop
  endfacet
  facet normal -0.393209 0.601158 -0.695698
    outer loop
      vertex 10.3439 36.3452 56.4588
      vertex 6.45145 36.413 58.7174
      vertex 10.369 36.413 56.5032
    endloop
  endfacet
  facet normal -0.393523 0.600354 -0.696215
    outer loop
      vertex 6.45145 36.413 58.7174
      vertex 10.3439 36.3452 56.4588
      vertex 6.42639 36.3452 58.6731
    endloop
  endfacet
  facet normal 0.487145 0.140811 0.861894
    outer loop
      vertex 7.97608 37.6616 52.2696
      vertex 4.06443 37.5776 54.4942
      vertex 7.98196 37.5776 52.28
    endloop
  endfacet
  facet normal 0.48714 0.140868 0.861888
    outer loop
      vertex 4.06443 37.5776 54.4942
      vertex 7.97608 37.6616 52.2696
      vertex 4.05854 37.6616 54.4838
    endloop
  endfacet
  facet normal 0.478391 -0.233968 0.846405
    outer loop
      vertex 4.08981 38.6715 54.5391
      vertex 7.9976 38.589 52.3076
      vertex 8.00734 38.6715 52.3249
    endloop
  endfacet
  facet normal 0.478514 -0.233052 0.846588
    outer loop
      vertex 7.9976 38.589 52.3076
      vertex 4.08981 38.6715 54.5391
      vertex 4.08006 38.589 54.5219
    endloop
  endfacet
  facet normal -0.053951 -0.993971 -0.0954502
    outer loop
      vertex 5.50165 40.688 57.037
      vertex 9.46067 40.6787 54.8961
      vertex 5.54313 40.6787 57.1104
    endloop
  endfacet
  facet normal -0.053948 -0.993972 -0.0954446
    outer loop
      vertex 9.46067 40.6787 54.8961
      vertex 5.50165 40.688 57.037
      vertex 9.41918 40.688 54.8227
    endloop
  endfacet
  facet normal -0.0690441 -0.990107 -0.122153
    outer loop
      vertex 5.54313 40.6787 57.1104
      vertex 9.50199 40.6668 54.9692
      vertex 5.58445 40.6668 57.1835
    endloop
  endfacet
  facet normal -0.0690441 -0.990107 -0.122153
    outer loop
      vertex 9.50199 40.6668 54.9692
      vertex 5.54313 40.6787 57.1104
      vertex 9.46067 40.6787 54.8961
    endloop
  endfacet
  facet normal 0.243761 -0.868664 0.431281
    outer loop
      vertex 4.70033 40.324 55.6193
      vertex 8.65412 40.366 53.4692
      vertex 4.73659 40.366 55.6834
    endloop
  endfacet
  facet normal 0.243564 -0.868902 0.430914
    outer loop
      vertex 8.65412 40.366 53.4692
      vertex 4.70033 40.324 55.6193
      vertex 8.61787 40.324 53.405
    endloop
  endfacet
  facet normal -0.084726 -0.985064 -0.149904
    outer loop
      vertex 5.58445 40.6668 57.1835
      vertex 9.5431 40.6522 55.042
      vertex 5.62557 40.6522 57.2562
    endloop
  endfacet
  facet normal -0.084648 -0.985092 -0.149759
    outer loop
      vertex 9.5431 40.6522 55.042
      vertex 5.58445 40.6668 57.1835
      vertex 9.50199 40.6668 54.9692
    endloop
  endfacet
  facet normal 0.489076 -0.109715 0.865313
    outer loop
      vertex 4.05854 38.3384 54.4838
      vertex 7.9715 38.2541 52.2615
      vertex 7.97608 38.3384 52.2696
    endloop
  endfacet
  facet normal 0.489076 -0.109715 0.865313
    outer loop
      vertex 7.9715 38.2541 52.2615
      vertex 4.05854 38.3384 54.4838
      vertex 4.05396 38.2541 54.4757
    endloop
  endfacet
  facet normal -0.188543 -0.923679 -0.333569
    outer loop
      vertex 5.8657 40.5104 57.6811
      vertex 9.82179 40.4779 55.535
      vertex 5.90426 40.4779 57.7493
    endloop
  endfacet
  facet normal -0.188543 -0.923679 -0.333569
    outer loop
      vertex 9.82179 40.4779 55.535
      vertex 5.8657 40.5104 57.6811
      vertex 9.78323 40.5104 55.4668
    endloop
  endfacet
  facet normal 0.48471 0.172056 0.857585
    outer loop
      vertex 7.98196 37.5776 52.28
      vertex 4.0716 37.4941 54.5069
      vertex 7.98913 37.4941 52.2927
    endloop
  endfacet
  facet normal 0.48471 0.172056 0.857585
    outer loop
      vertex 4.0716 37.4941 54.5069
      vertex 7.98196 37.5776 52.28
      vertex 4.06443 37.5776 54.4942
    endloop
  endfacet
  facet normal -0.374324 0.649083 -0.662248
    outer loop
      vertex 10.2907 36.2145 56.3647
      vertex 6.40029 36.279 58.6269
      vertex 10.3178 36.279 56.4126
    endloop
  endfacet
  facet normal -0.374061 0.649677 -0.661814
    outer loop
      vertex 6.40029 36.279 58.6269
      vertex 10.2907 36.2145 56.3647
      vertex 6.37319 36.2145 58.5789
    endloop
  endfacet
  facet normal 0.490528 0.0785182 0.867881
    outer loop
      vertex 7.96822 37.8305 52.2557
      vertex 4.05396 37.7459 54.4757
      vertex 7.9715 37.7459 52.2615
    endloop
  endfacet
  facet normal 0.490531 0.0784606 0.867884
    outer loop
      vertex 4.05396 37.7459 54.4757
      vertex 7.96822 37.8305 52.2557
      vertex 4.05069 37.8305 54.4699
    endloop
  endfacet
  facet normal 0.470271 0.2942 0.832041
    outer loop
      vertex 8.01835 37.2467 52.3444
      vertex 4.11309 37.1657 54.5803
      vertex 8.03063 37.1657 52.3661
    endloop
  endfacet
  facet normal 0.47028 0.294147 0.832054
    outer loop
      vertex 4.11309 37.1657 54.5803
      vertex 8.01835 37.2467 52.3444
      vertex 4.10082 37.2467 54.5586
    endloop
  endfacet
  facet normal 0.448444 -0.411626 0.793386
    outer loop
      vertex 4.17451 39.1496 54.689
      vertex 8.07487 39.0723 52.4443
      vertex 8.09204 39.1496 52.4747
    endloop
  endfacet
  facet normal 0.448444 -0.411626 0.793386
    outer loop
      vertex 8.07487 39.0723 52.4443
      vertex 4.17451 39.1496 54.689
      vertex 4.15734 39.0723 54.6586
    endloop
  endfacet
  facet normal 0.490528 -0.0785182 0.867881
    outer loop
      vertex 4.05396 38.2541 54.4757
      vertex 7.96822 38.1695 52.2557
      vertex 7.9715 38.2541 52.2615
    endloop
  endfacet
  facet normal 0.490531 -0.0784606 0.867884
    outer loop
      vertex 7.96822 38.1695 52.2557
      vertex 4.05396 38.2541 54.4757
      vertex 4.05069 38.1695 54.4699
    endloop
  endfacet
  facet normal -0.470268 -0.294306 -0.832005
    outer loop
      vertex 6.65243 38.7533 59.073
      vertex 10.5577 38.8343 56.837
      vertex 10.57 38.7533 56.8587
    endloop
  endfacet
  facet normal -0.470286 -0.2942 -0.832032
    outer loop
      vertex 10.5577 38.8343 56.837
      vertex 6.65243 38.7533 59.073
      vertex 6.64015 38.8343 59.0513
    endloop
  endfacet
  facet normal 0.411137 0.549396 0.727414
    outer loop
      vertex 8.17242 36.5533 52.6169
      vertex 4.2778 36.4824 54.8717
      vertex 8.19533 36.4824 52.6575
    endloop
  endfacet
  facet normal 0.411382 0.548679 0.727816
    outer loop
      vertex 4.2778 36.4824 54.8717
      vertex 8.17242 36.5533 52.6169
      vertex 4.25489 36.5533 54.8312
    endloop
  endfacet
  facet normal 0.491983 -0.0161469 0.870455
    outer loop
      vertex 4.04872 38.0848 54.4664
      vertex 7.9656 38 52.251
      vertex 7.96626 38.0848 52.2522
    endloop
  endfacet
  facet normal 0.492009 -0.0150626 0.87046
    outer loop
      vertex 7.9656 38 52.251
      vertex 4.04872 38.0848 54.4664
      vertex 4.04807 38 54.4653
    endloop
  endfacet
  facet normal 0.173984 -0.935404 0.307812
    outer loop
      vertex 4.88755 40.5104 55.9505
      vertex 8.84412 40.5404 53.8053
      vertex 4.92659 40.5404 56.0196
    endloop
  endfacet
  facet normal 0.174145 -0.935276 0.308111
    outer loop
      vertex 8.84412 40.5404 53.8053
      vertex 4.88755 40.5104 55.9505
      vertex 8.80508 40.5104 53.7363
    endloop
  endfacet
  facet normal 0.411137 -0.549396 0.727414
    outer loop
      vertex 4.2778 39.5176 54.8717
      vertex 8.17242 39.4467 52.6169
      vertex 8.19533 39.5176 52.6575
    endloop
  endfacet
  facet normal 0.411382 -0.548679 0.727816
    outer loop
      vertex 8.17242 39.4467 52.6169
      vertex 4.2778 39.5176 54.8717
      vertex 4.25489 39.4467 54.8312
    endloop
  endfacet
  facet normal -0.307601 0.780526 -0.544206
    outer loop
      vertex 10.141 35.9196 56.0998
      vertex 6.1909 35.8666 58.2565
      vertex 6.22348 35.9196 58.3141
    endloop
  endfacet
  facet normal -0.307575 0.780572 -0.544156
    outer loop
      vertex 6.1909 35.8666 58.2565
      vertex 10.141 35.9196 56.0998
      vertex 10.1084 35.8666 56.0422
    endloop
  endfacet
  facet normal -0.159457 -0.946033 -0.282125
    outer loop
      vertex 5.78717 40.5679 57.5421
      vertex 9.74419 40.5404 55.3978
      vertex 5.82665 40.5404 57.612
    endloop
  endfacet
  facet normal -0.159449 -0.946039 -0.282109
    outer loop
      vertex 9.74419 40.5404 55.3978
      vertex 5.78717 40.5679 57.5421
      vertex 9.7047 40.5679 55.3279
    endloop
  endfacet
  facet normal -0.49054 -0.0786335 -0.867864
    outer loop
      vertex 6.70256 38.1695 59.1617
      vertex 10.6168 38.2541 56.9416
      vertex 10.6201 38.1695 56.9474
    endloop
  endfacet
  facet normal -0.490546 -0.0785182 -0.86787
    outer loop
      vertex 10.6168 38.2541 56.9416
      vertex 6.70256 38.1695 59.1617
      vertex 6.69928 38.2541 59.1559
    endloop
  endfacet
  facet normal 0.256943 0.852839 0.454583
    outer loop
      vertex 8.61787 35.676 53.405
      vertex 4.66475 35.7203 55.5563
      vertex 4.70033 35.676 55.6193
    endloop
  endfacet
  facet normal 0.257147 0.852575 0.454964
    outer loop
      vertex 4.66475 35.7203 55.5563
      vertex 8.61787 35.676 53.405
      vertex 8.58228 35.7203 53.3421
    endloop
  endfacet
  facet normal -0.489089 0.10983 -0.865292
    outer loop
      vertex 10.6122 37.6616 56.9335
      vertex 6.69928 37.7459 59.1559
      vertex 10.6168 37.7459 56.9416
    endloop
  endfacet
  facet normal -0.489097 0.109715 -0.865302
    outer loop
      vertex 6.69928 37.7459 59.1559
      vertex 10.6122 37.6616 56.9335
      vertex 6.6947 37.6616 59.1478
    endloop
  endfacet
  facet normal 0.491497 -0.0473071 0.869593
    outer loop
      vertex 4.05069 38.1695 54.4699
      vertex 7.96626 38.0848 52.2522
      vertex 7.96822 38.1695 52.2557
    endloop
  endfacet
  facet normal 0.491495 -0.047365 0.869592
    outer loop
      vertex 7.96626 38.0848 52.2522
      vertex 4.05069 38.1695 54.4699
      vertex 4.04872 38.0848 54.4664
    endloop
  endfacet
  facet normal -0.00754397 0.999882 -0.0133474
    outer loop
      vertex 9.33589 35.3013 54.6754
      vertex 5.37662 35.3 56.8158
      vertex 5.41835 35.3013 56.8896
    endloop
  endfacet
  facet normal -0.00753649 0.999883 -0.0133336
    outer loop
      vertex 5.37662 35.3 56.8158
      vertex 9.33589 35.3013 54.6754
      vertex 9.29416 35.3 54.6015
    endloop
  endfacet
  facet normal 0.474585 -0.264044 0.839672
    outer loop
      vertex 4.10082 38.7533 54.5586
      vertex 8.00734 38.6715 52.3249
      vertex 8.01835 38.7533 52.3444
    endloop
  endfacet
  facet normal 0.474585 -0.264044 0.839672
    outer loop
      vertex 8.00734 38.6715 52.3249
      vertex 4.10082 38.7533 54.5586
      vertex 4.08981 38.6715 54.5391
    endloop
  endfacet
  facet normal 0.319724 -0.760121 0.565679
    outer loop
      vertex 4.49803 40.0253 55.2614
      vertex 8.4473 40.0804 53.1033
      vertex 4.52977 40.0804 55.3175
    endloop
  endfacet
  facet normal 0.319499 -0.760529 0.565257
    outer loop
      vertex 8.4473 40.0804 53.1033
      vertex 4.49803 40.0253 55.2614
      vertex 8.41557 40.0253 53.0471
    endloop
  endfacet
  facet normal -0.402727 0.57458 -0.712509
    outer loop
      vertex 10.369 36.413 56.5032
      vertex 6.47544 36.4824 58.7599
      vertex 10.393 36.4824 56.5456
    endloop
  endfacet
  facet normal -0.40249 0.575228 -0.71212
    outer loop
      vertex 6.47544 36.4824 58.7599
      vertex 10.369 36.413 56.5032
      vertex 6.45145 36.413 58.7174
    endloop
  endfacet
  facet normal -0.283073 0.817956 -0.500817
    outer loop
      vertex 10.0751 35.8157 55.9831
      vertex 6.12338 35.7669 58.137
      vertex 6.15753 35.8157 58.1974
    endloop
  endfacet
  facet normal -0.283009 0.818052 -0.500696
    outer loop
      vertex 6.12338 35.7669 58.137
      vertex 10.0751 35.8157 55.9831
      vertex 10.0409 35.7669 55.9227
    endloop
  endfacet
  facet normal 0.454744 0.382016 0.804532
    outer loop
      vertex 8.0589 37.0061 52.4161
      vertex 4.15734 36.9277 54.6586
      vertex 8.07487 36.9277 52.4443
    endloop
  endfacet
  facet normal 0.454539 0.382941 0.804208
    outer loop
      vertex 4.15734 36.9277 54.6586
      vertex 8.0589 37.0061 52.4161
      vertex 4.14136 37.0061 54.6303
    endloop
  endfacet
  facet normal 0.384193 0.624808 0.679714
    outer loop
      vertex 8.24439 36.3452 52.7443
      vertex 4.35295 36.279 55.0047
      vertex 8.27049 36.279 52.7904
    endloop
  endfacet
  facet normal 0.383948 0.625398 0.67931
    outer loop
      vertex 4.35295 36.279 55.0047
      vertex 8.24439 36.3452 52.7443
      vertex 4.32686 36.3452 54.9585
    endloop
  endfacet
  facet normal -0.31974 -0.760096 -0.565703
    outer loop
      vertex 6.22348 40.0804 58.3141
      vertex 10.1727 40.0253 56.156
      vertex 6.25521 40.0253 58.3702
    endloop
  endfacet
  facet normal -0.319542 -0.760456 -0.565331
    outer loop
      vertex 10.1727 40.0253 56.156
      vertex 6.22348 40.0804 58.3141
      vertex 10.141 40.0804 56.0998
    endloop
  endfacet
  facet normal 0.353294 0.696035 0.625075
    outer loop
      vertex 8.35473 36.0908 52.9395
      vertex 4.40815 36.1517 55.1023
      vertex 4.43719 36.0908 55.1537
    endloop
  endfacet
  facet normal 0.35328 0.696065 0.62505
    outer loop
      vertex 4.40815 36.1517 55.1023
      vertex 8.35473 36.0908 52.9395
      vertex 8.32568 36.1517 52.8881
    endloop
  endfacet
  facet normal -0.173975 -0.935412 -0.307795
    outer loop
      vertex 5.82665 40.5404 57.612
      vertex 9.78323 40.5104 55.4668
      vertex 5.8657 40.5104 57.6811
    endloop
  endfacet
  facet normal -0.174145 -0.935276 -0.308111
    outer loop
      vertex 9.78323 40.5104 55.4668
      vertex 5.82665 40.5404 57.612
      vertex 9.74419 40.5404 55.3978
    endloop
  endfacet
  facet normal 0.342171 -0.718643 0.605369
    outer loop
      vertex 4.43719 39.9092 55.1537
      vertex 8.3847 39.9682 52.9925
      vertex 4.46716 39.9682 55.2068
    endloop
  endfacet
  facet normal 0.342412 -0.718146 0.605822
    outer loop
      vertex 8.3847 39.9682 52.9925
      vertex 4.43719 39.9092 55.1537
      vertex 8.35473 39.9092 52.9395
    endloop
  endfacet
  facet normal 0.295215 -0.800036 0.522293
    outer loop
      vertex 4.56234 40.1334 55.3751
      vertex 8.51325 40.1843 53.2199
      vertex 4.59572 40.1843 55.4342
    endloop
  endfacet
  facet normal 0.295461 -0.799645 0.522753
    outer loop
      vertex 8.51325 40.1843 53.2199
      vertex 4.56234 40.1334 55.3751
      vertex 8.47988 40.1334 53.1609
    endloop
  endfacet
  facet normal 0.202466 -0.911427 0.358202
    outer loop
      vertex 4.81095 40.443 55.815
      vertex 8.76652 40.4779 53.668
      vertex 4.84899 40.4779 55.8823
    endloop
  endfacet
  facet normal 0.202476 -0.911417 0.358221
    outer loop
      vertex 8.76652 40.4779 53.668
      vertex 4.81095 40.443 55.815
      vertex 8.72849 40.443 53.6007
    endloop
  endfacet
  facet normal -0.129842 0.964558 -0.229715
    outer loop
      vertex 9.66481 35.4072 55.2573
      vertex 5.70702 35.3848 57.4003
      vertex 5.74728 35.4072 57.4716
    endloop
  endfacet
  facet normal -0.129966 0.964487 -0.229945
    outer loop
      vertex 5.70702 35.3848 57.4003
      vertex 9.66481 35.4072 55.2573
      vertex 9.62455 35.3848 55.1861
    endloop
  endfacet
  facet normal -0.383949 0.625433 -0.679277
    outer loop
      vertex 10.3178 36.279 56.4126
      vertex 6.42639 36.3452 58.6731
      vertex 10.3439 36.3452 56.4588
    endloop
  endfacet
  facet normal -0.383949 0.625433 -0.679277
    outer loop
      vertex 6.42639 36.3452 58.6731
      vertex 10.3178 36.279 56.4126
      vertex 6.40029 36.279 58.6269
    endloop
  endfacet
  facet normal 0.230217 0.883803 0.407299
    outer loop
      vertex 8.691 35.5943 53.5344
      vertex 4.73659 35.634 55.6834
      vertex 4.77347 35.5943 55.7487
    endloop
  endfacet
  facet normal 0.230418 0.883578 0.407673
    outer loop
      vertex 4.73659 35.634 55.6834
      vertex 8.691 35.5943 53.5344
      vertex 8.65412 35.634 53.4692
    endloop
  endfacet
  facet normal 0.216428 -0.898077 0.382904
    outer loop
      vertex 4.77347 40.4057 55.7487
      vertex 8.72849 40.443 53.6007
      vertex 4.81095 40.443 55.815
    endloop
  endfacet
  facet normal 0.216417 -0.898089 0.382884
    outer loop
      vertex 8.72849 40.443 53.6007
      vertex 4.77347 40.4057 55.7487
      vertex 8.691 40.4057 53.5344
    endloop
  endfacet
  facet normal -0.454537 -0.38304 -0.804162
    outer loop
      vertex 6.61188 38.9939 59.0013
      vertex 10.5134 39.0723 56.7587
      vertex 10.5294 38.9939 56.787
    endloop
  endfacet
  facet normal -0.454569 -0.382892 -0.804214
    outer loop
      vertex 10.5134 39.0723 56.7587
      vertex 6.61188 38.9939 59.0013
      vertex 6.59591 39.0723 58.973
    endloop
  endfacet
  facet normal 0.441893 0.439915 0.781796
    outer loop
      vertex 8.09204 36.8504 52.4747
      vertex 4.19287 36.7742 54.7215
      vertex 8.1104 36.7742 52.5072
    endloop
  endfacet
  facet normal 0.441893 0.439915 0.781796
    outer loop
      vertex 4.19287 36.7742 54.7215
      vertex 8.09204 36.8504 52.4747
      vertex 4.17451 36.8504 54.689
    endloop
  endfacet
  facet normal 0.216428 0.898077 0.382904
    outer loop
      vertex 8.72849 35.557 53.6007
      vertex 4.77347 35.5943 55.7487
      vertex 4.81095 35.557 55.815
    endloop
  endfacet
  facet normal 0.216417 0.898089 0.382884
    outer loop
      vertex 4.77347 35.5943 55.7487
      vertex 8.72849 35.557 53.6007
      vertex 8.691 35.5943 53.5344
    endloop
  endfacet
  facet normal 0.307604 -0.780504 0.544237
    outer loop
      vertex 4.52977 40.0804 55.3175
      vertex 8.47988 40.1334 53.1609
      vertex 4.56234 40.1334 55.3751
    endloop
  endfacet
  facet normal 0.30759 -0.780526 0.544212
    outer loop
      vertex 8.47988 40.1334 53.1609
      vertex 4.52977 40.0804 55.3175
      vertex 8.4473 40.0804 53.1033
    endloop
  endfacet
  facet normal -0.159457 0.946033 -0.282125
    outer loop
      vertex 9.74419 35.4596 55.3978
      vertex 5.78717 35.4321 57.5421
      vertex 5.82665 35.4596 57.612
    endloop
  endfacet
  facet normal -0.159449 0.946039 -0.282109
    outer loop
      vertex 5.78717 35.4321 57.5421
      vertex 9.74419 35.4596 55.3978
      vertex 9.7047 35.4321 55.3279
    endloop
  endfacet
  facet normal -0.31974 0.760096 -0.565703
    outer loop
      vertex 10.1727 35.9747 56.156
      vertex 6.22348 35.9196 58.3141
      vertex 6.25521 35.9747 58.3702
    endloop
  endfacet
  facet normal -0.319542 0.760456 -0.565331
    outer loop
      vertex 6.22348 35.9196 58.3141
      vertex 10.1727 35.9747 56.156
      vertex 10.141 35.9196 56.0998
    endloop
  endfacet
  facet normal 0.489076 0.109715 0.865313
    outer loop
      vertex 7.9715 37.7459 52.2615
      vertex 4.05854 37.6616 54.4838
      vertex 7.97608 37.6616 52.2696
    endloop
  endfacet
  facet normal 0.489076 0.109715 0.865313
    outer loop
      vertex 4.05854 37.6616 54.4838
      vertex 7.9715 37.7459 52.2615
      vertex 4.05396 37.7459 54.4757
    endloop
  endfacet
  facet normal 0.393265 0.60101 0.695794
    outer loop
      vertex 8.21933 36.413 52.6999
      vertex 4.32686 36.3452 54.9585
      vertex 8.24439 36.3452 52.7443
    endloop
  endfacet
  facet normal 0.393521 0.600354 0.696216
    outer loop
      vertex 4.32686 36.3452 54.9585
      vertex 8.21933 36.413 52.6999
      vertex 4.3018 36.413 54.9142
    endloop
  endfacet
  facet normal -0.484707 -0.172225 -0.857553
    outer loop
      vertex 6.68882 38.4224 59.1374
      vertex 10.5992 38.5059 56.9104
      vertex 10.6064 38.4224 56.9231
    endloop
  endfacet
  facet normal -0.484719 -0.172113 -0.857569
    outer loop
      vertex 10.5992 38.5059 56.9104
      vertex 6.68882 38.4224 59.1374
      vertex 6.68164 38.5059 59.1247
    endloop
  endfacet
  facet normal 0.460245 0.353676 0.814302
    outer loop
      vertex 8.04414 37.0854 52.39
      vertex 4.14136 37.0061 54.6303
      vertex 8.0589 37.0061 52.4161
    endloop
  endfacet
  facet normal 0.460255 0.353625 0.814318
    outer loop
      vertex 4.14136 37.0061 54.6303
      vertex 8.04414 37.0854 52.39
      vertex 4.12661 37.0854 54.6042
    endloop
  endfacet
  facet normal 0.40273 -0.57458 0.712508
    outer loop
      vertex 4.3018 39.587 54.9142
      vertex 8.19533 39.5176 52.6575
      vertex 8.21933 39.587 52.6999
    endloop
  endfacet
  facet normal 0.402478 -0.575267 0.712095
    outer loop
      vertex 8.19533 39.5176 52.6575
      vertex 4.3018 39.587 54.9142
      vertex 4.2778 39.5176 54.8717
    endloop
  endfacet
  facet normal 0.0690442 -0.990107 0.122153
    outer loop
      vertex 5.16879 40.6668 56.4481
      vertex 9.12764 40.6787 54.3069
      vertex 5.21011 40.6787 56.5212
    endloop
  endfacet
  facet normal 0.0690442 -0.990107 0.122153
    outer loop
      vertex 9.12764 40.6787 54.3069
      vertex 5.16879 40.6668 56.4481
      vertex 9.08632 40.6668 54.2338
    endloop
  endfacet
  facet normal 0.427407 -0.495464 0.7562
    outer loop
      vertex 4.23308 39.3744 54.7926
      vertex 8.12993 39.3007 52.5418
      vertex 8.15061 39.3744 52.5784
    endloop
  endfacet
  facet normal 0.427407 -0.495464 0.7562
    outer loop
      vertex 8.12993 39.3007 52.5418
      vertex 4.23308 39.3744 54.7926
      vertex 4.2124 39.3007 54.756
    endloop
  endfacet
  facet normal 0.00754423 0.999882 0.0133472
    outer loop
      vertex 9.29416 35.3 54.6015
      vertex 5.33489 35.3013 56.742
      vertex 5.37662 35.3 56.8158
    endloop
  endfacet
  facet normal 0.00754423 0.999882 0.0133472
    outer loop
      vertex 5.33489 35.3013 56.742
      vertex 9.29416 35.3 54.6015
      vertex 9.25243 35.3013 54.5277
    endloop
  endfacet
  facet normal -0.353294 -0.696065 -0.625042
    outer loop
      vertex 6.31605 39.9092 58.4779
      vertex 10.2626 39.8483 56.315
      vertex 6.3451 39.8483 58.5293
    endloop
  endfacet
  facet normal -0.353362 -0.695915 -0.62517
    outer loop
      vertex 10.2626 39.8483 56.315
      vertex 6.31605 39.9092 58.4779
      vertex 10.2336 39.9092 56.2636
    endloop
  endfacet
  facet normal 0.0690442 0.990107 0.122153
    outer loop
      vertex 9.12764 35.3213 54.3069
      vertex 5.16879 35.3332 56.4481
      vertex 5.21011 35.3213 56.5212
    endloop
  endfacet
  facet normal 0.0690442 0.990107 0.122153
    outer loop
      vertex 5.16879 35.3332 56.4481
      vertex 9.12764 35.3213 54.3069
      vertex 9.08632 35.3332 54.2338
    endloop
  endfacet
  facet normal -0.491504 -0.0475387 -0.869577
    outer loop
      vertex 6.70452 38.0848 59.1652
      vertex 10.6201 38.1695 56.9474
      vertex 10.6221 38.0848 56.9509
    endloop
  endfacet
  facet normal -0.491513 -0.0473071 -0.869585
    outer loop
      vertex 10.6201 38.1695 56.9474
      vertex 6.70452 38.0848 59.1652
      vertex 6.70256 38.1695 59.1617
    endloop
  endfacet
  facet normal 0.0997886 0.979221 0.176546
    outer loop
      vertex 9.04521 35.3478 54.1611
      vertex 5.08681 35.365 56.3031
      vertex 5.12768 35.3478 56.3754
    endloop
  endfacet
  facet normal 0.0997886 0.979221 0.176546
    outer loop
      vertex 5.08681 35.365 56.3031
      vertex 9.04521 35.3478 54.1611
      vertex 9.00434 35.365 54.0888
    endloop
  endfacet
  facet normal 0.491983 0.0161469 0.870455
    outer loop
      vertex 7.9656 38 52.251
      vertex 4.04872 37.9152 54.4664
      vertex 7.96626 37.9152 52.2522
    endloop
  endfacet
  facet normal 0.492009 0.0150626 0.87046
    outer loop
      vertex 4.04872 37.9152 54.4664
      vertex 7.9656 38 52.251
      vertex 4.04807 38 54.4653
    endloop
  endfacet
  facet normal -0.216421 0.898077 -0.382909
    outer loop
      vertex 9.89731 35.5943 55.6687
      vertex 5.94229 35.557 57.8166
      vertex 5.97977 35.5943 57.8829
    endloop
  endfacet
  facet normal -0.216229 0.898276 -0.382552
    outer loop
      vertex 5.94229 35.557 57.8166
      vertex 9.89731 35.5943 55.6687
      vertex 9.85983 35.557 55.6023
    endloop
  endfacet
  facet normal -0.0388718 -0.996875 -0.0687718
    outer loop
      vertex 5.46004 40.6947 56.9634
      vertex 9.41918 40.688 54.8227
      vertex 5.50165 40.688 57.037
    endloop
  endfacet
  facet normal -0.038874 -0.996874 -0.0687758
    outer loop
      vertex 9.41918 40.688 54.8227
      vertex 5.46004 40.6947 56.9634
      vertex 9.37758 40.6947 54.7491
    endloop
  endfacet
  facet normal 0.481921 -0.201995 0.852614
    outer loop
      vertex 4.08006 38.589 54.5219
      vertex 7.98913 38.5059 52.2927
      vertex 7.9976 38.589 52.3076
    endloop
  endfacet
  facet normal 0.481811 -0.202924 0.852456
    outer loop
      vertex 7.98913 38.5059 52.2927
      vertex 4.08006 38.589 54.5219
      vertex 4.0716 38.5059 54.5069
    endloop
  endfacet
  facet normal -0.144577 -0.955858 -0.255797
    outer loop
      vertex 5.74728 40.5928 57.4716
      vertex 9.7047 40.5679 55.3279
      vertex 5.78717 40.5679 57.5421
    endloop
  endfacet
  facet normal -0.14444 -0.955947 -0.255543
    outer loop
      vertex 9.7047 40.5679 55.3279
      vertex 5.74728 40.5928 57.4716
      vertex 9.66481 40.5928 55.2573
    endloop
  endfacet
  facet normal -0.374324 -0.649083 -0.662248
    outer loop
      vertex 6.40029 39.721 58.6269
      vertex 10.2907 39.7855 56.3647
      vertex 10.3178 39.721 56.4126
    endloop
  endfacet
  facet normal -0.374061 -0.649677 -0.661814
    outer loop
      vertex 10.2907 39.7855 56.3647
      vertex 6.40029 39.721 58.6269
      vertex 6.37319 39.7855 58.5789
    endloop
  endfacet
  facet normal -0.364344 -0.672097 -0.644623
    outer loop
      vertex 6.3451 39.8483 58.5293
      vertex 10.2907 39.7855 56.3647
      vertex 6.37319 39.7855 58.5789
    endloop
  endfacet
  facet normal -0.364092 -0.672691 -0.644145
    outer loop
      vertex 10.2907 39.7855 56.3647
      vertex 6.3451 39.8483 58.5293
      vertex 10.2626 39.8483 56.315
    endloop
  endfacet
  facet normal -0.053951 0.993971 -0.0954502
    outer loop
      vertex 9.46067 35.3213 54.8961
      vertex 5.50165 35.312 57.037
      vertex 5.54313 35.3213 57.1104
    endloop
  endfacet
  facet normal -0.053948 0.993972 -0.0954446
    outer loop
      vertex 5.50165 35.312 57.037
      vertex 9.46067 35.3213 54.8961
      vertex 9.41918 35.312 54.8227
    endloop
  endfacet
  facet normal 0.454744 -0.382016 0.804532
    outer loop
      vertex 4.15734 39.0723 54.6586
      vertex 8.0589 38.9939 52.4161
      vertex 8.07487 39.0723 52.4443
    endloop
  endfacet
  facet normal 0.454539 -0.382941 0.804208
    outer loop
      vertex 8.0589 38.9939 52.4161
      vertex 4.15734 39.0723 54.6586
      vertex 4.14136 38.9939 54.6303
    endloop
  endfacet
  facet normal 0.419702 -0.522009 0.742534
    outer loop
      vertex 4.25489 39.4467 54.8312
      vertex 8.15061 39.3744 52.5784
      vertex 8.17242 39.4467 52.6169
    endloop
  endfacet
  facet normal 0.419462 -0.522756 0.742144
    outer loop
      vertex 8.15061 39.3744 52.5784
      vertex 4.25489 39.4467 54.8312
      vertex 4.23308 39.3744 54.7926
    endloop
  endfacet
  facet normal 0.491497 0.0473071 0.869593
    outer loop
      vertex 7.96626 37.9152 52.2522
      vertex 4.05069 37.8305 54.4699
      vertex 7.96822 37.8305 52.2557
    endloop
  endfacet
  facet normal 0.491495 0.047365 0.869592
    outer loop
      vertex 4.05069 37.8305 54.4699
      vertex 7.96626 37.9152 52.2522
      vertex 4.04872 37.9152 54.4664
    endloop
  endfacet
  facet normal -0.353294 0.696065 -0.625042
    outer loop
      vertex 10.2626 36.1517 56.315
      vertex 6.31605 36.0908 58.4779
      vertex 6.3451 36.1517 58.5293
    endloop
  endfacet
  facet normal -0.353362 0.695915 -0.62517
    outer loop
      vertex 6.31605 36.0908 58.4779
      vertex 10.2626 36.1517 56.315
      vertex 10.2336 36.0908 56.2636
    endloop
  endfacet
  facet normal -0.454537 0.38304 -0.804162
    outer loop
      vertex 10.5134 36.9277 56.7587
      vertex 6.61188 37.0061 59.0013
      vertex 10.5294 37.0061 56.787
    endloop
  endfacet
  facet normal -0.454569 0.382892 -0.804214
    outer loop
      vertex 6.61188 37.0061 59.0013
      vertex 10.5134 36.9277 56.7587
      vertex 6.59591 36.9277 58.973
    endloop
  endfacet
  facet normal -0.173975 0.935412 -0.307795
    outer loop
      vertex 9.78323 35.4896 55.4668
      vertex 5.82665 35.4596 57.612
      vertex 5.8657 35.4896 57.6811
    endloop
  endfacet
  facet normal -0.174145 0.935276 -0.308111
    outer loop
      vertex 5.82665 35.4596 57.612
      vertex 9.78323 35.4896 55.4668
      vertex 9.74419 35.4596 55.3978
    endloop
  endfacet
  facet normal 0.441893 -0.439915 0.781796
    outer loop
      vertex 4.19287 39.2258 54.7215
      vertex 8.09204 39.1496 52.4747
      vertex 8.1104 39.2258 52.5072
    endloop
  endfacet
  facet normal 0.441893 -0.439915 0.781796
    outer loop
      vertex 8.09204 39.1496 52.4747
      vertex 4.19287 39.2258 54.7215
      vertex 4.17451 39.1496 54.689
    endloop
  endfacet
  facet normal 0.427407 0.495464 0.7562
    outer loop
      vertex 8.12993 36.6993 52.5418
      vertex 4.23308 36.6256 54.7926
      vertex 8.15061 36.6256 52.5784
    endloop
  endfacet
  facet normal 0.427407 0.495464 0.7562
    outer loop
      vertex 4.23308 36.6256 54.7926
      vertex 8.12993 36.6993 52.5418
      vertex 4.2124 36.6993 54.756
    endloop
  endfacet
  facet normal 0.465588 -0.323509 0.823753
    outer loop
      vertex 4.12661 38.9146 54.6042
      vertex 8.03063 38.8343 52.3661
      vertex 8.04414 38.9146 52.39
    endloop
  endfacet
  facet normal 0.465578 -0.323561 0.823738
    outer loop
      vertex 8.03063 38.8343 52.3661
      vertex 4.12661 38.9146 54.6042
      vertex 4.11309 38.8343 54.5803
    endloop
  endfacet
  facet normal -0.491987 0.0157989 -0.870459
    outer loop
      vertex 10.6221 37.9152 56.9509
      vertex 6.70518 38 59.1663
      vertex 10.6227 38 56.9521
    endloop
  endfacet
  facet normal -0.492004 0.0151206 -0.870462
    outer loop
      vertex 6.70518 38 59.1663
      vertex 10.6221 37.9152 56.9509
      vertex 6.70452 37.9152 59.1652
    endloop
  endfacet
  facet normal 0.053948 -0.993972 0.0954446
    outer loop
      vertex 5.21011 40.6787 56.5212
      vertex 9.16913 40.688 54.3803
      vertex 5.2516 40.688 56.5946
    endloop
  endfacet
  facet normal 0.053948 -0.993972 0.0954446
    outer loop
      vertex 9.16913 40.688 54.3803
      vertex 5.21011 40.6787 56.5212
      vertex 9.12764 40.6787 54.3069
    endloop
  endfacet
  facet normal -0.34217 -0.718643 -0.605369
    outer loop
      vertex 6.28608 39.9682 58.4248
      vertex 10.2336 39.9092 56.2636
      vertex 6.31605 39.9092 58.4779
    endloop
  endfacet
  facet normal -0.34237 -0.718231 -0.605745
    outer loop
      vertex 10.2336 39.9092 56.2636
      vertex 6.28608 39.9682 58.4248
      vertex 10.2036 39.9682 56.2106
    endloop
  endfacet
  facet normal 0.270305 -0.835594 0.478245
    outer loop
      vertex 4.62986 40.2331 55.4946
      vertex 8.58228 40.2797 53.3421
      vertex 4.66475 40.2797 55.5563
    endloop
  endfacet
  facet normal 0.270318 -0.835576 0.478268
    outer loop
      vertex 8.58228 40.2797 53.3421
      vertex 4.62986 40.2331 55.4946
      vertex 8.5474 40.2331 53.2804
    endloop
  endfacet
  facet normal -0.00754397 -0.999882 -0.0133474
    outer loop
      vertex 5.37662 40.7 56.8158
      vertex 9.33589 40.6987 54.6754
      vertex 5.41835 40.6987 56.8896
    endloop
  endfacet
  facet normal -0.00753649 -0.999883 -0.0133336
    outer loop
      vertex 9.33589 40.6987 54.6754
      vertex 5.37662 40.7 56.8158
      vertex 9.29416 40.7 54.6015
    endloop
  endfacet
  facet normal -0.283073 -0.817956 -0.500817
    outer loop
      vertex 6.12338 40.2331 58.137
      vertex 10.0751 40.1843 55.9831
      vertex 6.15753 40.1843 58.1974
    endloop
  endfacet
  facet normal -0.283009 -0.818052 -0.500696
    outer loop
      vertex 10.0751 40.1843 55.9831
      vertex 6.12338 40.2331 58.137
      vertex 10.0409 40.2331 55.9227
    endloop
  endfacet
  facet normal -0.243774 0.86865 -0.431303
    outer loop
      vertex 9.97044 35.676 55.7981
      vertex 6.01666 35.634 57.9482
      vertex 6.05291 35.676 58.0123
    endloop
  endfacet
  facet normal -0.243565 0.868902 -0.430913
    outer loop
      vertex 6.01666 35.634 57.9482
      vertex 9.97044 35.676 55.7981
      vertex 9.93419 35.634 55.7339
    endloop
  endfacet
  facet normal 0.243761 0.868664 0.431281
    outer loop
      vertex 8.65412 35.634 53.4692
      vertex 4.70033 35.676 55.6193
      vertex 4.73659 35.634 55.6834
    endloop
  endfacet
  facet normal 0.243564 0.868902 0.430914
    outer loop
      vertex 4.70033 35.676 55.6193
      vertex 8.65412 35.634 53.4692
      vertex 8.61787 35.676 53.405
    endloop
  endfacet
  facet normal 0.448444 0.411626 0.793386
    outer loop
      vertex 8.07487 36.9277 52.4443
      vertex 4.17451 36.8504 54.689
      vertex 8.09204 36.8504 52.4747
    endloop
  endfacet
  facet normal 0.448444 0.411626 0.793386
    outer loop
      vertex 4.17451 36.8504 54.689
      vertex 8.07487 36.9277 52.4443
      vertex 4.15734 36.9277 54.6586
    endloop
  endfacet
  facet normal -0.46022 0.353879 -0.814228
    outer loop
      vertex 10.5294 37.0061 56.787
      vertex 6.62663 37.0854 59.0274
      vertex 10.5442 37.0854 56.8131
    endloop
  endfacet
  facet normal -0.460272 0.353625 -0.814309
    outer loop
      vertex 6.62663 37.0854 59.0274
      vertex 10.5294 37.0061 56.787
      vertex 6.61188 37.0061 59.0013
    endloop
  endfacet
  facet normal -0.489089 -0.10983 -0.865292
    outer loop
      vertex 6.69928 38.2541 59.1559
      vertex 10.6122 38.3384 56.9335
      vertex 10.6168 38.2541 56.9416
    endloop
  endfacet
  facet normal -0.489097 -0.109715 -0.865302
    outer loop
      vertex 10.6122 38.3384 56.9335
      vertex 6.69928 38.2541 59.1559
      vertex 6.6947 38.3384 59.1478
    endloop
  endfacet
  facet normal -0.448712 0.410436 -0.793851
    outer loop
      vertex 10.4963 36.8504 56.7284
      vertex 6.59591 36.9277 58.973
      vertex 10.5134 36.9277 56.7587
    endloop
  endfacet
  facet normal -0.448415 0.411675 -0.793378
    outer loop
      vertex 6.59591 36.9277 58.973
      vertex 10.4963 36.8504 56.7284
      vertex 6.57873 36.8504 58.9426
    endloop
  endfacet
  facet normal -0.364344 0.672097 -0.644623
    outer loop
      vertex 10.2907 36.2145 56.3647
      vertex 6.3451 36.1517 58.5293
      vertex 6.37319 36.2145 58.5789
    endloop
  endfacet
  facet normal -0.364092 0.672691 -0.644145
    outer loop
      vertex 6.3451 36.1517 58.5293
      vertex 10.2907 36.2145 56.3647
      vertex 10.2626 36.1517 56.315
    endloop
  endfacet
  facet normal 0.487145 -0.140811 0.861894
    outer loop
      vertex 4.06443 38.4224 54.4942
      vertex 7.97608 38.3384 52.2696
      vertex 7.98196 38.4224 52.28
    endloop
  endfacet
  facet normal 0.48714 -0.140868 0.861888
    outer loop
      vertex 7.97608 38.3384 52.2696
      vertex 4.06443 38.4224 54.4942
      vertex 4.05854 38.3384 54.4838
    endloop
  endfacet
  facet normal 0.0388726 0.996874 0.0687766
    outer loop
      vertex 9.21074 35.3053 54.454
      vertex 5.2516 35.312 56.5946
      vertex 5.2932 35.3053 56.6682
    endloop
  endfacet
  facet normal 0.0388321 0.996881 0.0687015
    outer loop
      vertex 5.2516 35.312 56.5946
      vertex 9.21074 35.3053 54.454
      vertex 9.16913 35.312 54.3803
    endloop
  endfacet
  facet normal 0.188536 0.923679 0.333572
    outer loop
      vertex 8.80508 35.4896 53.7363
      vertex 4.84899 35.5221 55.8823
      vertex 4.88755 35.4896 55.9505
    endloop
  endfacet
  facet normal 0.188364 0.92383 0.333253
    outer loop
      vertex 4.84899 35.5221 55.8823
      vertex 8.80508 35.4896 53.7363
      vertex 8.76652 35.5221 53.668
    endloop
  endfacet
  facet normal -0.474606 -0.26399 -0.839678
    outer loop
      vertex 6.66344 38.6715 59.0925
      vertex 10.57 38.7533 56.8587
      vertex 10.581 38.6715 56.8782
    endloop
  endfacet
  facet normal -0.474598 -0.264044 -0.839665
    outer loop
      vertex 10.57 38.7533 56.8587
      vertex 6.66344 38.6715 59.0925
      vertex 6.65243 38.7533 59.073
    endloop
  endfacet
  facet normal -0.34217 0.718643 -0.605369
    outer loop
      vertex 10.2336 36.0908 56.2636
      vertex 6.28608 36.0318 58.4248
      vertex 6.31605 36.0908 58.4779
    endloop
  endfacet
  facet normal -0.34237 0.718231 -0.605745
    outer loop
      vertex 6.28608 36.0318 58.4248
      vertex 10.2336 36.0908 56.2636
      vertex 10.2036 36.0318 56.2106
    endloop
  endfacet
  facet normal -0.419714 0.521967 -0.742557
    outer loop
      vertex 10.4159 36.5533 56.5862
      vertex 6.52017 36.6256 58.839
      vertex 10.4377 36.6256 56.6247
    endloop
  endfacet
  facet normal -0.419461 0.522756 -0.742145
    outer loop
      vertex 6.52017 36.6256 58.839
      vertex 10.4159 36.5533 56.5862
      vertex 6.49836 36.5533 58.8004
    endloop
  endfacet
  facet normal 0.230217 -0.883803 0.407299
    outer loop
      vertex 4.73659 40.366 55.6834
      vertex 8.691 40.4057 53.5344
      vertex 4.77347 40.4057 55.7487
    endloop
  endfacet
  facet normal 0.230418 -0.883578 0.407673
    outer loop
      vertex 8.691 40.4057 53.5344
      vertex 4.73659 40.366 55.6834
      vertex 8.65412 40.366 53.4692
    endloop
  endfacet
  facet normal 0.364343 0.672097 0.644623
    outer loop
      vertex 8.32568 36.1517 52.8881
      vertex 4.38006 36.2145 55.0527
      vertex 4.40815 36.1517 55.1023
    endloop
  endfacet
  facet normal 0.364104 0.67266 0.644172
    outer loop
      vertex 4.38006 36.2145 55.0527
      vertex 8.32568 36.1517 52.8881
      vertex 8.29759 36.2145 52.8384
    endloop
  endfacet
  facet normal -0.295231 -0.800015 -0.522317
    outer loop
      vertex 6.15753 40.1843 58.1974
      vertex 10.1084 40.1334 56.0422
      vertex 6.1909 40.1334 58.2565
    endloop
  endfacet
  facet normal -0.295323 -0.799869 -0.522489
    outer loop
      vertex 10.1084 40.1334 56.0422
      vertex 6.15753 40.1843 58.1974
      vertex 10.0751 40.1843 55.9831
    endloop
  endfacet
  facet normal 0.159454 -0.946039 0.282106
    outer loop
      vertex 4.92659 40.5404 56.0196
      vertex 8.88361 40.5679 53.8752
      vertex 4.96608 40.5679 56.0895
    endloop
  endfacet
  facet normal 0.159454 -0.946039 0.282106
    outer loop
      vertex 8.88361 40.5679 53.8752
      vertex 4.92659 40.5404 56.0196
      vertex 8.84412 40.5404 53.8053
    endloop
  endfacet
  facet normal -0.434713 -0.468474 -0.769127
    outer loop
      vertex 6.56037 39.2258 58.9101
      vertex 10.4584 39.3007 56.6613
      vertex 10.4779 39.2258 56.6959
    endloop
  endfacet
  facet normal -0.434899 -0.467808 -0.769427
    outer loop
      vertex 10.4584 39.3007 56.6613
      vertex 6.56037 39.2258 58.9101
      vertex 6.54084 39.3007 58.8756
    endloop
  endfacet
  facet normal 0.40273 0.57458 0.712508
    outer loop
      vertex 8.19533 36.4824 52.6575
      vertex 4.3018 36.413 54.9142
      vertex 8.21933 36.413 52.6999
    endloop
  endfacet
  facet normal 0.402478 0.575267 0.712095
    outer loop
      vertex 4.3018 36.413 54.9142
      vertex 8.19533 36.4824 52.6575
      vertex 4.2778 36.4824 54.8717
    endloop
  endfacet
  facet normal -0.0231953 0.998888 -0.0410371
    outer loop
      vertex 9.37758 35.3053 54.7491
      vertex 5.41835 35.3013 56.8896
      vertex 5.46004 35.3053 56.9634
    endloop
  endfacet
  facet normal -0.0232183 0.998886 -0.0410797
    outer loop
      vertex 5.41835 35.3013 56.8896
      vertex 9.37758 35.3053 54.7491
      vertex 9.33589 35.3013 54.6754
    endloop
  endfacet
  facet normal 0.053948 0.993972 0.0954446
    outer loop
      vertex 9.16913 35.312 54.3803
      vertex 5.21011 35.3213 56.5212
      vertex 5.2516 35.312 56.5946
    endloop
  endfacet
  facet normal 0.053948 0.993972 0.0954446
    outer loop
      vertex 5.21011 35.3213 56.5212
      vertex 9.16913 35.312 54.3803
      vertex 9.12764 35.3213 54.3069
    endloop
  endfacet
  facet normal -0.114865 0.972371 -0.203227
    outer loop
      vertex 9.62455 35.3848 55.1861
      vertex 5.66644 35.365 57.3285
      vertex 5.70702 35.3848 57.4003
    endloop
  endfacet
  facet normal -0.114865 0.972371 -0.203227
    outer loop
      vertex 5.66644 35.365 57.3285
      vertex 9.62455 35.3848 55.1861
      vertex 9.58397 35.365 55.1143
    endloop
  endfacet
  facet normal -0.188543 0.923679 -0.333569
    outer loop
      vertex 9.82179 35.5221 55.535
      vertex 5.8657 35.4896 57.6811
      vertex 5.90426 35.5221 57.7493
    endloop
  endfacet
  facet normal -0.188543 0.923679 -0.333569
    outer loop
      vertex 5.8657 35.4896 57.6811
      vertex 9.82179 35.5221 55.535
      vertex 9.78323 35.4896 55.4668
    endloop
  endfacet
  facet normal -0.402727 -0.57458 -0.712509
    outer loop
      vertex 6.47544 39.5176 58.7599
      vertex 10.369 39.587 56.5032
      vertex 10.393 39.5176 56.5456
    endloop
  endfacet
  facet normal -0.40249 -0.575228 -0.71212
    outer loop
      vertex 10.369 39.587 56.5032
      vertex 6.47544 39.5176 58.7599
      vertex 6.45145 39.587 58.7174
    endloop
  endfacet
  facet normal -0.46022 -0.353879 -0.814228
    outer loop
      vertex 6.62663 38.9146 59.0274
      vertex 10.5294 38.9939 56.787
      vertex 10.5442 38.9146 56.8131
    endloop
  endfacet
  facet normal -0.460272 -0.353625 -0.814309
    outer loop
      vertex 10.5294 38.9939 56.787
      vertex 6.62663 38.9146 59.0274
      vertex 6.61188 38.9939 59.0013
    endloop
  endfacet
  facet normal 0.353294 -0.696035 0.625075
    outer loop
      vertex 4.40815 39.8483 55.1023
      vertex 8.35473 39.9092 52.9395
      vertex 4.43719 39.9092 55.1537
    endloop
  endfacet
  facet normal 0.35328 -0.696065 0.62505
    outer loop
      vertex 8.35473 39.9092 52.9395
      vertex 4.40815 39.8483 55.1023
      vertex 8.32568 39.8483 52.8881
    endloop
  endfacet
  facet normal -0.491504 0.0475387 -0.869577
    outer loop
      vertex 10.6201 37.8305 56.9474
      vertex 6.70452 37.9152 59.1652
      vertex 10.6221 37.9152 56.9509
    endloop
  endfacet
  facet normal -0.491513 0.0473071 -0.869585
    outer loop
      vertex 6.70452 37.9152 59.1652
      vertex 10.6201 37.8305 56.9474
      vertex 6.70256 37.8305 59.1617
    endloop
  endfacet
  facet normal -0.411149 0.549355 -0.727438
    outer loop
      vertex 10.393 36.4824 56.5456
      vertex 6.49836 36.5533 58.8004
      vertex 10.4159 36.5533 56.5862
    endloop
  endfacet
  facet normal -0.411367 0.548719 -0.727794
    outer loop
      vertex 6.49836 36.5533 58.8004
      vertex 10.393 36.4824 56.5456
      vertex 6.47544 36.4824 58.7599
    endloop
  endfacet
  facet normal 0.00754423 -0.999882 0.0133472
    outer loop
      vertex 5.33489 40.6987 56.742
      vertex 9.29416 40.7 54.6015
      vertex 5.37662 40.7 56.8158
    endloop
  endfacet
  facet normal 0.00754423 -0.999882 0.0133472
    outer loop
      vertex 9.29416 40.7 54.6015
      vertex 5.33489 40.6987 56.742
      vertex 9.25243 40.6987 54.5277
    endloop
  endfacet
  facet normal 0.188536 -0.923679 0.333572
    outer loop
      vertex 4.84899 40.4779 55.8823
      vertex 8.80508 40.5104 53.7363
      vertex 4.88755 40.5104 55.9505
    endloop
  endfacet
  facet normal 0.188364 -0.92383 0.333253
    outer loop
      vertex 8.80508 40.5104 53.7363
      vertex 4.84899 40.4779 55.8823
      vertex 8.76652 40.4779 53.668
    endloop
  endfacet
  facet normal -0.243774 -0.86865 -0.431303
    outer loop
      vertex 6.01666 40.366 57.9482
      vertex 9.97044 40.324 55.7981
      vertex 6.05291 40.324 58.0123
    endloop
  endfacet
  facet normal -0.243565 -0.868902 -0.430913
    outer loop
      vertex 9.97044 40.324 55.7981
      vertex 6.01666 40.366 57.9482
      vertex 9.93419 40.366 55.7339
    endloop
  endfacet
  facet normal -0.307601 -0.780526 -0.544206
    outer loop
      vertex 6.1909 40.1334 58.2565
      vertex 10.141 40.0804 56.0998
      vertex 6.22348 40.0804 58.3141
    endloop
  endfacet
  facet normal -0.307575 -0.780572 -0.544156
    outer loop
      vertex 10.141 40.0804 56.0998
      vertex 6.1909 40.1334 58.2565
      vertex 10.1084 40.1334 56.0422
    endloop
  endfacet
  facet normal -0.427394 -0.495552 -0.75615
    outer loop
      vertex 6.54084 39.3007 58.8756
      vertex 10.4377 39.3744 56.6247
      vertex 10.4584 39.3007 56.6613
    endloop
  endfacet
  facet normal -0.427434 -0.49542 -0.756214
    outer loop
      vertex 10.4377 39.3744 56.6247
      vertex 6.54084 39.3007 58.8756
      vertex 6.52017 39.3744 58.839
    endloop
  endfacet
  facet normal 0.470271 -0.2942 0.832041
    outer loop
      vertex 4.11309 38.8343 54.5803
      vertex 8.01835 38.7533 52.3444
      vertex 8.03063 38.8343 52.3661
    endloop
  endfacet
  facet normal 0.47028 -0.294147 0.832054
    outer loop
      vertex 8.01835 38.7533 52.3444
      vertex 4.11309 38.8343 54.5803
      vertex 4.10082 38.7533 54.5586
    endloop
  endfacet
  facet normal 0.434678 -0.46861 0.769064
    outer loop
      vertex 4.2124 39.3007 54.756
      vertex 8.1104 39.2258 52.5072
      vertex 8.12993 39.3007 52.5418
    endloop
  endfacet
  facet normal 0.434902 -0.467808 0.769426
    outer loop
      vertex 8.1104 39.2258 52.5072
      vertex 4.2124 39.3007 54.756
      vertex 4.19287 39.2258 54.7215
    endloop
  endfacet
  facet normal -0.487197 -0.140356 -0.861939
    outer loop
      vertex 6.6947 38.3384 59.1478
      vertex 10.6064 38.4224 56.9231
      vertex 10.6122 38.3384 56.9335
    endloop
  endfacet
  facet normal -0.487157 -0.140811 -0.861888
    outer loop
      vertex 10.6064 38.4224 56.9231
      vertex 6.6947 38.3384 59.1478
      vertex 6.68882 38.4224 59.1374
    endloop
  endfacet
  facet normal -0.33124 -0.739473 -0.586054
    outer loop
      vertex 6.25521 40.0253 58.3702
      vertex 10.2036 39.9682 56.2106
      vertex 6.28608 39.9682 58.4248
    endloop
  endfacet
  facet normal -0.3312 -0.739552 -0.585977
    outer loop
      vertex 10.2036 39.9682 56.2106
      vertex 6.25521 40.0253 58.3702
      vertex 10.1727 40.0253 56.156
    endloop
  endfacet
  facet normal -0.478418 -0.233748 -0.84645
    outer loop
      vertex 6.67318 38.589 59.1097
      vertex 10.581 38.6715 56.8782
      vertex 10.5907 38.589 56.8955
    endloop
  endfacet
  facet normal -0.478519 -0.232998 -0.8466
    outer loop
      vertex 10.581 38.6715 56.8782
      vertex 6.67318 38.589 59.1097
      vertex 6.66344 38.6715 59.0925
    endloop
  endfacet
  facet normal 0.434678 0.46861 0.769064
    outer loop
      vertex 8.1104 36.7742 52.5072
      vertex 4.2124 36.6993 54.756
      vertex 8.12993 36.6993 52.5418
    endloop
  endfacet
  facet normal 0.434902 0.467808 0.769426
    outer loop
      vertex 4.2124 36.6993 54.756
      vertex 8.1104 36.7742 52.5072
      vertex 4.19287 36.7742 54.7215
    endloop
  endfacet
  facet normal -0.491987 -0.0157989 -0.870459
    outer loop
      vertex 6.70518 38 59.1663
      vertex 10.6221 38.0848 56.9509
      vertex 10.6227 38 56.9521
    endloop
  endfacet
  facet normal -0.492004 -0.0151206 -0.870462
    outer loop
      vertex 10.6221 38.0848 56.9509
      vertex 6.70518 38 59.1663
      vertex 6.70452 38.0848 59.1652
    endloop
  endfacet
  facet normal 0.465588 0.323509 0.823753
    outer loop
      vertex 8.03063 37.1657 52.3661
      vertex 4.12661 37.0854 54.6042
      vertex 8.04414 37.0854 52.39
    endloop
  endfacet
  facet normal 0.465578 0.323561 0.823738
    outer loop
      vertex 4.12661 37.0854 54.6042
      vertex 8.03063 37.1657 52.3661
      vertex 4.11309 37.1657 54.5803
    endloop
  endfacet
  facet normal 0.270305 0.835594 0.478245
    outer loop
      vertex 8.58228 35.7203 53.3421
      vertex 4.62986 35.7669 55.4946
      vertex 4.66475 35.7203 55.5563
    endloop
  endfacet
  facet normal 0.270318 0.835576 0.478268
    outer loop
      vertex 4.62986 35.7669 55.4946
      vertex 8.58228 35.7203 53.3421
      vertex 8.5474 35.7669 53.2804
    endloop
  endfacet
  facet normal 0.173984 0.935404 0.307812
    outer loop
      vertex 8.84412 35.4596 53.8053
      vertex 4.88755 35.4896 55.9505
      vertex 4.92659 35.4596 56.0196
    endloop
  endfacet
  facet normal 0.174145 0.935276 0.308111
    outer loop
      vertex 4.88755 35.4896 55.9505
      vertex 8.84412 35.4596 53.8053
      vertex 8.80508 35.4896 53.7363
    endloop
  endfacet
  facet normal 0.393265 -0.60101 0.695794
    outer loop
      vertex 4.32686 39.6548 54.9585
      vertex 8.21933 39.587 52.6999
      vertex 8.24439 39.6548 52.7443
    endloop
  endfacet
  facet normal 0.393521 -0.600354 0.696216
    outer loop
      vertex 8.21933 39.587 52.6999
      vertex 4.32686 39.6548 54.9585
      vertex 4.3018 39.587 54.9142
    endloop
  endfacet
  facet normal -0.0231953 -0.998888 -0.0410371
    outer loop
      vertex 5.41835 40.6987 56.8896
      vertex 9.37758 40.6947 54.7491
      vertex 5.46004 40.6947 56.9634
    endloop
  endfacet
  facet normal -0.0232183 -0.998886 -0.0410797
    outer loop
      vertex 9.37758 40.6947 54.7491
      vertex 5.41835 40.6987 56.8896
      vertex 9.33589 40.6987 54.6754
    endloop
  endfacet
  facet normal 0.114869 0.972371 0.203225
    outer loop
      vertex 9.00434 35.365 54.0888
      vertex 5.04623 35.3848 56.2313
      vertex 5.08681 35.365 56.3031
    endloop
  endfacet
  facet normal 0.114869 0.972371 0.203225
    outer loop
      vertex 5.04623 35.3848 56.2313
      vertex 9.00434 35.365 54.0888
      vertex 8.96376 35.3848 54.017
    endloop
  endfacet
  facet normal -0.448712 -0.410436 -0.793851
    outer loop
      vertex 6.59591 39.0723 58.973
      vertex 10.4963 39.1496 56.7284
      vertex 10.5134 39.0723 56.7587
    endloop
  endfacet
  facet normal -0.448415 -0.411675 -0.793378
    outer loop
      vertex 10.4963 39.1496 56.7284
      vertex 6.59591 39.0723 58.973
      vertex 6.57873 39.1496 58.9426
    endloop
  endfacet
  facet normal -0.295231 0.800015 -0.522317
    outer loop
      vertex 10.1084 35.8666 56.0422
      vertex 6.15753 35.8157 58.1974
      vertex 6.1909 35.8666 58.2565
    endloop
  endfacet
  facet normal -0.295323 0.799869 -0.522489
    outer loop
      vertex 6.15753 35.8157 58.1974
      vertex 10.1084 35.8666 56.0422
      vertex 10.0751 35.8157 55.9831
    endloop
  endfacet
  facet normal -0.393209 -0.601158 -0.695698
    outer loop
      vertex 6.45145 39.587 58.7174
      vertex 10.3439 39.6548 56.4588
      vertex 10.369 39.587 56.5032
    endloop
  endfacet
  facet normal -0.393523 -0.600354 -0.696215
    outer loop
      vertex 10.3439 39.6548 56.4588
      vertex 6.45145 39.587 58.7174
      vertex 6.42639 39.6548 58.6731
    endloop
  endfacet
  facet normal 0.0847338 -0.985062 0.149911
    outer loop
      vertex 5.12768 40.6522 56.3754
      vertex 9.08632 40.6668 54.2338
      vertex 5.16879 40.6668 56.4481
    endloop
  endfacet
  facet normal 0.0847338 -0.985062 0.149911
    outer loop
      vertex 9.08632 40.6668 54.2338
      vertex 5.12768 40.6522 56.3754
      vertex 9.04521 40.6522 54.1611
    endloop
  endfacet
  facet normal -0.434713 0.468474 -0.769127
    outer loop
      vertex 10.4584 36.6993 56.6613
      vertex 6.56037 36.7742 58.9101
      vertex 10.4779 36.7742 56.6959
    endloop
  endfacet
  facet normal -0.434899 0.467808 -0.769427
    outer loop
      vertex 6.56037 36.7742 58.9101
      vertex 10.4584 36.6993 56.6613
      vertex 6.54084 36.6993 58.8756
    endloop
  endfacet
  facet normal 0.129842 -0.964558 0.229715
    outer loop
      vertex 5.00597 40.5928 56.16
      vertex 8.96376 40.6152 54.017
      vertex 5.04623 40.6152 56.2313
    endloop
  endfacet
  facet normal 0.129966 -0.964487 0.229945
    outer loop
      vertex 8.96376 40.6152 54.017
      vertex 5.00597 40.5928 56.16
      vertex 8.9235 40.5928 53.9458
    endloop
  endfacet
  facet normal -0.144577 0.955858 -0.255797
    outer loop
      vertex 9.7047 35.4321 55.3279
      vertex 5.74728 35.4072 57.4716
      vertex 5.78717 35.4321 57.5421
    endloop
  endfacet
  facet normal -0.14444 0.955947 -0.255543
    outer loop
      vertex 5.74728 35.4072 57.4716
      vertex 9.7047 35.4321 55.3279
      vertex 9.66481 35.4072 55.2573
    endloop
  endfacet
  facet normal -0.129842 -0.964558 -0.229715
    outer loop
      vertex 5.70702 40.6152 57.4003
      vertex 9.66481 40.5928 55.2573
      vertex 5.74728 40.5928 57.4716
    endloop
  endfacet
  facet normal -0.129966 -0.964487 -0.229945
    outer loop
      vertex 9.66481 40.5928 55.2573
      vertex 5.70702 40.6152 57.4003
      vertex 9.62455 40.6152 55.1861
    endloop
  endfacet
  facet normal -0.484707 0.172225 -0.857553
    outer loop
      vertex 10.5992 37.4941 56.9104
      vertex 6.68882 37.5776 59.1374
      vertex 10.6064 37.5776 56.9231
    endloop
  endfacet
  facet normal -0.484719 0.172113 -0.857569
    outer loop
      vertex 6.68882 37.5776 59.1374
      vertex 10.5992 37.4941 56.9104
      vertex 6.68164 37.4941 59.1247
    endloop
  endfacet
  facet normal -0.487197 0.140356 -0.861939
    outer loop
      vertex 10.6064 37.5776 56.9231
      vertex 6.6947 37.6616 59.1478
      vertex 10.6122 37.6616 56.9335
    endloop
  endfacet
  facet normal -0.487157 0.140811 -0.861888
    outer loop
      vertex 6.6947 37.6616 59.1478
      vertex 10.6064 37.5776 56.9231
      vertex 6.68882 37.5776 59.1374
    endloop
  endfacet
  facet normal 0.319724 0.760121 0.565679
    outer loop
      vertex 8.4473 35.9196 53.1033
      vertex 4.49803 35.9747 55.2614
      vertex 4.52977 35.9196 55.3175
    endloop
  endfacet
  facet normal 0.319499 0.760529 0.565257
    outer loop
      vertex 4.49803 35.9747 55.2614
      vertex 8.4473 35.9196 53.1033
      vertex 8.41557 35.9747 53.0471
    endloop
  endfacet
  facet normal 0.0231953 0.998888 0.0410371
    outer loop
      vertex 9.25243 35.3013 54.5277
      vertex 5.2932 35.3053 56.6682
      vertex 5.33489 35.3013 56.742
    endloop
  endfacet
  facet normal 0.0232183 0.998886 0.0410797
    outer loop
      vertex 5.2932 35.3053 56.6682
      vertex 9.25243 35.3013 54.5277
      vertex 9.21074 35.3053 54.454
    endloop
  endfacet
  facet normal 0.256943 -0.852839 0.454583
    outer loop
      vertex 4.66475 40.2797 55.5563
      vertex 8.61787 40.324 53.405
      vertex 4.70033 40.324 55.6193
    endloop
  endfacet
  facet normal 0.257147 -0.852575 0.454964
    outer loop
      vertex 8.61787 40.324 53.405
      vertex 4.66475 40.2797 55.5563
      vertex 8.58228 40.2797 53.3421
    endloop
  endfacet
  facet normal -0.419714 -0.521967 -0.742557
    outer loop
      vertex 6.52017 39.3744 58.839
      vertex 10.4159 39.4467 56.5862
      vertex 10.4377 39.3744 56.6247
    endloop
  endfacet
  facet normal -0.419461 -0.522756 -0.742145
    outer loop
      vertex 10.4159 39.4467 56.5862
      vertex 6.52017 39.3744 58.839
      vertex 6.49836 39.4467 58.8004
    endloop
  endfacet
  facet normal 0.460245 -0.353676 0.814302
    outer loop
      vertex 4.14136 38.9939 54.6303
      vertex 8.04414 38.9146 52.39
      vertex 8.0589 38.9939 52.4161
    endloop
  endfacet
  facet normal 0.460255 -0.353625 0.814318
    outer loop
      vertex 8.04414 38.9146 52.39
      vertex 4.14136 38.9939 54.6303
      vertex 4.12661 38.9146 54.6042
    endloop
  endfacet
  facet normal 0.342171 0.718643 0.605369
    outer loop
      vertex 8.3847 36.0318 52.9925
      vertex 4.43719 36.0908 55.1537
      vertex 4.46716 36.0318 55.2068
    endloop
  endfacet
  facet normal 0.342412 0.718146 0.605822
    outer loop
      vertex 4.43719 36.0908 55.1537
      vertex 8.3847 36.0318 52.9925
      vertex 8.35473 36.0908 52.9395
    endloop
  endfacet
  facet normal -0.474606 0.26399 -0.839678
    outer loop
      vertex 10.57 37.2467 56.8587
      vertex 6.66344 37.3285 59.0925
      vertex 10.581 37.3285 56.8782
    endloop
  endfacet
  facet normal -0.474598 0.264044 -0.839665
    outer loop
      vertex 6.66344 37.3285 59.0925
      vertex 10.57 37.2467 56.8587
      vertex 6.65243 37.2467 59.073
    endloop
  endfacet
  facet normal -0.230205 0.883816 -0.407278
    outer loop
      vertex 9.93419 35.634 55.7339
      vertex 5.97977 35.5943 57.8829
      vertex 6.01666 35.634 57.9482
    endloop
  endfacet
  facet normal -0.230417 0.883578 -0.407673
    outer loop
      vertex 5.97977 35.5943 57.8829
      vertex 9.93419 35.634 55.7339
      vertex 9.89731 35.5943 55.6687
    endloop
  endfacet
  facet normal -0.0690441 0.990107 -0.122153
    outer loop
      vertex 9.50199 35.3332 54.9692
      vertex 5.54313 35.3213 57.1104
      vertex 5.58445 35.3332 57.1835
    endloop
  endfacet
  facet normal -0.0690441 0.990107 -0.122153
    outer loop
      vertex 5.54313 35.3213 57.1104
      vertex 9.50199 35.3332 54.9692
      vertex 9.46067 35.3213 54.8961
    endloop
  endfacet
  facet normal 0.364343 -0.672097 0.644623
    outer loop
      vertex 4.38006 39.7855 55.0527
      vertex 8.32568 39.8483 52.8881
      vertex 4.40815 39.8483 55.1023
    endloop
  endfacet
  facet normal 0.364104 -0.67266 0.644172
    outer loop
      vertex 8.32568 39.8483 52.8881
      vertex 4.38006 39.7855 55.0527
      vertex 8.29759 39.7855 52.8384
    endloop
  endfacet
  facet normal 0.283078 0.817937 0.500845
    outer loop
      vertex 8.5474 35.7669 53.2804
      vertex 4.59572 35.8157 55.4342
      vertex 4.62986 35.7669 55.4946
    endloop
  endfacet
  facet normal 0.282838 0.818295 0.500395
    outer loop
      vertex 4.59572 35.8157 55.4342
      vertex 8.5474 35.7669 53.2804
      vertex 8.51325 35.8157 53.2199
    endloop
  endfacet
  facet normal -0.114865 -0.972371 -0.203227
    outer loop
      vertex 5.66644 40.635 57.3285
      vertex 9.62455 40.6152 55.1861
      vertex 5.70702 40.6152 57.4003
    endloop
  endfacet
  facet normal -0.114865 -0.972371 -0.203227
    outer loop
      vertex 9.62455 40.6152 55.1861
      vertex 5.66644 40.635 57.3285
      vertex 9.58397 40.635 55.1143
    endloop
  endfacet
  facet normal 0.0231953 -0.998888 0.0410371
    outer loop
      vertex 5.2932 40.6947 56.6682
      vertex 9.25243 40.6987 54.5277
      vertex 5.33489 40.6987 56.742
    endloop
  endfacet
  facet normal 0.0232183 -0.998886 0.0410797
    outer loop
      vertex 9.25243 40.6987 54.5277
      vertex 5.2932 40.6947 56.6682
      vertex 9.21074 40.6947 54.454
    endloop
  endfacet
  facet normal 0.0388726 -0.996874 0.0687766
    outer loop
      vertex 5.2516 40.688 56.5946
      vertex 9.21074 40.6947 54.454
      vertex 5.2932 40.6947 56.6682
    endloop
  endfacet
  facet normal 0.0388321 -0.996881 0.0687015
    outer loop
      vertex 9.21074 40.6947 54.454
      vertex 5.2516 40.688 56.5946
      vertex 9.16913 40.688 54.3803
    endloop
  endfacet
  facet normal 0.374073 -0.649677 0.661808
    outer loop
      vertex 4.38006 39.7855 55.0527
      vertex 8.27049 39.721 52.7904
      vertex 8.29759 39.7855 52.8384
    endloop
  endfacet
  facet normal 0.374058 -0.64971 0.661783
    outer loop
      vertex 8.27049 39.721 52.7904
      vertex 4.38006 39.7855 55.0527
      vertex 4.35295 39.721 55.0047
    endloop
  endfacet
  facet normal 0.202466 0.911427 0.358202
    outer loop
      vertex 8.76652 35.5221 53.668
      vertex 4.81095 35.557 55.815
      vertex 4.84899 35.5221 55.8823
    endloop
  endfacet
  facet normal 0.202476 0.911417 0.358221
    outer loop
      vertex 4.81095 35.557 55.815
      vertex 8.76652 35.5221 53.668
      vertex 8.72849 35.557 53.6007
    endloop
  endfacet
  facet normal 0.144577 0.955858 0.255797
    outer loop
      vertex 8.9235 35.4072 53.9458
      vertex 4.96608 35.4321 56.0895
      vertex 5.00597 35.4072 56.16
    endloop
  endfacet
  facet normal 0.14444 0.955947 0.255543
    outer loop
      vertex 4.96608 35.4321 56.0895
      vertex 8.9235 35.4072 53.9458
      vertex 8.88361 35.4321 53.8752
    endloop
  endfacet
  facet normal 0.144577 -0.955858 0.255797
    outer loop
      vertex 4.96608 40.5679 56.0895
      vertex 8.9235 40.5928 53.9458
      vertex 5.00597 40.5928 56.16
    endloop
  endfacet
  facet normal 0.14444 -0.955947 0.255543
    outer loop
      vertex 8.9235 40.5928 53.9458
      vertex 4.96608 40.5679 56.0895
      vertex 8.88361 40.5679 53.8752
    endloop
  endfacet
  facet normal -0.44183 0.440102 -0.781727
    outer loop
      vertex 10.4779 36.7742 56.6959
      vertex 6.57873 36.8504 58.9426
      vertex 10.4963 36.8504 56.7284
    endloop
  endfacet
  facet normal -0.441878 0.439915 -0.781804
    outer loop
      vertex 6.57873 36.8504 58.9426
      vertex 10.4779 36.7742 56.6959
      vertex 6.56037 36.7742 58.9101
    endloop
  endfacet
  facet normal 0.33125 0.739473 0.586048
    outer loop
      vertex 8.41557 35.9747 53.0471
      vertex 4.46716 36.0318 55.2068
      vertex 4.49803 35.9747 55.2614
    endloop
  endfacet
  facet normal 0.33125 0.739473 0.586048
    outer loop
      vertex 4.46716 36.0318 55.2068
      vertex 8.41557 35.9747 53.0471
      vertex 8.3847 36.0318 52.9925
    endloop
  endfacet
  facet normal 0.0847338 0.985062 0.149911
    outer loop
      vertex 9.08632 35.3332 54.2338
      vertex 5.12768 35.3478 56.3754
      vertex 5.16879 35.3332 56.4481
    endloop
  endfacet
  facet normal 0.0847338 0.985062 0.149911
    outer loop
      vertex 5.12768 35.3478 56.3754
      vertex 9.08632 35.3332 54.2338
      vertex 9.04521 35.3478 54.1611
    endloop
  endfacet
  facet normal -0.202476 -0.911417 -0.358221
    outer loop
      vertex 5.90426 40.4779 57.7493
      vertex 9.85983 40.443 55.6023
      vertex 5.94229 40.443 57.8166
    endloop
  endfacet
  facet normal -0.202466 -0.911427 -0.358202
    outer loop
      vertex 9.85983 40.443 55.6023
      vertex 5.90426 40.4779 57.7493
      vertex 9.82179 40.4779 55.535
    endloop
  endfacet
  facet normal -0.270328 -0.835576 -0.478263
    outer loop
      vertex 6.0885 40.2797 58.0753
      vertex 10.0409 40.2331 55.9227
      vertex 6.12338 40.2331 58.137
    endloop
  endfacet
  facet normal -0.270303 -0.835611 -0.478216
    outer loop
      vertex 10.0409 40.2331 55.9227
      vertex 6.0885 40.2797 58.0753
      vertex 10.006 40.2797 55.861
    endloop
  endfacet
  facet normal -0.256932 -0.852855 -0.45456
    outer loop
      vertex 6.05291 40.324 58.0123
      vertex 10.006 40.2797 55.861
      vertex 6.0885 40.2797 58.0753
    endloop
  endfacet
  facet normal -0.257185 -0.852527 -0.455031
    outer loop
      vertex 10.006 40.2797 55.861
      vertex 6.05291 40.324 58.0123
      vertex 9.97044 40.324 55.7981
    endloop
  endfacet
  facet normal -0.0388718 0.996875 -0.0687718
    outer loop
      vertex 9.41918 35.312 54.8227
      vertex 5.46004 35.3053 56.9634
      vertex 5.50165 35.312 57.037
    endloop
  endfacet
  facet normal -0.038874 0.996874 -0.0687758
    outer loop
      vertex 5.46004 35.3053 56.9634
      vertex 9.41918 35.312 54.8227
      vertex 9.37758 35.3053 54.7491
    endloop
  endfacet
  facet normal -0.383949 -0.625433 -0.679277
    outer loop
      vertex 6.42639 39.6548 58.6731
      vertex 10.3178 39.721 56.4126
      vertex 10.3439 39.6548 56.4588
    endloop
  endfacet
  facet normal -0.383949 -0.625433 -0.679277
    outer loop
      vertex 10.3178 39.721 56.4126
      vertex 6.42639 39.6548 58.6731
      vertex 6.40029 39.721 58.6269
    endloop
  endfacet
  facet normal -0.230205 -0.883816 -0.407278
    outer loop
      vertex 5.97977 40.4057 57.8829
      vertex 9.93419 40.366 55.7339
      vertex 6.01666 40.366 57.9482
    endloop
  endfacet
  facet normal -0.230417 -0.883578 -0.407673
    outer loop
      vertex 9.93419 40.366 55.7339
      vertex 5.97977 40.4057 57.8829
      vertex 9.89731 40.4057 55.6687
    endloop
  endfacet
  facet normal 0.481921 0.201995 0.852614
    outer loop
      vertex 7.98913 37.4941 52.2927
      vertex 4.08006 37.411 54.5219
      vertex 7.9976 37.411 52.3076
    endloop
  endfacet
  facet normal 0.481811 0.202924 0.852456
    outer loop
      vertex 4.08006 37.411 54.5219
      vertex 7.98913 37.4941 52.2927
      vertex 4.0716 37.4941 54.5069
    endloop
  endfacet
  facet normal 0.478391 0.233968 0.846405
    outer loop
      vertex 7.9976 37.411 52.3076
      vertex 4.08981 37.3285 54.5391
      vertex 8.00734 37.3285 52.3249
    endloop
  endfacet
  facet normal 0.478514 0.233052 0.846588
    outer loop
      vertex 4.08981 37.3285 54.5391
      vertex 7.9976 37.411 52.3076
      vertex 4.08006 37.411 54.5219
    endloop
  endfacet
  facet normal 0.0997886 -0.979221 0.176546
    outer loop
      vertex 5.08681 40.635 56.3031
      vertex 9.04521 40.6522 54.1611
      vertex 5.12768 40.6522 56.3754
    endloop
  endfacet
  facet normal 0.0997886 -0.979221 0.176546
    outer loop
      vertex 9.04521 40.6522 54.1611
      vertex 5.08681 40.635 56.3031
      vertex 9.00434 40.635 54.0888
    endloop
  endfacet
  facet normal -0.44183 -0.440102 -0.781727
    outer loop
      vertex 6.57873 39.1496 58.9426
      vertex 10.4779 39.2258 56.6959
      vertex 10.4963 39.1496 56.7284
    endloop
  endfacet
  facet normal -0.441878 -0.439915 -0.781804
    outer loop
      vertex 10.4779 39.2258 56.6959
      vertex 6.57873 39.1496 58.9426
      vertex 6.56037 39.2258 58.9101
    endloop
  endfacet
  facet normal -0.470268 0.294306 -0.832005
    outer loop
      vertex 10.5577 37.1657 56.837
      vertex 6.65243 37.2467 59.073
      vertex 10.57 37.2467 56.8587
    endloop
  endfacet
  facet normal -0.470286 0.2942 -0.832032
    outer loop
      vertex 6.65243 37.2467 59.073
      vertex 10.5577 37.1657 56.837
      vertex 6.64015 37.1657 59.0513
    endloop
  endfacet
  facet normal -0.465611 0.323457 -0.823761
    outer loop
      vertex 10.5442 37.0854 56.8131
      vertex 6.64015 37.1657 59.0513
      vertex 10.5577 37.1657 56.837
    endloop
  endfacet
  facet normal -0.465592 0.323561 -0.823731
    outer loop
      vertex 6.64015 37.1657 59.0513
      vertex 10.5442 37.0854 56.8131
      vertex 6.62663 37.0854 59.0274
    endloop
  endfacet
  facet normal -0.0997852 0.979221 -0.176547
    outer loop
      vertex 9.58397 35.365 55.1143
      vertex 5.62557 35.3478 57.2562
      vertex 5.66644 35.365 57.3285
    endloop
  endfacet
  facet normal -0.0997852 0.979221 -0.176547
    outer loop
      vertex 5.62557 35.3478 57.2562
      vertex 9.58397 35.365 55.1143
      vertex 9.5431 35.3478 55.042
    endloop
  endfacet
  facet normal -0.202476 0.911417 -0.358221
    outer loop
      vertex 9.85983 35.557 55.6023
      vertex 5.90426 35.5221 57.7493
      vertex 5.94229 35.557 57.8166
    endloop
  endfacet
  facet normal -0.202466 0.911427 -0.358202
    outer loop
      vertex 5.90426 35.5221 57.7493
      vertex 9.85983 35.557 55.6023
      vertex 9.82179 35.5221 55.535
    endloop
  endfacet
  facet normal -0.216421 -0.898077 -0.382909
    outer loop
      vertex 5.94229 40.443 57.8166
      vertex 9.89731 40.4057 55.6687
      vertex 5.97977 40.4057 57.8829
    endloop
  endfacet
  facet normal -0.216229 -0.898276 -0.382552
    outer loop
      vertex 9.89731 40.4057 55.6687
      vertex 5.94229 40.443 57.8166
      vertex 9.85983 40.443 55.6023
    endloop
  endfacet
  facet normal -0.478418 0.233748 -0.84645
    outer loop
      vertex 10.581 37.3285 56.8782
      vertex 6.67318 37.411 59.1097
      vertex 10.5907 37.411 56.8955
    endloop
  endfacet
  facet normal -0.478519 0.232998 -0.8466
    outer loop
      vertex 6.67318 37.411 59.1097
      vertex 10.581 37.3285 56.8782
      vertex 6.66344 37.3285 59.0925
    endloop
  endfacet
  facet normal 0.384193 -0.624808 0.679714
    outer loop
      vertex 4.35295 39.721 55.0047
      vertex 8.24439 39.6548 52.7443
      vertex 8.27049 39.721 52.7904
    endloop
  endfacet
  facet normal 0.383948 -0.625398 0.67931
    outer loop
      vertex 8.24439 39.6548 52.7443
      vertex 4.35295 39.721 55.0047
      vertex 4.32686 39.6548 54.9585
    endloop
  endfacet
  facet normal -0.270328 0.835576 -0.478263
    outer loop
      vertex 10.0409 35.7669 55.9227
      vertex 6.0885 35.7203 58.0753
      vertex 6.12338 35.7669 58.137
    endloop
  endfacet
  facet normal -0.270303 0.835611 -0.478216
    outer loop
      vertex 6.0885 35.7203 58.0753
      vertex 10.0409 35.7669 55.9227
      vertex 10.006 35.7203 55.861
    endloop
  endfacet
  facet normal -0.0997852 -0.979221 -0.176547
    outer loop
      vertex 5.62557 40.6522 57.2562
      vertex 9.58397 40.635 55.1143
      vertex 5.66644 40.635 57.3285
    endloop
  endfacet
  facet normal -0.0997852 -0.979221 -0.176547
    outer loop
      vertex 9.58397 40.635 55.1143
      vertex 5.62557 40.6522 57.2562
      vertex 9.5431 40.6522 55.042
    endloop
  endfacet
  facet normal -0.33124 0.739473 -0.586054
    outer loop
      vertex 10.2036 36.0318 56.2106
      vertex 6.25521 35.9747 58.3702
      vertex 6.28608 36.0318 58.4248
    endloop
  endfacet
  facet normal -0.3312 0.739552 -0.585977
    outer loop
      vertex 6.25521 35.9747 58.3702
      vertex 10.2036 36.0318 56.2106
      vertex 10.1727 35.9747 56.156
    endloop
  endfacet
  facet normal 0.295215 0.800036 0.522293
    outer loop
      vertex 8.51325 35.8157 53.2199
      vertex 4.56234 35.8666 55.3751
      vertex 4.59572 35.8157 55.4342
    endloop
  endfacet
  facet normal 0.295461 0.799645 0.522753
    outer loop
      vertex 4.56234 35.8666 55.3751
      vertex 8.51325 35.8157 53.2199
      vertex 8.47988 35.8666 53.1609
    endloop
  endfacet
  facet normal -0.481902 0.202162 -0.852585
    outer loop
      vertex 10.5907 37.411 56.8955
      vertex 6.68164 37.4941 59.1247
      vertex 10.5992 37.4941 56.9104
    endloop
  endfacet
  facet normal -0.481811 0.202924 -0.852455
    outer loop
      vertex 6.68164 37.4941 59.1247
      vertex 10.5907 37.411 56.8955
      vertex 6.67318 37.411 59.1097
    endloop
  endfacet
  facet normal 0.114869 -0.972371 0.203225
    outer loop
      vertex 5.04623 40.6152 56.2313
      vertex 9.00434 40.635 54.0888
      vertex 5.08681 40.635 56.3031
    endloop
  endfacet
  facet normal 0.114869 -0.972371 0.203225
    outer loop
      vertex 9.00434 40.635 54.0888
      vertex 5.04623 40.6152 56.2313
      vertex 8.96376 40.6152 54.017
    endloop
  endfacet
  facet normal -0.256932 0.852855 -0.45456
    outer loop
      vertex 10.006 35.7203 55.861
      vertex 6.05291 35.676 58.0123
      vertex 6.0885 35.7203 58.0753
    endloop
  endfacet
  facet normal -0.257185 0.852527 -0.455031
    outer loop
      vertex 6.05291 35.676 58.0123
      vertex 10.006 35.7203 55.861
      vertex 9.97044 35.676 55.7981
    endloop
  endfacet
  facet normal -0.411149 -0.549355 -0.727438
    outer loop
      vertex 6.49836 39.4467 58.8004
      vertex 10.393 39.5176 56.5456
      vertex 10.4159 39.4467 56.5862
    endloop
  endfacet
  facet normal -0.411367 -0.548719 -0.727794
    outer loop
      vertex 10.393 39.5176 56.5456
      vertex 6.49836 39.4467 58.8004
      vertex 6.47544 39.5176 58.7599
    endloop
  endfacet
  facet normal -0.481902 -0.202162 -0.852585
    outer loop
      vertex 6.68164 38.5059 59.1247
      vertex 10.5907 38.589 56.8955
      vertex 10.5992 38.5059 56.9104
    endloop
  endfacet
  facet normal -0.481811 -0.202924 -0.852455
    outer loop
      vertex 10.5907 38.589 56.8955
      vertex 6.68164 38.5059 59.1247
      vertex 6.67318 38.589 59.1097
    endloop
  endfacet
  facet normal -0.870477 0 0.492209
    outer loop
      vertex 9.29416 40.25 54.6015
      vertex 9.29416 40.7 54.6015
      vertex 9.25243 40.6987 54.5277
    endloop
  endfacet
  facet normal -0.870394 1.49962e-05 0.492356
    outer loop
      vertex 9.25938 40.2489 54.54
      vertex 9.25243 40.6987 54.5277
      vertex 9.21074 40.6947 54.454
    endloop
  endfacet
  facet normal -0.870762 0 0.491704
    outer loop
      vertex 9.29416 40.7 54.6015
      vertex 9.29416 40.25 54.6015
      vertex 9.33589 40.6987 54.6754
    endloop
  endfacet
  facet normal -0.870793 -0.000130503 0.49165
    outer loop
      vertex 9.22464 40.2456 54.4785
      vertex 9.21074 40.6947 54.454
      vertex 9.16913 40.688 54.3803
    endloop
  endfacet
  facet normal -0.870849 3.34565e-05 0.49155
    outer loop
      vertex 9.32893 40.2489 54.6631
      vertex 9.33589 40.6987 54.6754
      vertex 9.29416 40.25 54.6015
    endloop
  endfacet
  facet normal -0.870549 3.47157e-05 0.492081
    outer loop
      vertex 9.18997 40.24 54.4172
      vertex 9.16913 40.688 54.3803
      vertex 9.12764 40.6787 54.3069
    endloop
  endfacet
  facet normal -0.870393 4.32582e-06 0.492357
    outer loop
      vertex 9.33589 40.6987 54.6754
      vertex 9.32893 40.2489 54.6631
      vertex 9.37758 40.6947 54.7491
    endloop
  endfacet
  facet normal -0.870549 -1.16366e-05 0.492082
    outer loop
      vertex 9.1554 40.2323 54.356
      vertex 9.12764 40.6787 54.3069
      vertex 9.08632 40.6668 54.2338
    endloop
  endfacet
  facet normal -0.870347 -1.66794e-05 0.49244
    outer loop
      vertex 9.36367 40.2456 54.7245
      vertex 9.37758 40.6947 54.7491
      vertex 9.32893 40.2489 54.6631
    endloop
  endfacet
  facet normal -0.870471 4.49519e-05 0.49222
    outer loop
      vertex 9.12096 40.2223 54.2951
      vertex 9.08632 40.6668 54.2338
      vertex 9.04521 40.6522 54.1611
    endloop
  endfacet
  facet normal -0.870562 1.09022e-05 0.492058
    outer loop
      vertex 9.37758 40.6947 54.7491
      vertex 9.36367 40.2456 54.7245
      vertex 9.41918 40.688 54.8227
    endloop
  endfacet
  facet normal -0.870539 3.43224e-06 0.4921
    outer loop
      vertex 9.0867 40.2101 54.2345
      vertex 9.04521 40.6522 54.1611
      vertex 9.00434 40.635 54.0888
    endloop
  endfacet
  facet normal -0.870707 8.60236e-05 0.491802
    outer loop
      vertex 9.39835 40.24 54.7859
      vertex 9.41918 40.688 54.8227
      vertex 9.36367 40.2456 54.7245
    endloop
  endfacet
  facet normal -0.870581 4.32311e-05 0.492024
    outer loop
      vertex 9.05264 40.1958 54.1743
      vertex 9.00434 40.635 54.0888
      vertex 8.96376 40.6152 54.017
    endloop
  endfacet
  facet normal -0.870544 5.47604e-05 0.49209
    outer loop
      vertex 9.41918 40.688 54.8227
      vertex 9.39835 40.24 54.7859
      vertex 9.46067 40.6787 54.8961
    endloop
  endfacet
  facet normal -0.87048 2.75679e-05 0.492204
    outer loop
      vertex 9.01882 40.1793 54.1144
      vertex 8.96376 40.6152 54.017
      vertex 8.9235 40.5928 53.9458
    endloop
  endfacet
  facet normal -0.870351 -5.86044e-05 0.492432
    outer loop
      vertex 9.43292 40.2323 54.847
      vertex 9.46067 40.6787 54.8961
      vertex 9.39835 40.24 54.7859
    endloop
  endfacet
  facet normal -0.870632 -4.43074e-05 0.491935
    outer loop
      vertex 8.98528 40.1607 54.0551
      vertex 8.9235 40.5928 53.9458
      vertex 8.88361 40.5679 53.8752
    endloop
  endfacet
  facet normal -0.87055 -7.52188e-06 0.49208
    outer loop
      vertex 9.46067 40.6787 54.8961
      vertex 9.43292 40.2323 54.847
      vertex 9.50199 40.6668 54.9692
    endloop
  endfacet
  facet normal -0.870661 -8.35375e-06 0.491883
    outer loop
      vertex 8.95203 40.1399 53.9963
      vertex 8.88361 40.5679 53.8752
      vertex 8.84412 40.5404 53.8053
    endloop
  endfacet
  facet normal -0.870845 0.000186063 0.491558
    outer loop
      vertex 9.46735 40.2223 54.908
      vertex 9.50199 40.6668 54.9692
      vertex 9.43292 40.2323 54.847
    endloop
  endfacet
  facet normal -0.870371 0.000128947 0.492397
    outer loop
      vertex 8.91913 40.117 53.938
      vertex 8.84412 40.5404 53.8053
      vertex 8.80508 40.5104 53.7363
    endloop
  endfacet
  facet normal -0.870743 0.000153446 0.491738
    outer loop
      vertex 9.50199 40.6668 54.9692
      vertex 9.46735 40.2223 54.908
      vertex 9.5431 40.6522 55.042
    endloop
  endfacet
  facet normal -0.870769 -0.000177514 0.491693
    outer loop
      vertex 8.88659 40.092 53.8805
      vertex 8.80508 40.5104 53.7363
      vertex 8.76652 40.4779 53.668
    endloop
  endfacet
  facet normal -0.870516 -1.22622e-05 0.492141
    outer loop
      vertex 9.50161 40.2101 54.9686
      vertex 9.5431 40.6522 55.042
      vertex 9.46735 40.2223 54.908
    endloop
  endfacet
  facet normal -0.870608 -2.34256e-05 0.491977
    outer loop
      vertex 8.85446 40.0649 53.8236
      vertex 8.76652 40.4779 53.668
      vertex 8.72849 40.443 53.6007
    endloop
  endfacet
  facet normal -0.870539 -3.43224e-06 0.4921
    outer loop
      vertex 9.5431 40.6522 55.042
      vertex 9.50161 40.2101 54.9686
      vertex 9.58397 40.635 55.1143
    endloop
  endfacet
  facet normal -0.870493 8.46842e-05 0.492181
    outer loop
      vertex 8.82276 40.0359 53.7675
      vertex 8.72849 40.443 53.6007
      vertex 8.691 40.4057 53.5344
    endloop
  endfacet
  facet normal -0.870367 -0.000140643 0.492403
    outer loop
      vertex 9.53567 40.1958 55.0288
      vertex 9.58397 40.635 55.1143
      vertex 9.50161 40.2101 54.9686
    endloop
  endfacet
  facet normal -0.870447 0.000167686 0.492261
    outer loop
      vertex 8.79153 40.0048 53.7123
      vertex 8.691 40.4057 53.5344
      vertex 8.65412 40.366 53.4692
    endloop
  endfacet
  facet normal -0.870581 -4.32311e-05 0.492024
    outer loop
      vertex 9.58397 40.635 55.1143
      vertex 9.53567 40.1958 55.0288
      vertex 9.62455 40.6152 55.1861
    endloop
  endfacet
  facet normal -0.87072 -0.000205346 0.491779
    outer loop
      vertex 8.76079 39.9717 53.6579
      vertex 8.65412 40.366 53.4692
      vertex 8.61787 40.324 53.405
    endloop
  endfacet
  facet normal -0.870775 0.000126481 0.491681
    outer loop
      vertex 9.56949 40.1793 55.0887
      vertex 9.62455 40.6152 55.1861
      vertex 9.53567 40.1958 55.0288
    endloop
  endfacet
  facet normal -0.870424 0.000281742 0.492304
    outer loop
      vertex 8.73058 39.9367 53.6045
      vertex 8.61787 40.324 53.405
      vertex 8.58228 40.2797 53.3421
    endloop
  endfacet
  facet normal -0.87048 -2.75679e-05 0.492204
    outer loop
      vertex 9.62455 40.6152 55.1861
      vertex 9.56949 40.1793 55.0887
      vertex 9.66481 40.5928 55.2573
    endloop
  endfacet
  facet normal -0.870431 -7.45278e-05 0.492291
    outer loop
      vertex 9.60303 40.1607 55.148
      vertex 9.66481 40.5928 55.2573
      vertex 9.56949 40.1793 55.0887
    endloop
  endfacet
  facet normal -0.870447 1.16054e-05 0.492262
    outer loop
      vertex 9.25243 40.6987 54.5277
      vertex 9.25938 40.2489 54.54
      vertex 9.29416 40.25 54.6015
    endloop
  endfacet
  facet normal -0.870687 -0.000116928 0.491838
    outer loop
      vertex 9.21074 40.6947 54.454
      vertex 9.22464 40.2456 54.4785
      vertex 9.25938 40.2489 54.54
    endloop
  endfacet
  facet normal -0.87043 5.76008e-05 0.492292
    outer loop
      vertex 9.16913 40.688 54.3803
      vertex 9.18997 40.24 54.4172
      vertex 9.22464 40.2456 54.4785
    endloop
  endfacet
  facet normal -0.870531 1.59029e-05 0.492113
    outer loop
      vertex 8.70093 39.8997 53.552
      vertex 8.58228 40.2797 53.3421
      vertex 8.5474 40.2331 53.2804
    endloop
  endfacet
  facet normal -0.87069 -4.7939e-05 0.491832
    outer loop
      vertex 9.12764 40.6787 54.3069
      vertex 9.1554 40.2323 54.356
      vertex 9.18997 40.24 54.4172
    endloop
  endfacet
  facet normal -0.870455 5.0184e-05 0.492249
    outer loop
      vertex 9.08632 40.6668 54.2338
      vertex 9.12096 40.2223 54.2951
      vertex 9.1554 40.2323 54.356
    endloop
  endfacet
  facet normal -0.870516 1.22622e-05 0.492141
    outer loop
      vertex 9.04521 40.6522 54.1611
      vertex 9.0867 40.2101 54.2345
      vertex 9.12096 40.2223 54.2951
    endloop
  endfacet
  facet normal -0.870367 0.000140643 0.492403
    outer loop
      vertex 9.00434 40.635 54.0888
      vertex 9.05264 40.1958 54.1743
      vertex 9.0867 40.2101 54.2345
    endloop
  endfacet
  facet normal -0.870754 -0.000261772 0.491719
    outer loop
      vertex 8.67186 39.8609 53.5006
      vertex 8.5474 40.2331 53.2804
      vertex 8.51325 40.1843 53.2199
    endloop
  endfacet
  facet normal -0.870775 -0.000126481 0.491681
    outer loop
      vertex 8.96376 40.6152 54.017
      vertex 9.01882 40.1793 54.1144
      vertex 9.05264 40.1958 54.1743
    endloop
  endfacet
  facet normal -0.870431 7.45278e-05 0.492291
    outer loop
      vertex 8.9235 40.5928 53.9458
      vertex 8.98528 40.1607 54.0551
      vertex 9.01882 40.1793 54.1144
    endloop
  endfacet
  facet normal -0.870483 0.000109387 0.492199
    outer loop
      vertex 8.88361 40.5679 53.8752
      vertex 8.95203 40.1399 53.9963
      vertex 8.98528 40.1607 54.0551
    endloop
  endfacet
  facet normal -0.870483 0.000164168 0.492198
    outer loop
      vertex 8.6434 39.8203 53.4502
      vertex 8.51325 40.1843 53.2199
      vertex 8.47988 40.1334 53.1609
    endloop
  endfacet
  facet normal -0.870858 -0.000227837 0.491534
    outer loop
      vertex 8.84412 40.5404 53.8053
      vertex 8.91913 40.117 53.938
      vertex 8.95203 40.1399 53.9963
    endloop
  endfacet
  facet normal -0.870335 0.000171248 0.49246
    outer loop
      vertex 8.80508 40.5104 53.7363
      vertex 8.88659 40.092 53.8805
      vertex 8.91913 40.117 53.938
    endloop
  endfacet
  facet normal -0.870468 0.000145795 0.492224
    outer loop
      vertex 8.61559 39.7778 53.401
      vertex 8.47988 40.1334 53.1609
      vertex 8.4473 40.0804 53.1033
    endloop
  endfacet
  facet normal -0.870737 -0.00013691 0.491749
    outer loop
      vertex 8.76652 40.4779 53.668
      vertex 8.85446 40.0649 53.8236
      vertex 8.88659 40.092 53.8805
    endloop
  endfacet
  facet normal -0.870614 -3.1049e-05 0.491967
    outer loop
      vertex 8.72849 40.443 53.6007
      vertex 8.82276 40.0359 53.7675
      vertex 8.85446 40.0649 53.8236
    endloop
  endfacet
  facet normal -0.87069 -0.000252724 0.491832
    outer loop
      vertex 8.58845 39.7337 53.353
      vertex 8.4473 40.0804 53.1033
      vertex 8.41557 40.0253 53.0471
    endloop
  endfacet
  facet normal -0.87041 0.000206445 0.492328
    outer loop
      vertex 8.691 40.4057 53.5344
      vertex 8.79153 40.0048 53.7123
      vertex 8.82276 40.0359 53.7675
    endloop
  endfacet
  facet normal -0.870598 -6.94696e-05 0.491994
    outer loop
      vertex 8.65412 40.366 53.4692
      vertex 8.76079 39.9717 53.6579
      vertex 8.79153 40.0048 53.7123
    endloop
  endfacet
  facet normal -0.87054 8.74939e-05 0.492098
    outer loop
      vertex 8.562 39.6878 53.3062
      vertex 8.41557 40.0253 53.0471
      vertex 8.3847 39.9682 52.9925
    endloop
  endfacet
  facet normal -0.870444 0.000257411 0.492268
    outer loop
      vertex 8.61787 40.324 53.405
      vertex 8.73058 39.9367 53.6045
      vertex 8.76079 39.9717 53.6579
    endloop
  endfacet
  facet normal -0.870527 0.000124362 0.49212
    outer loop
      vertex 8.53627 39.6402 53.2607
      vertex 8.3847 39.9682 52.9925
      vertex 8.35473 39.9092 52.9395
    endloop
  endfacet
  facet normal -0.87068 -0.000175604 0.49185
    outer loop
      vertex 8.58228 40.2797 53.3421
      vertex 8.70093 39.8997 53.552
      vertex 8.73058 39.9367 53.6045
    endloop
  endfacet
  facet normal -0.870474 0.000124871 0.492215
    outer loop
      vertex 8.5474 40.2331 53.2804
      vertex 8.67186 39.8609 53.5006
      vertex 8.70093 39.8997 53.552
    endloop
  endfacet
  facet normal -0.870567 -2.22196e-05 0.492049
    outer loop
      vertex 8.5113 39.591 53.2165
      vertex 8.35473 39.9092 52.9395
      vertex 8.32568 39.8483 52.8881
    endloop
  endfacet
  facet normal -0.870706 -0.00016417 0.491805
    outer loop
      vertex 8.51325 40.1843 53.2199
      vertex 8.6434 39.8203 53.4502
      vertex 8.67186 39.8609 53.5006
    endloop
  endfacet
  facet normal -0.870579 1.11807e-05 0.492029
    outer loop
      vertex 8.48709 39.5402 53.1737
      vertex 8.32568 39.8483 52.8881
      vertex 8.29759 39.7855 52.8384
    endloop
  endfacet
  facet normal -0.870556 7.82564e-06 0.49207
    outer loop
      vertex 8.47988 40.1334 53.1609
      vertex 8.61559 39.7778 53.401
      vertex 8.6434 39.8203 53.4502
    endloop
  endfacet
  facet normal -0.870509 5.21927e-05 0.492152
    outer loop
      vertex 8.4473 40.0804 53.1033
      vertex 8.58845 39.7337 53.353
      vertex 8.61559 39.7778 53.401
    endloop
  endfacet
  facet normal -0.870636 -0.000283486 0.491928
    outer loop
      vertex 8.46369 39.488 53.1322
      vertex 8.29759 39.7855 52.8384
      vertex 8.27049 39.721 52.7904
    endloop
  endfacet
  facet normal -0.870584 8.52105e-06 0.49202
    outer loop
      vertex 8.41557 40.0253 53.0471
      vertex 8.562 39.6878 53.3062
      vertex 8.58845 39.7337 53.353
    endloop
  endfacet
  facet normal -0.870444 0.000379268 0.492267
    outer loop
      vertex 8.4411 39.4342 53.0923
      vertex 8.27049 39.721 52.7904
      vertex 8.24439 39.6548 52.7443
    endloop
  endfacet
  facet normal -0.870521 0.000136786 0.492132
    outer loop
      vertex 8.3847 39.9682 52.9925
      vertex 8.53627 39.6402 53.2607
      vertex 8.562 39.6878 53.3062
    endloop
  endfacet
  facet normal -0.870614 -0.000116447 0.491967
    outer loop
      vertex 8.35473 39.9092 52.9395
      vertex 8.5113 39.591 53.2165
      vertex 8.53627 39.6402 53.2607
    endloop
  endfacet
  facet normal -0.870654 -0.000318449 0.491896
    outer loop
      vertex 8.41935 39.379 53.0538
      vertex 8.24439 39.6548 52.7443
      vertex 8.21933 39.587 52.6999
    endloop
  endfacet
  facet normal -0.870496 0.000189468 0.492175
    outer loop
      vertex 8.32568 39.8483 52.8881
      vertex 8.48709 39.5402 53.1737
      vertex 8.5113 39.591 53.2165
    endloop
  endfacet
  facet normal -0.870486 0.000326656 0.492193
    outer loop
      vertex 8.39847 39.3225 53.0169
      vertex 8.21933 39.587 52.6999
      vertex 8.19533 39.5176 52.6575
    endloop
  endfacet
  facet normal -0.870762 -0.000573428 0.491705
    outer loop
      vertex 8.29759 39.7855 52.8384
      vertex 8.46369 39.488 53.1322
      vertex 8.48709 39.5402 53.1737
    endloop
  endfacet
  facet normal -0.870663 -0.000331194 0.491881
    outer loop
      vertex 8.37847 39.2647 52.9815
      vertex 8.19533 39.5176 52.6575
      vertex 8.17242 39.4467 52.6169
    endloop
  endfacet
  facet normal -0.870438 0.00039558 0.492278
    outer loop
      vertex 8.27049 39.721 52.7904
      vertex 8.4411 39.4342 53.0923
      vertex 8.46369 39.488 53.1322
    endloop
  endfacet
  facet normal -0.870584 -0.000136232 0.492019
    outer loop
      vertex 8.24439 39.6548 52.7443
      vertex 8.41935 39.379 53.0538
      vertex 8.4411 39.4342 53.0923
    endloop
  endfacet
  facet normal -0.870441 0.00044016 0.492273
    outer loop
      vertex 8.35938 39.2056 52.9477
      vertex 8.17242 39.4467 52.6169
      vertex 8.15061 39.3744 52.5784
    endloop
  endfacet
  facet normal -0.870505 0.00027351 0.49216
    outer loop
      vertex 8.21933 39.587 52.6999
      vertex 8.39847 39.3225 53.0169
      vertex 8.41935 39.379 53.0538
    endloop
  endfacet
  facet normal -0.870582 -6.01924e-05 0.492024
    outer loop
      vertex 8.3412 39.1453 52.9156
      vertex 8.15061 39.3744 52.5784
      vertex 8.12993 39.3007 52.5418
    endloop
  endfacet
  facet normal -0.870585 -9.92623e-05 0.492018
    outer loop
      vertex 8.19533 39.5176 52.6575
      vertex 8.37847 39.2647 52.9815
      vertex 8.39847 39.3225 53.0169
    endloop
  endfacet
  facet normal -0.870627 -0.000239449 0.491944
    outer loop
      vertex 8.32397 39.0839 52.8851
      vertex 8.12993 39.3007 52.5418
      vertex 8.1104 39.2258 52.5072
    endloop
  endfacet
  facet normal -0.87062 -0.000134399 0.491955
    outer loop
      vertex 8.17242 39.4467 52.6169
      vertex 8.35938 39.2056 52.9477
      vertex 8.37847 39.2647 52.9815
    endloop
  endfacet
  facet normal -0.8706 -7.26522e-05 0.491992
    outer loop
      vertex 8.3077 39.0215 52.8563
      vertex 8.1104 39.2258 52.5072
      vertex 8.09204 39.1496 52.4747
    endloop
  endfacet
  facet normal -0.870451 0.000388488 0.492255
    outer loop
      vertex 8.15061 39.3744 52.5784
      vertex 8.3412 39.1453 52.9156
      vertex 8.35938 39.2056 52.9477
    endloop
  endfacet
  facet normal -0.870589 -9.93799e-05 0.492011
    outer loop
      vertex 8.12993 39.3007 52.5418
      vertex 8.32397 39.0839 52.8851
      vertex 8.3412 39.1453 52.9156
    endloop
  endfacet
  facet normal -0.870598 -0.000109495 0.491995
    outer loop
      vertex 8.2924 38.958 52.8292
      vertex 8.09204 39.1496 52.4747
      vertex 8.07487 39.0723 52.4443
    endloop
  endfacet
  facet normal -0.8706 -7.49843e-05 0.491991
    outer loop
      vertex 8.1104 39.2258 52.5072
      vertex 8.3077 39.0215 52.8563
      vertex 8.32397 39.0839 52.8851
    endloop
  endfacet
  facet normal -0.870538 0.000321946 0.492101
    outer loop
      vertex 8.27808 38.8936 52.8039
      vertex 8.07487 39.0723 52.4443
      vertex 8.0589 38.9939 52.4161
    endloop
  endfacet
  facet normal -0.870616 -0.000185606 0.491963
    outer loop
      vertex 8.09204 39.1496 52.4747
      vertex 8.2924 38.958 52.8292
      vertex 8.3077 39.0215 52.8563
    endloop
  endfacet
  facet normal -0.870532 6.25307e-05 0.492111
    outer loop
      vertex 8.26477 38.8283 52.7803
      vertex 8.0589 38.9939 52.4161
      vertex 8.04414 38.9146 52.39
    endloop
  endfacet
  facet normal -0.870551 0.000259756 0.492078
    outer loop
      vertex 8.07487 39.0723 52.4443
      vertex 8.27808 38.8936 52.8039
      vertex 8.2924 38.958 52.8292
    endloop
  endfacet
  facet normal -0.87056 1.20471e-05 0.492063
    outer loop
      vertex 8.25248 38.7622 52.7586
      vertex 8.04414 38.9146 52.39
      vertex 8.03063 38.8343 52.3661
    endloop
  endfacet
  facet normal -0.870612 -0.000346793 0.49197
    outer loop
      vertex 8.0589 38.9939 52.4161
      vertex 8.26477 38.8283 52.7803
      vertex 8.27808 38.8936 52.8039
    endloop
  endfacet
  facet normal -0.870511 0.000286778 0.492149
    outer loop
      vertex 8.04414 38.9146 52.39
      vertex 8.25248 38.7622 52.7586
      vertex 8.26477 38.8283 52.7803
    endloop
  endfacet
  facet normal -0.870507 0.000123643 0.492157
    outer loop
      vertex 8.24121 38.6953 52.7386
      vertex 8.03063 38.8343 52.3661
      vertex 8.01835 38.7533 52.3444
    endloop
  endfacet
  facet normal -0.870594 -0.000425079 0.492002
    outer loop
      vertex 8.03063 38.8343 52.3661
      vertex 8.24121 38.6953 52.7386
      vertex 8.25248 38.7622 52.7586
    endloop
  endfacet
  facet normal -0.870575 -0.000118392 0.492036
    outer loop
      vertex 8.23099 38.6277 52.7206
      vertex 8.01835 38.7533 52.3444
      vertex 8.00734 38.6715 52.3249
    endloop
  endfacet
  facet normal -0.87048 0.000542055 0.492203
    outer loop
      vertex 8.01835 38.7533 52.3444
      vertex 8.23099 38.6277 52.7206
      vertex 8.24121 38.6953 52.7386
    endloop
  endfacet
  facet normal -0.870586 -0.000392252 0.492016
    outer loop
      vertex 8.22181 38.5596 52.7043
      vertex 8.00734 38.6715 52.3249
      vertex 7.9976 38.589 52.3076
    endloop
  endfacet
  facet normal -0.870588 -0.000408178 0.492012
    outer loop
      vertex 8.00734 38.6715 52.3249
      vertex 8.22181 38.5596 52.7043
      vertex 8.23099 38.6277 52.7206
    endloop
  endfacet
  facet normal -0.870503 0.000480407 0.492163
    outer loop
      vertex 8.21369 38.4908 52.6899
      vertex 7.9976 38.589 52.3076
      vertex 7.98913 38.5059 52.2927
    endloop
  endfacet
  facet normal -0.870581 -0.000233065 0.492025
    outer loop
      vertex 7.9976 38.589 52.3076
      vertex 8.21369 38.4908 52.6899
      vertex 8.22181 38.5596 52.7043
    endloop
  endfacet
  facet normal -0.870557 -8.81271e-05 0.492067
    outer loop
      vertex 8.20664 38.4216 52.6775
      vertex 7.98913 38.5059 52.2927
      vertex 7.98196 38.4224 52.28
    endloop
  endfacet
  facet normal -0.870502 0.000494366 0.492164
    outer loop
      vertex 7.98913 38.5059 52.2927
      vertex 8.20664 38.4216 52.6775
      vertex 8.21369 38.4908 52.6899
    endloop
  endfacet
  facet normal -0.870557 -0.000143381 0.492067
    outer loop
      vertex 7.98196 38.4224 52.28
      vertex 8.20066 38.352 52.6669
      vertex 8.20664 38.4216 52.6775
    endloop
  endfacet
  facet normal -0.870545 1.28885e-05 0.492089
    outer loop
      vertex 7.97608 38.3384 52.2696
      vertex 8.20066 38.352 52.6669
      vertex 7.98196 38.4224 52.28
    endloop
  endfacet
  facet normal -0.870542 -0.00022244 0.492095
    outer loop
      vertex 7.97608 38.3384 52.2696
      vertex 8.19576 38.282 52.6582
      vertex 8.20066 38.352 52.6669
    endloop
  endfacet
  facet normal -0.870527 9.95912e-06 0.49212
    outer loop
      vertex 7.9715 38.2541 52.2615
      vertex 8.19576 38.282 52.6582
      vertex 7.97608 38.3384 52.2696
    endloop
  endfacet
  facet normal -0.870539 0.000403889 0.492099
    outer loop
      vertex 7.9715 38.2541 52.2615
      vertex 8.19194 38.2117 52.6515
      vertex 8.19576 38.282 52.6582
    endloop
  endfacet
  facet normal -0.870557 1.69712e-05 0.492067
    outer loop
      vertex 7.96822 38.1695 52.2557
      vertex 8.19194 38.2117 52.6515
      vertex 7.9715 38.2541 52.2615
    endloop
  endfacet
  facet normal -0.870534 -0.000493976 0.492109
    outer loop
      vertex 7.96822 38.1695 52.2557
      vertex 8.18921 38.1413 52.6466
      vertex 8.19194 38.2117 52.6515
    endloop
  endfacet
  facet normal -0.870524 -0.000191391 0.492125
    outer loop
      vertex 7.96626 38.0848 52.2522
      vertex 8.18921 38.1413 52.6466
      vertex 7.96822 38.1695 52.2557
    endloop
  endfacet
  facet normal -0.870537 8.20822e-06 0.492104
    outer loop
      vertex 7.96626 38.0848 52.2522
      vertex 8.18757 38.0707 52.6437
      vertex 8.18921 38.1413 52.6466
    endloop
  endfacet
  facet normal -0.87054 -0.000188228 0.492098
    outer loop
      vertex 7.9656 38 52.251
      vertex 8.18757 38.0707 52.6437
      vertex 7.96626 38.0848 52.2522
    endloop
  endfacet
  facet normal -0.870584 0.000386102 0.49202
    outer loop
      vertex 7.9656 38 52.251
      vertex 8.18703 38 52.6428
      vertex 8.18757 38.0707 52.6437
    endloop
  endfacet
  facet normal -0.870584 -0.000386102 0.49202
    outer loop
      vertex 7.9656 38 52.251
      vertex 8.18757 37.9293 52.6437
      vertex 8.18703 38 52.6428
    endloop
  endfacet
  facet normal -0.87054 0.000188228 0.492098
    outer loop
      vertex 7.96626 37.9152 52.2522
      vertex 8.18757 37.9293 52.6437
      vertex 7.9656 38 52.251
    endloop
  endfacet
  facet normal -0.870537 -8.20822e-06 0.492104
    outer loop
      vertex 7.96626 37.9152 52.2522
      vertex 8.18921 37.8587 52.6466
      vertex 8.18757 37.9293 52.6437
    endloop
  endfacet
  facet normal -0.870524 0.000191391 0.492125
    outer loop
      vertex 7.96822 37.8305 52.2557
      vertex 8.18921 37.8587 52.6466
      vertex 7.96626 37.9152 52.2522
    endloop
  endfacet
  facet normal -0.870534 0.000493976 0.492109
    outer loop
      vertex 7.96822 37.8305 52.2557
      vertex 8.19194 37.7883 52.6515
      vertex 8.18921 37.8587 52.6466
    endloop
  endfacet
  facet normal -0.870557 -1.69712e-05 0.492067
    outer loop
      vertex 7.9715 37.7459 52.2615
      vertex 8.19194 37.7883 52.6515
      vertex 7.96822 37.8305 52.2557
    endloop
  endfacet
  facet normal -0.870539 -0.000403889 0.492099
    outer loop
      vertex 7.9715 37.7459 52.2615
      vertex 8.19576 37.718 52.6582
      vertex 8.19194 37.7883 52.6515
    endloop
  endfacet
  facet normal -0.870527 -9.95912e-06 0.49212
    outer loop
      vertex 7.97608 37.6616 52.2696
      vertex 8.19576 37.718 52.6582
      vertex 7.9715 37.7459 52.2615
    endloop
  endfacet
  facet normal -0.870542 0.00022244 0.492095
    outer loop
      vertex 7.97608 37.6616 52.2696
      vertex 8.20066 37.648 52.6669
      vertex 8.19576 37.718 52.6582
    endloop
  endfacet
  facet normal -0.870545 -1.28885e-05 0.492089
    outer loop
      vertex 7.98196 37.5776 52.28
      vertex 8.20066 37.648 52.6669
      vertex 7.97608 37.6616 52.2696
    endloop
  endfacet
  facet normal -0.870557 0.000143381 0.492067
    outer loop
      vertex 8.20066 37.648 52.6669
      vertex 7.98196 37.5776 52.28
      vertex 8.20664 37.5784 52.6775
    endloop
  endfacet
  facet normal -0.870557 8.81271e-05 0.492067
    outer loop
      vertex 7.98913 37.4941 52.2927
      vertex 8.20664 37.5784 52.6775
      vertex 7.98196 37.5776 52.28
    endloop
  endfacet
  facet normal -0.870502 -0.000494366 0.492164
    outer loop
      vertex 8.20664 37.5784 52.6775
      vertex 7.98913 37.4941 52.2927
      vertex 8.21369 37.5092 52.6899
    endloop
  endfacet
  facet normal -0.870503 -0.000480407 0.492163
    outer loop
      vertex 7.9976 37.411 52.3076
      vertex 8.21369 37.5092 52.6899
      vertex 7.98913 37.4941 52.2927
    endloop
  endfacet
  facet normal -0.870581 0.000233065 0.492025
    outer loop
      vertex 8.21369 37.5092 52.6899
      vertex 7.9976 37.411 52.3076
      vertex 8.22181 37.4404 52.7043
    endloop
  endfacet
  facet normal -0.870586 0.000392252 0.492016
    outer loop
      vertex 8.00734 37.3285 52.3249
      vertex 8.22181 37.4404 52.7043
      vertex 7.9976 37.411 52.3076
    endloop
  endfacet
  facet normal -0.870588 0.000408178 0.492012
    outer loop
      vertex 8.22181 37.4404 52.7043
      vertex 8.00734 37.3285 52.3249
      vertex 8.23099 37.3723 52.7206
    endloop
  endfacet
  facet normal -0.870575 0.000118392 0.492036
    outer loop
      vertex 8.01835 37.2467 52.3444
      vertex 8.23099 37.3723 52.7206
      vertex 8.00734 37.3285 52.3249
    endloop
  endfacet
  facet normal -0.87048 -0.000542055 0.492203
    outer loop
      vertex 8.23099 37.3723 52.7206
      vertex 8.01835 37.2467 52.3444
      vertex 8.24121 37.3047 52.7386
    endloop
  endfacet
  facet normal -0.870507 -0.000123643 0.492157
    outer loop
      vertex 8.03063 37.1657 52.3661
      vertex 8.24121 37.3047 52.7386
      vertex 8.01835 37.2467 52.3444
    endloop
  endfacet
  facet normal -0.870594 0.000425079 0.492002
    outer loop
      vertex 8.24121 37.3047 52.7386
      vertex 8.03063 37.1657 52.3661
      vertex 8.25248 37.2378 52.7586
    endloop
  endfacet
  facet normal -0.87056 -1.20471e-05 0.492063
    outer loop
      vertex 8.04414 37.0854 52.39
      vertex 8.25248 37.2378 52.7586
      vertex 8.03063 37.1657 52.3661
    endloop
  endfacet
  facet normal -0.870511 -0.000286778 0.492149
    outer loop
      vertex 8.25248 37.2378 52.7586
      vertex 8.04414 37.0854 52.39
      vertex 8.26477 37.1717 52.7803
    endloop
  endfacet
  facet normal -0.870532 -6.25307e-05 0.492111
    outer loop
      vertex 8.0589 37.0061 52.4161
      vertex 8.26477 37.1717 52.7803
      vertex 8.04414 37.0854 52.39
    endloop
  endfacet
  facet normal -0.870612 0.000346793 0.49197
    outer loop
      vertex 8.26477 37.1717 52.7803
      vertex 8.0589 37.0061 52.4161
      vertex 8.27808 37.1064 52.8039
    endloop
  endfacet
  facet normal -0.870538 -0.000321946 0.492101
    outer loop
      vertex 8.07487 36.9277 52.4443
      vertex 8.27808 37.1064 52.8039
      vertex 8.0589 37.0061 52.4161
    endloop
  endfacet
  facet normal -0.870551 -0.000259756 0.492078
    outer loop
      vertex 8.27808 37.1064 52.8039
      vertex 8.07487 36.9277 52.4443
      vertex 8.2924 37.042 52.8292
    endloop
  endfacet
  facet normal -0.870598 0.000109495 0.491995
    outer loop
      vertex 8.09204 36.8504 52.4747
      vertex 8.2924 37.042 52.8292
      vertex 8.07487 36.9277 52.4443
    endloop
  endfacet
  facet normal -0.870616 0.000185606 0.491963
    outer loop
      vertex 8.2924 37.042 52.8292
      vertex 8.09204 36.8504 52.4747
      vertex 8.3077 36.9785 52.8563
    endloop
  endfacet
  facet normal -0.8706 7.26522e-05 0.491992
    outer loop
      vertex 8.1104 36.7742 52.5072
      vertex 8.3077 36.9785 52.8563
      vertex 8.09204 36.8504 52.4747
    endloop
  endfacet
  facet normal -0.8706 7.49843e-05 0.491991
    outer loop
      vertex 8.3077 36.9785 52.8563
      vertex 8.1104 36.7742 52.5072
      vertex 8.32397 36.9161 52.8851
    endloop
  endfacet
  facet normal -0.870627 0.000239449 0.491944
    outer loop
      vertex 8.12993 36.6993 52.5418
      vertex 8.32397 36.9161 52.8851
      vertex 8.1104 36.7742 52.5072
    endloop
  endfacet
  facet normal -0.870589 9.93799e-05 0.492011
    outer loop
      vertex 8.32397 36.9161 52.8851
      vertex 8.12993 36.6993 52.5418
      vertex 8.3412 36.8547 52.9156
    endloop
  endfacet
  facet normal -0.870582 6.01924e-05 0.492024
    outer loop
      vertex 8.15061 36.6256 52.5784
      vertex 8.3412 36.8547 52.9156
      vertex 8.12993 36.6993 52.5418
    endloop
  endfacet
  facet normal -0.870451 -0.000388488 0.492255
    outer loop
      vertex 8.3412 36.8547 52.9156
      vertex 8.15061 36.6256 52.5784
      vertex 8.35938 36.7944 52.9477
    endloop
  endfacet
  facet normal -0.870441 -0.00044016 0.492273
    outer loop
      vertex 8.17242 36.5533 52.6169
      vertex 8.35938 36.7944 52.9477
      vertex 8.15061 36.6256 52.5784
    endloop
  endfacet
  facet normal -0.87062 0.000134399 0.491955
    outer loop
      vertex 8.35938 36.7944 52.9477
      vertex 8.17242 36.5533 52.6169
      vertex 8.37847 36.7353 52.9815
    endloop
  endfacet
  facet normal -0.870663 0.000331194 0.491881
    outer loop
      vertex 8.19533 36.4824 52.6575
      vertex 8.37847 36.7353 52.9815
      vertex 8.17242 36.5533 52.6169
    endloop
  endfacet
  facet normal -0.870585 9.92623e-05 0.492018
    outer loop
      vertex 8.37847 36.7353 52.9815
      vertex 8.19533 36.4824 52.6575
      vertex 8.39847 36.6775 53.0169
    endloop
  endfacet
  facet normal -0.870486 -0.000326656 0.492193
    outer loop
      vertex 8.21933 36.413 52.6999
      vertex 8.39847 36.6775 53.0169
      vertex 8.19533 36.4824 52.6575
    endloop
  endfacet
  facet normal -0.870505 -0.00027351 0.49216
    outer loop
      vertex 8.39847 36.6775 53.0169
      vertex 8.21933 36.413 52.6999
      vertex 8.41935 36.621 53.0538
    endloop
  endfacet
  facet normal -0.870654 0.000318449 0.491896
    outer loop
      vertex 8.24439 36.3452 52.7443
      vertex 8.41935 36.621 53.0538
      vertex 8.21933 36.413 52.6999
    endloop
  endfacet
  facet normal -0.870584 0.000136232 0.492019
    outer loop
      vertex 8.41935 36.621 53.0538
      vertex 8.24439 36.3452 52.7443
      vertex 8.4411 36.5658 53.0923
    endloop
  endfacet
  facet normal -0.870444 -0.000379268 0.492267
    outer loop
      vertex 8.27049 36.279 52.7904
      vertex 8.4411 36.5658 53.0923
      vertex 8.24439 36.3452 52.7443
    endloop
  endfacet
  facet normal -0.870438 -0.00039558 0.492278
    outer loop
      vertex 8.4411 36.5658 53.0923
      vertex 8.27049 36.279 52.7904
      vertex 8.46369 36.512 53.1322
    endloop
  endfacet
  facet normal -0.870636 0.000283486 0.491928
    outer loop
      vertex 8.29759 36.2145 52.8384
      vertex 8.46369 36.512 53.1322
      vertex 8.27049 36.279 52.7904
    endloop
  endfacet
  facet normal -0.870762 0.000573428 0.491705
    outer loop
      vertex 8.46369 36.512 53.1322
      vertex 8.29759 36.2145 52.8384
      vertex 8.48709 36.4598 53.1737
    endloop
  endfacet
  facet normal -0.870579 -1.11807e-05 0.492029
    outer loop
      vertex 8.32568 36.1517 52.8881
      vertex 8.48709 36.4598 53.1737
      vertex 8.29759 36.2145 52.8384
    endloop
  endfacet
  facet normal -0.870496 -0.000189468 0.492175
    outer loop
      vertex 8.48709 36.4598 53.1737
      vertex 8.32568 36.1517 52.8881
      vertex 8.5113 36.409 53.2165
    endloop
  endfacet
  facet normal -0.870567 2.22196e-05 0.492049
    outer loop
      vertex 8.35473 36.0908 52.9395
      vertex 8.5113 36.409 53.2165
      vertex 8.32568 36.1517 52.8881
    endloop
  endfacet
  facet normal -0.870614 0.000116447 0.491967
    outer loop
      vertex 8.5113 36.409 53.2165
      vertex 8.35473 36.0908 52.9395
      vertex 8.53627 36.3598 53.2607
    endloop
  endfacet
  facet normal -0.870527 -0.000124362 0.49212
    outer loop
      vertex 8.3847 36.0318 52.9925
      vertex 8.53627 36.3598 53.2607
      vertex 8.35473 36.0908 52.9395
    endloop
  endfacet
  facet normal -0.870521 -0.000136786 0.492132
    outer loop
      vertex 8.53627 36.3598 53.2607
      vertex 8.3847 36.0318 52.9925
      vertex 8.562 36.3122 53.3062
    endloop
  endfacet
  facet normal -0.87054 -8.74939e-05 0.492098
    outer loop
      vertex 8.41557 35.9747 53.0471
      vertex 8.562 36.3122 53.3062
      vertex 8.3847 36.0318 52.9925
    endloop
  endfacet
  facet normal -0.870584 -8.52105e-06 0.49202
    outer loop
      vertex 8.562 36.3122 53.3062
      vertex 8.41557 35.9747 53.0471
      vertex 8.58845 36.2663 53.353
    endloop
  endfacet
  facet normal -0.87069 0.000252724 0.491832
    outer loop
      vertex 8.4473 35.9196 53.1033
      vertex 8.58845 36.2663 53.353
      vertex 8.41557 35.9747 53.0471
    endloop
  endfacet
  facet normal -0.870509 -5.21927e-05 0.492152
    outer loop
      vertex 8.58845 36.2663 53.353
      vertex 8.4473 35.9196 53.1033
      vertex 8.61559 36.2222 53.401
    endloop
  endfacet
  facet normal -0.870468 -0.000145795 0.492224
    outer loop
      vertex 8.47988 35.8666 53.1609
      vertex 8.61559 36.2222 53.401
      vertex 8.4473 35.9196 53.1033
    endloop
  endfacet
  facet normal -0.870556 -7.82564e-06 0.49207
    outer loop
      vertex 8.61559 36.2222 53.401
      vertex 8.47988 35.8666 53.1609
      vertex 8.6434 36.1797 53.4502
    endloop
  endfacet
  facet normal -0.870483 -0.000164168 0.492198
    outer loop
      vertex 8.51325 35.8157 53.2199
      vertex 8.6434 36.1797 53.4502
      vertex 8.47988 35.8666 53.1609
    endloop
  endfacet
  facet normal -0.870706 0.00016417 0.491805
    outer loop
      vertex 8.6434 36.1797 53.4502
      vertex 8.51325 35.8157 53.2199
      vertex 8.67186 36.1391 53.5006
    endloop
  endfacet
  facet normal -0.870754 0.000261772 0.491719
    outer loop
      vertex 8.5474 35.7669 53.2804
      vertex 8.67186 36.1391 53.5006
      vertex 8.51325 35.8157 53.2199
    endloop
  endfacet
  facet normal -0.870474 -0.000124871 0.492215
    outer loop
      vertex 8.67186 36.1391 53.5006
      vertex 8.5474 35.7669 53.2804
      vertex 8.70093 36.1003 53.552
    endloop
  endfacet
  facet normal -0.870531 -1.59029e-05 0.492113
    outer loop
      vertex 8.58228 35.7203 53.3421
      vertex 8.70093 36.1003 53.552
      vertex 8.5474 35.7669 53.2804
    endloop
  endfacet
  facet normal -0.87068 0.000175604 0.49185
    outer loop
      vertex 8.70093 36.1003 53.552
      vertex 8.58228 35.7203 53.3421
      vertex 8.73058 36.0633 53.6045
    endloop
  endfacet
  facet normal -0.870424 -0.000281742 0.492304
    outer loop
      vertex 8.61787 35.676 53.405
      vertex 8.73058 36.0633 53.6045
      vertex 8.58228 35.7203 53.3421
    endloop
  endfacet
  facet normal -0.870444 -0.000257411 0.492268
    outer loop
      vertex 8.73058 36.0633 53.6045
      vertex 8.61787 35.676 53.405
      vertex 8.76079 36.0283 53.6579
    endloop
  endfacet
  facet normal -0.87072 0.000205346 0.491779
    outer loop
      vertex 8.65412 35.634 53.4692
      vertex 8.76079 36.0283 53.6579
      vertex 8.61787 35.676 53.405
    endloop
  endfacet
  facet normal -0.870598 6.94696e-05 0.491994
    outer loop
      vertex 8.76079 36.0283 53.6579
      vertex 8.65412 35.634 53.4692
      vertex 8.79153 35.9952 53.7123
    endloop
  endfacet
  facet normal -0.870447 -0.000167686 0.492261
    outer loop
      vertex 8.691 35.5943 53.5344
      vertex 8.79153 35.9952 53.7123
      vertex 8.65412 35.634 53.4692
    endloop
  endfacet
  facet normal -0.87041 -0.000206445 0.492328
    outer loop
      vertex 8.79153 35.9952 53.7123
      vertex 8.691 35.5943 53.5344
      vertex 8.82276 35.9641 53.7675
    endloop
  endfacet
  facet normal -0.870493 -8.46842e-05 0.492181
    outer loop
      vertex 8.72849 35.557 53.6007
      vertex 8.82276 35.9641 53.7675
      vertex 8.691 35.5943 53.5344
    endloop
  endfacet
  facet normal -0.870614 3.1049e-05 0.491967
    outer loop
      vertex 8.82276 35.9641 53.7675
      vertex 8.72849 35.557 53.6007
      vertex 8.85446 35.9351 53.8236
    endloop
  endfacet
  facet normal -0.870608 2.34256e-05 0.491977
    outer loop
      vertex 8.76652 35.5221 53.668
      vertex 8.85446 35.9351 53.8236
      vertex 8.72849 35.557 53.6007
    endloop
  endfacet
  facet normal -0.870737 0.00013691 0.491749
    outer loop
      vertex 8.85446 35.9351 53.8236
      vertex 8.76652 35.5221 53.668
      vertex 8.88659 35.908 53.8805
    endloop
  endfacet
  facet normal -0.870769 0.000177514 0.491693
    outer loop
      vertex 8.80508 35.4896 53.7363
      vertex 8.88659 35.908 53.8805
      vertex 8.76652 35.5221 53.668
    endloop
  endfacet
  facet normal -0.870335 -0.000171248 0.49246
    outer loop
      vertex 8.88659 35.908 53.8805
      vertex 8.80508 35.4896 53.7363
      vertex 8.91913 35.883 53.938
    endloop
  endfacet
  facet normal -0.870371 -0.000128947 0.492397
    outer loop
      vertex 8.84412 35.4596 53.8053
      vertex 8.91913 35.883 53.938
      vertex 8.80508 35.4896 53.7363
    endloop
  endfacet
  facet normal -0.870858 0.000227837 0.491534
    outer loop
      vertex 8.91913 35.883 53.938
      vertex 8.84412 35.4596 53.8053
      vertex 8.95203 35.8601 53.9963
    endloop
  endfacet
  facet normal -0.870661 8.35375e-06 0.491883
    outer loop
      vertex 8.88361 35.4321 53.8752
      vertex 8.95203 35.8601 53.9963
      vertex 8.84412 35.4596 53.8053
    endloop
  endfacet
  facet normal -0.870483 -0.000109387 0.492199
    outer loop
      vertex 8.95203 35.8601 53.9963
      vertex 8.88361 35.4321 53.8752
      vertex 8.98528 35.8393 54.0551
    endloop
  endfacet
  facet normal -0.870632 4.43074e-05 0.491935
    outer loop
      vertex 8.9235 35.4072 53.9458
      vertex 8.98528 35.8393 54.0551
      vertex 8.88361 35.4321 53.8752
    endloop
  endfacet
  facet normal -0.870632 4.43074e-05 0.491935
    outer loop
      vertex 9.66481 40.5928 55.2573
      vertex 9.60303 40.1607 55.148
      vertex 9.7047 40.5679 55.3279
    endloop
  endfacet
  facet normal -0.870483 -0.000109387 0.492199
    outer loop
      vertex 9.63628 40.1399 55.2068
      vertex 9.7047 40.5679 55.3279
      vertex 9.60303 40.1607 55.148
    endloop
  endfacet
  facet normal -0.870661 8.35375e-06 0.491883
    outer loop
      vertex 9.7047 40.5679 55.3279
      vertex 9.63628 40.1399 55.2068
      vertex 9.74419 40.5404 55.3978
    endloop
  endfacet
  facet normal -0.870554 -0.00011126 0.492073
    outer loop
      vertex 9.66918 40.117 55.265
      vertex 9.74419 40.5404 55.3978
      vertex 9.63628 40.1399 55.2068
    endloop
  endfacet
  facet normal -0.87039 -0.000231292 0.492363
    outer loop
      vertex 9.74419 40.5404 55.3978
      vertex 9.66918 40.117 55.265
      vertex 9.78323 40.5104 55.4668
    endloop
  endfacet
  facet normal -0.870654 8.51018e-05 0.491896
    outer loop
      vertex 9.70172 40.092 55.3226
      vertex 9.78323 40.5104 55.4668
      vertex 9.66918 40.117 55.265
    endloop
  endfacet
  facet normal -0.870504 -3.58983e-05 0.492162
    outer loop
      vertex 9.78323 40.5104 55.4668
      vertex 9.70172 40.092 55.3226
      vertex 9.82179 40.4779 55.535
    endloop
  endfacet
  facet normal -0.870717 0.000237867 0.491785
    outer loop
      vertex 9.73385 40.0649 55.3795
      vertex 9.82179 40.4779 55.535
      vertex 9.70172 40.092 55.3226
    endloop
  endfacet
  facet normal -0.87054 8.23324e-05 0.492098
    outer loop
      vertex 9.82179 40.4779 55.535
      vertex 9.73385 40.0649 55.3795
      vertex 9.85983 40.443 55.6023
    endloop
  endfacet
  facet normal -0.870299 -0.000248164 0.492523
    outer loop
      vertex 9.76555 40.0359 55.4355
      vertex 9.85983 40.443 55.6023
      vertex 9.73385 40.0649 55.3795
    endloop
  endfacet
  facet normal -0.870792 0.000223321 0.491651
    outer loop
      vertex 9.85983 40.443 55.6023
      vertex 9.76555 40.0359 55.4355
      vertex 9.89731 40.4057 55.6687
    endloop
  endfacet
  facet normal -0.870715 0.000109757 0.491788
    outer loop
      vertex 9.79678 40.0048 55.4908
      vertex 9.89731 40.4057 55.6687
      vertex 9.76555 40.0359 55.4355
    endloop
  endfacet
  facet normal -0.870447 -0.000167686 0.492261
    outer loop
      vertex 9.89731 40.4057 55.6687
      vertex 9.79678 40.0048 55.4908
      vertex 9.93419 40.366 55.7339
    endloop
  endfacet
  facet normal -0.870598 6.94696e-05 0.491994
    outer loop
      vertex 9.82752 39.9717 55.5452
      vertex 9.93419 40.366 55.7339
      vertex 9.79678 40.0048 55.4908
    endloop
  endfacet
  facet normal -0.87072 0.000205346 0.491779
    outer loop
      vertex 9.93419 40.366 55.7339
      vertex 9.82752 39.9717 55.5452
      vertex 9.97044 40.324 55.7981
    endloop
  endfacet
  facet normal -0.870444 -0.000257411 0.492268
    outer loop
      vertex 9.85773 39.9367 55.5986
      vertex 9.97044 40.324 55.7981
      vertex 9.82752 39.9717 55.5452
    endloop
  endfacet
  facet normal -0.870554 -0.000124844 0.492073
    outer loop
      vertex 9.97044 40.324 55.7981
      vertex 9.85773 39.9367 55.5986
      vertex 10.006 40.2797 55.861
    endloop
  endfacet
  facet normal -0.870648 4.36953e-05 0.491906
    outer loop
      vertex 9.88739 39.8997 55.6511
      vertex 10.006 40.2797 55.861
      vertex 9.85773 39.9367 55.5986
    endloop
  endfacet
  facet normal -0.870467 -0.000190533 0.492227
    outer loop
      vertex 10.006 40.2797 55.861
      vertex 9.88739 39.8997 55.6511
      vertex 10.0409 40.2331 55.9227
    endloop
  endfacet
  facet normal -0.870529 -7.17817e-05 0.492117
    outer loop
      vertex 9.91645 39.8609 55.7025
      vertex 10.0409 40.2331 55.9227
      vertex 9.88739 39.8997 55.6511
    endloop
  endfacet
  facet normal -0.870314 -0.000368277 0.492496
    outer loop
      vertex 10.0409 40.2331 55.9227
      vertex 9.91645 39.8609 55.7025
      vertex 10.0751 40.1843 55.9831
    endloop
  endfacet
  facet normal -0.870653 0.00031705 0.491898
    outer loop
      vertex 9.94491 39.8203 55.7529
      vertex 10.0751 40.1843 55.9831
      vertex 9.91645 39.8609 55.7025
    endloop
  endfacet
  facet normal -0.870945 0.000748791 0.49138
    outer loop
      vertex 10.0751 40.1843 55.9831
      vertex 9.94491 39.8203 55.7529
      vertex 10.1084 40.1334 56.0422
    endloop
  endfacet
  facet normal -0.870573 -5.42148e-05 0.492039
    outer loop
      vertex 9.97272 39.7778 55.8021
      vertex 10.1084 40.1334 56.0422
      vertex 9.94491 39.8203 55.7529
    endloop
  endfacet
  facet normal -0.870406 -0.000316942 0.492334
    outer loop
      vertex 10.1084 40.1334 56.0422
      vertex 9.97272 39.7778 55.8021
      vertex 10.141 40.0804 56.0998
    endloop
  endfacet
  facet normal -0.870474 -0.00016101 0.492214
    outer loop
      vertex 9.99987 39.7337 55.8501
      vertex 10.141 40.0804 56.0998
      vertex 9.97272 39.7778 55.8021
    endloop
  endfacet
  facet normal -0.870819 0.000419548 0.491603
    outer loop
      vertex 10.141 40.0804 56.0998
      vertex 9.99987 39.7337 55.8501
      vertex 10.1727 40.0253 56.156
    endloop
  endfacet
  facet normal -0.870693 0.000110284 0.491827
    outer loop
      vertex 10.0263 39.6878 55.8969
      vertex 10.1727 40.0253 56.156
      vertex 9.99987 39.7337 55.8501
    endloop
  endfacet
  facet normal -0.870445 -0.00033406 0.492265
    outer loop
      vertex 10.1727 40.0253 56.156
      vertex 10.0263 39.6878 55.8969
      vertex 10.2036 39.9682 56.2106
    endloop
  endfacet
  facet normal -0.870634 0.000159096 0.491931
    outer loop
      vertex 10.052 39.6402 55.9424
      vertex 10.2036 39.9682 56.2106
      vertex 10.0263 39.6878 55.8969
    endloop
  endfacet
  facet normal -0.870397 -0.000293559 0.492351
    outer loop
      vertex 10.2036 39.9682 56.2106
      vertex 10.052 39.6402 55.9424
      vertex 10.2336 39.9092 56.2636
    endloop
  endfacet
  facet normal -0.870465 -0.0001031 0.49223
    outer loop
      vertex 10.077 39.591 55.9866
      vertex 10.2336 39.9092 56.2636
      vertex 10.052 39.6402 55.9424
    endloop
  endfacet
  facet normal -0.870725 0.000425603 0.49177
    outer loop
      vertex 10.2336 39.9092 56.2636
      vertex 10.077 39.591 55.9866
      vertex 10.2626 39.8483 56.315
    endloop
  endfacet
  facet normal -0.870545 -0.000113159 0.49209
    outer loop
      vertex 10.1012 39.5402 56.0294
      vertex 10.2626 39.8483 56.315
      vertex 10.077 39.591 55.9866
    endloop
  endfacet
  facet normal -0.870551 -9.89731e-05 0.492078
    outer loop
      vertex 10.2626 39.8483 56.315
      vertex 10.1012 39.5402 56.0294
      vertex 10.2907 39.7855 56.3647
    endloop
  endfacet
  facet normal -0.870575 -2.2663e-05 0.492036
    outer loop
      vertex 10.1246 39.488 56.0708
      vertex 10.2907 39.7855 56.3647
      vertex 10.1012 39.5402 56.0294
    endloop
  endfacet
  facet normal -0.870488 -0.00022282 0.492189
    outer loop
      vertex 10.2907 39.7855 56.3647
      vertex 10.1246 39.488 56.0708
      vertex 10.3178 39.721 56.4126
    endloop
  endfacet
  facet normal -0.870584 0.000104311 0.49202
    outer loop
      vertex 10.1472 39.4342 56.1108
      vertex 10.3178 39.721 56.4126
      vertex 10.1246 39.488 56.0708
    endloop
  endfacet
  facet normal -0.870592 0.000124186 0.492006
    outer loop
      vertex 10.3178 39.721 56.4126
      vertex 10.1472 39.4342 56.1108
      vertex 10.3439 39.6548 56.4588
    endloop
  endfacet
  facet normal -0.870443 -0.000422611 0.492268
    outer loop
      vertex 10.169 39.379 56.1493
      vertex 10.3439 39.6548 56.4588
      vertex 10.1472 39.4342 56.1108
    endloop
  endfacet
  facet normal -0.870576 -7.57145e-05 0.492034
    outer loop
      vertex 10.3439 39.6548 56.4588
      vertex 10.169 39.379 56.1493
      vertex 10.369 39.587 56.5032
    endloop
  endfacet
  facet normal -0.870744 0.000594121 0.491736
    outer loop
      vertex 10.1898 39.3225 56.1862
      vertex 10.369 39.587 56.5032
      vertex 10.169 39.379 56.1493
    endloop
  endfacet
  facet normal -0.870439 -0.000259969 0.492276
    outer loop
      vertex 10.369 39.587 56.5032
      vertex 10.1898 39.3225 56.1862
      vertex 10.393 39.5176 56.5456
    endloop
  endfacet
  facet normal -0.870538 0.000166057 0.492101
    outer loop
      vertex 10.2098 39.2647 56.2216
      vertex 10.393 39.5176 56.5456
      vertex 10.1898 39.3225 56.1862
    endloop
  endfacet
  facet normal -0.870643 0.000479859 0.491915
    outer loop
      vertex 10.393 39.5176 56.5456
      vertex 10.2098 39.2647 56.2216
      vertex 10.4159 39.4467 56.5862
    endloop
  endfacet
  facet normal -0.870556 7.29144e-05 0.492069
    outer loop
      vertex 10.2289 39.2056 56.2554
      vertex 10.4159 39.4467 56.5862
      vertex 10.2098 39.2647 56.2216
    endloop
  endfacet
  facet normal -0.870436 -0.00031305 0.492282
    outer loop
      vertex 10.4159 39.4467 56.5862
      vertex 10.2289 39.2056 56.2554
      vertex 10.4377 39.3744 56.6247
    endloop
  endfacet
  facet normal -0.870381 -0.000590371 0.492378
    outer loop
      vertex 10.2471 39.1453 56.2875
      vertex 10.4377 39.3744 56.6247
      vertex 10.2289 39.2056 56.2554
    endloop
  endfacet
  facet normal -0.870522 -0.000106862 0.492129
    outer loop
      vertex 10.4377 39.3744 56.6247
      vertex 10.2471 39.1453 56.2875
      vertex 10.4584 39.3007 56.6613
    endloop
  endfacet
  facet normal -0.870627 0.000480729 0.491944
    outer loop
      vertex 10.2643 39.0839 56.318
      vertex 10.4584 39.3007 56.6613
      vertex 10.2471 39.1453 56.2875
    endloop
  endfacet
  facet normal -0.870649 0.000563841 0.491904
    outer loop
      vertex 10.4584 39.3007 56.6613
      vertex 10.2643 39.0839 56.318
      vertex 10.4779 39.2258 56.6959
    endloop
  endfacet
  facet normal -0.870518 -0.000254538 0.492137
    outer loop
      vertex 10.2806 39.0215 56.3468
      vertex 10.4779 39.2258 56.6959
      vertex 10.2643 39.0839 56.318
    endloop
  endfacet
  facet normal -0.870508 -0.00029304 0.492154
    outer loop
      vertex 10.4779 39.2258 56.6959
      vertex 10.2806 39.0215 56.3468
      vertex 10.4963 39.1496 56.7284
    endloop
  endfacet
  facet normal -0.870582 0.000219664 0.492024
    outer loop
      vertex 10.2959 38.958 56.3739
      vertex 10.4963 39.1496 56.7284
      vertex 10.2806 39.0215 56.3468
    endloop
  endfacet
  facet normal -0.870593 0.000266618 0.492005
    outer loop
      vertex 10.4963 39.1496 56.7284
      vertex 10.2959 38.958 56.3739
      vertex 10.5134 39.0723 56.7587
    endloop
  endfacet
  facet normal -0.870559 3.46048e-06 0.492064
    outer loop
      vertex 10.3102 38.8936 56.3992
      vertex 10.5134 39.0723 56.7587
      vertex 10.2959 38.958 56.3739
    endloop
  endfacet
  facet normal -0.87055 -3.77111e-05 0.492079
    outer loop
      vertex 10.5134 39.0723 56.7587
      vertex 10.3102 38.8936 56.3992
      vertex 10.5294 38.9939 56.787
    endloop
  endfacet
  facet normal -0.870608 0.000483559 0.491977
    outer loop
      vertex 10.3235 38.8283 56.4228
      vertex 10.5294 38.9939 56.787
      vertex 10.3102 38.8936 56.3992
    endloop
  endfacet
  facet normal -0.870431 -0.000423901 0.49229
    outer loop
      vertex 10.5294 38.9939 56.787
      vertex 10.3235 38.8283 56.4228
      vertex 10.5442 38.9146 56.8131
    endloop
  endfacet
  facet normal -0.870437 -0.000361744 0.492279
    outer loop
      vertex 10.3358 38.7622 56.4445
      vertex 10.5442 38.9146 56.8131
      vertex 10.3235 38.8283 56.4228
    endloop
  endfacet
  facet normal -0.870523 0.000122037 0.492128
    outer loop
      vertex 10.5442 38.9146 56.8131
      vertex 10.3358 38.7622 56.4445
      vertex 10.5577 38.8343 56.837
    endloop
  endfacet
  facet normal -0.870465 -0.00061105 0.49223
    outer loop
      vertex 10.3471 38.6953 56.4644
      vertex 10.5577 38.8343 56.837
      vertex 10.3358 38.7622 56.4445
    endloop
  endfacet
  facet normal -0.870508 -0.000339845 0.492153
    outer loop
      vertex 10.5577 38.8343 56.837
      vertex 10.3471 38.6953 56.4644
      vertex 10.57 38.7533 56.8587
    endloop
  endfacet
  facet normal -0.870555 0.000396871 0.492071
    outer loop
      vertex 10.3573 38.6277 56.4825
      vertex 10.57 38.7533 56.8587
      vertex 10.3471 38.6953 56.4644
    endloop
  endfacet
  facet normal -0.870534 0.000247621 0.492109
    outer loop
      vertex 10.57 38.7533 56.8587
      vertex 10.3573 38.6277 56.4825
      vertex 10.581 38.6715 56.8782
    endloop
  endfacet
  facet normal -0.870531 0.000184736 0.492114
    outer loop
      vertex 10.3665 38.5596 56.4988
      vertex 10.581 38.6715 56.8782
      vertex 10.3573 38.6277 56.4825
    endloop
  endfacet
  facet normal -0.870608 0.000803384 0.491976
    outer loop
      vertex 10.581 38.6715 56.8782
      vertex 10.3665 38.5596 56.4988
      vertex 10.5907 38.589 56.8955
    endloop
  endfacet
  facet normal -0.870576 -0.000226492 0.492034
    outer loop
      vertex 10.3746 38.4908 56.5131
      vertex 10.5907 38.589 56.8955
      vertex 10.3665 38.5596 56.4988
    endloop
  endfacet
  facet normal -0.870513 -0.000799003 0.492145
    outer loop
      vertex 10.5907 38.589 56.8955
      vertex 10.3746 38.4908 56.5131
      vertex 10.5992 38.5059 56.9104
    endloop
  endfacet
  facet normal -0.870519 -0.000419191 0.492134
    outer loop
      vertex 10.3817 38.4216 56.5256
      vertex 10.5992 38.5059 56.9104
      vertex 10.3746 38.4908 56.5131
    endloop
  endfacet
  facet normal -0.870538 -0.000217887 0.492101
    outer loop
      vertex 10.5992 38.5059 56.9104
      vertex 10.3817 38.4216 56.5256
      vertex 10.6064 38.4224 56.9231
    endloop
  endfacet
  facet normal -0.870538 -0.000100031 0.492101
    outer loop
      vertex 10.3877 38.352 56.5362
      vertex 10.6064 38.4224 56.9231
      vertex 10.3817 38.4216 56.5256
    endloop
  endfacet
  facet normal -0.870608 0.000797993 0.491977
    outer loop
      vertex 10.3877 38.352 56.5362
      vertex 10.6122 38.3384 56.9335
      vertex 10.6064 38.4224 56.9231
    endloop
  endfacet
  facet normal -0.870617 0.000200578 0.491961
    outer loop
      vertex 10.3926 38.282 56.5449
      vertex 10.6122 38.3384 56.9335
      vertex 10.3877 38.352 56.5362
    endloop
  endfacet
  facet normal -0.87059 -0.000230649 0.492009
    outer loop
      vertex 10.3926 38.282 56.5449
      vertex 10.6168 38.2541 56.9416
      vertex 10.6122 38.3384 56.9335
    endloop
  endfacet
  facet normal -0.870588 -0.000167197 0.492012
    outer loop
      vertex 10.3964 38.2117 56.5516
      vertex 10.6168 38.2541 56.9416
      vertex 10.3926 38.282 56.5449
    endloop
  endfacet
  facet normal -0.870585 -0.000227338 0.492017
    outer loop
      vertex 10.3964 38.2117 56.5516
      vertex 10.6201 38.1695 56.9474
      vertex 10.6168 38.2541 56.9416
    endloop
  endfacet
  facet normal -0.870568 0.000160507 0.492048
    outer loop
      vertex 10.3991 38.1413 56.5564
      vertex 10.6201 38.1695 56.9474
      vertex 10.3964 38.2117 56.5516
    endloop
  endfacet
  facet normal -0.870556 -0.000222773 0.492069
    outer loop
      vertex 10.3991 38.1413 56.5564
      vertex 10.6221 38.0848 56.9509
      vertex 10.6201 38.1695 56.9474
    endloop
  endfacet
  facet normal -0.870512 0.000487324 0.492146
    outer loop
      vertex 10.4007 38.0707 56.5593
      vertex 10.6221 38.0848 56.9509
      vertex 10.3991 38.1413 56.5564
    endloop
  endfacet
  facet normal -0.870498 -0.000426132 0.492171
    outer loop
      vertex 10.4013 38 56.5603
      vertex 10.6221 38.0848 56.9509
      vertex 10.4007 38.0707 56.5593
    endloop
  endfacet
  facet normal -0.870612 0.000801837 0.491969
    outer loop
      vertex 10.4013 38 56.5603
      vertex 10.6227 38 56.9521
      vertex 10.6221 38.0848 56.9509
    endloop
  endfacet
  facet normal -0.870612 0.000429959 0.491969
    outer loop
      vertex 10.4007 37.9293 56.5593
      vertex 10.6227 38 56.9521
      vertex 10.4013 38 56.5603
    endloop
  endfacet
  facet normal -0.870517 -0.000804894 0.492138
    outer loop
      vertex 10.4007 37.9293 56.5593
      vertex 10.6221 37.9152 56.9509
      vertex 10.6227 38 56.9521
    endloop
  endfacet
  facet normal -0.870512 -0.000487324 0.492146
    outer loop
      vertex 10.3991 37.8587 56.5564
      vertex 10.6221 37.9152 56.9509
      vertex 10.4007 37.9293 56.5593
    endloop
  endfacet
  facet normal -0.870556 0.000222773 0.492069
    outer loop
      vertex 10.3991 37.8587 56.5564
      vertex 10.6201 37.8305 56.9474
      vertex 10.6221 37.9152 56.9509
    endloop
  endfacet
  facet normal -0.870568 -0.000160507 0.492048
    outer loop
      vertex 10.3964 37.7883 56.5516
      vertex 10.6201 37.8305 56.9474
      vertex 10.3991 37.8587 56.5564
    endloop
  endfacet
  facet normal -0.870585 0.000227338 0.492017
    outer loop
      vertex 10.3964 37.7883 56.5516
      vertex 10.6168 37.7459 56.9416
      vertex 10.6201 37.8305 56.9474
    endloop
  endfacet
  facet normal -0.870588 0.000167197 0.492012
    outer loop
      vertex 10.3926 37.718 56.5449
      vertex 10.6168 37.7459 56.9416
      vertex 10.3964 37.7883 56.5516
    endloop
  endfacet
  facet normal -0.87059 0.000230649 0.492009
    outer loop
      vertex 10.3926 37.718 56.5449
      vertex 10.6122 37.6616 56.9335
      vertex 10.6168 37.7459 56.9416
    endloop
  endfacet
  facet normal -0.870617 -0.000200578 0.491961
    outer loop
      vertex 10.3877 37.648 56.5362
      vertex 10.6122 37.6616 56.9335
      vertex 10.3926 37.718 56.5449
    endloop
  endfacet
  facet normal -0.870538 0.000100031 0.492101
    outer loop
      vertex 10.6064 37.5776 56.9231
      vertex 10.3877 37.648 56.5362
      vertex 10.3817 37.5784 56.5256
    endloop
  endfacet
  facet normal -0.870608 -0.000797993 0.491977
    outer loop
      vertex 10.3877 37.648 56.5362
      vertex 10.6064 37.5776 56.9231
      vertex 10.6122 37.6616 56.9335
    endloop
  endfacet
  facet normal -0.870519 0.000419191 0.492134
    outer loop
      vertex 10.5992 37.4941 56.9104
      vertex 10.3817 37.5784 56.5256
      vertex 10.3746 37.5092 56.5131
    endloop
  endfacet
  facet normal -0.870538 0.000217887 0.492101
    outer loop
      vertex 10.3817 37.5784 56.5256
      vertex 10.5992 37.4941 56.9104
      vertex 10.6064 37.5776 56.9231
    endloop
  endfacet
  facet normal -0.870576 0.000226492 0.492034
    outer loop
      vertex 10.5907 37.411 56.8955
      vertex 10.3746 37.5092 56.5131
      vertex 10.3665 37.4404 56.4988
    endloop
  endfacet
  facet normal -0.870513 0.000799003 0.492145
    outer loop
      vertex 10.3746 37.5092 56.5131
      vertex 10.5907 37.411 56.8955
      vertex 10.5992 37.4941 56.9104
    endloop
  endfacet
  facet normal -0.870531 -0.000184736 0.492114
    outer loop
      vertex 10.581 37.3285 56.8782
      vertex 10.3665 37.4404 56.4988
      vertex 10.3573 37.3723 56.4825
    endloop
  endfacet
  facet normal -0.870608 -0.000803384 0.491976
    outer loop
      vertex 10.3665 37.4404 56.4988
      vertex 10.581 37.3285 56.8782
      vertex 10.5907 37.411 56.8955
    endloop
  endfacet
  facet normal -0.870555 -0.000396871 0.492071
    outer loop
      vertex 10.57 37.2467 56.8587
      vertex 10.3573 37.3723 56.4825
      vertex 10.3471 37.3047 56.4644
    endloop
  endfacet
  facet normal -0.870534 -0.000247621 0.492109
    outer loop
      vertex 10.3573 37.3723 56.4825
      vertex 10.57 37.2467 56.8587
      vertex 10.581 37.3285 56.8782
    endloop
  endfacet
  facet normal -0.870465 0.00061105 0.49223
    outer loop
      vertex 10.5577 37.1657 56.837
      vertex 10.3471 37.3047 56.4644
      vertex 10.3358 37.2378 56.4445
    endloop
  endfacet
  facet normal -0.870437 0.000361744 0.492279
    outer loop
      vertex 10.5442 37.0854 56.8131
      vertex 10.3358 37.2378 56.4445
      vertex 10.3235 37.1717 56.4228
    endloop
  endfacet
  facet normal -0.870508 0.000339845 0.492153
    outer loop
      vertex 10.3471 37.3047 56.4644
      vertex 10.5577 37.1657 56.837
      vertex 10.57 37.2467 56.8587
    endloop
  endfacet
  facet normal -0.870608 -0.000483559 0.491977
    outer loop
      vertex 10.5294 37.0061 56.787
      vertex 10.3235 37.1717 56.4228
      vertex 10.3102 37.1064 56.3992
    endloop
  endfacet
  facet normal -0.870523 -0.000122037 0.492128
    outer loop
      vertex 10.3358 37.2378 56.4445
      vertex 10.5442 37.0854 56.8131
      vertex 10.5577 37.1657 56.837
    endloop
  endfacet
  facet normal -0.870559 -3.46048e-06 0.492064
    outer loop
      vertex 10.5134 36.9277 56.7587
      vertex 10.3102 37.1064 56.3992
      vertex 10.2959 37.042 56.3739
    endloop
  endfacet
  facet normal -0.870431 0.000423901 0.49229
    outer loop
      vertex 10.3235 37.1717 56.4228
      vertex 10.5294 37.0061 56.787
      vertex 10.5442 37.0854 56.8131
    endloop
  endfacet
  facet normal -0.870582 -0.000219664 0.492024
    outer loop
      vertex 10.4963 36.8504 56.7284
      vertex 10.2959 37.042 56.3739
      vertex 10.2806 36.9785 56.3468
    endloop
  endfacet
  facet normal -0.87055 3.77111e-05 0.492079
    outer loop
      vertex 10.3102 37.1064 56.3992
      vertex 10.5134 36.9277 56.7587
      vertex 10.5294 37.0061 56.787
    endloop
  endfacet
  facet normal -0.870518 0.000254538 0.492137
    outer loop
      vertex 10.4779 36.7742 56.6959
      vertex 10.2806 36.9785 56.3468
      vertex 10.2643 36.9161 56.318
    endloop
  endfacet
  facet normal -0.870627 -0.000480729 0.491944
    outer loop
      vertex 10.4584 36.6993 56.6613
      vertex 10.2643 36.9161 56.318
      vertex 10.2471 36.8547 56.2875
    endloop
  endfacet
  facet normal -0.870593 -0.000266618 0.492005
    outer loop
      vertex 10.2959 37.042 56.3739
      vertex 10.4963 36.8504 56.7284
      vertex 10.5134 36.9277 56.7587
    endloop
  endfacet
  facet normal -0.870381 0.000590371 0.492378
    outer loop
      vertex 10.4377 36.6256 56.6247
      vertex 10.2471 36.8547 56.2875
      vertex 10.2289 36.7944 56.2554
    endloop
  endfacet
  facet normal -0.870508 0.00029304 0.492154
    outer loop
      vertex 10.2806 36.9785 56.3468
      vertex 10.4779 36.7742 56.6959
      vertex 10.4963 36.8504 56.7284
    endloop
  endfacet
  facet normal -0.870556 -7.29144e-05 0.492069
    outer loop
      vertex 10.4159 36.5533 56.5862
      vertex 10.2289 36.7944 56.2554
      vertex 10.2098 36.7353 56.2216
    endloop
  endfacet
  facet normal -0.870649 -0.000563841 0.491904
    outer loop
      vertex 10.2643 36.9161 56.318
      vertex 10.4584 36.6993 56.6613
      vertex 10.4779 36.7742 56.6959
    endloop
  endfacet
  facet normal -0.870538 -0.000166057 0.492101
    outer loop
      vertex 10.393 36.4824 56.5456
      vertex 10.2098 36.7353 56.2216
      vertex 10.1898 36.6775 56.1862
    endloop
  endfacet
  facet normal -0.870522 0.000106862 0.492129
    outer loop
      vertex 10.2471 36.8547 56.2875
      vertex 10.4377 36.6256 56.6247
      vertex 10.4584 36.6993 56.6613
    endloop
  endfacet
  facet normal -0.870744 -0.000594121 0.491736
    outer loop
      vertex 10.369 36.413 56.5032
      vertex 10.1898 36.6775 56.1862
      vertex 10.169 36.621 56.1493
    endloop
  endfacet
  facet normal -0.870443 0.000422611 0.492268
    outer loop
      vertex 10.3439 36.3452 56.4588
      vertex 10.169 36.621 56.1493
      vertex 10.1472 36.5658 56.1108
    endloop
  endfacet
  facet normal -0.870436 0.00031305 0.492282
    outer loop
      vertex 10.2289 36.7944 56.2554
      vertex 10.4159 36.5533 56.5862
      vertex 10.4377 36.6256 56.6247
    endloop
  endfacet
  facet normal -0.870584 -0.000104311 0.49202
    outer loop
      vertex 10.3178 36.279 56.4126
      vertex 10.1472 36.5658 56.1108
      vertex 10.1246 36.512 56.0708
    endloop
  endfacet
  facet normal -0.870643 -0.000479859 0.491915
    outer loop
      vertex 10.2098 36.7353 56.2216
      vertex 10.393 36.4824 56.5456
      vertex 10.4159 36.5533 56.5862
    endloop
  endfacet
  facet normal -0.870575 2.2663e-05 0.492036
    outer loop
      vertex 10.2907 36.2145 56.3647
      vertex 10.1246 36.512 56.0708
      vertex 10.1012 36.4598 56.0294
    endloop
  endfacet
  facet normal -0.870439 0.000259969 0.492276
    outer loop
      vertex 10.1898 36.6775 56.1862
      vertex 10.369 36.413 56.5032
      vertex 10.393 36.4824 56.5456
    endloop
  endfacet
  facet normal -0.870545 0.000113159 0.49209
    outer loop
      vertex 10.2626 36.1517 56.315
      vertex 10.1012 36.4598 56.0294
      vertex 10.077 36.409 55.9866
    endloop
  endfacet
  facet normal -0.870465 0.0001031 0.49223
    outer loop
      vertex 10.2336 36.0908 56.2636
      vertex 10.077 36.409 55.9866
      vertex 10.052 36.3598 55.9424
    endloop
  endfacet
  facet normal -0.870576 7.57145e-05 0.492034
    outer loop
      vertex 10.169 36.621 56.1493
      vertex 10.3439 36.3452 56.4588
      vertex 10.369 36.413 56.5032
    endloop
  endfacet
  facet normal -0.870634 -0.000159096 0.491931
    outer loop
      vertex 10.2036 36.0318 56.2106
      vertex 10.052 36.3598 55.9424
      vertex 10.0263 36.3122 55.8969
    endloop
  endfacet
  facet normal -0.870592 -0.000124186 0.492006
    outer loop
      vertex 10.1472 36.5658 56.1108
      vertex 10.3178 36.279 56.4126
      vertex 10.3439 36.3452 56.4588
    endloop
  endfacet
  facet normal -0.870693 -0.000110284 0.491827
    outer loop
      vertex 10.1727 35.9747 56.156
      vertex 10.0263 36.3122 55.8969
      vertex 9.99987 36.2663 55.8501
    endloop
  endfacet
  facet normal -0.870474 0.00016101 0.492214
    outer loop
      vertex 10.141 35.9196 56.0998
      vertex 9.99987 36.2663 55.8501
      vertex 9.97272 36.2222 55.8021
    endloop
  endfacet
  facet normal -0.870488 0.00022282 0.492189
    outer loop
      vertex 10.1246 36.512 56.0708
      vertex 10.2907 36.2145 56.3647
      vertex 10.3178 36.279 56.4126
    endloop
  endfacet
  facet normal -0.870573 5.42148e-05 0.492039
    outer loop
      vertex 10.1084 35.8666 56.0422
      vertex 9.97272 36.2222 55.8021
      vertex 9.94491 36.1797 55.7529
    endloop
  endfacet
  facet normal -0.870551 9.89731e-05 0.492078
    outer loop
      vertex 10.1012 36.4598 56.0294
      vertex 10.2626 36.1517 56.315
      vertex 10.2907 36.2145 56.3647
    endloop
  endfacet
  facet normal -0.870653 -0.00031705 0.491898
    outer loop
      vertex 10.0751 35.8157 55.9831
      vertex 9.94491 36.1797 55.7529
      vertex 9.91645 36.1391 55.7025
    endloop
  endfacet
  facet normal -0.870529 7.17817e-05 0.492117
    outer loop
      vertex 10.0409 35.7669 55.9227
      vertex 9.91645 36.1391 55.7025
      vertex 9.88739 36.1003 55.6511
    endloop
  endfacet
  facet normal -0.870725 -0.000425603 0.49177
    outer loop
      vertex 10.077 36.409 55.9866
      vertex 10.2336 36.0908 56.2636
      vertex 10.2626 36.1517 56.315
    endloop
  endfacet
  facet normal -0.870648 -4.36953e-05 0.491906
    outer loop
      vertex 10.006 35.7203 55.861
      vertex 9.88739 36.1003 55.6511
      vertex 9.85773 36.0633 55.5986
    endloop
  endfacet
  facet normal -0.870397 0.000293559 0.492351
    outer loop
      vertex 10.052 36.3598 55.9424
      vertex 10.2036 36.0318 56.2106
      vertex 10.2336 36.0908 56.2636
    endloop
  endfacet
  facet normal -0.870444 0.000257411 0.492268
    outer loop
      vertex 9.97044 35.676 55.7981
      vertex 9.85773 36.0633 55.5986
      vertex 9.82752 36.0283 55.5452
    endloop
  endfacet
  facet normal -0.870598 -6.94696e-05 0.491994
    outer loop
      vertex 9.93419 35.634 55.7339
      vertex 9.82752 36.0283 55.5452
      vertex 9.79678 35.9952 55.4908
    endloop
  endfacet
  facet normal -0.870445 0.00033406 0.492265
    outer loop
      vertex 10.0263 36.3122 55.8969
      vertex 10.1727 35.9747 56.156
      vertex 10.2036 36.0318 56.2106
    endloop
  endfacet
  facet normal -0.870715 -0.000109757 0.491788
    outer loop
      vertex 9.89731 35.5943 55.6687
      vertex 9.79678 35.9952 55.4908
      vertex 9.76555 35.9641 55.4355
    endloop
  endfacet
  facet normal -0.870299 0.000248164 0.492523
    outer loop
      vertex 9.85983 35.557 55.6023
      vertex 9.76555 35.9641 55.4355
      vertex 9.73385 35.9351 55.3795
    endloop
  endfacet
  facet normal -0.870819 -0.000419548 0.491603
    outer loop
      vertex 9.99987 36.2663 55.8501
      vertex 10.141 35.9196 56.0998
      vertex 10.1727 35.9747 56.156
    endloop
  endfacet
  facet normal -0.870717 -0.000237867 0.491785
    outer loop
      vertex 9.82179 35.5221 55.535
      vertex 9.73385 35.9351 55.3795
      vertex 9.70172 35.908 55.3226
    endloop
  endfacet
  facet normal -0.870654 -8.51018e-05 0.491896
    outer loop
      vertex 9.78323 35.4896 55.4668
      vertex 9.70172 35.908 55.3226
      vertex 9.66918 35.883 55.265
    endloop
  endfacet
  facet normal -0.870406 0.000316942 0.492334
    outer loop
      vertex 9.97272 36.2222 55.8021
      vertex 10.1084 35.8666 56.0422
      vertex 10.141 35.9196 56.0998
    endloop
  endfacet
  facet normal -0.870554 0.00011126 0.492073
    outer loop
      vertex 9.74419 35.4596 55.3978
      vertex 9.66918 35.883 55.265
      vertex 9.63628 35.8601 55.2068
    endloop
  endfacet
  facet normal -0.870483 0.000109387 0.492199
    outer loop
      vertex 9.7047 35.4321 55.3279
      vertex 9.63628 35.8601 55.2068
      vertex 9.60303 35.8393 55.148
    endloop
  endfacet
  facet normal -0.870431 7.45278e-05 0.492291
    outer loop
      vertex 9.66481 35.4072 55.2573
      vertex 9.60303 35.8393 55.148
      vertex 9.56949 35.8207 55.0887
    endloop
  endfacet
  facet normal -0.870945 -0.000748791 0.49138
    outer loop
      vertex 9.94491 36.1797 55.7529
      vertex 10.0751 35.8157 55.9831
      vertex 10.1084 35.8666 56.0422
    endloop
  endfacet
  facet normal -0.870775 -0.000126481 0.491681
    outer loop
      vertex 9.62455 35.3848 55.1861
      vertex 9.56949 35.8207 55.0887
      vertex 9.53567 35.8042 55.0288
    endloop
  endfacet
  facet normal -0.870367 0.000140643 0.492403
    outer loop
      vertex 9.58397 35.365 55.1143
      vertex 9.53567 35.8042 55.0288
      vertex 9.50161 35.7899 54.9686
    endloop
  endfacet
  facet normal -0.870516 1.22622e-05 0.492141
    outer loop
      vertex 9.5431 35.3478 55.042
      vertex 9.50161 35.7899 54.9686
      vertex 9.46735 35.7777 54.908
    endloop
  endfacet
  facet normal -0.870845 -0.000186063 0.491558
    outer loop
      vertex 9.50199 35.3332 54.9692
      vertex 9.46735 35.7777 54.908
      vertex 9.43292 35.7677 54.847
    endloop
  endfacet
  facet normal -0.870314 0.000368277 0.492496
    outer loop
      vertex 9.91645 36.1391 55.7025
      vertex 10.0409 35.7669 55.9227
      vertex 10.0751 35.8157 55.9831
    endloop
  endfacet
  facet normal -0.870351 5.86044e-05 0.492432
    outer loop
      vertex 9.46067 35.3213 54.8961
      vertex 9.43292 35.7677 54.847
      vertex 9.39835 35.76 54.7859
    endloop
  endfacet
  facet normal -0.870707 -8.60236e-05 0.491802
    outer loop
      vertex 9.41918 35.312 54.8227
      vertex 9.39835 35.76 54.7859
      vertex 9.36367 35.7544 54.7245
    endloop
  endfacet
  facet normal -0.870347 1.66794e-05 0.49244
    outer loop
      vertex 9.37758 35.3053 54.7491
      vertex 9.36367 35.7544 54.7245
      vertex 9.32893 35.7511 54.6631
    endloop
  endfacet
  facet normal -0.870849 -3.34565e-05 0.49155
    outer loop
      vertex 9.33589 35.3013 54.6754
      vertex 9.32893 35.7511 54.6631
      vertex 9.29416 35.75 54.6015
    endloop
  endfacet
  facet normal -0.870431 -7.45278e-05 0.492291
    outer loop
      vertex 8.98528 35.8393 54.0551
      vertex 8.9235 35.4072 53.9458
      vertex 9.01882 35.8207 54.1144
    endloop
  endfacet
  facet normal -0.870467 0.000190533 0.492227
    outer loop
      vertex 9.88739 36.1003 55.6511
      vertex 10.006 35.7203 55.861
      vertex 10.0409 35.7669 55.9227
    endloop
  endfacet
  facet normal -0.87048 -2.75679e-05 0.492204
    outer loop
      vertex 8.96376 35.3848 54.017
      vertex 9.01882 35.8207 54.1144
      vertex 8.9235 35.4072 53.9458
    endloop
  endfacet
  facet normal -0.870554 0.000124844 0.492073
    outer loop
      vertex 9.85773 36.0633 55.5986
      vertex 9.97044 35.676 55.7981
      vertex 10.006 35.7203 55.861
    endloop
  endfacet
  facet normal -0.870775 0.000126481 0.491681
    outer loop
      vertex 9.01882 35.8207 54.1144
      vertex 8.96376 35.3848 54.017
      vertex 9.05264 35.8042 54.1743
    endloop
  endfacet
  facet normal -0.87072 -0.000205346 0.491779
    outer loop
      vertex 9.82752 36.0283 55.5452
      vertex 9.93419 35.634 55.7339
      vertex 9.97044 35.676 55.7981
    endloop
  endfacet
  facet normal -0.870581 -4.32311e-05 0.492024
    outer loop
      vertex 9.00434 35.365 54.0888
      vertex 9.05264 35.8042 54.1743
      vertex 8.96376 35.3848 54.017
    endloop
  endfacet
  facet normal -0.870447 0.000167686 0.492261
    outer loop
      vertex 9.79678 35.9952 55.4908
      vertex 9.89731 35.5943 55.6687
      vertex 9.93419 35.634 55.7339
    endloop
  endfacet
  facet normal -0.870367 -0.000140643 0.492403
    outer loop
      vertex 9.05264 35.8042 54.1743
      vertex 9.00434 35.365 54.0888
      vertex 9.0867 35.7899 54.2345
    endloop
  endfacet
  facet normal -0.870792 -0.000223321 0.491651
    outer loop
      vertex 9.76555 35.9641 55.4355
      vertex 9.85983 35.557 55.6023
      vertex 9.89731 35.5943 55.6687
    endloop
  endfacet
  facet normal -0.870539 -3.43224e-06 0.4921
    outer loop
      vertex 9.04521 35.3478 54.1611
      vertex 9.0867 35.7899 54.2345
      vertex 9.00434 35.365 54.0888
    endloop
  endfacet
  facet normal -0.87054 -8.23324e-05 0.492098
    outer loop
      vertex 9.73385 35.9351 55.3795
      vertex 9.82179 35.5221 55.535
      vertex 9.85983 35.557 55.6023
    endloop
  endfacet
  facet normal -0.870516 -1.22622e-05 0.492141
    outer loop
      vertex 9.0867 35.7899 54.2345
      vertex 9.04521 35.3478 54.1611
      vertex 9.12096 35.7777 54.2951
    endloop
  endfacet
  facet normal -0.870504 3.58983e-05 0.492162
    outer loop
      vertex 9.70172 35.908 55.3226
      vertex 9.78323 35.4896 55.4668
      vertex 9.82179 35.5221 55.535
    endloop
  endfacet
  facet normal -0.870471 -4.49519e-05 0.49222
    outer loop
      vertex 9.08632 35.3332 54.2338
      vertex 9.12096 35.7777 54.2951
      vertex 9.04521 35.3478 54.1611
    endloop
  endfacet
  facet normal -0.87039 0.000231292 0.492363
    outer loop
      vertex 9.66918 35.883 55.265
      vertex 9.74419 35.4596 55.3978
      vertex 9.78323 35.4896 55.4668
    endloop
  endfacet
  facet normal -0.870455 -5.0184e-05 0.492249
    outer loop
      vertex 9.12096 35.7777 54.2951
      vertex 9.08632 35.3332 54.2338
      vertex 9.1554 35.7677 54.356
    endloop
  endfacet
  facet normal -0.870661 -8.35375e-06 0.491883
    outer loop
      vertex 9.63628 35.8601 55.2068
      vertex 9.7047 35.4321 55.3279
      vertex 9.74419 35.4596 55.3978
    endloop
  endfacet
  facet normal -0.870549 1.16366e-05 0.492082
    outer loop
      vertex 9.12764 35.3213 54.3069
      vertex 9.1554 35.7677 54.356
      vertex 9.08632 35.3332 54.2338
    endloop
  endfacet
  facet normal -0.870632 -4.43074e-05 0.491935
    outer loop
      vertex 9.60303 35.8393 55.148
      vertex 9.66481 35.4072 55.2573
      vertex 9.7047 35.4321 55.3279
    endloop
  endfacet
  facet normal -0.87069 4.7939e-05 0.491832
    outer loop
      vertex 9.1554 35.7677 54.356
      vertex 9.12764 35.3213 54.3069
      vertex 9.18997 35.76 54.4172
    endloop
  endfacet
  facet normal -0.87048 2.75679e-05 0.492204
    outer loop
      vertex 9.56949 35.8207 55.0887
      vertex 9.62455 35.3848 55.1861
      vertex 9.66481 35.4072 55.2573
    endloop
  endfacet
  facet normal -0.870549 -3.47157e-05 0.492081
    outer loop
      vertex 9.16913 35.312 54.3803
      vertex 9.18997 35.76 54.4172
      vertex 9.12764 35.3213 54.3069
    endloop
  endfacet
  facet normal -0.870581 4.32311e-05 0.492024
    outer loop
      vertex 9.53567 35.8042 55.0288
      vertex 9.58397 35.365 55.1143
      vertex 9.62455 35.3848 55.1861
    endloop
  endfacet
  facet normal -0.87043 -5.76008e-05 0.492292
    outer loop
      vertex 9.18997 35.76 54.4172
      vertex 9.16913 35.312 54.3803
      vertex 9.22464 35.7544 54.4785
    endloop
  endfacet
  facet normal -0.870539 3.43224e-06 0.4921
    outer loop
      vertex 9.50161 35.7899 54.9686
      vertex 9.5431 35.3478 55.042
      vertex 9.58397 35.365 55.1143
    endloop
  endfacet
  facet normal -0.870793 0.000130503 0.49165
    outer loop
      vertex 9.21074 35.3053 54.454
      vertex 9.22464 35.7544 54.4785
      vertex 9.16913 35.312 54.3803
    endloop
  endfacet
  facet normal -0.870743 -0.000153446 0.491738
    outer loop
      vertex 9.46735 35.7777 54.908
      vertex 9.50199 35.3332 54.9692
      vertex 9.5431 35.3478 55.042
    endloop
  endfacet
  facet normal -0.870687 0.000116928 0.491838
    outer loop
      vertex 9.22464 35.7544 54.4785
      vertex 9.21074 35.3053 54.454
      vertex 9.25938 35.7511 54.54
    endloop
  endfacet
  facet normal -0.87055 7.52188e-06 0.49208
    outer loop
      vertex 9.43292 35.7677 54.847
      vertex 9.46067 35.3213 54.8961
      vertex 9.50199 35.3332 54.9692
    endloop
  endfacet
  facet normal -0.870394 -1.49962e-05 0.492356
    outer loop
      vertex 9.25243 35.3013 54.5277
      vertex 9.25938 35.7511 54.54
      vertex 9.21074 35.3053 54.454
    endloop
  endfacet
  facet normal -0.870544 -5.47604e-05 0.49209
    outer loop
      vertex 9.39835 35.76 54.7859
      vertex 9.41918 35.312 54.8227
      vertex 9.46067 35.3213 54.8961
    endloop
  endfacet
  facet normal -0.870447 -1.16054e-05 0.492262
    outer loop
      vertex 9.25938 35.7511 54.54
      vertex 9.25243 35.3013 54.5277
      vertex 9.29416 35.75 54.6015
    endloop
  endfacet
  facet normal -0.870562 -1.09022e-05 0.492058
    outer loop
      vertex 9.36367 35.7544 54.7245
      vertex 9.37758 35.3053 54.7491
      vertex 9.41918 35.312 54.8227
    endloop
  endfacet
  facet normal -0.870477 0 0.492209
    outer loop
      vertex 9.29416 35.3 54.6015
      vertex 9.29416 35.75 54.6015
      vertex 9.25243 35.3013 54.5277
    endloop
  endfacet
  facet normal -0.870393 -4.32582e-06 0.492357
    outer loop
      vertex 9.32893 35.7511 54.6631
      vertex 9.33589 35.3013 54.6754
      vertex 9.37758 35.3053 54.7491
    endloop
  endfacet
  facet normal -0.870762 0 0.491704
    outer loop
      vertex 9.29416 35.75 54.6015
      vertex 9.29416 35.3 54.6015
      vertex 9.33589 35.3013 54.6754
    endloop
  endfacet
  facet normal -0.0229916 0.998908 -0.0406786
    outer loop
      vertex 10.5045 35.7544 54.0797
      vertex 9.32893 35.7511 54.6631
      vertex 9.36367 35.7544 54.7245
    endloop
  endfacet
  facet normal -0.0229941 0.998907 -0.0406835
    outer loop
      vertex 9.32893 35.7511 54.6631
      vertex 10.5045 35.7544 54.0797
      vertex 10.4719 35.7511 54.0171
    endloop
  endfacet
  facet normal 0.402778 0.574519 0.71253
    outer loop
      vertex 9.58018 36.7353 52.3023
      vertex 8.39847 36.6775 53.0169
      vertex 9.59894 36.6775 52.3383
    endloop
  endfacet
  facet normal 0.402444 0.575351 0.712046
    outer loop
      vertex 8.39847 36.6775 53.0169
      vertex 9.58018 36.7353 52.3023
      vertex 8.37847 36.7353 52.9815
    endloop
  endfacet
  facet normal -0.307333 -0.780987 -0.543697
    outer loop
      vertex 9.97272 39.7778 55.8021
      vertex 11.1013 39.7337 55.2275
      vertex 9.99987 39.7337 55.8501
    endloop
  endfacet
  facet normal -0.307563 -0.780558 -0.544182
    outer loop
      vertex 11.1013 39.7337 55.2275
      vertex 9.97272 39.7778 55.8021
      vertex 11.0759 39.7778 55.1786
    endloop
  endfacet
  facet normal 0.129592 -0.964693 0.229288
    outer loop
      vertex 8.98528 40.1607 54.0551
      vertex 10.1809 40.1793 53.4576
      vertex 9.01882 40.1793 54.1144
    endloop
  endfacet
  facet normal 0.129466 -0.96477 0.229034
    outer loop
      vertex 10.1809 40.1793 53.4576
      vertex 8.98528 40.1607 54.0551
      vertex 10.1495 40.1607 53.397
    endloop
  endfacet
  facet normal 0.411155 -0.549326 0.727457
    outer loop
      vertex 8.37847 39.2647 52.9815
      vertex 9.56226 39.2056 52.2678
      vertex 9.58018 39.2647 52.3023
    endloop
  endfacet
  facet normal 0.41128 -0.548993 0.727637
    outer loop
      vertex 9.56226 39.2056 52.2678
      vertex 8.37847 39.2647 52.9815
      vertex 8.35938 39.2056 52.9477
    endloop
  endfacet
  facet normal 0.427439 0.495503 0.756157
    outer loop
      vertex 9.52905 36.9161 52.2039
      vertex 8.3412 36.8547 52.9156
      vertex 9.54521 36.8547 52.235
    endloop
  endfacet
  facet normal 0.427424 0.495548 0.756136
    outer loop
      vertex 8.3412 36.8547 52.9156
      vertex 9.52905 36.9161 52.2039
      vertex 8.32397 36.9161 52.8851
    endloop
  endfacet
  facet normal 0.490579 0.0782454 0.867877
    outer loop
      vertex 9.40262 37.8587 51.9608
      vertex 8.19194 37.7883 52.6515
      vertex 9.40518 37.7883 51.9657
    endloop
  endfacet
  facet normal 0.490481 0.0794227 0.867825
    outer loop
      vertex 8.19194 37.7883 52.6515
      vertex 9.40262 37.8587 51.9608
      vertex 8.18921 37.8587 52.6466
    endloop
  endfacet
  facet normal 0.491476 0.0476718 0.869585
    outer loop
      vertex 9.40108 37.9293 51.9578
      vertex 8.18921 37.8587 52.6466
      vertex 9.40262 37.8587 51.9608
    endloop
  endfacet
  facet normal 0.491512 0.0471374 0.869594
    outer loop
      vertex 8.18921 37.8587 52.6466
      vertex 9.40108 37.9293 51.9578
      vertex 8.18757 37.9293 52.6437
    endloop
  endfacet
  facet normal 0.427439 -0.495503 0.756157
    outer loop
      vertex 8.3412 39.1453 52.9156
      vertex 9.52905 39.0839 52.2039
      vertex 9.54521 39.1453 52.235
    endloop
  endfacet
  facet normal 0.427424 -0.495548 0.756136
    outer loop
      vertex 9.52905 39.0839 52.2039
      vertex 8.3412 39.1453 52.9156
      vertex 8.32397 39.0839 52.8851
    endloop
  endfacet
  facet normal -0.0996271 0.97929 -0.176255
    outer loop
      vertex 10.6658 35.8042 54.39
      vertex 9.50161 35.7899 54.9686
      vertex 9.53567 35.8042 55.0288
    endloop
  endfacet
  facet normal -0.0996498 0.979279 -0.176301
    outer loop
      vertex 9.50161 35.7899 54.9686
      vertex 10.6658 35.8042 54.39
      vertex 10.6339 35.7899 54.3286
    endloop
  endfacet
  facet normal -0.489083 0.109973 -0.865277
    outer loop
      vertex 11.4697 37.718 55.936
      vertex 10.3964 37.7883 56.5516
      vertex 11.4733 37.7883 55.9429
    endloop
  endfacet
  facet normal -0.489194 0.108916 -0.865348
    outer loop
      vertex 10.3964 37.7883 56.5516
      vertex 11.4697 37.718 55.936
      vertex 10.3926 37.718 56.5449
    endloop
  endfacet
  facet normal -0.487249 0.140373 -0.861907
    outer loop
      vertex 11.4651 37.648 55.9272
      vertex 10.3926 37.718 56.5449
      vertex 11.4697 37.718 55.936
    endloop
  endfacet
  facet normal -0.487148 0.141213 -0.861827
    outer loop
      vertex 10.3926 37.718 56.5449
      vertex 11.4651 37.648 55.9272
      vertex 10.3877 37.648 56.5362
    endloop
  endfacet
  facet normal -0.173946 -0.935436 -0.307738
    outer loop
      vertex 9.66918 40.117 55.265
      vertex 10.8216 40.092 54.6896
      vertex 9.70172 40.092 55.3226
    endloop
  endfacet
  facet normal -0.174041 -0.935354 -0.307932
    outer loop
      vertex 10.8216 40.092 54.6896
      vertex 9.66918 40.117 55.265
      vertex 10.7911 40.117 54.6309
    endloop
  endfacet
  facet normal 0.491476 -0.0476718 0.869585
    outer loop
      vertex 8.18921 38.1413 52.6466
      vertex 9.40108 38.0707 51.9578
      vertex 9.40262 38.1413 51.9608
    endloop
  endfacet
  facet normal 0.491512 -0.0471374 0.869594
    outer loop
      vertex 9.40108 38.0707 51.9578
      vertex 8.18921 38.1413 52.6466
      vertex 8.18757 38.0707 52.6437
    endloop
  endfacet
  facet normal -0.441844 -0.439995 -0.781779
    outer loop
      vertex 10.2959 38.958 56.3739
      vertex 11.3647 39.0215 55.7341
      vertex 11.3791 38.958 55.7617
    endloop
  endfacet
  facet normal -0.441818 -0.440081 -0.781745
    outer loop
      vertex 11.3647 39.0215 55.7341
      vertex 10.2959 38.958 56.3739
      vertex 10.2806 39.0215 56.3468
    endloop
  endfacet
  facet normal 0.492006 0.0146301 0.870469
    outer loop
      vertex 9.40057 38 51.9569
      vertex 8.18757 37.9293 52.6437
      vertex 9.40108 37.9293 51.9578
    endloop
  endfacet
  facet normal 0.491996 0.0148388 0.870471
    outer loop
      vertex 8.18757 37.9293 52.6437
      vertex 9.40057 38 51.9569
      vertex 8.18703 38 52.6428
    endloop
  endfacet
  facet normal -0.188503 -0.923713 -0.333498
    outer loop
      vertex 9.70172 40.092 55.3226
      vertex 10.8518 40.0649 54.7476
      vertex 9.73385 40.0649 55.3795
    endloop
  endfacet
  facet normal -0.188486 -0.923729 -0.333462
    outer loop
      vertex 10.8518 40.0649 54.7476
      vertex 9.70172 40.092 55.3226
      vertex 10.8216 40.092 54.6896
    endloop
  endfacet
  facet normal -0.490522 0.0785226 -0.867884
    outer loop
      vertex 11.4733 37.7883 55.9429
      vertex 10.3991 37.8587 56.5564
      vertex 11.4759 37.8587 55.9478
    endloop
  endfacet
  facet normal -0.490569 0.0779898 -0.867905
    outer loop
      vertex 10.3991 37.8587 56.5564
      vertex 11.4733 37.7883 55.9429
      vertex 10.3964 37.7883 56.5516
    endloop
  endfacet
  facet normal 0.00765993 0.999879 0.0135521
    outer loop
      vertex 10.4392 35.75 53.9543
      vertex 9.25938 35.7511 54.54
      vertex 9.29416 35.75 54.6015
    endloop
  endfacet
  facet normal 0.00766267 0.999879 0.0135576
    outer loop
      vertex 9.25938 35.7511 54.54
      vertex 10.4392 35.75 53.9543
      vertex 10.4066 35.7511 53.8916
    endloop
  endfacet
  facet normal 0.478553 0.232674 0.84667
    outer loop
      vertex 9.42558 37.5092 52.005
      vertex 8.22181 37.4404 52.7043
      vertex 9.4332 37.4404 52.0196
    endloop
  endfacet
  facet normal 0.478396 0.233635 0.846494
    outer loop
      vertex 8.22181 37.4404 52.7043
      vertex 9.42558 37.5092 52.005
      vertex 8.21369 37.5092 52.6899
    endloop
  endfacet
  facet normal 0.384247 0.624729 0.679756
    outer loop
      vertex 9.61853 36.621 52.376
      vertex 8.4411 36.5658 53.0923
      vertex 9.63893 36.5658 52.4152
    endloop
  endfacet
  facet normal 0.384033 0.625203 0.679441
    outer loop
      vertex 8.4411 36.5658 53.0923
      vertex 9.61853 36.621 52.376
      vertex 8.41935 36.621 53.0538
    endloop
  endfacet
  facet normal 0.342442 -0.718093 0.605868
    outer loop
      vertex 8.5113 39.591 53.2165
      vertex 9.72822 39.6402 52.587
      vertex 8.53627 39.6402 53.2607
    endloop
  endfacet
  facet normal 0.342364 -0.718269 0.605704
    outer loop
      vertex 9.72822 39.6402 52.587
      vertex 8.5113 39.591 53.2165
      vertex 9.70479 39.591 52.5419
    endloop
  endfacet
  facet normal 0.419577 0.522418 0.742317
    outer loop
      vertex 9.54521 36.8547 52.235
      vertex 8.35938 36.7944 52.9477
      vertex 9.56226 36.7944 52.2678
    endloop
  endfacet
  facet normal 0.419771 0.521869 0.742593
    outer loop
      vertex 8.35938 36.7944 52.9477
      vertex 9.54521 36.8547 52.235
      vertex 8.3412 36.8547 52.9156
    endloop
  endfacet
  facet normal 0.0390021 -0.996853 0.0690078
    outer loop
      vertex 9.18997 40.24 54.4172
      vertex 10.374 40.2456 53.8289
      vertex 9.22464 40.2456 54.4785
    endloop
  endfacet
  facet normal 0.0389703 -0.996859 0.0689437
    outer loop
      vertex 10.374 40.2456 53.8289
      vertex 9.18997 40.24 54.4172
      vertex 10.3415 40.24 53.7663
    endloop
  endfacet
  facet normal 0.20195 -0.911903 0.35728
    outer loop
      vertex 8.82276 40.0359 53.7675
      vertex 10.0267 40.0649 53.161
      vertex 8.85446 40.0649 53.8236
    endloop
  endfacet
  facet normal 0.202012 -0.91184 0.357406
    outer loop
      vertex 10.0267 40.0649 53.161
      vertex 8.82276 40.0359 53.7675
      vertex 9.997 40.0359 53.1038
    endloop
  endfacet
  facet normal -0.402536 -0.575065 -0.712225
    outer loop
      vertex 10.2098 39.2647 56.2216
      vertex 11.2796 39.3225 55.5703
      vertex 11.2983 39.2647 55.6064
    endloop
  endfacet
  facet normal -0.40242 -0.575351 -0.71206
    outer loop
      vertex 11.2796 39.3225 55.5703
      vertex 10.2098 39.2647 56.2216
      vertex 10.1898 39.3225 56.1862
    endloop
  endfacet
  facet normal 0.441923 0.43977 0.781861
    outer loop
      vertex 9.49942 37.042 52.147
      vertex 8.3077 36.9785 52.8563
      vertex 9.51378 36.9785 52.1746
    endloop
  endfacet
  facet normal 0.441833 0.440081 0.781737
    outer loop
      vertex 8.3077 36.9785 52.8563
      vertex 9.49942 37.042 52.147
      vertex 8.2924 37.042 52.8292
    endloop
  endfacet
  facet normal 0.492006 -0.0146301 0.870469
    outer loop
      vertex 8.18757 38.0707 52.6437
      vertex 9.40057 38 51.9569
      vertex 9.40108 38.0707 51.9578
    endloop
  endfacet
  facet normal 0.491996 -0.0148388 0.870471
    outer loop
      vertex 9.40057 38 51.9569
      vertex 8.18757 38.0707 52.6437
      vertex 8.18703 38 52.6428
    endloop
  endfacet
  facet normal 0.257384 0.852314 0.455318
    outer loop
      vertex 9.91052 36.0633 52.9375
      vertex 8.70093 36.1003 53.552
      vertex 8.73058 36.0633 53.6045
    endloop
  endfacet
  facet normal 0.257466 0.852198 0.455488
    outer loop
      vertex 8.70093 36.1003 53.552
      vertex 9.91052 36.0633 52.9375
      vertex 9.8827 36.1003 52.884
    endloop
  endfacet
  facet normal -0.353559 0.69547 -0.625554
    outer loop
      vertex 11.1964 36.4598 55.4104
      vertex 10.077 36.409 55.9866
      vertex 10.1012 36.4598 56.0294
    endloop
  endfacet
  facet normal -0.353424 0.695801 -0.625262
    outer loop
      vertex 10.077 36.409 55.9866
      vertex 11.1964 36.4598 55.4104
      vertex 11.1737 36.409 55.3667
    endloop
  endfacet
  facet normal 0.0996275 -0.97929 0.176255
    outer loop
      vertex 9.05264 40.1958 54.1743
      vertex 10.2446 40.2101 53.58
      vertex 9.0867 40.2101 54.2345
    endloop
  endfacet
  facet normal 0.0996502 -0.979279 0.176301
    outer loop
      vertex 10.2446 40.2101 53.58
      vertex 9.05264 40.1958 54.1743
      vertex 10.2127 40.1958 53.5186
    endloop
  endfacet
  facet normal 0.0229631 -0.99891 0.0406287
    outer loop
      vertex 9.22464 40.2456 54.4785
      vertex 10.4066 40.2489 53.8916
      vertex 9.25938 40.2489 54.54
    endloop
  endfacet
  facet normal 0.0229655 -0.99891 0.0406336
    outer loop
      vertex 10.4066 40.2489 53.8916
      vertex 9.22464 40.2456 54.4785
      vertex 10.374 40.2456 53.8289
    endloop
  endfacet
  facet normal 0.363467 0.674128 0.642996
    outer loop
      vertex 9.68209 36.4598 52.4982
      vertex 8.46369 36.512 53.1322
      vertex 8.48709 36.4598 53.1737
    endloop
  endfacet
  facet normal 0.36375 0.673399 0.643599
    outer loop
      vertex 8.46369 36.512 53.1322
      vertex 9.68209 36.4598 52.4982
      vertex 9.66012 36.512 52.456
    endloop
  endfacet
  facet normal -0.144795 -0.955718 -0.256199
    outer loop
      vertex 9.60303 40.1607 55.148
      vertex 10.7602 40.1399 54.5716
      vertex 9.63628 40.1399 55.2068
    endloop
  endfacet
  facet normal -0.144731 -0.955762 -0.25607
    outer loop
      vertex 10.7602 40.1399 54.5716
      vertex 9.60303 40.1607 55.148
      vertex 10.729 40.1607 54.5116
    endloop
  endfacet
  facet normal 0.0996275 0.97929 0.176255
    outer loop
      vertex 10.2446 35.7899 53.58
      vertex 9.05264 35.8042 54.1743
      vertex 9.0867 35.7899 54.2345
    endloop
  endfacet
  facet normal 0.0996502 0.979279 0.176301
    outer loop
      vertex 9.05264 35.8042 54.1743
      vertex 10.2446 35.7899 53.58
      vertex 10.2127 35.8042 53.5186
    endloop
  endfacet
  facet normal 0.353561 0.695505 0.625513
    outer loop
      vertex 9.70479 36.409 52.5419
      vertex 8.48709 36.4598 53.1737
      vertex 8.5113 36.409 53.2165
    endloop
  endfacet
  facet normal 0.353439 0.6958 0.625254
    outer loop
      vertex 8.48709 36.4598 53.1737
      vertex 9.70479 36.409 52.5419
      vertex 9.68209 36.4598 52.4982
    endloop
  endfacet
  facet normal 0.393364 0.600766 0.695949
    outer loop
      vertex 9.59894 36.6775 52.3383
      vertex 8.41935 36.621 53.0538
      vertex 9.61853 36.621 52.376
    endloop
  endfacet
  facet normal 0.393601 0.600208 0.696296
    outer loop
      vertex 8.41935 36.621 53.0538
      vertex 9.59894 36.6775 52.3383
      vertex 8.39847 36.6775 53.0169
    endloop
  endfacet
  facet normal 0.159265 0.94617 0.281775
    outer loop
      vertex 10.1183 35.8601 53.3371
      vertex 8.91913 35.883 53.938
      vertex 8.95203 35.8601 53.9963
    endloop
  endfacet
  facet normal 0.159316 0.946131 0.281878
    outer loop
      vertex 8.91913 35.883 53.938
      vertex 10.1183 35.8601 53.3371
      vertex 10.0874 35.883 53.2777
    endloop
  endfacet
  facet normal -0.484739 0.172073 -0.857566
    outer loop
      vertex 11.4595 37.5784 55.9164
      vertex 10.3877 37.648 56.5362
      vertex 11.4651 37.648 55.9272
    endloop
  endfacet
  facet normal -0.484696 0.172385 -0.857527
    outer loop
      vertex 10.3877 37.648 56.5362
      vertex 11.4595 37.5784 55.9164
      vertex 10.3817 37.5784 56.5256
    endloop
  endfacet
  facet normal -0.159444 -0.946041 -0.282107
    outer loop
      vertex 9.63628 40.1399 55.2068
      vertex 10.7911 40.117 54.6309
      vertex 9.66918 40.117 55.265
    endloop
  endfacet
  facet normal -0.159495 -0.946002 -0.28221
    outer loop
      vertex 10.7911 40.117 54.6309
      vertex 9.63628 40.1399 55.2068
      vertex 10.7602 40.1399 54.5716
    endloop
  endfacet
  facet normal 0.114775 -0.972417 0.203058
    outer loop
      vertex 9.01882 40.1793 54.1144
      vertex 10.2127 40.1958 53.5186
      vertex 9.05264 40.1958 54.1743
    endloop
  endfacet
  facet normal 0.114826 -0.972389 0.203163
    outer loop
      vertex 10.2127 40.1958 53.5186
      vertex 9.01882 40.1793 54.1144
      vertex 10.1809 40.1793 53.4576
    endloop
  endfacet
  facet normal 0.478553 -0.232674 0.84667
    outer loop
      vertex 8.22181 38.5596 52.7043
      vertex 9.42558 38.4908 52.005
      vertex 9.4332 38.5596 52.0196
    endloop
  endfacet
  facet normal 0.478396 -0.233635 0.846494
    outer loop
      vertex 9.42558 38.4908 52.005
      vertex 8.22181 38.5596 52.7043
      vertex 8.21369 38.4908 52.6899
    endloop
  endfacet
  facet normal 0.470397 -0.293338 0.832273
    outer loop
      vertex 8.24121 38.6953 52.7386
      vertex 9.44181 38.6277 52.0362
      vertex 9.45141 38.6953 52.0546
    endloop
  endfacet
  facet normal 0.470507 -0.29278 0.832408
    outer loop
      vertex 9.44181 38.6277 52.0362
      vertex 8.24121 38.6953 52.7386
      vertex 8.23099 38.6277 52.7206
    endloop
  endfacet
  facet normal 0.490579 -0.0782454 0.867877
    outer loop
      vertex 8.19194 38.2117 52.6515
      vertex 9.40262 38.1413 51.9608
      vertex 9.40518 38.2117 51.9657
    endloop
  endfacet
  facet normal 0.490481 -0.0794227 0.867825
    outer loop
      vertex 9.40262 38.1413 51.9608
      vertex 8.19194 38.2117 52.6515
      vertex 8.18921 38.1413 52.6466
    endloop
  endfacet
  facet normal 0.484852 0.170944 0.857728
    outer loop
      vertex 9.41336 37.648 51.9815
      vertex 8.20664 37.5784 52.6775
      vertex 9.41897 37.5784 51.9922
    endloop
  endfacet
  facet normal 0.484682 0.172249 0.857563
    outer loop
      vertex 8.20664 37.5784 52.6775
      vertex 9.41336 37.648 51.9815
      vertex 8.20066 37.648 52.6669
    endloop
  endfacet
  facet normal 0.144815 0.955718 0.256187
    outer loop
      vertex 10.1495 35.8393 53.397
      vertex 8.95203 35.8601 53.9963
      vertex 8.98528 35.8393 54.0551
    endloop
  endfacet
  facet normal 0.144906 0.955655 0.25637
    outer loop
      vertex 8.95203 35.8601 53.9963
      vertex 10.1495 35.8393 53.397
      vertex 10.1183 35.8601 53.3371
    endloop
  endfacet
  facet normal -0.0849406 -0.984988 -0.150277
    outer loop
      vertex 9.46735 40.2223 54.908
      vertex 10.6339 40.2101 54.3286
      vertex 9.50161 40.2101 54.9686
    endloop
  endfacet
  facet normal -0.0849075 -0.985001 -0.15021
    outer loop
      vertex 10.6339 40.2101 54.3286
      vertex 9.46735 40.2223 54.908
      vertex 10.6017 40.2223 54.2668
    endloop
  endfacet
  facet normal -0.39331 -0.600811 -0.69594
    outer loop
      vertex 10.1898 39.3225 56.1862
      vertex 11.26 39.379 55.5326
      vertex 11.2796 39.3225 55.5703
    endloop
  endfacet
  facet normal -0.393724 -0.599851 -0.696534
    outer loop
      vertex 11.26 39.379 55.5326
      vertex 10.1898 39.3225 56.1862
      vertex 10.169 39.379 56.1493
    endloop
  endfacet
  facet normal 0.4817 -0.20367 0.85234
    outer loop
      vertex 8.21369 38.4908 52.6899
      vertex 9.41897 38.4216 51.9922
      vertex 9.42558 38.4908 52.005
    endloop
  endfacet
  facet normal 0.481963 -0.201883 0.852617
    outer loop
      vertex 9.41897 38.4216 51.9922
      vertex 8.21369 38.4908 52.6899
      vertex 8.20664 38.4216 52.6775
    endloop
  endfacet
  facet normal 0.307315 -0.78096 0.543745
    outer loop
      vertex 8.58845 39.7337 53.353
      vertex 9.80264 39.7778 52.7301
      vertex 8.61559 39.7778 53.401
    endloop
  endfacet
  facet normal 0.307169 -0.781229 0.543441
    outer loop
      vertex 9.80264 39.7778 52.7301
      vertex 8.58845 39.7337 53.353
      vertex 9.77717 39.7337 52.6811
    endloop
  endfacet
  facet normal -0.0695465 -0.989962 -0.123035
    outer loop
      vertex 9.43292 40.2323 54.847
      vertex 10.6017 40.2223 54.2668
      vertex 9.46735 40.2223 54.908
    endloop
  endfacet
  facet normal -0.069626 -0.989937 -0.123196
    outer loop
      vertex 10.6017 40.2223 54.2668
      vertex 9.43292 40.2323 54.847
      vertex 10.5694 40.2323 54.2047
    endloop
  endfacet
  facet normal 0.216643 0.89786 0.383292
    outer loop
      vertex 9.997 35.9641 53.1038
      vertex 8.79153 35.9952 53.7123
      vertex 8.82276 35.9641 53.7675
    endloop
  endfacet
  facet normal 0.216623 0.897882 0.383252
    outer loop
      vertex 8.79153 35.9952 53.7123
      vertex 9.997 35.9641 53.1038
      vertex 9.9677 35.9952 53.0475
    endloop
  endfacet
  facet normal 0.48708 0.14158 0.861805
    outer loop
      vertex 9.40876 37.718 51.9726
      vertex 8.20066 37.648 52.6669
      vertex 9.41336 37.648 51.9815
    endloop
  endfacet
  facet normal 0.487122 0.141213 0.861842
    outer loop
      vertex 8.20066 37.648 52.6669
      vertex 9.40876 37.718 51.9726
      vertex 8.19576 37.718 52.6582
    endloop
  endfacet
  facet normal 0.460239 -0.353757 0.81427
    outer loop
      vertex 8.26477 38.8283 52.7803
      vertex 9.46198 38.7622 52.0749
      vertex 9.47351 38.8283 52.0971
    endloop
  endfacet
  facet normal 0.460416 -0.352998 0.8145
    outer loop
      vertex 9.46198 38.7622 52.0749
      vertex 8.26477 38.8283 52.7803
      vertex 8.25248 38.7622 52.7586
    endloop
  endfacet
  facet normal 0.384247 -0.624729 0.679756
    outer loop
      vertex 8.4411 39.4342 53.0923
      vertex 9.61853 39.379 52.376
      vertex 9.63893 39.4342 52.4152
    endloop
  endfacet
  facet normal 0.384033 -0.625203 0.679441
    outer loop
      vertex 9.61853 39.379 52.376
      vertex 8.4411 39.4342 53.0923
      vertex 8.41935 39.379 53.0538
    endloop
  endfacet
  facet normal 0.454655 -0.382576 0.804316
    outer loop
      vertex 8.27808 38.8936 52.8039
      vertex 9.47351 38.8283 52.0971
      vertex 9.486 38.8936 52.1211
    endloop
  endfacet
  facet normal 0.454487 -0.383244 0.804093
    outer loop
      vertex 9.47351 38.8283 52.0971
      vertex 8.27808 38.8936 52.8039
      vertex 8.26477 38.8283 52.7803
    endloop
  endfacet
  facet normal -0.319537 -0.760438 -0.565358
    outer loop
      vertex 9.99987 39.7337 55.8501
      vertex 11.1261 39.6878 55.2753
      vertex 10.0263 39.6878 55.8969
    endloop
  endfacet
  facet normal -0.319332 -0.760846 -0.564925
    outer loop
      vertex 11.1261 39.6878 55.2753
      vertex 9.99987 39.7337 55.8501
      vertex 11.1013 39.7337 55.2275
    endloop
  endfacet
  facet normal 0.448257 -0.412375 0.793103
    outer loop
      vertex 8.2924 38.958 52.8292
      vertex 9.486 38.8936 52.1211
      vertex 9.49942 38.958 52.147
    endloop
  endfacet
  facet normal 0.44851 -0.411441 0.793445
    outer loop
      vertex 9.486 38.8936 52.1211
      vertex 8.2924 38.958 52.8292
      vertex 8.27808 38.8936 52.8039
    endloop
  endfacet
  facet normal 0.48708 -0.14158 0.861805
    outer loop
      vertex 8.20066 38.352 52.6669
      vertex 9.40876 38.282 51.9726
      vertex 9.41336 38.352 51.9815
    endloop
  endfacet
  facet normal 0.487122 -0.141213 0.861842
    outer loop
      vertex 9.40876 38.282 51.9726
      vertex 8.20066 38.352 52.6669
      vertex 8.19576 38.282 52.6582
    endloop
  endfacet
  facet normal 0.159265 -0.94617 0.281775
    outer loop
      vertex 8.91913 40.117 53.938
      vertex 10.1183 40.1399 53.3371
      vertex 8.95203 40.1399 53.9963
    endloop
  endfacet
  facet normal 0.159316 -0.946131 0.281878
    outer loop
      vertex 10.1183 40.1399 53.3371
      vertex 8.91913 40.117 53.938
      vertex 10.0874 40.117 53.2777
    endloop
  endfacet
  facet normal 0.441923 -0.43977 0.781861
    outer loop
      vertex 8.3077 39.0215 52.8563
      vertex 9.49942 38.958 52.147
      vertex 9.51378 39.0215 52.1746
    endloop
  endfacet
  facet normal 0.441833 -0.440081 0.781737
    outer loop
      vertex 9.49942 38.958 52.147
      vertex 8.3077 39.0215 52.8563
      vertex 8.2924 38.958 52.8292
    endloop
  endfacet
  facet normal 0.129592 0.964693 0.229288
    outer loop
      vertex 10.1809 35.8207 53.4576
      vertex 8.98528 35.8393 54.0551
      vertex 9.01882 35.8207 54.1144
    endloop
  endfacet
  facet normal 0.129466 0.96477 0.229034
    outer loop
      vertex 8.98528 35.8393 54.0551
      vertex 10.1809 35.8207 53.4576
      vertex 10.1495 35.8393 53.397
    endloop
  endfacet
  facet normal -0.465544 0.323706 -0.823701
    outer loop
      vertex 11.4165 37.2378 55.8337
      vertex 10.3471 37.3047 56.4644
      vertex 11.4271 37.3047 55.854
    endloop
  endfacet
  facet normal -0.465554 0.323657 -0.823714
    outer loop
      vertex 10.3471 37.3047 56.4644
      vertex 11.4165 37.2378 55.8337
      vertex 10.3358 37.2378 56.4445
    endloop
  endfacet
  facet normal -0.481876 -0.202422 -0.852538
    outer loop
      vertex 10.3817 38.4216 56.5256
      vertex 11.4529 38.4908 55.9037
      vertex 11.4595 38.4216 55.9164
    endloop
  endfacet
  facet normal -0.481727 -0.203398 -0.85239
    outer loop
      vertex 11.4529 38.4908 55.9037
      vertex 10.3817 38.4216 56.5256
      vertex 10.3746 38.4908 56.5131
    endloop
  endfacet
  facet normal 0.363467 -0.674128 0.642996
    outer loop
      vertex 8.46369 39.488 53.1322
      vertex 9.68209 39.5402 52.4982
      vertex 8.48709 39.5402 53.1737
    endloop
  endfacet
  facet normal 0.36375 -0.673399 0.643599
    outer loop
      vertex 9.68209 39.5402 52.4982
      vertex 8.46369 39.488 53.1322
      vertex 9.66012 39.488 52.456
    endloop
  endfacet
  facet normal -0.0695465 0.989962 -0.123035
    outer loop
      vertex 10.6017 35.7777 54.2668
      vertex 9.43292 35.7677 54.847
      vertex 9.46735 35.7777 54.908
    endloop
  endfacet
  facet normal -0.069626 0.989937 -0.123196
    outer loop
      vertex 9.43292 35.7677 54.847
      vertex 10.6017 35.7777 54.2668
      vertex 10.5694 35.7677 54.2047
    endloop
  endfacet
  facet normal -0.282566 0.818675 -0.499928
    outer loop
      vertex 11.0498 36.1797 55.1284
      vertex 9.91645 36.1391 55.7025
      vertex 9.94491 36.1797 55.7529
    endloop
  endfacet
  facet normal -0.282804 0.81829 -0.500423
    outer loop
      vertex 9.91645 36.1391 55.7025
      vertex 11.0498 36.1797 55.1284
      vertex 11.0231 36.1391 55.0771
    endloop
  endfacet
  facet normal -0.489083 -0.109973 -0.865277
    outer loop
      vertex 10.3964 38.2117 56.5516
      vertex 11.4697 38.282 55.936
      vertex 11.4733 38.2117 55.9429
    endloop
  endfacet
  facet normal -0.489194 -0.108916 -0.865348
    outer loop
      vertex 11.4697 38.282 55.936
      vertex 10.3964 38.2117 56.5516
      vertex 10.3926 38.282 56.5449
    endloop
  endfacet
  facet normal -0.307333 0.780987 -0.543697
    outer loop
      vertex 11.1013 36.2663 55.2275
      vertex 9.97272 36.2222 55.8021
      vertex 9.99987 36.2663 55.8501
    endloop
  endfacet
  facet normal -0.307563 0.780558 -0.544182
    outer loop
      vertex 9.97272 36.2222 55.8021
      vertex 11.1013 36.2663 55.2275
      vertex 11.0759 36.2222 55.1786
    endloop
  endfacet
  facet normal 0.454655 0.382576 0.804316
    outer loop
      vertex 9.47351 37.1717 52.0971
      vertex 8.27808 37.1064 52.8039
      vertex 9.486 37.1064 52.1211
    endloop
  endfacet
  facet normal 0.454487 0.383244 0.804093
    outer loop
      vertex 8.27808 37.1064 52.8039
      vertex 9.47351 37.1717 52.0971
      vertex 8.26477 37.1717 52.7803
    endloop
  endfacet
  facet normal 0.460239 0.353757 0.81427
    outer loop
      vertex 9.46198 37.2378 52.0749
      vertex 8.26477 37.1717 52.7803
      vertex 9.47351 37.1717 52.0971
    endloop
  endfacet
  facet normal 0.460416 0.352998 0.8145
    outer loop
      vertex 8.26477 37.1717 52.7803
      vertex 9.46198 37.2378 52.0749
      vertex 8.25248 37.2378 52.7586
    endloop
  endfacet
  facet normal -0.363727 -0.673455 -0.643554
    outer loop
      vertex 10.1012 39.5402 56.0294
      vertex 11.2184 39.488 55.4526
      vertex 10.1246 39.488 56.0708
    endloop
  endfacet
  facet normal -0.363705 -0.673514 -0.643505
    outer loop
      vertex 11.2184 39.488 55.4526
      vertex 10.1012 39.5402 56.0294
      vertex 11.1964 39.5402 55.4104
    endloop
  endfacet
  facet normal -0.470185 -0.294463 -0.831996
    outer loop
      vertex 10.3573 38.6277 56.4825
      vertex 11.4271 38.6953 55.854
      vertex 11.4367 38.6277 55.8725
    endloop
  endfacet
  facet normal -0.470324 -0.293778 -0.83216
    outer loop
      vertex 11.4271 38.6953 55.854
      vertex 10.3573 38.6277 56.4825
      vertex 10.3471 38.6953 56.4644
    endloop
  endfacet
  facet normal -0.257348 0.852333 -0.455303
    outer loop
      vertex 10.9958 36.1003 55.0246
      vertex 9.85773 36.0633 55.5986
      vertex 9.88739 36.1003 55.6511
    endloop
  endfacet
  facet normal -0.25747 0.85216 -0.455556
    outer loop
      vertex 9.85773 36.0633 55.5986
      vertex 10.9958 36.1003 55.0246
      vertex 10.968 36.0633 54.9711
    endloop
  endfacet
  facet normal -0.0229916 -0.998908 -0.0406786
    outer loop
      vertex 9.32893 40.2489 54.6631
      vertex 10.5045 40.2456 54.0797
      vertex 9.36367 40.2456 54.7245
    endloop
  endfacet
  facet normal -0.0229941 -0.998907 -0.0406835
    outer loop
      vertex 10.5045 40.2456 54.0797
      vertex 9.32893 40.2489 54.6631
      vertex 10.4719 40.2489 54.0171
    endloop
  endfacet
  facet normal 0.230338 -0.883671 0.407517
    outer loop
      vertex 8.76079 39.9717 53.6579
      vertex 9.9677 40.0048 53.0475
      vertex 8.79153 40.0048 53.7123
    endloop
  endfacet
  facet normal 0.23028 -0.883741 0.407397
    outer loop
      vertex 9.9677 40.0048 53.0475
      vertex 8.76079 39.9717 53.6579
      vertex 9.93886 39.9717 52.992
    endloop
  endfacet
  facet normal -0.129593 -0.964693 -0.229287
    outer loop
      vertex 9.56949 40.1793 55.0887
      vertex 10.729 40.1607 54.5116
      vertex 9.60303 40.1607 55.148
    endloop
  endfacet
  facet normal -0.129607 -0.964685 -0.229314
    outer loop
      vertex 10.729 40.1607 54.5116
      vertex 9.56949 40.1793 55.0887
      vertex 10.6976 40.1793 54.4511
    endloop
  endfacet
  facet normal 0.114775 0.972417 0.203058
    outer loop
      vertex 10.2127 35.8042 53.5186
      vertex 9.01882 35.8207 54.1144
      vertex 9.05264 35.8042 54.1743
    endloop
  endfacet
  facet normal 0.114826 0.972389 0.203163
    outer loop
      vertex 9.01882 35.8207 54.1144
      vertex 10.2127 35.8042 53.5186
      vertex 10.1809 35.8207 53.4576
    endloop
  endfacet
  facet normal -0.478387 -0.233706 -0.846479
    outer loop
      vertex 10.3746 38.4908 56.5131
      vertex 11.4453 38.5596 55.889
      vertex 11.4529 38.4908 55.9037
    endloop
  endfacet
  facet normal -0.478618 -0.23234 -0.846725
    outer loop
      vertex 11.4453 38.5596 55.889
      vertex 10.3746 38.4908 56.5131
      vertex 10.3665 38.5596 56.4988
    endloop
  endfacet
  facet normal 0.484852 -0.170944 0.857728
    outer loop
      vertex 8.20664 38.4216 52.6775
      vertex 9.41336 38.352 51.9815
      vertex 9.41897 38.4216 51.9922
    endloop
  endfacet
  facet normal 0.484682 -0.172249 0.857563
    outer loop
      vertex 9.41336 38.352 51.9815
      vertex 8.20664 38.4216 52.6775
      vertex 8.20066 38.352 52.6669
    endloop
  endfacet
  facet normal -0.490522 -0.0785226 -0.867884
    outer loop
      vertex 10.3991 38.1413 56.5564
      vertex 11.4733 38.2117 55.9429
      vertex 11.4759 38.1413 55.9478
    endloop
  endfacet
  facet normal -0.490569 -0.0779898 -0.867905
    outer loop
      vertex 11.4733 38.2117 55.9429
      vertex 10.3991 38.1413 56.5564
      vertex 10.3964 38.2117 56.5516
    endloop
  endfacet
  facet normal -0.0536453 0.994038 -0.0949195
    outer loop
      vertex 10.5694 35.7677 54.2047
      vertex 9.39835 35.76 54.7859
      vertex 9.43292 35.7677 54.847
    endloop
  endfacet
  facet normal -0.0536017 0.994049 -0.0948315
    outer loop
      vertex 9.39835 35.76 54.7859
      vertex 10.5694 35.7677 54.2047
      vertex 10.537 35.76 54.1423
    endloop
  endfacet
  facet normal 0.0696154 -0.989939 0.123183
    outer loop
      vertex 9.12096 40.2223 54.2951
      vertex 10.3091 40.2323 53.704
      vertex 9.1554 40.2323 54.356
    endloop
  endfacet
  facet normal 0.069546 -0.989961 0.123043
    outer loop
      vertex 10.3091 40.2323 53.704
      vertex 9.12096 40.2223 54.2951
      vertex 10.2768 40.2223 53.6418
    endloop
  endfacet
  facet normal -0.419475 0.522671 -0.742196
    outer loop
      vertex 11.3162 36.7944 55.6408
      vertex 10.2471 36.8547 56.2875
      vertex 11.3333 36.8547 55.6736
    endloop
  endfacet
  facet normal -0.419727 0.52197 -0.742547
    outer loop
      vertex 10.2471 36.8547 56.2875
      vertex 11.3162 36.7944 55.6408
      vertex 10.2289 36.7944 56.2554
    endloop
  endfacet
  facet normal 0.0696154 0.989939 0.123183
    outer loop
      vertex 10.3091 35.7677 53.704
      vertex 9.12096 35.7777 54.2951
      vertex 9.1554 35.7677 54.356
    endloop
  endfacet
  facet normal 0.069546 0.989961 0.123043
    outer loop
      vertex 9.12096 35.7777 54.2951
      vertex 10.3091 35.7677 53.704
      vertex 10.2768 35.7777 53.6418
    endloop
  endfacet
  facet normal -0.427483 -0.495189 -0.756338
    outer loop
      vertex 10.2643 39.0839 56.318
      vertex 11.3333 39.1453 55.6736
      vertex 11.3494 39.0839 55.7047
    endloop
  endfacet
  facet normal -0.427415 -0.49539 -0.756244
    outer loop
      vertex 11.3333 39.1453 55.6736
      vertex 10.2643 39.0839 56.318
      vertex 10.2471 39.1453 56.2875
    endloop
  endfacet
  facet normal 0.434948 -0.467731 0.769446
    outer loop
      vertex 8.32397 39.0839 52.8851
      vertex 9.51378 39.0215 52.1746
      vertex 9.52905 39.0839 52.2039
    endloop
  endfacet
  facet normal 0.434752 -0.46836 0.769175
    outer loop
      vertex 9.51378 39.0215 52.1746
      vertex 8.32397 39.0839 52.8851
      vertex 8.3077 39.0215 52.8563
    endloop
  endfacet
  facet normal 0.402778 -0.574519 0.71253
    outer loop
      vertex 8.39847 39.3225 53.0169
      vertex 9.58018 39.2647 52.3023
      vertex 9.59894 39.3225 52.3383
    endloop
  endfacet
  facet normal 0.402444 -0.575351 0.712046
    outer loop
      vertex 9.58018 39.2647 52.3023
      vertex 8.39847 39.3225 53.0169
      vertex 8.37847 39.2647 52.9815
    endloop
  endfacet
  facet normal -0.402536 0.575065 -0.712225
    outer loop
      vertex 11.2796 36.6775 55.5703
      vertex 10.2098 36.7353 56.2216
      vertex 11.2983 36.7353 55.6064
    endloop
  endfacet
  facet normal -0.40242 0.575351 -0.71206
    outer loop
      vertex 10.2098 36.7353 56.2216
      vertex 11.2796 36.6775 55.5703
      vertex 10.1898 36.6775 56.1862
    endloop
  endfacet
  facet normal 0.230338 0.883671 0.407517
    outer loop
      vertex 9.9677 35.9952 53.0475
      vertex 8.76079 36.0283 53.6579
      vertex 8.79153 35.9952 53.7123
    endloop
  endfacet
  facet normal 0.23028 0.883741 0.407397
    outer loop
      vertex 8.76079 36.0283 53.6579
      vertex 9.9677 35.9952 53.0475
      vertex 9.93886 36.0283 52.992
    endloop
  endfacet
  facet normal 0.270216 -0.835738 0.478044
    outer loop
      vertex 8.67186 39.8609 53.5006
      vertex 9.8827 39.8997 52.884
      vertex 8.70093 39.8997 53.552
    endloop
  endfacet
  facet normal 0.270245 -0.835694 0.478104
    outer loop
      vertex 9.8827 39.8997 52.884
      vertex 8.67186 39.8609 53.5006
      vertex 9.85542 39.8609 52.8316
    endloop
  endfacet
  facet normal -0.37414 0.649457 -0.661986
    outer loop
      vertex 11.2184 36.512 55.4526
      vertex 10.1472 36.5658 56.1108
      vertex 11.2396 36.5658 55.4934
    endloop
  endfacet
  facet normal -0.37417 0.649395 -0.66203
    outer loop
      vertex 10.1472 36.5658 56.1108
      vertex 11.2184 36.512 55.4526
      vertex 10.1246 36.512 56.0708
    endloop
  endfacet
  facet normal -0.216413 -0.898099 -0.382862
    outer loop
      vertex 9.76555 40.0359 55.4355
      vertex 10.9108 40.0048 54.8611
      vertex 9.79678 40.0048 55.4908
    endloop
  endfacet
  facet normal -0.216607 -0.897882 -0.38326
    outer loop
      vertex 10.9108 40.0048 54.8611
      vertex 9.76555 40.0359 55.4355
      vertex 10.8815 40.0359 54.8048
    endloop
  endfacet
  facet normal -0.384241 0.624729 -0.679759
    outer loop
      vertex 11.2396 36.5658 55.4934
      vertex 10.169 36.621 56.1493
      vertex 11.26 36.621 55.5326
    endloop
  endfacet
  facet normal -0.383928 0.625415 -0.679305
    outer loop
      vertex 10.169 36.621 56.1493
      vertex 11.2396 36.5658 55.4934
      vertex 10.1472 36.5658 56.1108
    endloop
  endfacet
  facet normal 0.374158 -0.649417 0.662015
    outer loop
      vertex 8.46369 39.488 53.1322
      vertex 9.63893 39.4342 52.4152
      vertex 9.66012 39.488 52.456
    endloop
  endfacet
  facet normal 0.374529 -0.648642 0.662564
    outer loop
      vertex 9.63893 39.4342 52.4152
      vertex 8.46369 39.488 53.1322
      vertex 8.4411 39.4342 53.0923
    endloop
  endfacet
  facet normal 0.0229631 0.99891 0.0406287
    outer loop
      vertex 10.4066 35.7511 53.8916
      vertex 9.22464 35.7544 54.4785
      vertex 9.25938 35.7511 54.54
    endloop
  endfacet
  facet normal 0.0229655 0.99891 0.0406336
    outer loop
      vertex 9.22464 35.7544 54.4785
      vertex 10.4066 35.7511 53.8916
      vertex 10.374 35.7544 53.8289
    endloop
  endfacet
  facet normal 0.319518 -0.760497 0.56529
    outer loop
      vertex 8.562 39.6878 53.3062
      vertex 9.77717 39.7337 52.6811
      vertex 8.58845 39.7337 53.353
    endloop
  endfacet
  facet normal 0.319589 -0.760357 0.565438
    outer loop
      vertex 9.77717 39.7337 52.6811
      vertex 8.562 39.6878 53.3062
      vertex 9.75236 39.6878 52.6334
    endloop
  endfacet
  facet normal 0.243829 0.868602 0.431367
    outer loop
      vertex 9.93886 36.0283 52.992
      vertex 8.73058 36.0633 53.6045
      vertex 8.76079 36.0283 53.6579
    endloop
  endfacet
  facet normal 0.243729 0.868732 0.431162
    outer loop
      vertex 8.73058 36.0633 53.6045
      vertex 9.93886 36.0283 52.992
      vertex 9.91052 36.0633 52.9375
    endloop
  endfacet
  facet normal 0.448257 0.412375 0.793103
    outer loop
      vertex 9.486 37.1064 52.1211
      vertex 8.2924 37.042 52.8292
      vertex 9.49942 37.042 52.147
    endloop
  endfacet
  facet normal 0.44851 0.411441 0.793445
    outer loop
      vertex 8.2924 37.042 52.8292
      vertex 9.486 37.1064 52.1211
      vertex 8.27808 37.1064 52.8039
    endloop
  endfacet
  facet normal 0.20195 0.911903 0.35728
    outer loop
      vertex 10.0267 35.9351 53.161
      vertex 8.82276 35.9641 53.7675
      vertex 8.85446 35.9351 53.8236
    endloop
  endfacet
  facet normal 0.202012 0.91184 0.357406
    outer loop
      vertex 8.82276 35.9641 53.7675
      vertex 10.0267 35.9351 53.161
      vertex 9.997 35.9641 53.1038
    endloop
  endfacet
  facet normal -0.465544 -0.323706 -0.823701
    outer loop
      vertex 10.3471 38.6953 56.4644
      vertex 11.4165 38.7622 55.8337
      vertex 11.4271 38.6953 55.854
    endloop
  endfacet
  facet normal -0.465554 -0.323657 -0.823714
    outer loop
      vertex 11.4165 38.7622 55.8337
      vertex 10.3471 38.6953 56.4644
      vertex 10.3358 38.7622 56.4445
    endloop
  endfacet
  facet normal -0.159444 0.946041 -0.282107
    outer loop
      vertex 10.7911 35.883 54.6309
      vertex 9.63628 35.8601 55.2068
      vertex 9.66918 35.883 55.265
    endloop
  endfacet
  facet normal -0.159495 0.946002 -0.28221
    outer loop
      vertex 9.63628 35.8601 55.2068
      vertex 10.7911 35.883 54.6309
      vertex 10.7602 35.8601 54.5716
    endloop
  endfacet
  facet normal 0.216643 -0.89786 0.383292
    outer loop
      vertex 8.79153 40.0048 53.7123
      vertex 9.997 40.0359 53.1038
      vertex 8.82276 40.0359 53.7675
    endloop
  endfacet
  facet normal 0.216623 -0.897882 0.383252
    outer loop
      vertex 9.997 40.0359 53.1038
      vertex 8.79153 40.0048 53.7123
      vertex 9.9677 40.0048 53.0475
    endloop
  endfacet
  facet normal 0.393364 -0.600766 0.695949
    outer loop
      vertex 8.41935 39.379 53.0538
      vertex 9.59894 39.3225 52.3383
      vertex 9.61853 39.379 52.376
    endloop
  endfacet
  facet normal 0.393601 -0.600208 0.696296
    outer loop
      vertex 9.59894 39.3225 52.3383
      vertex 8.41935 39.379 53.0538
      vertex 8.39847 39.3225 53.0169
    endloop
  endfacet
  facet normal -0.460256 0.353575 -0.81434
    outer loop
      vertex 11.405 37.1717 55.8115
      vertex 10.3358 37.2378 56.4445
      vertex 11.4165 37.2378 55.8337
    endloop
  endfacet
  facet normal -0.460379 0.353059 -0.814494
    outer loop
      vertex 10.3358 37.2378 56.4445
      vertex 11.405 37.1717 55.8115
      vertex 10.3235 37.1717 56.4228
    endloop
  endfacet
  facet normal -0.0536453 -0.994038 -0.0949195
    outer loop
      vertex 9.39835 40.24 54.7859
      vertex 10.5694 40.2323 54.2047
      vertex 9.43292 40.2323 54.847
    endloop
  endfacet
  facet normal -0.0536017 -0.994049 -0.0948315
    outer loop
      vertex 10.5694 40.2323 54.2047
      vertex 9.39835 40.24 54.7859
      vertex 10.537 40.24 54.1423
    endloop
  endfacet
  facet normal -0.202157 -0.911695 -0.357693
    outer loop
      vertex 9.73385 40.0649 55.3795
      vertex 10.8815 40.0359 54.8048
      vertex 9.76555 40.0359 55.4355
    endloop
  endfacet
  facet normal -0.202016 -0.91184 -0.357404
    outer loop
      vertex 10.8815 40.0359 54.8048
      vertex 9.73385 40.0649 55.3795
      vertex 10.8518 40.0649 54.7476
    endloop
  endfacet
  facet normal -0.460256 -0.353575 -0.81434
    outer loop
      vertex 10.3358 38.7622 56.4445
      vertex 11.405 38.8283 55.8115
      vertex 11.4165 38.7622 55.8337
    endloop
  endfacet
  facet normal -0.460379 -0.353059 -0.814494
    outer loop
      vertex 11.405 38.8283 55.8115
      vertex 10.3358 38.7622 56.4445
      vertex 10.3235 38.8283 56.4228
    endloop
  endfacet
  facet normal -0.470185 0.294463 -0.831996
    outer loop
      vertex 11.4271 37.3047 55.854
      vertex 10.3573 37.3723 56.4825
      vertex 11.4367 37.3723 55.8725
    endloop
  endfacet
  facet normal -0.470324 0.293778 -0.83216
    outer loop
      vertex 10.3573 37.3723 56.4825
      vertex 11.4271 37.3047 55.854
      vertex 10.3471 37.3047 56.4644
    endloop
  endfacet
  facet normal 0.434948 0.467731 0.769446
    outer loop
      vertex 9.51378 36.9785 52.1746
      vertex 8.32397 36.9161 52.8851
      vertex 9.52905 36.9161 52.2039
    endloop
  endfacet
  facet normal 0.434752 0.46836 0.769175
    outer loop
      vertex 8.32397 36.9161 52.8851
      vertex 9.51378 36.9785 52.1746
      vertex 8.3077 36.9785 52.8563
    endloop
  endfacet
  facet normal 0.243829 -0.868602 0.431367
    outer loop
      vertex 8.73058 39.9367 53.6045
      vertex 9.93886 39.9717 52.992
      vertex 8.76079 39.9717 53.6579
    endloop
  endfacet
  facet normal 0.243729 -0.868732 0.431162
    outer loop
      vertex 9.93886 39.9717 52.992
      vertex 8.73058 39.9367 53.6045
      vertex 9.91052 39.9367 52.9375
    endloop
  endfacet
  facet normal 0.474527 -0.264636 0.839519
    outer loop
      vertex 8.23099 38.6277 52.7206
      vertex 9.4332 38.5596 52.0196
      vertex 9.44181 38.6277 52.0362
    endloop
  endfacet
  facet normal 0.474481 -0.26489 0.839465
    outer loop
      vertex 9.4332 38.5596 52.0196
      vertex 8.23099 38.6277 52.7206
      vertex 8.22181 38.5596 52.7043
    endloop
  endfacet
  facet normal -0.353559 -0.69547 -0.625554
    outer loop
      vertex 10.077 39.591 55.9866
      vertex 11.1964 39.5402 55.4104
      vertex 10.1012 39.5402 56.0294
    endloop
  endfacet
  facet normal -0.353424 -0.695801 -0.625262
    outer loop
      vertex 11.1964 39.5402 55.4104
      vertex 10.077 39.591 55.9866
      vertex 11.1737 39.591 55.3667
    endloop
  endfacet
  facet normal 0.282578 0.818675 0.499921
    outer loop
      vertex 9.85542 36.1391 52.8316
      vertex 8.6434 36.1797 53.4502
      vertex 8.67186 36.1391 53.5006
    endloop
  endfacet
  facet normal 0.282579 0.818673 0.499924
    outer loop
      vertex 8.6434 36.1797 53.4502
      vertex 9.85542 36.1391 52.8316
      vertex 9.82873 36.1797 52.7802
    endloop
  endfacet
  facet normal 0.489075 0.109836 0.865298
    outer loop
      vertex 9.40518 37.7883 51.9657
      vertex 8.19576 37.718 52.6582
      vertex 9.40876 37.718 51.9726
    endloop
  endfacet
  facet normal 0.489153 0.109053 0.865354
    outer loop
      vertex 8.19576 37.718 52.6582
      vertex 9.40518 37.7883 51.9657
      vertex 8.19194 37.7883 52.6515
    endloop
  endfacet
  facet normal 0.0390021 0.996853 0.0690078
    outer loop
      vertex 10.374 35.7544 53.8289
      vertex 9.18997 35.76 54.4172
      vertex 9.22464 35.7544 54.4785
    endloop
  endfacet
  facet normal 0.0389703 0.996859 0.0689437
    outer loop
      vertex 9.18997 35.76 54.4172
      vertex 10.374 35.7544 53.8289
      vertex 10.3415 35.76 53.7663
    endloop
  endfacet
  facet normal 0.489075 -0.109836 0.865298
    outer loop
      vertex 8.19576 38.282 52.6582
      vertex 9.40518 38.2117 51.9657
      vertex 9.40876 38.282 51.9726
    endloop
  endfacet
  facet normal 0.489153 -0.109053 0.865354
    outer loop
      vertex 9.40518 38.2117 51.9657
      vertex 8.19576 38.282 52.6582
      vertex 8.19194 38.2117 52.6515
    endloop
  endfacet
  facet normal -0.487249 -0.140373 -0.861907
    outer loop
      vertex 10.3926 38.282 56.5449
      vertex 11.4651 38.352 55.9272
      vertex 11.4697 38.282 55.936
    endloop
  endfacet
  facet normal -0.487148 -0.141213 -0.861827
    outer loop
      vertex 11.4651 38.352 55.9272
      vertex 10.3926 38.282 56.5449
      vertex 10.3877 38.352 56.5362
    endloop
  endfacet
  facet normal 0.331296 0.739372 0.58615
    outer loop
      vertex 9.75236 36.3122 52.6334
      vertex 8.53627 36.3598 53.2607
      vertex 8.562 36.3122 53.3062
    endloop
  endfacet
  facet normal 0.331293 0.739379 0.586143
    outer loop
      vertex 8.53627 36.3598 53.2607
      vertex 9.75236 36.3122 52.6334
      vertex 9.72822 36.3598 52.587
    endloop
  endfacet
  facet normal -0.0849406 0.984988 -0.150277
    outer loop
      vertex 10.6339 35.7899 54.3286
      vertex 9.46735 35.7777 54.908
      vertex 9.50161 35.7899 54.9686
    endloop
  endfacet
  facet normal -0.0849075 0.985001 -0.15021
    outer loop
      vertex 9.46735 35.7777 54.908
      vertex 10.6339 35.7899 54.3286
      vertex 10.6017 35.7777 54.2668
    endloop
  endfacet
  facet normal 0.295748 -0.799231 0.523223
    outer loop
      vertex 8.61559 39.7778 53.401
      vertex 9.82873 39.8203 52.7802
      vertex 8.6434 39.8203 53.4502
    endloop
  endfacet
  facet normal 0.295934 -0.79891 0.523608
    outer loop
      vertex 9.82873 39.8203 52.7802
      vertex 8.61559 39.7778 53.401
      vertex 9.80264 39.7778 52.7301
    endloop
  endfacet
  facet normal -0.384241 -0.624729 -0.679759
    outer loop
      vertex 10.169 39.379 56.1493
      vertex 11.2396 39.4342 55.4934
      vertex 11.26 39.379 55.5326
    endloop
  endfacet
  facet normal -0.383928 -0.625415 -0.679305
    outer loop
      vertex 11.2396 39.4342 55.4934
      vertex 10.169 39.379 56.1493
      vertex 10.1472 39.4342 56.1108
    endloop
  endfacet
  facet normal 0.465631 -0.323518 0.823725
    outer loop
      vertex 8.25248 38.7622 52.7586
      vertex 9.45141 38.6953 52.0546
      vertex 9.46198 38.7622 52.0749
    endloop
  endfacet
  facet normal 0.465404 -0.324572 0.823439
    outer loop
      vertex 9.45141 38.6953 52.0546
      vertex 8.25248 38.7622 52.7586
      vertex 8.24121 38.6953 52.7386
    endloop
  endfacet
  facet normal 0.270216 0.835738 0.478044
    outer loop
      vertex 9.8827 36.1003 52.884
      vertex 8.67186 36.1391 53.5006
      vertex 8.70093 36.1003 53.552
    endloop
  endfacet
  facet normal 0.270245 0.835694 0.478104
    outer loop
      vertex 8.67186 36.1391 53.5006
      vertex 9.8827 36.1003 52.884
      vertex 9.85542 36.1391 52.8316
    endloop
  endfacet
  facet normal -0.295725 0.799231 -0.523236
    outer loop
      vertex 11.0759 36.2222 55.1786
      vertex 9.94491 36.1797 55.7529
      vertex 9.97272 36.2222 55.8021
    endloop
  endfacet
  facet normal -0.29564 0.79938 -0.523057
    outer loop
      vertex 9.94491 36.1797 55.7529
      vertex 11.0759 36.2222 55.1786
      vertex 11.0498 36.1797 55.1284
    endloop
  endfacet
  facet normal 0.470397 0.293338 0.832273
    outer loop
      vertex 9.44181 37.3723 52.0362
      vertex 8.24121 37.3047 52.7386
      vertex 9.45141 37.3047 52.0546
    endloop
  endfacet
  facet normal 0.470507 0.29278 0.832408
    outer loop
      vertex 8.24121 37.3047 52.7386
      vertex 9.44181 37.3723 52.0362
      vertex 8.23099 37.3723 52.7206
    endloop
  endfacet
  facet normal -0.342406 -0.718194 -0.605769
    outer loop
      vertex 10.052 39.6402 55.9424
      vertex 11.1737 39.591 55.3667
      vertex 10.077 39.591 55.9866
    endloop
  endfacet
  facet normal -0.342678 -0.717571 -0.606352
    outer loop
      vertex 11.1737 39.591 55.3667
      vertex 10.052 39.6402 55.9424
      vertex 11.1503 39.6402 55.3217
    endloop
  endfacet
  facet normal 0.419577 -0.522418 0.742317
    outer loop
      vertex 8.35938 39.2056 52.9477
      vertex 9.54521 39.1453 52.235
      vertex 9.56226 39.2056 52.2678
    endloop
  endfacet
  facet normal 0.419771 -0.521869 0.742593
    outer loop
      vertex 9.54521 39.1453 52.235
      vertex 8.35938 39.2056 52.9477
      vertex 8.3412 39.1453 52.9156
    endloop
  endfacet
  facet normal -0.129593 0.964693 -0.229287
    outer loop
      vertex 10.729 35.8393 54.5116
      vertex 9.56949 35.8207 55.0887
      vertex 9.60303 35.8393 55.148
    endloop
  endfacet
  facet normal -0.129607 0.964685 -0.229314
    outer loop
      vertex 9.56949 35.8207 55.0887
      vertex 10.729 35.8393 54.5116
      vertex 10.6976 35.8207 54.4511
    endloop
  endfacet
  facet normal 0.257384 -0.852314 0.455318
    outer loop
      vertex 8.70093 39.8997 53.552
      vertex 9.91052 39.9367 52.9375
      vertex 8.73058 39.9367 53.6045
    endloop
  endfacet
  facet normal 0.257466 -0.852198 0.455488
    outer loop
      vertex 9.91052 39.9367 52.9375
      vertex 8.70093 39.8997 53.552
      vertex 9.8827 39.8997 52.884
    endloop
  endfacet
  facet normal 0.174136 -0.935282 0.308099
    outer loop
      vertex 8.88659 40.092 53.8805
      vertex 10.0874 40.117 53.2777
      vertex 8.91913 40.117 53.938
    endloop
  endfacet
  facet normal 0.174051 -0.935354 0.307927
    outer loop
      vertex 10.0874 40.117 53.2777
      vertex 8.88659 40.092 53.8805
      vertex 10.0569 40.092 53.219
    endloop
  endfacet
  facet normal -0.319537 0.760438 -0.565358
    outer loop
      vertex 11.1261 36.3122 55.2753
      vertex 9.99987 36.2663 55.8501
      vertex 10.0263 36.3122 55.8969
    endloop
  endfacet
  facet normal -0.319332 0.760846 -0.564925
    outer loop
      vertex 9.99987 36.2663 55.8501
      vertex 11.1261 36.3122 55.2753
      vertex 11.1013 36.2663 55.2275
    endloop
  endfacet
  facet normal -0.00765077 -0.999879 -0.0135365
    outer loop
      vertex 9.29416 40.25 54.6015
      vertex 10.4719 40.2489 54.0171
      vertex 9.32893 40.2489 54.6631
    endloop
  endfacet
  facet normal -0.00764821 -0.999879 -0.0135314
    outer loop
      vertex 10.4719 40.2489 54.0171
      vertex 9.29416 40.25 54.6015
      vertex 10.4392 40.25 53.9543
    endloop
  endfacet
  facet normal -0.491988 0.0157914 -0.870459
    outer loop
      vertex 11.4774 37.9293 55.9508
      vertex 10.4013 38 56.5603
      vertex 11.4779 38 55.9518
    endloop
  endfacet
  facet normal -0.491948 0.0164871 -0.870469
    outer loop
      vertex 10.4013 38 56.5603
      vertex 11.4774 37.9293 55.9508
      vertex 10.4007 37.9293 56.5593
    endloop
  endfacet
  facet normal 0.319518 0.760497 0.56529
    outer loop
      vertex 9.77717 36.2663 52.6811
      vertex 8.562 36.3122 53.3062
      vertex 8.58845 36.2663 53.353
    endloop
  endfacet
  facet normal 0.319589 0.760357 0.565438
    outer loop
      vertex 8.562 36.3122 53.3062
      vertex 9.77717 36.2663 52.6811
      vertex 9.75236 36.3122 52.6334
    endloop
  endfacet
  facet normal 0.307315 0.78096 0.543745
    outer loop
      vertex 9.80264 36.2222 52.7301
      vertex 8.58845 36.2663 53.353
      vertex 8.61559 36.2222 53.401
    endloop
  endfacet
  facet normal 0.307169 0.781229 0.543441
    outer loop
      vertex 8.58845 36.2663 53.353
      vertex 9.80264 36.2222 52.7301
      vertex 9.77717 36.2663 52.6811
    endloop
  endfacet
  facet normal -0.243806 -0.868602 -0.43138
    outer loop
      vertex 9.82752 39.9717 55.5452
      vertex 10.968 39.9367 54.9711
      vertex 9.85773 39.9367 55.5986
    endloop
  endfacet
  facet normal -0.243628 -0.868835 -0.431012
    outer loop
      vertex 10.968 39.9367 54.9711
      vertex 9.82752 39.9717 55.5452
      vertex 10.9396 39.9717 54.9166
    endloop
  endfacet
  facet normal -0.038954 -0.996862 -0.068917
    outer loop
      vertex 9.36367 40.2456 54.7245
      vertex 10.537 40.24 54.1423
      vertex 9.39835 40.24 54.7859
    endloop
  endfacet
  facet normal -0.0389679 -0.996859 -0.068945
    outer loop
      vertex 10.537 40.24 54.1423
      vertex 9.36367 40.2456 54.7245
      vertex 10.5045 40.2456 54.0797
    endloop
  endfacet
  facet normal -0.0996271 -0.97929 -0.176255
    outer loop
      vertex 9.50161 40.2101 54.9686
      vertex 10.6658 40.1958 54.39
      vertex 9.53567 40.1958 55.0288
    endloop
  endfacet
  facet normal -0.0996498 -0.979279 -0.176301
    outer loop
      vertex 10.6658 40.1958 54.39
      vertex 9.50161 40.2101 54.9686
      vertex 10.6339 40.2101 54.3286
    endloop
  endfacet
  facet normal -0.454621 -0.382636 -0.804307
    outer loop
      vertex 10.3235 38.8283 56.4228
      vertex 11.3925 38.8936 55.7875
      vertex 11.405 38.8283 55.8115
    endloop
  endfacet
  facet normal -0.45448 -0.383184 -0.804125
    outer loop
      vertex 11.3925 38.8936 55.7875
      vertex 10.3235 38.8283 56.4228
      vertex 10.3102 38.8936 56.3992
    endloop
  endfacet
  facet normal -0.491988 -0.0157914 -0.870459
    outer loop
      vertex 10.4013 38 56.5603
      vertex 11.4774 38.0707 55.9508
      vertex 11.4779 38 55.9518
    endloop
  endfacet
  facet normal -0.491948 -0.0164871 -0.870469
    outer loop
      vertex 11.4774 38.0707 55.9508
      vertex 10.4013 38 56.5603
      vertex 10.4007 38.0707 56.5593
    endloop
  endfacet
  facet normal 0.282578 -0.818675 0.499921
    outer loop
      vertex 8.6434 39.8203 53.4502
      vertex 9.85542 39.8609 52.8316
      vertex 8.67186 39.8609 53.5006
    endloop
  endfacet
  facet normal 0.282579 -0.818673 0.499924
    outer loop
      vertex 9.85542 39.8609 52.8316
      vertex 8.6434 39.8203 53.4502
      vertex 9.82873 39.8203 52.7802
    endloop
  endfacet
  facet normal -0.282566 -0.818675 -0.499928
    outer loop
      vertex 9.91645 39.8609 55.7025
      vertex 11.0498 39.8203 55.1284
      vertex 9.94491 39.8203 55.7529
    endloop
  endfacet
  facet normal -0.282804 -0.81829 -0.500423
    outer loop
      vertex 11.0498 39.8203 55.1284
      vertex 9.91645 39.8609 55.7025
      vertex 11.0231 39.8609 55.0771
    endloop
  endfacet
  facet normal 0.331296 -0.739372 0.58615
    outer loop
      vertex 8.53627 39.6402 53.2607
      vertex 9.75236 39.6878 52.6334
      vertex 8.562 39.6878 53.3062
    endloop
  endfacet
  facet normal 0.331293 -0.739379 0.586143
    outer loop
      vertex 9.75236 39.6878 52.6334
      vertex 8.53627 39.6402 53.2607
      vertex 9.72822 39.6402 52.587
    endloop
  endfacet
  facet normal -0.230345 -0.883671 -0.407513
    outer loop
      vertex 9.79678 40.0048 55.4908
      vertex 10.9396 39.9717 54.9166
      vertex 9.82752 39.9717 55.5452
    endloop
  endfacet
  facet normal -0.230338 -0.88368 -0.407497
    outer loop
      vertex 10.9396 39.9717 54.9166
      vertex 9.79678 40.0048 55.4908
      vertex 10.9108 40.0048 54.8611
    endloop
  endfacet
  facet normal -0.33132 -0.739277 -0.586256
    outer loop
      vertex 10.0263 39.6878 55.8969
      vertex 11.1503 39.6402 55.3217
      vertex 10.052 39.6402 55.9424
    endloop
  endfacet
  facet normal -0.331184 -0.739568 -0.585966
    outer loop
      vertex 11.1503 39.6402 55.3217
      vertex 10.0263 39.6878 55.8969
      vertex 11.1261 39.6878 55.2753
    endloop
  endfacet
  facet normal -0.434593 -0.468858 -0.768961
    outer loop
      vertex 10.2806 39.0215 56.3468
      vertex 11.3494 39.0839 55.7047
      vertex 11.3647 39.0215 55.7341
    endloop
  endfacet
  facet normal -0.434699 -0.468523 -0.769105
    outer loop
      vertex 11.3494 39.0839 55.7047
      vertex 10.2806 39.0215 56.3468
      vertex 10.2643 39.0839 56.318
    endloop
  endfacet
  facet normal -0.411497 -0.548367 -0.727986
    outer loop
      vertex 10.2289 39.2056 56.2554
      vertex 11.2983 39.2647 55.6064
      vertex 11.3162 39.2056 55.6408
    endloop
  endfacet
  facet normal -0.411239 -0.549041 -0.727623
    outer loop
      vertex 11.2983 39.2647 55.6064
      vertex 10.2289 39.2056 56.2554
      vertex 10.2098 39.2647 56.2216
    endloop
  endfacet
  facet normal -0.427483 0.495189 -0.756338
    outer loop
      vertex 11.3333 36.8547 55.6736
      vertex 10.2643 36.9161 56.318
      vertex 11.3494 36.9161 55.7047
    endloop
  endfacet
  facet normal -0.427415 0.49539 -0.756244
    outer loop
      vertex 10.2643 36.9161 56.318
      vertex 11.3333 36.8547 55.6736
      vertex 10.2471 36.8547 56.2875
    endloop
  endfacet
  facet normal 0.0849395 0.984988 0.150278
    outer loop
      vertex 10.2768 35.7777 53.6418
      vertex 9.0867 35.7899 54.2345
      vertex 9.12096 35.7777 54.2951
    endloop
  endfacet
  facet normal 0.0849063 0.985001 0.150211
    outer loop
      vertex 9.0867 35.7899 54.2345
      vertex 10.2768 35.7777 53.6418
      vertex 10.2446 35.7899 53.58
    endloop
  endfacet
  facet normal -0.411497 0.548367 -0.727986
    outer loop
      vertex 11.2983 36.7353 55.6064
      vertex 10.2289 36.7944 56.2554
      vertex 11.3162 36.7944 55.6408
    endloop
  endfacet
  facet normal -0.411239 0.549041 -0.727623
    outer loop
      vertex 10.2289 36.7944 56.2554
      vertex 11.2983 36.7353 55.6064
      vertex 10.2098 36.7353 56.2216
    endloop
  endfacet
  facet normal 0.174136 0.935282 0.308099
    outer loop
      vertex 10.0874 35.883 53.2777
      vertex 8.88659 35.908 53.8805
      vertex 8.91913 35.883 53.938
    endloop
  endfacet
  facet normal 0.174051 0.935354 0.307927
    outer loop
      vertex 8.88659 35.908 53.8805
      vertex 10.0874 35.883 53.2777
      vertex 10.0569 35.908 53.219
    endloop
  endfacet
  facet normal 0.474527 0.264636 0.839519
    outer loop
      vertex 9.4332 37.4404 52.0196
      vertex 8.23099 37.3723 52.7206
      vertex 9.44181 37.3723 52.0362
    endloop
  endfacet
  facet normal 0.474481 0.26489 0.839465
    outer loop
      vertex 8.23099 37.3723 52.7206
      vertex 9.4332 37.4404 52.0196
      vertex 8.22181 37.4404 52.7043
    endloop
  endfacet
  facet normal 0.465631 0.323518 0.823725
    outer loop
      vertex 9.45141 37.3047 52.0546
      vertex 8.25248 37.2378 52.7586
      vertex 9.46198 37.2378 52.0749
    endloop
  endfacet
  facet normal 0.465404 0.324572 0.823439
    outer loop
      vertex 8.25248 37.2378 52.7586
      vertex 9.45141 37.3047 52.0546
      vertex 8.24121 37.3047 52.7386
    endloop
  endfacet
  facet normal -0.448505 0.411237 -0.793554
    outer loop
      vertex 11.3791 37.042 55.7617
      vertex 10.3102 37.1064 56.3992
      vertex 11.3925 37.1064 55.7875
    endloop
  endfacet
  facet normal -0.44848 0.411326 -0.793522
    outer loop
      vertex 10.3102 37.1064 56.3992
      vertex 11.3791 37.042 55.7617
      vertex 10.2959 37.042 56.3739
    endloop
  endfacet
  facet normal -0.454621 0.382636 -0.804307
    outer loop
      vertex 11.3925 37.1064 55.7875
      vertex 10.3235 37.1717 56.4228
      vertex 11.405 37.1717 55.8115
    endloop
  endfacet
  facet normal -0.45448 0.383184 -0.804125
    outer loop
      vertex 10.3235 37.1717 56.4228
      vertex 11.3925 37.1064 55.7875
      vertex 10.3102 37.1064 56.3992
    endloop
  endfacet
  facet normal -0.491462 0.047394 -0.869609
    outer loop
      vertex 11.4759 37.8587 55.9478
      vertex 10.4007 37.9293 56.5593
      vertex 11.4774 37.9293 55.9508
    endloop
  endfacet
  facet normal -0.491501 0.0468596 -0.869616
    outer loop
      vertex 10.4007 37.9293 56.5593
      vertex 11.4759 37.8587 55.9478
      vertex 10.3991 37.8587 56.5564
    endloop
  endfacet
  facet normal -0.484739 -0.172073 -0.857566
    outer loop
      vertex 10.3877 38.352 56.5362
      vertex 11.4595 38.4216 55.9164
      vertex 11.4651 38.352 55.9272
    endloop
  endfacet
  facet normal -0.484696 -0.172385 -0.857527
    outer loop
      vertex 11.4595 38.4216 55.9164
      vertex 10.3877 38.352 56.5362
      vertex 10.3817 38.4216 56.5256
    endloop
  endfacet
  facet normal -0.363727 0.673455 -0.643554
    outer loop
      vertex 11.2184 36.512 55.4526
      vertex 10.1012 36.4598 56.0294
      vertex 10.1246 36.512 56.0708
    endloop
  endfacet
  facet normal -0.363705 0.673514 -0.643505
    outer loop
      vertex 10.1012 36.4598 56.0294
      vertex 11.2184 36.512 55.4526
      vertex 11.1964 36.4598 55.4104
    endloop
  endfacet
  facet normal -0.257348 -0.852333 -0.455303
    outer loop
      vertex 9.85773 39.9367 55.5986
      vertex 10.9958 39.8997 55.0246
      vertex 9.88739 39.8997 55.6511
    endloop
  endfacet
  facet normal -0.25747 -0.85216 -0.455556
    outer loop
      vertex 10.9958 39.8997 55.0246
      vertex 9.85773 39.9367 55.5986
      vertex 10.968 39.9367 54.9711
    endloop
  endfacet
  facet normal 0.295748 0.799231 0.523223
    outer loop
      vertex 9.82873 36.1797 52.7802
      vertex 8.61559 36.2222 53.401
      vertex 8.6434 36.1797 53.4502
    endloop
  endfacet
  facet normal 0.295934 0.79891 0.523608
    outer loop
      vertex 8.61559 36.2222 53.401
      vertex 9.82873 36.1797 52.7802
      vertex 9.80264 36.2222 52.7301
    endloop
  endfacet
  facet normal -0.270187 -0.835717 -0.478097
    outer loop
      vertex 9.88739 39.8997 55.6511
      vertex 11.0231 39.8609 55.0771
      vertex 9.91645 39.8609 55.7025
    endloop
  endfacet
  facet normal -0.269928 -0.836107 -0.47756
    outer loop
      vertex 11.0231 39.8609 55.0771
      vertex 9.88739 39.8997 55.6511
      vertex 10.9958 39.8997 55.0246
    endloop
  endfacet
  facet normal 0.00765993 -0.999879 0.0135521
    outer loop
      vertex 9.25938 40.2489 54.54
      vertex 10.4392 40.25 53.9543
      vertex 9.29416 40.25 54.6015
    endloop
  endfacet
  facet normal 0.00766267 -0.999879 0.0135576
    outer loop
      vertex 10.4392 40.25 53.9543
      vertex 9.25938 40.2489 54.54
      vertex 10.4066 40.2489 53.8916
    endloop
  endfacet
  facet normal -0.37414 -0.649457 -0.661986
    outer loop
      vertex 10.1472 39.4342 56.1108
      vertex 11.2184 39.488 55.4526
      vertex 11.2396 39.4342 55.4934
    endloop
  endfacet
  facet normal -0.37417 -0.649395 -0.66203
    outer loop
      vertex 11.2184 39.488 55.4526
      vertex 10.1472 39.4342 56.1108
      vertex 10.1246 39.488 56.0708
    endloop
  endfacet
  facet normal -0.481876 0.202422 -0.852538
    outer loop
      vertex 11.4529 37.5092 55.9037
      vertex 10.3817 37.5784 56.5256
      vertex 11.4595 37.5784 55.9164
    endloop
  endfacet
  facet normal -0.481727 0.203398 -0.85239
    outer loop
      vertex 10.3817 37.5784 56.5256
      vertex 11.4529 37.5092 55.9037
      vertex 10.3746 37.5092 56.5131
    endloop
  endfacet
  facet normal 0.0535855 0.994053 0.0948
    outer loop
      vertex 10.3415 35.76 53.7663
      vertex 9.1554 35.7677 54.356
      vertex 9.18997 35.76 54.4172
    endloop
  endfacet
  facet normal 0.0536606 0.994035 0.0949513
    outer loop
      vertex 9.1554 35.7677 54.356
      vertex 10.3415 35.76 53.7663
      vertex 10.3091 35.7677 53.704
    endloop
  endfacet
  facet normal -0.33132 0.739277 -0.586256
    outer loop
      vertex 11.1503 36.3598 55.3217
      vertex 10.0263 36.3122 55.8969
      vertex 10.052 36.3598 55.9424
    endloop
  endfacet
  facet normal -0.331184 0.739568 -0.585966
    outer loop
      vertex 10.0263 36.3122 55.8969
      vertex 11.1503 36.3598 55.3217
      vertex 11.1261 36.3122 55.2753
    endloop
  endfacet
  facet normal 0.411155 0.549326 0.727457
    outer loop
      vertex 9.56226 36.7944 52.2678
      vertex 8.37847 36.7353 52.9815
      vertex 9.58018 36.7353 52.3023
    endloop
  endfacet
  facet normal 0.41128 0.548993 0.727637
    outer loop
      vertex 8.37847 36.7353 52.9815
      vertex 9.56226 36.7944 52.2678
      vertex 8.35938 36.7944 52.9477
    endloop
  endfacet
  facet normal -0.243806 0.868602 -0.43138
    outer loop
      vertex 10.968 36.0633 54.9711
      vertex 9.82752 36.0283 55.5452
      vertex 9.85773 36.0633 55.5986
    endloop
  endfacet
  facet normal -0.243628 0.868835 -0.431012
    outer loop
      vertex 9.82752 36.0283 55.5452
      vertex 10.968 36.0633 54.9711
      vertex 10.9396 36.0283 54.9166
    endloop
  endfacet
  facet normal 0.0535855 -0.994053 0.0948
    outer loop
      vertex 9.1554 40.2323 54.356
      vertex 10.3415 40.24 53.7663
      vertex 9.18997 40.24 54.4172
    endloop
  endfacet
  facet normal 0.0536606 -0.994035 0.0949513
    outer loop
      vertex 10.3415 40.24 53.7663
      vertex 9.1554 40.2323 54.356
      vertex 10.3091 40.2323 53.704
    endloop
  endfacet
  facet normal 0.353561 -0.695505 0.625513
    outer loop
      vertex 8.48709 39.5402 53.1737
      vertex 9.70479 39.591 52.5419
      vertex 8.5113 39.591 53.2165
    endloop
  endfacet
  facet normal 0.353439 -0.6958 0.625254
    outer loop
      vertex 9.70479 39.591 52.5419
      vertex 8.48709 39.5402 53.1737
      vertex 9.68209 39.5402 52.4982
    endloop
  endfacet
  facet normal -0.202157 0.911695 -0.357693
    outer loop
      vertex 10.8815 35.9641 54.8048
      vertex 9.73385 35.9351 55.3795
      vertex 9.76555 35.9641 55.4355
    endloop
  endfacet
  facet normal -0.202016 0.91184 -0.357404
    outer loop
      vertex 9.73385 35.9351 55.3795
      vertex 10.8815 35.9641 54.8048
      vertex 10.8518 35.9351 54.7476
    endloop
  endfacet
  facet normal 0.374158 0.649417 0.662015
    outer loop
      vertex 9.63893 36.5658 52.4152
      vertex 8.46369 36.512 53.1322
      vertex 9.66012 36.512 52.456
    endloop
  endfacet
  facet normal 0.374529 0.648642 0.662564
    outer loop
      vertex 8.46369 36.512 53.1322
      vertex 9.63893 36.5658 52.4152
      vertex 8.4411 36.5658 53.0923
    endloop
  endfacet
  facet normal -0.295725 -0.799231 -0.523236
    outer loop
      vertex 9.94491 39.8203 55.7529
      vertex 11.0759 39.7778 55.1786
      vertex 9.97272 39.7778 55.8021
    endloop
  endfacet
  facet normal -0.29564 -0.79938 -0.523057
    outer loop
      vertex 11.0759 39.7778 55.1786
      vertex 9.94491 39.8203 55.7529
      vertex 11.0498 39.8203 55.1284
    endloop
  endfacet
  facet normal 0.0849395 -0.984988 0.150278
    outer loop
      vertex 9.0867 40.2101 54.2345
      vertex 10.2768 40.2223 53.6418
      vertex 9.12096 40.2223 54.2951
    endloop
  endfacet
  facet normal 0.0849063 -0.985001 0.150211
    outer loop
      vertex 10.2768 40.2223 53.6418
      vertex 9.0867 40.2101 54.2345
      vertex 10.2446 40.2101 53.58
    endloop
  endfacet
  facet normal -0.39331 0.600811 -0.69594
    outer loop
      vertex 11.26 36.621 55.5326
      vertex 10.1898 36.6775 56.1862
      vertex 11.2796 36.6775 55.5703
    endloop
  endfacet
  facet normal -0.393724 0.599851 -0.696534
    outer loop
      vertex 10.1898 36.6775 56.1862
      vertex 11.26 36.621 55.5326
      vertex 10.169 36.621 56.1493
    endloop
  endfacet
  facet normal -0.038954 0.996862 -0.068917
    outer loop
      vertex 10.537 35.76 54.1423
      vertex 9.36367 35.7544 54.7245
      vertex 9.39835 35.76 54.7859
    endloop
  endfacet
  facet normal -0.0389679 0.996859 -0.068945
    outer loop
      vertex 9.36367 35.7544 54.7245
      vertex 10.537 35.76 54.1423
      vertex 10.5045 35.7544 54.0797
    endloop
  endfacet
  facet normal -0.491462 -0.047394 -0.869609
    outer loop
      vertex 10.4007 38.0707 56.5593
      vertex 11.4759 38.1413 55.9478
      vertex 11.4774 38.0707 55.9508
    endloop
  endfacet
  facet normal -0.491501 -0.0468596 -0.869616
    outer loop
      vertex 11.4759 38.1413 55.9478
      vertex 10.4007 38.0707 56.5593
      vertex 10.3991 38.1413 56.5564
    endloop
  endfacet
  facet normal -0.188503 0.923713 -0.333498
    outer loop
      vertex 10.8518 35.9351 54.7476
      vertex 9.70172 35.908 55.3226
      vertex 9.73385 35.9351 55.3795
    endloop
  endfacet
  facet normal -0.188486 0.923729 -0.333462
    outer loop
      vertex 9.70172 35.908 55.3226
      vertex 10.8518 35.9351 54.7476
      vertex 10.8216 35.908 54.6896
    endloop
  endfacet
  facet normal -0.173946 0.935436 -0.307738
    outer loop
      vertex 10.8216 35.908 54.6896
      vertex 9.66918 35.883 55.265
      vertex 9.70172 35.908 55.3226
    endloop
  endfacet
  facet normal -0.174041 0.935354 -0.307932
    outer loop
      vertex 9.66918 35.883 55.265
      vertex 10.8216 35.908 54.6896
      vertex 10.7911 35.883 54.6309
    endloop
  endfacet
  facet normal -0.270187 0.835717 -0.478097
    outer loop
      vertex 11.0231 36.1391 55.0771
      vertex 9.88739 36.1003 55.6511
      vertex 9.91645 36.1391 55.7025
    endloop
  endfacet
  facet normal -0.269928 0.836107 -0.47756
    outer loop
      vertex 9.88739 36.1003 55.6511
      vertex 11.0231 36.1391 55.0771
      vertex 10.9958 36.1003 55.0246
    endloop
  endfacet
  facet normal 0.4817 0.20367 0.85234
    outer loop
      vertex 9.41897 37.5784 51.9922
      vertex 8.21369 37.5092 52.6899
      vertex 9.42558 37.5092 52.005
    endloop
  endfacet
  facet normal 0.481963 0.201883 0.852617
    outer loop
      vertex 8.21369 37.5092 52.6899
      vertex 9.41897 37.5784 51.9922
      vertex 8.20664 37.5784 52.6775
    endloop
  endfacet
  facet normal 0.342442 0.718093 0.605868
    outer loop
      vertex 9.72822 36.3598 52.587
      vertex 8.5113 36.409 53.2165
      vertex 8.53627 36.3598 53.2607
    endloop
  endfacet
  facet normal 0.342364 0.718269 0.605704
    outer loop
      vertex 8.5113 36.409 53.2165
      vertex 9.72822 36.3598 52.587
      vertex 9.70479 36.409 52.5419
    endloop
  endfacet
  facet normal -0.230345 0.883671 -0.407513
    outer loop
      vertex 10.9396 36.0283 54.9166
      vertex 9.79678 35.9952 55.4908
      vertex 9.82752 36.0283 55.5452
    endloop
  endfacet
  facet normal -0.230338 0.88368 -0.407497
    outer loop
      vertex 9.79678 35.9952 55.4908
      vertex 10.9396 36.0283 54.9166
      vertex 10.9108 35.9952 54.8611
    endloop
  endfacet
  facet normal -0.00765077 0.999879 -0.0135365
    outer loop
      vertex 10.4719 35.7511 54.0171
      vertex 9.29416 35.75 54.6015
      vertex 9.32893 35.7511 54.6631
    endloop
  endfacet
  facet normal -0.00764821 0.999879 -0.0135314
    outer loop
      vertex 9.29416 35.75 54.6015
      vertex 10.4719 35.7511 54.0171
      vertex 10.4392 35.75 53.9543
    endloop
  endfacet
  facet normal -0.144795 0.955718 -0.256199
    outer loop
      vertex 10.7602 35.8601 54.5716
      vertex 9.60303 35.8393 55.148
      vertex 9.63628 35.8601 55.2068
    endloop
  endfacet
  facet normal -0.144731 0.955762 -0.25607
    outer loop
      vertex 9.60303 35.8393 55.148
      vertex 10.7602 35.8601 54.5716
      vertex 10.729 35.8393 54.5116
    endloop
  endfacet
  facet normal -0.434593 0.468858 -0.768961
    outer loop
      vertex 11.3494 36.9161 55.7047
      vertex 10.2806 36.9785 56.3468
      vertex 11.3647 36.9785 55.7341
    endloop
  endfacet
  facet normal -0.434699 0.468523 -0.769105
    outer loop
      vertex 10.2806 36.9785 56.3468
      vertex 11.3494 36.9161 55.7047
      vertex 10.2643 36.9161 56.318
    endloop
  endfacet
  facet normal 0.188504 0.923713 0.333497
    outer loop
      vertex 10.0569 35.908 53.219
      vertex 8.85446 35.9351 53.8236
      vertex 8.88659 35.908 53.8805
    endloop
  endfacet
  facet normal 0.188487 0.923729 0.333462
    outer loop
      vertex 8.85446 35.9351 53.8236
      vertex 10.0569 35.908 53.219
      vertex 10.0267 35.9351 53.161
    endloop
  endfacet
  facet normal -0.216413 0.898099 -0.382862
    outer loop
      vertex 10.9108 35.9952 54.8611
      vertex 9.76555 35.9641 55.4355
      vertex 9.79678 35.9952 55.4908
    endloop
  endfacet
  facet normal -0.216607 0.897882 -0.38326
    outer loop
      vertex 9.76555 35.9641 55.4355
      vertex 10.9108 35.9952 54.8611
      vertex 10.8815 35.9641 54.8048
    endloop
  endfacet
  facet normal -0.448505 -0.411237 -0.793554
    outer loop
      vertex 10.3102 38.8936 56.3992
      vertex 11.3791 38.958 55.7617
      vertex 11.3925 38.8936 55.7875
    endloop
  endfacet
  facet normal -0.44848 -0.411326 -0.793522
    outer loop
      vertex 11.3791 38.958 55.7617
      vertex 10.3102 38.8936 56.3992
      vertex 10.2959 38.958 56.3739
    endloop
  endfacet
  facet normal 0.144815 -0.955718 0.256187
    outer loop
      vertex 8.95203 40.1399 53.9963
      vertex 10.1495 40.1607 53.397
      vertex 8.98528 40.1607 54.0551
    endloop
  endfacet
  facet normal 0.144906 -0.955655 0.25637
    outer loop
      vertex 10.1495 40.1607 53.397
      vertex 8.95203 40.1399 53.9963
      vertex 10.1183 40.1399 53.3371
    endloop
  endfacet
  facet normal -0.114769 0.972417 -0.203062
    outer loop
      vertex 10.6976 35.8207 54.4511
      vertex 9.53567 35.8042 55.0288
      vertex 9.56949 35.8207 55.0887
    endloop
  endfacet
  facet normal -0.114697 0.972456 -0.202916
    outer loop
      vertex 9.53567 35.8042 55.0288
      vertex 10.6976 35.8207 54.4511
      vertex 10.6658 35.8042 54.39
    endloop
  endfacet
  facet normal -0.342406 0.718194 -0.605769
    outer loop
      vertex 11.1737 36.409 55.3667
      vertex 10.052 36.3598 55.9424
      vertex 10.077 36.409 55.9866
    endloop
  endfacet
  facet normal -0.342678 0.717571 -0.606352
    outer loop
      vertex 10.052 36.3598 55.9424
      vertex 11.1737 36.409 55.3667
      vertex 11.1503 36.3598 55.3217
    endloop
  endfacet
  facet normal 0.188504 -0.923713 0.333497
    outer loop
      vertex 8.85446 40.0649 53.8236
      vertex 10.0569 40.092 53.219
      vertex 8.88659 40.092 53.8805
    endloop
  endfacet
  facet normal 0.188487 -0.923729 0.333462
    outer loop
      vertex 10.0569 40.092 53.219
      vertex 8.85446 40.0649 53.8236
      vertex 10.0267 40.0649 53.161
    endloop
  endfacet
  facet normal -0.474704 0.263424 -0.8398
    outer loop
      vertex 11.4367 37.3723 55.8725
      vertex 10.3665 37.4404 56.4988
      vertex 11.4453 37.4404 55.889
    endloop
  endfacet
  facet normal -0.474406 0.26502 -0.839466
    outer loop
      vertex 10.3665 37.4404 56.4988
      vertex 11.4367 37.3723 55.8725
      vertex 10.3573 37.3723 56.4825
    endloop
  endfacet
  facet normal -0.114769 -0.972417 -0.203062
    outer loop
      vertex 9.53567 40.1958 55.0288
      vertex 10.6976 40.1793 54.4511
      vertex 9.56949 40.1793 55.0887
    endloop
  endfacet
  facet normal -0.114697 -0.972456 -0.202916
    outer loop
      vertex 10.6976 40.1793 54.4511
      vertex 9.53567 40.1958 55.0288
      vertex 10.6658 40.1958 54.39
    endloop
  endfacet
  facet normal -0.419475 -0.522671 -0.742196
    outer loop
      vertex 10.2471 39.1453 56.2875
      vertex 11.3162 39.2056 55.6408
      vertex 11.3333 39.1453 55.6736
    endloop
  endfacet
  facet normal -0.419727 -0.52197 -0.742547
    outer loop
      vertex 11.3162 39.2056 55.6408
      vertex 10.2471 39.1453 56.2875
      vertex 10.2289 39.2056 56.2554
    endloop
  endfacet
  facet normal -0.441844 0.439995 -0.781779
    outer loop
      vertex 11.3647 36.9785 55.7341
      vertex 10.2959 37.042 56.3739
      vertex 11.3791 37.042 55.7617
    endloop
  endfacet
  facet normal -0.441818 0.440081 -0.781745
    outer loop
      vertex 10.2959 37.042 56.3739
      vertex 11.3647 36.9785 55.7341
      vertex 10.2806 36.9785 56.3468
    endloop
  endfacet
  facet normal -0.478387 0.233706 -0.846479
    outer loop
      vertex 11.4453 37.4404 55.889
      vertex 10.3746 37.5092 56.5131
      vertex 11.4529 37.5092 55.9037
    endloop
  endfacet
  facet normal -0.478618 0.23234 -0.846725
    outer loop
      vertex 10.3746 37.5092 56.5131
      vertex 11.4453 37.4404 55.889
      vertex 10.3665 37.4404 56.4988
    endloop
  endfacet
  facet normal -0.474704 -0.263424 -0.8398
    outer loop
      vertex 10.3665 38.5596 56.4988
      vertex 11.4367 38.6277 55.8725
      vertex 11.4453 38.5596 55.889
    endloop
  endfacet
  facet normal -0.474406 -0.26502 -0.839466
    outer loop
      vertex 11.4367 38.6277 55.8725
      vertex 10.3665 38.5596 56.4988
      vertex 10.3573 38.6277 56.4825
    endloop
  endfacet
  facet normal -0.887217 0 -0.461353
    outer loop
      vertex 42 0 49.2635
      vertex 36.02 46 60.7635
      vertex 42 46 49.2635
    endloop
  endfacet
  facet normal -0.887217 -0 -0.461353
    outer loop
      vertex 36.02 46 60.7635
      vertex 42 0 49.2635
      vertex 36.02 0 60.7635
    endloop
  endfacet
  facet normal 0.887217 -3.6918e-06 -0.461353
    outer loop
      vertex 10.5694 40.2323 54.2047
      vertex 8 46 49.2635
      vertex 13.98 46 60.7635
    endloop
  endfacet
  facet normal 0.886958 -0.000516815 -0.461849
    outer loop
      vertex 8 46 49.2635
      vertex 10.4719 40.2489 54.0171
      vertex 10.4392 40.25 53.9543
    endloop
  endfacet
  facet normal 0.886926 -0.000583209 -0.461912
    outer loop
      vertex 8 46 49.2635
      vertex 10.5045 40.2456 54.0797
      vertex 10.4719 40.2489 54.0171
    endloop
  endfacet
  facet normal 0.887543 0.000679663 -0.460724
    outer loop
      vertex 8 46 49.2635
      vertex 10.537 40.24 54.1423
      vertex 10.5045 40.2456 54.0797
    endloop
  endfacet
  facet normal 0.887529 0.000649893 -0.460752
    outer loop
      vertex 8 46 49.2635
      vertex 10.5694 40.2323 54.2047
      vertex 10.537 40.24 54.1423
    endloop
  endfacet
  facet normal 0.887177 0.00010673 -0.461429
    outer loop
      vertex 13.98 46 60.7635
      vertex 10.6017 40.2223 54.2668
      vertex 10.5694 40.2323 54.2047
    endloop
  endfacet
  facet normal 0.886908 0.000843162 -0.461944
    outer loop
      vertex 13.98 46 60.7635
      vertex 10.6339 40.2101 54.3286
      vertex 10.6017 40.2223 54.2668
    endloop
  endfacet
  facet normal 0.887349 -0.000351415 -0.461099
    outer loop
      vertex 13.98 46 60.7635
      vertex 10.6658 40.1958 54.39
      vertex 10.6339 40.2101 54.3286
    endloop
  endfacet
  facet normal 0.887089 0.000346656 -0.461599
    outer loop
      vertex 13.98 46 60.7635
      vertex 10.6976 40.1793 54.4511
      vertex 10.6658 40.1958 54.39
    endloop
  endfacet
  facet normal 0.887487 -0.000710348 -0.460832
    outer loop
      vertex 13.98 46 60.7635
      vertex 10.729 40.1607 54.5116
      vertex 10.6976 40.1793 54.4511
    endloop
  endfacet
  facet normal 0.887217 -1.32972e-06 -0.461353
    outer loop
      vertex 13.98 46 60.7635
      vertex 10.7602 40.1399 54.5716
      vertex 10.729 40.1607 54.5116
    endloop
  endfacet
  facet normal 0.886938 0.000717039 -0.461888
    outer loop
      vertex 13.98 46 60.7635
      vertex 10.7911 40.117 54.6309
      vertex 10.7602 40.1399 54.5716
    endloop
  endfacet
  facet normal 0.887321 -0.000256473 -0.461153
    outer loop
      vertex 13.98 46 60.7635
      vertex 10.8216 40.092 54.6896
      vertex 10.7911 40.117 54.6309
    endloop
  endfacet
  facet normal 0.887048 0.000427693 -0.461677
    outer loop
      vertex 13.98 46 60.7635
      vertex 10.8518 40.0649 54.7476
      vertex 10.8216 40.092 54.6896
    endloop
  endfacet
  facet normal 0.887403 -0.000450324 -0.460995
    outer loop
      vertex 13.98 46 60.7635
      vertex 10.8815 40.0359 54.8048
      vertex 10.8518 40.0649 54.7476
    endloop
  endfacet
  facet normal 0.887118 0.00024576 -0.461544
    outer loop
      vertex 13.98 46 60.7635
      vertex 10.9108 40.0048 54.8611
      vertex 10.8815 40.0359 54.8048
    endloop
  endfacet
  facet normal 0.887465 -0.000590654 -0.460875
    outer loop
      vertex 13.98 46 60.7635
      vertex 10.9396 39.9717 54.9166
      vertex 10.9108 40.0048 54.8611
    endloop
  endfacet
  facet normal 0.88697 0.000582503 -0.461827
    outer loop
      vertex 13.98 46 60.7635
      vertex 10.968 39.9367 54.9711
      vertex 10.9396 39.9717 54.9166
    endloop
  endfacet
  facet normal 0.8873 -0.000186583 -0.461193
    outer loop
      vertex 13.98 46 60.7635
      vertex 10.9958 39.8997 55.0246
      vertex 10.968 39.9367 54.9711
    endloop
  endfacet
  facet normal 0.887218 2.40215e-06 -0.461351
    outer loop
      vertex 13.98 46 60.7635
      vertex 11.0231 39.8609 55.0771
      vertex 10.9958 39.8997 55.0246
    endloop
  endfacet
  facet normal 0.887119 0.000224151 -0.46154
    outer loop
      vertex 13.98 46 60.7635
      vertex 11.0498 39.8203 55.1284
      vertex 11.0231 39.8609 55.0771
    endloop
  endfacet
  facet normal 0.887235 -3.2167e-05 -0.461319
    outer loop
      vertex 13.98 46 60.7635
      vertex 11.0759 39.7778 55.1786
      vertex 11.0498 39.8203 55.1284
    endloop
  endfacet
  facet normal 0.887333 -0.000248249 -0.461129
    outer loop
      vertex 13.98 46 60.7635
      vertex 11.1013 39.7337 55.2275
      vertex 11.0759 39.7778 55.1786
    endloop
  endfacet
  facet normal 0.887447 -0.00049541 -0.460909
    outer loop
      vertex 13.98 46 60.7635
      vertex 11.1261 39.6878 55.2753
      vertex 11.1013 39.7337 55.2275
    endloop
  endfacet
  facet normal 0.886918 0.000629794 -0.461927
    outer loop
      vertex 13.98 46 60.7635
      vertex 11.1503 39.6402 55.3217
      vertex 11.1261 39.6878 55.2753
    endloop
  endfacet
  facet normal 0.887218 2.59473e-06 -0.461351
    outer loop
      vertex 13.98 46 60.7635
      vertex 11.1737 39.591 55.3667
      vertex 11.1503 39.6402 55.3217
    endloop
  endfacet
  facet normal 0.887319 -0.000204847 -0.461157
    outer loop
      vertex 13.98 46 60.7635
      vertex 11.1964 39.5402 55.4104
      vertex 11.1737 39.591 55.3667
    endloop
  endfacet
  facet normal 0.886979 0.000482473 -0.461809
    outer loop
      vertex 13.98 46 60.7635
      vertex 11.2184 39.488 55.4526
      vertex 11.1964 39.5402 55.4104
    endloop
  endfacet
  facet normal 0.887288 -0.000132269 -0.461216
    outer loop
      vertex 13.98 46 60.7635
      vertex 11.2396 39.4342 55.4934
      vertex 11.2184 39.488 55.4526
    endloop
  endfacet
  facet normal 0.887149 0.000139733 -0.461483
    outer loop
      vertex 13.98 46 60.7635
      vertex 11.26 39.379 55.5326
      vertex 11.2396 39.4342 55.4934
    endloop
  endfacet
  facet normal 0.887237 -2.98807e-05 -0.461314
    outer loop
      vertex 13.98 46 60.7635
      vertex 11.2796 39.3225 55.5703
      vertex 11.26 39.379 55.5326
    endloop
  endfacet
  facet normal 0.887542 -0.000609378 -0.460727
    outer loop
      vertex 13.98 46 60.7635
      vertex 11.2983 39.2647 55.6064
      vertex 11.2796 39.3225 55.5703
    endloop
  endfacet
  facet normal 0.887162 0.000101883 -0.461459
    outer loop
      vertex 13.98 46 60.7635
      vertex 11.3162 39.2056 55.6408
      vertex 11.2983 39.2647 55.6064
    endloop
  endfacet
  facet normal 0.887013 0.000376203 -0.461745
    outer loop
      vertex 13.98 46 60.7635
      vertex 11.3333 39.1453 55.6736
      vertex 11.3162 39.2056 55.6408
    endloop
  endfacet
  facet normal 0.887559 -0.000616209 -0.460693
    outer loop
      vertex 13.98 46 60.7635
      vertex 11.3494 39.0839 55.7047
      vertex 11.3333 39.1453 55.6736
    endloop
  endfacet
  facet normal 0.887158 0.000102561 -0.461466
    outer loop
      vertex 13.98 46 60.7635
      vertex 11.3647 39.0215 55.7341
      vertex 11.3494 39.0839 55.7047
    endloop
  endfacet
  facet normal 0.886979 0.000417664 -0.46181
    outer loop
      vertex 13.98 46 60.7635
      vertex 11.3791 38.958 55.7617
      vertex 11.3647 39.0215 55.7341
    endloop
  endfacet
  facet normal 0.8873 -0.000139312 -0.461193
    outer loop
      vertex 13.98 46 60.7635
      vertex 11.3925 38.8936 55.7875
      vertex 11.3791 38.958 55.7617
    endloop
  endfacet
  facet normal 0.887114 0.000179039 -0.461551
    outer loop
      vertex 13.98 46 60.7635
      vertex 11.405 38.8283 55.8115
      vertex 11.3925 38.8936 55.7875
    endloop
  endfacet
  facet normal 0.887454 -0.000395811 -0.460896
    outer loop
      vertex 13.98 46 60.7635
      vertex 11.4165 38.7622 55.8337
      vertex 11.405 38.8283 55.8115
    endloop
  endfacet
  facet normal 0.886974 0.000403419 -0.461819
    outer loop
      vertex 13.98 46 60.7635
      vertex 11.4271 38.6953 55.854
      vertex 11.4165 38.7622 55.8337
    endloop
  endfacet
  facet normal 0.887332 -0.000185154 -0.46113
    outer loop
      vertex 13.98 46 60.7635
      vertex 11.4367 38.6277 55.8725
      vertex 11.4271 38.6953 55.854
    endloop
  endfacet
  facet normal 0.8871 0.000191478 -0.461577
    outer loop
      vertex 13.98 46 60.7635
      vertex 11.4453 38.5596 55.889
      vertex 11.4367 38.6277 55.8725
    endloop
  endfacet
  facet normal 0.887486 -0.000426822 -0.460834
    outer loop
      vertex 13.98 46 60.7635
      vertex 11.4529 38.4908 55.9037
      vertex 11.4453 38.5596 55.889
    endloop
  endfacet
  facet normal 0.887242 -4.00596e-05 -0.461305
    outer loop
      vertex 13.98 46 60.7635
      vertex 11.4595 38.4216 55.9164
      vertex 11.4529 38.4908 55.9037
    endloop
  endfacet
  facet normal 0.887321 -0.000164339 -0.461152
    outer loop
      vertex 13.98 46 60.7635
      vertex 11.4651 38.352 55.9272
      vertex 11.4595 38.4216 55.9164
    endloop
  endfacet
  facet normal 0.887051 0.000253235 -0.461671
    outer loop
      vertex 13.98 46 60.7635
      vertex 11.4697 38.282 55.936
      vertex 11.4651 38.352 55.9272
    endloop
  endfacet
  facet normal 0.887131 0.000130891 -0.461517
    outer loop
      vertex 13.98 46 60.7635
      vertex 11.4733 38.2117 55.9429
      vertex 11.4697 38.282 55.936
    endloop
  endfacet
  facet normal 0.886828 0.000588967 -0.4621
    outer loop
      vertex 13.98 46 60.7635
      vertex 11.4759 38.1413 55.9478
      vertex 11.4733 38.2117 55.9429
    endloop
  endfacet
  facet normal 0.887692 -0.000705022 -0.460437
    outer loop
      vertex 13.98 46 60.7635
      vertex 11.4774 38.0707 55.9508
      vertex 11.4759 38.1413 55.9478
    endloop
  endfacet
  facet normal 0.887382 -0.000245301 -0.461034
    outer loop
      vertex 13.98 46 60.7635
      vertex 11.4779 38 55.9518
      vertex 11.4774 38.0707 55.9508
    endloop
  endfacet
  facet normal 0.887041 0.000257017 -0.461691
    outer loop
      vertex 13.98 46 60.7635
      vertex 11.4774 37.9293 55.9508
      vertex 11.4779 38 55.9518
    endloop
  endfacet
  facet normal 0.886659 0.000811317 -0.462423
    outer loop
      vertex 13.98 46 60.7635
      vertex 11.4759 37.8587 55.9478
      vertex 11.4774 37.9293 55.9508
    endloop
  endfacet
  facet normal 0.887736 -0.000744091 -0.460353
    outer loop
      vertex 13.98 46 60.7635
      vertex 11.4733 37.7883 55.9429
      vertex 11.4759 37.8587 55.9478
    endloop
  endfacet
  facet normal 0.887345 -0.000182136 -0.461107
    outer loop
      vertex 13.98 46 60.7635
      vertex 11.4697 37.718 55.936
      vertex 11.4733 37.7883 55.9429
    endloop
  endfacet
  facet normal 0.887489 -0.000387953 -0.460829
    outer loop
      vertex 13.98 46 60.7635
      vertex 11.4651 37.648 55.9272
      vertex 11.4697 37.718 55.936
    endloop
  endfacet
  facet normal 0.887017 0.000279491 -0.461736
    outer loop
      vertex 13.98 46 60.7635
      vertex 11.4595 37.5784 55.9164
      vertex 11.4651 37.648 55.9272
    endloop
  endfacet
  facet normal 0.887162 7.56825e-05 -0.461457
    outer loop
      vertex 13.98 46 60.7635
      vertex 11.4529 37.5092 55.9037
      vertex 11.4595 37.5784 55.9164
    endloop
  endfacet
  facet normal 0.886568 0.000904975 -0.462597
    outer loop
      vertex 13.98 46 60.7635
      vertex 11.4453 37.4404 55.889
      vertex 11.4529 37.5092 55.9037
    endloop
  endfacet
  facet normal 0.887548 -0.000456757 -0.460715
    outer loop
      vertex 13.98 46 60.7635
      vertex 11.4367 37.3723 55.8725
      vertex 11.4453 37.4404 55.889
    endloop
  endfacet
  facet normal 0.886853 0.000505346 -0.462051
    outer loop
      vertex 13.98 46 60.7635
      vertex 11.4271 37.3047 55.854
      vertex 11.4367 37.3723 55.8725
    endloop
  endfacet
  facet normal 0.888136 -0.00126751 -0.459579
    outer loop
      vertex 13.98 46 60.7635
      vertex 11.4165 37.2378 55.8337
      vertex 11.4271 37.3047 55.854
    endloop
  endfacet
  facet normal 0.886148 0.00146411 -0.4634
    outer loop
      vertex 13.98 46 60.7635
      vertex 11.405 37.1717 55.8115
      vertex 11.4165 37.2378 55.8337
    endloop
  endfacet
  facet normal 0.8878 -0.00079633 -0.460229
    outer loop
      vertex 13.98 46 60.7635
      vertex 11.3925 37.1064 55.7875
      vertex 11.405 37.1717 55.8115
    endloop
  endfacet
  facet normal 0.886654 0.000770711 -0.462434
    outer loop
      vertex 13.98 46 60.7635
      vertex 11.3791 37.042 55.7617
      vertex 11.3925 37.1064 55.7875
    endloop
  endfacet
  facet normal 0.887219 0 -0.461348
    outer loop
      vertex 11.3791 8.958 55.7617
      vertex 11.3791 37.042 55.7617
      vertex 13.98 46 60.7635
    endloop
  endfacet
  facet normal 0.886585 0 -0.462566
    outer loop
      vertex 11.3791 37.042 55.7617
      vertex 11.3791 8.958 55.7617
      vertex 11.3647 36.9785 55.7341
    endloop
  endfacet
  facet normal 0.886585 0 -0.462566
    outer loop
      vertex 11.3647 9.02148 55.7341
      vertex 11.3647 36.9785 55.7341
      vertex 11.3791 8.958 55.7617
    endloop
  endfacet
  facet normal 0.887069 0 -0.461638
    outer loop
      vertex 11.3647 36.9785 55.7341
      vertex 11.3647 9.02148 55.7341
      vertex 11.3494 36.9161 55.7047
    endloop
  endfacet
  facet normal 0.886962 0 -0.461842
    outer loop
      vertex 10.4719 35.7511 54.0171
      vertex 10.4392 10.25 53.9543
      vertex 10.4392 35.75 53.9543
    endloop
  endfacet
  facet normal 0.886938 0 -0.461888
    outer loop
      vertex 10.4719 10.2489 54.0171
      vertex 10.4719 35.7511 54.0171
      vertex 10.5045 35.7544 54.0797
    endloop
  endfacet
  facet normal 0.887518 0 -0.460772
    outer loop
      vertex 10.5045 10.2456 54.0797
      vertex 10.5045 35.7544 54.0797
      vertex 10.537 35.76 54.1423
    endloop
  endfacet
  facet normal 0.887496 0 -0.460815
    outer loop
      vertex 10.537 10.24 54.1423
      vertex 10.537 35.76 54.1423
      vertex 10.5694 35.7677 54.2047
    endloop
  endfacet
  facet normal 0.88717 0 -0.461443
    outer loop
      vertex 10.5694 10.2323 54.2047
      vertex 10.5694 35.7677 54.2047
      vertex 10.6017 35.7777 54.2668
    endloop
  endfacet
  facet normal 0.886841 0 -0.462076
    outer loop
      vertex 10.6017 10.2223 54.2668
      vertex 10.6017 35.7777 54.2668
      vertex 10.6339 35.7899 54.3286
    endloop
  endfacet
  facet normal 0.887382 0 -0.461034
    outer loop
      vertex 10.6339 10.2101 54.3286
      vertex 10.6339 35.7899 54.3286
      vertex 10.6658 35.8042 54.39
    endloop
  endfacet
  facet normal 0.88705 0 -0.461673
    outer loop
      vertex 10.6658 10.1958 54.39
      vertex 10.6658 35.8042 54.39
      vertex 10.6976 35.8207 54.4511
    endloop
  endfacet
  facet normal 0.887577 0 -0.46066
    outer loop
      vertex 10.6976 10.1793 54.4511
      vertex 10.6976 35.8207 54.4511
      vertex 10.729 35.8393 54.5116
    endloop
  endfacet
  facet normal 0.887217 0 -0.461353
    outer loop
      vertex 10.729 10.1607 54.5116
      vertex 10.729 35.8393 54.5116
      vertex 10.7602 35.8601 54.5716
    endloop
  endfacet
  facet normal 0.886825 0 -0.462106
    outer loop
      vertex 10.7602 10.1399 54.5716
      vertex 10.7602 35.8601 54.5716
      vertex 10.7911 35.883 54.6309
    endloop
  endfacet
  facet normal 0.887365 0 -0.461067
    outer loop
      vertex 10.7911 10.117 54.6309
      vertex 10.7911 35.883 54.6309
      vertex 10.8216 35.908 54.6896
    endloop
  endfacet
  facet normal 0.886966 0 -0.461834
    outer loop
      vertex 10.8216 10.092 54.6896
      vertex 10.8216 35.908 54.6896
      vertex 10.8518 35.9351 54.7476
    endloop
  endfacet
  facet normal 0.887496 0 -0.460815
    outer loop
      vertex 10.8518 10.0649 54.7476
      vertex 10.8518 35.9351 54.7476
      vertex 10.8815 35.9641 54.8048
    endloop
  endfacet
  facet normal 0.887062 0 -0.46165
    outer loop
      vertex 10.8815 10.0359 54.8048
      vertex 10.8815 35.9641 54.8048
      vertex 10.9108 35.9952 54.8611
    endloop
  endfacet
  facet normal 0.887609 0 -0.460597
    outer loop
      vertex 10.9108 10.0048 54.8611
      vertex 10.9108 35.9952 54.8611
      vertex 10.9396 36.0283 54.9166
    endloop
  endfacet
  facet normal 0.886817 0 -0.462121
    outer loop
      vertex 10.9396 9.97169 54.9166
      vertex 10.9396 36.0283 54.9166
      vertex 10.968 36.0633 54.9711
    endloop
  endfacet
  facet normal 0.887353 0 -0.461092
    outer loop
      vertex 10.968 9.93667 54.9711
      vertex 10.968 36.0633 54.9711
      vertex 10.9958 36.1003 55.0246
    endloop
  endfacet
  facet normal 0.887217 0 -0.461353
    outer loop
      vertex 10.9958 9.89974 55.0246
      vertex 10.9958 36.1003 55.0246
      vertex 11.0231 36.1391 55.0771
    endloop
  endfacet
  facet normal 0.887047 0 -0.461679
    outer loop
      vertex 11.0231 9.86093 55.0771
      vertex 11.0231 36.1391 55.0771
      vertex 11.0498 36.1797 55.1284
    endloop
  endfacet
  facet normal 0.887246 0 -0.461297
    outer loop
      vertex 11.0498 9.82029 55.1284
      vertex 11.0498 36.1797 55.1284
      vertex 11.0759 36.2222 55.1786
    endloop
  endfacet
  facet normal 0.887425 0 -0.460953
    outer loop
      vertex 11.0759 9.77785 55.1786
      vertex 11.0759 36.2222 55.1786
      vertex 11.1013 36.2663 55.2275
    endloop
  endfacet
  facet normal 0.887642 0 -0.460534
    outer loop
      vertex 11.1013 9.73365 55.2275
      vertex 11.1013 36.2663 55.2275
      vertex 11.1261 36.3122 55.2753
    endloop
  endfacet
  facet normal 0.886653 0 -0.462435
    outer loop
      vertex 11.1261 9.68775 55.2753
      vertex 11.1261 36.3122 55.2753
      vertex 11.1503 36.3598 55.3217
    endloop
  endfacet
  facet normal 0.887217 0 -0.461353
    outer loop
      vertex 11.1503 9.64018 55.3217
      vertex 11.1503 36.3598 55.3217
      vertex 11.1737 36.409 55.3667
    endloop
  endfacet
  facet normal 0.887416 0 -0.460969
    outer loop
      vertex 11.1737 9.59099 55.3667
      vertex 11.1737 36.409 55.3667
      vertex 11.1964 36.4598 55.4104
    endloop
  endfacet
  facet normal 0.886735 0 -0.462279
    outer loop
      vertex 11.1964 9.54023 55.4104
      vertex 11.1964 36.4598 55.4104
      vertex 11.2184 36.512 55.4526
    endloop
  endfacet
  facet normal 0.887359 0 -0.461079
    outer loop
      vertex 11.2184 9.48795 55.4526
      vertex 11.2184 36.512 55.4526
      vertex 11.2396 36.5658 55.4934
    endloop
  endfacet
  facet normal 0.887069 0 -0.461638
    outer loop
      vertex 11.2396 9.4342 55.4934
      vertex 11.2396 36.5658 55.4934
      vertex 11.26 36.621 55.5326
    endloop
  endfacet
  facet normal 0.887255 0 -0.461279
    outer loop
      vertex 11.26 9.37904 55.5326
      vertex 11.26 36.621 55.5326
      vertex 11.2796 36.6775 55.5703
    endloop
  endfacet
  facet normal 0.887941 0 -0.459958
    outer loop
      vertex 11.2796 9.32252 55.5703
      vertex 11.2796 36.6775 55.5703
      vertex 11.2983 36.7353 55.6064
    endloop
  endfacet
  facet normal 0.88709 0 -0.461596
    outer loop
      vertex 11.2983 9.26469 55.6064
      vertex 11.2983 36.7353 55.6064
      vertex 11.3162 36.7944 55.6408
    endloop
  endfacet
  facet normal 0.887069 0 -0.461638
    outer loop
      vertex 11.3494 9.08395 55.7047
      vertex 11.3494 36.9161 55.7047
      vertex 11.3647 9.02148 55.7341
    endloop
  endfacet
  facet normal 0.886962 0 -0.461842
    outer loop
      vertex 10.4719 35.7511 54.0171
      vertex 10.4719 10.2489 54.0171
      vertex 10.4392 10.25 53.9543
    endloop
  endfacet
  facet normal 0.886938 0 -0.461888
    outer loop
      vertex 10.5045 35.7544 54.0797
      vertex 10.5045 10.2456 54.0797
      vertex 10.4719 10.2489 54.0171
    endloop
  endfacet
  facet normal 0.887518 0 -0.460772
    outer loop
      vertex 10.537 35.76 54.1423
      vertex 10.537 10.24 54.1423
      vertex 10.5045 10.2456 54.0797
    endloop
  endfacet
  facet normal 0.887496 0 -0.460815
    outer loop
      vertex 10.5694 35.7677 54.2047
      vertex 10.5694 10.2323 54.2047
      vertex 10.537 10.24 54.1423
    endloop
  endfacet
  facet normal 0.88717 0 -0.461443
    outer loop
      vertex 10.6017 35.7777 54.2668
      vertex 10.6017 10.2223 54.2668
      vertex 10.5694 10.2323 54.2047
    endloop
  endfacet
  facet normal 0.886841 0 -0.462076
    outer loop
      vertex 10.6339 35.7899 54.3286
      vertex 10.6339 10.2101 54.3286
      vertex 10.6017 10.2223 54.2668
    endloop
  endfacet
  facet normal 0.887382 0 -0.461034
    outer loop
      vertex 10.6658 35.8042 54.39
      vertex 10.6658 10.1958 54.39
      vertex 10.6339 10.2101 54.3286
    endloop
  endfacet
  facet normal 0.88705 0 -0.461673
    outer loop
      vertex 10.6976 35.8207 54.4511
      vertex 10.6976 10.1793 54.4511
      vertex 10.6658 10.1958 54.39
    endloop
  endfacet
  facet normal 0.887577 0 -0.46066
    outer loop
      vertex 10.729 35.8393 54.5116
      vertex 10.729 10.1607 54.5116
      vertex 10.6976 10.1793 54.4511
    endloop
  endfacet
  facet normal 0.887217 0 -0.461353
    outer loop
      vertex 10.7602 35.8601 54.5716
      vertex 10.7602 10.1399 54.5716
      vertex 10.729 10.1607 54.5116
    endloop
  endfacet
  facet normal 0.886825 0 -0.462106
    outer loop
      vertex 10.7911 35.883 54.6309
      vertex 10.7911 10.117 54.6309
      vertex 10.7602 10.1399 54.5716
    endloop
  endfacet
  facet normal 0.887365 0 -0.461067
    outer loop
      vertex 10.8216 35.908 54.6896
      vertex 10.8216 10.092 54.6896
      vertex 10.7911 10.117 54.6309
    endloop
  endfacet
  facet normal 0.886966 0 -0.461834
    outer loop
      vertex 10.8518 35.9351 54.7476
      vertex 10.8518 10.0649 54.7476
      vertex 10.8216 10.092 54.6896
    endloop
  endfacet
  facet normal 0.887496 0 -0.460815
    outer loop
      vertex 10.8815 35.9641 54.8048
      vertex 10.8815 10.0359 54.8048
      vertex 10.8518 10.0649 54.7476
    endloop
  endfacet
  facet normal 0.887062 0 -0.46165
    outer loop
      vertex 10.9108 35.9952 54.8611
      vertex 10.9108 10.0048 54.8611
      vertex 10.8815 10.0359 54.8048
    endloop
  endfacet
  facet normal 0.887609 0 -0.460597
    outer loop
      vertex 10.9396 36.0283 54.9166
      vertex 10.9396 9.97169 54.9166
      vertex 10.9108 10.0048 54.8611
    endloop
  endfacet
  facet normal 0.886817 0 -0.462121
    outer loop
      vertex 10.968 36.0633 54.9711
      vertex 10.968 9.93667 54.9711
      vertex 10.9396 9.97169 54.9166
    endloop
  endfacet
  facet normal 0.887353 0 -0.461092
    outer loop
      vertex 10.9958 36.1003 55.0246
      vertex 10.9958 9.89974 55.0246
      vertex 10.968 9.93667 54.9711
    endloop
  endfacet
  facet normal 0.887217 0 -0.461353
    outer loop
      vertex 11.0231 36.1391 55.0771
      vertex 11.0231 9.86093 55.0771
      vertex 10.9958 9.89974 55.0246
    endloop
  endfacet
  facet normal 0.887047 0 -0.461679
    outer loop
      vertex 11.0498 36.1797 55.1284
      vertex 11.0498 9.82029 55.1284
      vertex 11.0231 9.86093 55.0771
    endloop
  endfacet
  facet normal 0.887246 0 -0.461297
    outer loop
      vertex 11.0759 36.2222 55.1786
      vertex 11.0759 9.77785 55.1786
      vertex 11.0498 9.82029 55.1284
    endloop
  endfacet
  facet normal 0.887425 0 -0.460953
    outer loop
      vertex 11.1013 36.2663 55.2275
      vertex 11.1013 9.73365 55.2275
      vertex 11.0759 9.77785 55.1786
    endloop
  endfacet
  facet normal 0.887642 0 -0.460534
    outer loop
      vertex 11.1261 36.3122 55.2753
      vertex 11.1261 9.68775 55.2753
      vertex 11.1013 9.73365 55.2275
    endloop
  endfacet
  facet normal 0.886653 0 -0.462435
    outer loop
      vertex 11.1503 36.3598 55.3217
      vertex 11.1503 9.64018 55.3217
      vertex 11.1261 9.68775 55.2753
    endloop
  endfacet
  facet normal 0.887217 0 -0.461353
    outer loop
      vertex 11.1737 36.409 55.3667
      vertex 11.1737 9.59099 55.3667
      vertex 11.1503 9.64018 55.3217
    endloop
  endfacet
  facet normal 0.887416 0 -0.460969
    outer loop
      vertex 11.1964 36.4598 55.4104
      vertex 11.1964 9.54023 55.4104
      vertex 11.1737 9.59099 55.3667
    endloop
  endfacet
  facet normal 0.886735 0 -0.462279
    outer loop
      vertex 11.2184 36.512 55.4526
      vertex 11.2184 9.48795 55.4526
      vertex 11.1964 9.54023 55.4104
    endloop
  endfacet
  facet normal 0.887359 0 -0.461079
    outer loop
      vertex 11.2396 36.5658 55.4934
      vertex 11.2396 9.4342 55.4934
      vertex 11.2184 9.48795 55.4526
    endloop
  endfacet
  facet normal 0.887069 0 -0.461638
    outer loop
      vertex 11.26 36.621 55.5326
      vertex 11.26 9.37904 55.5326
      vertex 11.2396 9.4342 55.4934
    endloop
  endfacet
  facet normal 0.887255 0 -0.461279
    outer loop
      vertex 11.2796 36.6775 55.5703
      vertex 11.2796 9.32252 55.5703
      vertex 11.26 9.37904 55.5326
    endloop
  endfacet
  facet normal 0.887941 0 -0.459958
    outer loop
      vertex 11.2983 36.7353 55.6064
      vertex 11.2983 9.26469 55.6064
      vertex 11.2796 9.32252 55.5703
    endloop
  endfacet
  facet normal 0.88709 0 -0.461596
    outer loop
      vertex 11.3162 36.7944 55.6408
      vertex 11.3162 9.20561 55.6408
      vertex 11.2983 9.26469 55.6064
    endloop
  endfacet
  facet normal 0.886729 0 -0.462289
    outer loop
      vertex 11.3162 36.7944 55.6408
      vertex 11.3333 9.14534 55.6736
      vertex 11.3162 9.20561 55.6408
    endloop
  endfacet
  facet normal 0.886729 0 -0.462289
    outer loop
      vertex 11.3333 36.8547 55.6736
      vertex 11.3333 9.14534 55.6736
      vertex 11.3162 36.7944 55.6408
    endloop
  endfacet
  facet normal 0.888057 0 -0.459734
    outer loop
      vertex 11.3333 9.14534 55.6736
      vertex 11.3333 36.8547 55.6736
      vertex 11.3494 9.08395 55.7047
    endloop
  endfacet
  facet normal 0.888057 0 -0.459734
    outer loop
      vertex 11.3494 36.9161 55.7047
      vertex 11.3494 9.08395 55.7047
      vertex 11.3333 36.8547 55.6736
    endloop
  endfacet
  facet normal 0.887386 -5.49278e-05 -0.461027
    outer loop
      vertex 13.98 46 60.7635
      vertex 11.3925 8.89358 55.7875
      vertex 11.3791 8.958 55.7617
    endloop
  endfacet
  facet normal 0.887218 0 -0.46135
    outer loop
      vertex 13.98 0 60.7635
      vertex 11.3925 8.89358 55.7875
      vertex 13.98 46 60.7635
    endloop
  endfacet
  facet normal 0.8878 0.000796327 -0.460229
    outer loop
      vertex 11.3925 8.89358 55.7875
      vertex 13.98 0 60.7635
      vertex 11.405 8.82828 55.8115
    endloop
  endfacet
  facet normal 0.886149 -0.001463 -0.463398
    outer loop
      vertex 11.405 8.82828 55.8115
      vertex 13.98 0 60.7635
      vertex 11.4165 8.76216 55.8337
    endloop
  endfacet
  facet normal 0.888137 0.00126874 -0.459577
    outer loop
      vertex 11.4165 8.76216 55.8337
      vertex 13.98 0 60.7635
      vertex 11.4271 8.69529 55.854
    endloop
  endfacet
  facet normal 0.886853 -0.000505926 -0.462052
    outer loop
      vertex 11.4271 8.69529 55.854
      vertex 13.98 0 60.7635
      vertex 11.4367 8.62773 55.8725
    endloop
  endfacet
  facet normal 0.887547 0.000455823 -0.460717
    outer loop
      vertex 11.4367 8.62773 55.8725
      vertex 13.98 0 60.7635
      vertex 11.4453 8.55955 55.889
    endloop
  endfacet
  facet normal 0.886567 -0.000906447 -0.462599
    outer loop
      vertex 11.4453 8.55955 55.889
      vertex 13.98 0 60.7635
      vertex 11.4529 8.49082 55.9037
    endloop
  endfacet
  facet normal 0.887162 -7.56665e-05 -0.461457
    outer loop
      vertex 11.4529 8.49082 55.9037
      vertex 13.98 0 60.7635
      vertex 11.4595 8.42161 55.9164
    endloop
  endfacet
  facet normal 0.887017 -0.000279327 -0.461736
    outer loop
      vertex 11.4595 8.42161 55.9164
      vertex 13.98 0 60.7635
      vertex 11.4651 8.35198 55.9272
    endloop
  endfacet
  facet normal 0.887489 0.000388095 -0.460829
    outer loop
      vertex 11.4651 8.35198 55.9272
      vertex 13.98 0 60.7635
      vertex 11.4697 8.282 55.936
    endloop
  endfacet
  facet normal 0.887345 0.000182261 -0.461107
    outer loop
      vertex 11.4697 8.282 55.936
      vertex 13.98 0 60.7635
      vertex 11.4733 8.21174 55.9429
    endloop
  endfacet
  facet normal 0.887735 0.000743372 -0.460354
    outer loop
      vertex 11.4733 8.21174 55.9429
      vertex 13.98 0 60.7635
      vertex 11.4759 8.14128 55.9478
    endloop
  endfacet
  facet normal 0.886659 -0.000811193 -0.462422
    outer loop
      vertex 11.4759 8.14128 55.9478
      vertex 13.98 0 60.7635
      vertex 11.4774 8.07067 55.9508
    endloop
  endfacet
  facet normal 0.887041 -0.000257128 -0.461692
    outer loop
      vertex 11.4774 8.07067 55.9508
      vertex 13.98 0 60.7635
      vertex 11.4779 8 55.9518
    endloop
  endfacet
  facet normal 0.887383 0.000245402 -0.461034
    outer loop
      vertex 11.4779 8 55.9518
      vertex 13.98 0 60.7635
      vertex 11.4774 7.92933 55.9508
    endloop
  endfacet
  facet normal 0.887692 0.000704929 -0.460438
    outer loop
      vertex 11.4774 7.92933 55.9508
      vertex 13.98 0 60.7635
      vertex 11.4759 7.85872 55.9478
    endloop
  endfacet
  facet normal 0.886828 -0.000588516 -0.462099
    outer loop
      vertex 11.4759 7.85872 55.9478
      vertex 13.98 0 60.7635
      vertex 11.4733 7.78826 55.9429
    endloop
  endfacet
  facet normal 0.886925 0.00058345 -0.461912
    outer loop
      vertex 10.5045 5.75444 54.0797
      vertex 8 0 49.2635
      vertex 10.4719 5.75111 54.0171
    endloop
  endfacet
  facet normal 0.887543 -0.000679167 -0.460725
    outer loop
      vertex 10.537 5.75999 54.1423
      vertex 8 0 49.2635
      vertex 10.5045 5.75444 54.0797
    endloop
  endfacet
  facet normal 0.887529 -0.000650387 -0.460752
    outer loop
      vertex 10.5694 5.76774 54.2047
      vertex 8 0 49.2635
      vertex 10.537 5.75999 54.1423
    endloop
  endfacet
  facet normal 0.887217 3.69178e-06 -0.461353
    outer loop
      vertex 8 0 49.2635
      vertex 10.5694 5.76774 54.2047
      vertex 13.98 0 60.7635
    endloop
  endfacet
  facet normal 0.887177 -0.000106796 -0.461429
    outer loop
      vertex 10.6017 5.7777 54.2668
      vertex 13.98 0 60.7635
      vertex 10.5694 5.76774 54.2047
    endloop
  endfacet
  facet normal 0.886908 -0.00084379 -0.461945
    outer loop
      vertex 10.6339 5.78985 54.3286
      vertex 13.98 0 60.7635
      vertex 10.6017 5.7777 54.2668
    endloop
  endfacet
  facet normal 0.887349 0.000351215 -0.461099
    outer loop
      vertex 10.6658 5.80419 54.39
      vertex 13.98 0 60.7635
      vertex 10.6339 5.78985 54.3286
    endloop
  endfacet
  facet normal 0.887089 -0.000346656 -0.461599
    outer loop
      vertex 10.6976 5.82069 54.4511
      vertex 13.98 0 60.7635
      vertex 10.6658 5.80419 54.39
    endloop
  endfacet
  facet normal 0.887487 0.000709872 -0.460832
    outer loop
      vertex 10.729 5.83934 54.5116
      vertex 13.98 0 60.7635
      vertex 10.6976 5.82069 54.4511
    endloop
  endfacet
  facet normal 0.887217 1.33006e-06 -0.461353
    outer loop
      vertex 10.7602 5.86012 54.5716
      vertex 13.98 0 60.7635
      vertex 10.729 5.83934 54.5116
    endloop
  endfacet
  facet normal 0.886938 -0.000717037 -0.461888
    outer loop
      vertex 10.7911 5.88302 54.6309
      vertex 13.98 0 60.7635
      vertex 10.7602 5.86012 54.5716
    endloop
  endfacet
  facet normal 0.887321 0.000256535 -0.461153
    outer loop
      vertex 10.8216 5.908 54.6896
      vertex 13.98 0 60.7635
      vertex 10.7911 5.88302 54.6309
    endloop
  endfacet
  facet normal 0.887048 -0.000427949 -0.461677
    outer loop
      vertex 10.8518 5.93505 54.7476
      vertex 13.98 0 60.7635
      vertex 10.8216 5.908 54.6896
    endloop
  endfacet
  facet normal 0.887402 0.000449852 -0.460995
    outer loop
      vertex 10.8815 5.96414 54.8048
      vertex 13.98 0 60.7635
      vertex 10.8518 5.93505 54.7476
    endloop
  endfacet
  facet normal 0.887118 -0.000245759 -0.461544
    outer loop
      vertex 10.9108 5.99524 54.8611
      vertex 13.98 0 60.7635
      vertex 10.8815 5.96414 54.8048
    endloop
  endfacet
  facet normal 0.887465 0.00059085 -0.460875
    outer loop
      vertex 10.9396 6.02831 54.9166
      vertex 13.98 0 60.7635
      vertex 10.9108 5.99524 54.8611
    endloop
  endfacet
  facet normal 0.88697 -0.000582375 -0.461827
    outer loop
      vertex 10.968 6.06333 54.9711
      vertex 13.98 0 60.7635
      vertex 10.9396 6.02831 54.9166
    endloop
  endfacet
  facet normal 0.8873 0.000186723 -0.461193
    outer loop
      vertex 10.9958 6.10026 55.0246
      vertex 13.98 0 60.7635
      vertex 10.968 6.06333 54.9711
    endloop
  endfacet
  facet normal 0.887218 -2.4019e-06 -0.461351
    outer loop
      vertex 11.0231 6.13907 55.0771
      vertex 13.98 0 60.7635
      vertex 10.9958 6.10026 55.0246
    endloop
  endfacet
  facet normal 0.88712 -0.000224059 -0.46154
    outer loop
      vertex 11.0498 6.17971 55.1284
      vertex 13.98 0 60.7635
      vertex 11.0231 6.13907 55.0771
    endloop
  endfacet
  facet normal 0.887235 3.21867e-05 -0.461319
    outer loop
      vertex 11.0759 6.22215 55.1786
      vertex 13.98 0 60.7635
      vertex 11.0498 6.17971 55.1284
    endloop
  endfacet
  facet normal 0.887333 0.000247999 -0.461129
    outer loop
      vertex 11.1013 6.26635 55.2275
      vertex 13.98 0 60.7635
      vertex 11.0759 6.22215 55.1786
    endloop
  endfacet
  facet normal 0.887447 0.000495408 -0.460909
    outer loop
      vertex 11.1261 6.31225 55.2753
      vertex 13.98 0 60.7635
      vertex 11.1013 6.26635 55.2275
    endloop
  endfacet
  facet normal 0.886917 -0.000629979 -0.461927
    outer loop
      vertex 11.1503 6.35982 55.3217
      vertex 13.98 0 60.7635
      vertex 11.1261 6.31225 55.2753
    endloop
  endfacet
  facet normal 0.887218 -2.59498e-06 -0.461351
    outer loop
      vertex 11.1737 6.40901 55.3667
      vertex 13.98 0 60.7635
      vertex 11.1503 6.35982 55.3217
    endloop
  endfacet
  facet normal 0.887319 0.000204927 -0.461156
    outer loop
      vertex 11.1964 6.45977 55.4104
      vertex 13.98 0 60.7635
      vertex 11.1737 6.40901 55.3667
    endloop
  endfacet
  facet normal 0.886979 -0.0004821 -0.461809
    outer loop
      vertex 11.2184 6.51205 55.4526
      vertex 13.98 0 60.7635
      vertex 11.1964 6.45977 55.4104
    endloop
  endfacet
  facet normal 0.887288 0.000132332 -0.461216
    outer loop
      vertex 11.2396 6.5658 55.4934
      vertex 13.98 0 60.7635
      vertex 11.2184 6.51205 55.4526
    endloop
  endfacet
  facet normal 0.887149 -0.000139787 -0.461483
    outer loop
      vertex 11.26 6.62096 55.5326
      vertex 13.98 0 60.7635
      vertex 11.2396 6.5658 55.4934
    endloop
  endfacet
  facet normal 0.887237 2.9875e-05 -0.461314
    outer loop
      vertex 11.2796 6.67748 55.5703
      vertex 13.98 0 60.7635
      vertex 11.26 6.62096 55.5326
    endloop
  endfacet
  facet normal 0.887542 0.000609203 -0.460727
    outer loop
      vertex 11.2983 6.73531 55.6064
      vertex 13.98 0 60.7635
      vertex 11.2796 6.67748 55.5703
    endloop
  endfacet
  facet normal 0.887162 -0.000101902 -0.461459
    outer loop
      vertex 11.3162 6.79439 55.6408
      vertex 13.98 0 60.7635
      vertex 11.2983 6.73531 55.6064
    endloop
  endfacet
  facet normal 0.887013 -0.000376312 -0.461745
    outer loop
      vertex 11.3333 6.85466 55.6736
      vertex 13.98 0 60.7635
      vertex 11.3162 6.79439 55.6408
    endloop
  endfacet
  facet normal 0.88756 0.00061627 -0.460693
    outer loop
      vertex 11.3494 6.91605 55.7047
      vertex 13.98 0 60.7635
      vertex 11.3333 6.85466 55.6736
    endloop
  endfacet
  facet normal 0.887158 -0.000102491 -0.461466
    outer loop
      vertex 11.3647 6.97852 55.7341
      vertex 13.98 0 60.7635
      vertex 11.3494 6.91605 55.7047
    endloop
  endfacet
  facet normal 0.886978 -0.000417745 -0.461811
    outer loop
      vertex 11.3791 7.042 55.7617
      vertex 13.98 0 60.7635
      vertex 11.3647 6.97852 55.7341
    endloop
  endfacet
  facet normal 0.8873 0.000139285 -0.461193
    outer loop
      vertex 11.3925 7.10642 55.7875
      vertex 13.98 0 60.7635
      vertex 11.3791 7.042 55.7617
    endloop
  endfacet
  facet normal 0.887114 -0.000179039 -0.461551
    outer loop
      vertex 11.405 7.17172 55.8115
      vertex 13.98 0 60.7635
      vertex 11.3925 7.10642 55.7875
    endloop
  endfacet
  facet normal 0.887454 0.00039573 -0.460896
    outer loop
      vertex 11.4165 7.23784 55.8337
      vertex 13.98 0 60.7635
      vertex 11.405 7.17172 55.8115
    endloop
  endfacet
  facet normal 0.886974 -0.000403544 -0.46182
    outer loop
      vertex 11.4271 7.30471 55.854
      vertex 13.98 0 60.7635
      vertex 11.4165 7.23784 55.8337
    endloop
  endfacet
  facet normal 0.887333 0.000185232 -0.46113
    outer loop
      vertex 11.4367 7.37227 55.8725
      vertex 13.98 0 60.7635
      vertex 11.4271 7.30471 55.854
    endloop
  endfacet
  facet normal 0.8871 -0.000191314 -0.461577
    outer loop
      vertex 11.4453 7.44045 55.889
      vertex 13.98 0 60.7635
      vertex 11.4367 7.37227 55.8725
    endloop
  endfacet
  facet normal 0.887486 0.000427149 -0.460834
    outer loop
      vertex 11.4529 7.50918 55.9037
      vertex 13.98 0 60.7635
      vertex 11.4453 7.44045 55.889
    endloop
  endfacet
  facet normal 0.887242 4.00552e-05 -0.461305
    outer loop
      vertex 11.4595 7.57839 55.9164
      vertex 13.98 0 60.7635
      vertex 11.4529 7.50918 55.9037
    endloop
  endfacet
  facet normal 0.887321 0.000164282 -0.461152
    outer loop
      vertex 11.4651 7.64802 55.9272
      vertex 13.98 0 60.7635
      vertex 11.4595 7.57839 55.9164
    endloop
  endfacet
  facet normal 0.887051 -0.000253295 -0.461671
    outer loop
      vertex 11.4697 7.718 55.936
      vertex 13.98 0 60.7635
      vertex 11.4651 7.64802 55.9272
    endloop
  endfacet
  facet normal 0.887131 -0.000130956 -0.461518
    outer loop
      vertex 11.4733 7.78826 55.9429
      vertex 13.98 0 60.7635
      vertex 11.4697 7.718 55.936
    endloop
  endfacet
  facet normal 0.88724 4.309e-05 -0.461309
    outer loop
      vertex 10.4066 40.2489 53.8916
      vertex 8 46 49.2635
      vertex 10.4392 40.25 53.9543
    endloop
  endfacet
  facet normal 0.887239 4.19228e-05 -0.46131
    outer loop
      vertex 10.374 40.2456 53.8289
      vertex 8 46 49.2635
      vertex 10.4066 40.2489 53.8916
    endloop
  endfacet
  facet normal 0.887498 0.000544979 -0.460811
    outer loop
      vertex 10.3415 40.24 53.7663
      vertex 8 46 49.2635
      vertex 10.374 40.2456 53.8289
    endloop
  endfacet
  facet normal 0.887195 -3.44264e-05 -0.461394
    outer loop
      vertex 10.3091 40.2323 53.704
      vertex 8 46 49.2635
      vertex 10.3415 40.24 53.7663
    endloop
  endfacet
  facet normal 0.887445 0.00043556 -0.460914
    outer loop
      vertex 10.2768 40.2223 53.6418
      vertex 8 46 49.2635
      vertex 10.3091 40.2323 53.704
    endloop
  endfacet
  facet normal 0.886888 -0.000594216 -0.461983
    outer loop
      vertex 10.2446 40.2101 53.58
      vertex 8 46 49.2635
      vertex 10.2768 40.2223 53.6418
    endloop
  endfacet
  facet normal 0.887358 0.000259662 -0.461082
    outer loop
      vertex 10.2127 40.1958 53.5186
      vertex 8 46 49.2635
      vertex 10.2446 40.2101 53.58
    endloop
  endfacet
  facet normal 0.886818 -0.000705416 -0.462118
    outer loop
      vertex 10.1809 40.1793 53.4576
      vertex 8 46 49.2635
      vertex 10.2127 40.1958 53.5186
    endloop
  endfacet
  facet normal 0.887766 0.000964137 -0.460294
    outer loop
      vertex 10.1495 40.1607 53.397
      vertex 8 46 49.2635
      vertex 10.1809 40.1793 53.4576
    endloop
  endfacet
  facet normal 0.886962 -0.000427756 -0.461842
    outer loop
      vertex 10.1183 40.1399 53.3371
      vertex 8 46 49.2635
      vertex 10.1495 40.1607 53.397
    endloop
  endfacet
  facet normal 0.887158 -9.49115e-05 -0.461465
    outer loop
      vertex 10.0874 40.117 53.2777
      vertex 8 46 49.2635
      vertex 10.1183 40.1399 53.3371
    endloop
  endfacet
  facet normal 0.887331 0.000193678 -0.461132
    outer loop
      vertex 10.0569 40.092 53.219
      vertex 8 46 49.2635
      vertex 10.0874 40.117 53.2777
    endloop
  endfacet
  facet normal 0.887025 -0.000307402 -0.461721
    outer loop
      vertex 10.0267 40.0649 53.161
      vertex 8 46 49.2635
      vertex 10.0569 40.092 53.219
    endloop
  endfacet
  facet normal 0.887426 0.000336309 -0.46095
    outer loop
      vertex 9.997 40.0359 53.1038
      vertex 8 46 49.2635
      vertex 10.0267 40.0649 53.161
    endloop
  endfacet
  facet normal 0.887101 -0.000174785 -0.461574
    outer loop
      vertex 9.9677 40.0048 53.0475
      vertex 8 46 49.2635
      vertex 9.997 40.0359 53.1038
    endloop
  endfacet
  facet normal 0.887311 0.000148775 -0.461171
    outer loop
      vertex 9.93886 39.9717 52.992
      vertex 8 46 49.2635
      vertex 9.9677 40.0048 53.0475
    endloop
  endfacet
  facet normal 0.887216 4.21343e-06 -0.461355
    outer loop
      vertex 9.91052 39.9367 52.9375
      vertex 8 46 49.2635
      vertex 9.93886 39.9717 52.992
    endloop
  endfacet
  facet normal 0.887216 4.12457e-06 -0.461355
    outer loop
      vertex 9.8827 39.8997 52.884
      vertex 8 46 49.2635
      vertex 9.91052 39.9367 52.9375
    endloop
  endfacet
  facet normal 0.887061 -0.000219312 -0.461651
    outer loop
      vertex 9.85542 39.8609 52.8316
      vertex 8 46 49.2635
      vertex 9.8827 39.8997 52.884
    endloop
  endfacet
  facet normal 0.8874 0.000262124 -0.460999
    outer loop
      vertex 9.82873 39.8203 52.7802
      vertex 8 46 49.2635
      vertex 9.85542 39.8609 52.8316
    endloop
  endfacet
  facet normal 0.887029 -0.000253764 -0.461713
    outer loop
      vertex 9.80264 39.7778 52.7301
      vertex 8 46 49.2635
      vertex 9.82873 39.8203 52.7802
    endloop
  endfacet
  facet normal 0.887266 6.79514e-05 -0.461258
    outer loop
      vertex 9.77717 39.7337 52.6811
      vertex 8 46 49.2635
      vertex 9.80264 39.7778 52.7301
    endloop
  endfacet
  facet normal 0.887186 -3.82441e-05 -0.461412
    outer loop
      vertex 9.75236 39.6878 52.6334
      vertex 8 46 49.2635
      vertex 9.77717 39.7337 52.6811
    endloop
  endfacet
  facet normal 0.887156 -7.80544e-05 -0.46147
    outer loop
      vertex 9.72822 39.6402 52.587
      vertex 8 46 49.2635
      vertex 9.75236 39.6878 52.6334
    endloop
  endfacet
  facet normal 0.88733 0.000144065 -0.461136
    outer loop
      vertex 9.70479 39.591 52.5419
      vertex 8 46 49.2635
      vertex 9.72822 39.6402 52.587
    endloop
  endfacet
  facet normal 0.887341 0.000158235 -0.461114
    outer loop
      vertex 9.68209 39.5402 52.4982
      vertex 8 46 49.2635
      vertex 9.70479 39.591 52.5419
    endloop
  endfacet
  facet normal 0.887077 -0.000165098 -0.461622
    outer loop
      vertex 9.66012 39.488 52.456
      vertex 8 46 49.2635
      vertex 9.68209 39.5402 52.4982
    endloop
  endfacet
  facet normal 0.887356 0.00017003 -0.461084
    outer loop
      vertex 9.63893 39.4342 52.4152
      vertex 8 46 49.2635
      vertex 9.66012 39.488 52.456
    endloop
  endfacet
  facet normal 0.887126 -0.000100001 -0.461527
    outer loop
      vertex 9.61853 39.379 52.376
      vertex 8 46 49.2635
      vertex 9.63893 39.4342 52.4152
    endloop
  endfacet
  facet normal 0.887294 9.32324e-05 -0.461203
    outer loop
      vertex 9.59894 39.3225 52.3383
      vertex 8 46 49.2635
      vertex 9.61853 39.379 52.376
    endloop
  endfacet
  facet normal 0.886983 -0.000257554 -0.461803
    outer loop
      vertex 9.58018 39.2647 52.3023
      vertex 8 46 49.2635
      vertex 9.59894 39.3225 52.3383
    endloop
  endfacet
  facet normal 0.887335 0.000131205 -0.461125
    outer loop
      vertex 9.56226 39.2056 52.2678
      vertex 8 46 49.2635
      vertex 9.58018 39.2647 52.3023
    endloop
  endfacet
  facet normal 0.887252 4.13149e-05 -0.461285
    outer loop
      vertex 9.54521 39.1453 52.235
      vertex 8 46 49.2635
      vertex 9.56226 39.2056 52.2678
    endloop
  endfacet
  facet normal 0.887291 8.20634e-05 -0.461211
    outer loop
      vertex 9.52905 39.0839 52.2039
      vertex 8 46 49.2635
      vertex 9.54521 39.1453 52.235
    endloop
  endfacet
  facet normal 0.886993 -0.00022683 -0.461783
    outer loop
      vertex 9.51378 39.0215 52.1746
      vertex 8 46 49.2635
      vertex 9.52905 39.0839 52.2039
    endloop
  endfacet
  facet normal 0.887163 -5.42176e-05 -0.461457
    outer loop
      vertex 9.49942 38.958 52.147
      vertex 8 46 49.2635
      vertex 9.51378 39.0215 52.1746
    endloop
  endfacet
  facet normal 0.88755 0.000333738 -0.460711
    outer loop
      vertex 9.486 38.8936 52.1211
      vertex 8 46 49.2635
      vertex 9.49942 38.958 52.147
    endloop
  endfacet
  facet normal 0.887141 -6.81188e-05 -0.461498
    outer loop
      vertex 9.47351 38.8283 52.0971
      vertex 8 46 49.2635
      vertex 9.486 38.8936 52.1211
    endloop
  endfacet
  facet normal 0.887319 0.000103745 -0.461155
    outer loop
      vertex 9.46198 38.7622 52.0749
      vertex 8 46 49.2635
      vertex 9.47351 38.8283 52.0971
    endloop
  endfacet
  facet normal 0.887103 -0.000101429 -0.461571
    outer loop
      vertex 9.45141 38.6953 52.0546
      vertex 8 46 49.2635
      vertex 9.46198 38.7622 52.0749
    endloop
  endfacet
  facet normal 0.886951 -0.000243274 -0.461863
    outer loop
      vertex 9.44181 38.6277 52.0362
      vertex 8 46 49.2635
      vertex 9.45141 38.6953 52.0546
    endloop
  endfacet
  facet normal 0.887406 0.000174227 -0.46099
    outer loop
      vertex 9.4332 38.5596 52.0196
      vertex 8 46 49.2635
      vertex 9.44181 38.6277 52.0362
    endloop
  endfacet
  facet normal 0.886961 -0.000228282 -0.461845
    outer loop
      vertex 9.42558 38.4908 52.005
      vertex 8 46 49.2635
      vertex 9.4332 38.5596 52.0196
    endloop
  endfacet
  facet normal 0.887655 0.000391637 -0.460508
    outer loop
      vertex 9.41897 38.4216 51.9922
      vertex 8 46 49.2635
      vertex 9.42558 38.4908 52.005
    endloop
  endfacet
  facet normal 0.886745 -0.000409097 -0.462259
    outer loop
      vertex 9.41336 38.352 51.9815
      vertex 8 46 49.2635
      vertex 9.41897 38.4216 51.9922
    endloop
  endfacet
  facet normal 0.887518 0.000261465 -0.460773
    outer loop
      vertex 9.40876 38.282 51.9726
      vertex 8 46 49.2635
      vertex 9.41336 38.352 51.9815
    endloop
  endfacet
  facet normal 0.887306 7.96123e-05 -0.461181
    outer loop
      vertex 9.40518 38.2117 51.9657
      vertex 8 46 49.2635
      vertex 9.40876 38.282 51.9726
    endloop
  endfacet
  facet normal 0.887064 -0.000125254 -0.461646
    outer loop
      vertex 9.40262 38.1413 51.9608
      vertex 8 46 49.2635
      vertex 9.40518 38.2117 51.9657
    endloop
  endfacet
  facet normal 0.887481 0.000224013 -0.460845
    outer loop
      vertex 9.40108 38.0707 51.9578
      vertex 8 46 49.2635
      vertex 9.40262 38.1413 51.9608
    endloop
  endfacet
  facet normal 0.886599 -0.000507495 -0.462539
    outer loop
      vertex 9.40057 38 51.9569
      vertex 8 46 49.2635
      vertex 9.40108 38.0707 51.9578
    endloop
  endfacet
  facet normal 0.887882 0.000548173 -0.460071
    outer loop
      vertex 9.40108 37.9293 51.9578
      vertex 8 46 49.2635
      vertex 9.40057 38 51.9569
    endloop
  endfacet
  facet normal 0.886857 -0.000288582 -0.462044
    outer loop
      vertex 9.40262 37.8587 51.9608
      vertex 8 46 49.2635
      vertex 9.40108 37.9293 51.9578
    endloop
  endfacet
  facet normal 0.887449 0.000190805 -0.460906
    outer loop
      vertex 9.40518 37.7883 51.9657
      vertex 8 46 49.2635
      vertex 9.40262 37.8587 51.9608
    endloop
  endfacet
  facet normal 0.887031 -0.000145501 -0.46171
    outer loop
      vertex 9.40876 37.718 51.9726
      vertex 8 46 49.2635
      vertex 9.40518 37.7883 51.9657
    endloop
  endfacet
  facet normal 0.886484 -0.00058196 -0.46276
    outer loop
      vertex 9.41336 37.648 51.9815
      vertex 8 46 49.2635
      vertex 9.40876 37.718 51.9726
    endloop
  endfacet
  facet normal 0.888612 0.00111317 -0.458658
    outer loop
      vertex 9.41897 37.5784 51.9922
      vertex 8 46 49.2635
      vertex 9.41336 37.648 51.9815
    endloop
  endfacet
  facet normal 0.885463 -0.00137807 -0.464709
    outer loop
      vertex 9.42558 37.5092 52.005
      vertex 8 46 49.2635
      vertex 9.41897 37.5784 51.9922
    endloop
  endfacet
  facet normal 0.88855 0.00105503 -0.458778
    outer loop
      vertex 9.4332 37.4404 52.0196
      vertex 8 46 49.2635
      vertex 9.42558 37.5092 52.005
    endloop
  endfacet
  facet normal 0.885699 -0.00118671 -0.464258
    outer loop
      vertex 9.44181 37.3723 52.0362
      vertex 8 46 49.2635
      vertex 9.4332 37.4404 52.0196
    endloop
  endfacet
  facet normal 0.886585 0 -0.462566
    outer loop
      vertex 9.44181 8.62773 52.0362
      vertex 9.44181 37.3723 52.0362
      vertex 9.45141 37.3047 52.0546
    endloop
  endfacet
  facet normal 0.886966 0 -0.461834
    outer loop
      vertex 9.45141 8.69529 52.0546
      vertex 9.45141 37.3047 52.0546
      vertex 9.46198 37.2378 52.0749
    endloop
  endfacet
  facet normal 0.88724 0 -0.461308
    outer loop
      vertex 10.4392 10.25 53.9543
      vertex 10.4066 35.7511 53.8916
      vertex 10.4392 35.75 53.9543
    endloop
  endfacet
  facet normal 0.88724 0 -0.461308
    outer loop
      vertex 10.4066 10.2489 53.8916
      vertex 10.4066 35.7511 53.8916
      vertex 10.4392 10.25 53.9543
    endloop
  endfacet
  facet normal 0.88724 0 -0.461308
    outer loop
      vertex 10.4066 35.7511 53.8916
      vertex 10.4066 10.2489 53.8916
      vertex 10.374 35.7544 53.8289
    endloop
  endfacet
  facet normal 0.88724 0 -0.461308
    outer loop
      vertex 10.374 10.2456 53.8289
      vertex 10.374 35.7544 53.8289
      vertex 10.4066 10.2489 53.8916
    endloop
  endfacet
  facet normal 0.887518 0 -0.460772
    outer loop
      vertex 10.374 35.7544 53.8289
      vertex 10.374 10.2456 53.8289
      vertex 10.3415 35.76 53.7663
    endloop
  endfacet
  facet normal 0.887518 0 -0.460772
    outer loop
      vertex 10.3415 10.24 53.7663
      vertex 10.3415 35.76 53.7663
      vertex 10.374 10.2456 53.8289
    endloop
  endfacet
  facet normal 0.887193 0 -0.461398
    outer loop
      vertex 10.3415 35.76 53.7663
      vertex 10.3415 10.24 53.7663
      vertex 10.3091 35.7677 53.704
    endloop
  endfacet
  facet normal 0.887193 0 -0.461398
    outer loop
      vertex 10.3091 10.2323 53.704
      vertex 10.3091 35.7677 53.704
      vertex 10.3415 10.24 53.7663
    endloop
  endfacet
  facet normal 0.887474 0 -0.460858
    outer loop
      vertex 10.3091 35.7677 53.704
      vertex 10.3091 10.2323 53.704
      vertex 10.2768 35.7777 53.6418
    endloop
  endfacet
  facet normal 0.887474 0 -0.460858
    outer loop
      vertex 10.2768 10.2223 53.6418
      vertex 10.2768 35.7777 53.6418
      vertex 10.3091 10.2323 53.704
    endloop
  endfacet
  facet normal 0.886841 0 -0.462076
    outer loop
      vertex 10.2768 35.7777 53.6418
      vertex 10.2768 10.2223 53.6418
      vertex 10.2446 35.7899 53.58
    endloop
  endfacet
  facet normal 0.886841 0 -0.462076
    outer loop
      vertex 10.2446 10.2101 53.58
      vertex 10.2446 35.7899 53.58
      vertex 10.2768 10.2223 53.6418
    endloop
  endfacet
  facet normal 0.887382 0 -0.461034
    outer loop
      vertex 10.2446 35.7899 53.58
      vertex 10.2446 10.2101 53.58
      vertex 10.2127 35.8042 53.5186
    endloop
  endfacet
  facet normal 0.887382 0 -0.461034
    outer loop
      vertex 10.2127 10.1958 53.5186
      vertex 10.2127 35.8042 53.5186
      vertex 10.2446 10.2101 53.58
    endloop
  endfacet
  facet normal 0.88674 0 -0.462268
    outer loop
      vertex 10.2127 35.8042 53.5186
      vertex 10.2127 10.1958 53.5186
      vertex 10.1809 35.8207 53.4576
    endloop
  endfacet
  facet normal 0.88674 0 -0.462268
    outer loop
      vertex 10.1809 10.1793 53.4576
      vertex 10.1809 35.8207 53.4576
      vertex 10.2127 10.1958 53.5186
    endloop
  endfacet
  facet normal 0.887888 0 -0.460061
    outer loop
      vertex 10.1809 35.8207 53.4576
      vertex 10.1809 10.1793 53.4576
      vertex 10.1495 35.8393 53.397
    endloop
  endfacet
  facet normal 0.887888 0 -0.460061
    outer loop
      vertex 10.1495 10.1607 53.397
      vertex 10.1495 35.8393 53.397
      vertex 10.1809 10.1793 53.4576
    endloop
  endfacet
  facet normal 0.886901 0 -0.461959
    outer loop
      vertex 10.1495 35.8393 53.397
      vertex 10.1495 10.1607 53.397
      vertex 10.1183 35.8601 53.3371
    endloop
  endfacet
  facet normal 0.886901 0 -0.461959
    outer loop
      vertex 10.1183 10.1399 53.3371
      vertex 10.1183 35.8601 53.3371
      vertex 10.1495 10.1607 53.397
    endloop
  endfacet
  facet normal 0.887143 0 -0.461494
    outer loop
      vertex 10.1183 35.8601 53.3371
      vertex 10.1183 10.1399 53.3371
      vertex 10.0874 35.883 53.2777
    endloop
  endfacet
  facet normal 0.887143 0 -0.461494
    outer loop
      vertex 10.0874 10.117 53.2777
      vertex 10.0874 35.883 53.2777
      vertex 10.1183 10.1399 53.3371
    endloop
  endfacet
  facet normal 0.887365 0 -0.461067
    outer loop
      vertex 10.0874 35.883 53.2777
      vertex 10.0874 10.117 53.2777
      vertex 10.0569 35.908 53.219
    endloop
  endfacet
  facet normal 0.887365 0 -0.461067
    outer loop
      vertex 10.0569 10.092 53.219
      vertex 10.0569 35.908 53.219
      vertex 10.0874 10.117 53.2777
    endloop
  endfacet
  facet normal 0.886966 0 -0.461834
    outer loop
      vertex 10.0569 35.908 53.219
      vertex 10.0569 10.092 53.219
      vertex 10.0267 35.9351 53.161
    endloop
  endfacet
  facet normal 0.886966 0 -0.461834
    outer loop
      vertex 10.0267 10.0649 53.161
      vertex 10.0267 35.9351 53.161
      vertex 10.0569 10.092 53.219
    endloop
  endfacet
  facet normal 0.887496 0 -0.460815
    outer loop
      vertex 10.0267 35.9351 53.161
      vertex 10.0267 10.0649 53.161
      vertex 9.997 35.9641 53.1038
    endloop
  endfacet
  facet normal 0.887496 0 -0.460815
    outer loop
      vertex 9.997 10.0359 53.1038
      vertex 9.997 35.9641 53.1038
      vertex 10.0267 10.0649 53.161
    endloop
  endfacet
  facet normal 0.887062 0 -0.46165
    outer loop
      vertex 9.997 35.9641 53.1038
      vertex 9.997 10.0359 53.1038
      vertex 9.9677 35.9952 53.0475
    endloop
  endfacet
  facet normal 0.887062 0 -0.46165
    outer loop
      vertex 9.9677 10.0048 53.0475
      vertex 9.9677 35.9952 53.0475
      vertex 9.997 10.0359 53.1038
    endloop
  endfacet
  facet normal 0.887348 0 -0.461101
    outer loop
      vertex 9.9677 35.9952 53.0475
      vertex 9.9677 10.0048 53.0475
      vertex 9.93886 36.0283 52.992
    endloop
  endfacet
  facet normal 0.887348 0 -0.461101
    outer loop
      vertex 9.93886 9.97169 52.992
      vertex 9.93886 36.0283 52.992
      vertex 9.9677 10.0048 53.0475
    endloop
  endfacet
  facet normal 0.887217 0 -0.461353
    outer loop
      vertex 9.93886 36.0283 52.992
      vertex 9.93886 9.97169 52.992
      vertex 9.91052 36.0633 52.9375
    endloop
  endfacet
  facet normal 0.887217 0 -0.461353
    outer loop
      vertex 9.91052 9.93667 52.9375
      vertex 9.91052 36.0633 52.9375
      vertex 9.93886 9.97169 52.992
    endloop
  endfacet
  facet normal 0.887217 0 -0.461353
    outer loop
      vertex 9.91052 36.0633 52.9375
      vertex 9.91052 9.93667 52.9375
      vertex 9.8827 36.1003 52.884
    endloop
  endfacet
  facet normal 0.887217 0 -0.461353
    outer loop
      vertex 9.8827 9.89974 52.884
      vertex 9.8827 36.1003 52.884
      vertex 9.91052 9.93667 52.9375
    endloop
  endfacet
  facet normal 0.886995 0 -0.461779
    outer loop
      vertex 9.8827 36.1003 52.884
      vertex 9.8827 9.89974 52.884
      vertex 9.85542 36.1391 52.8316
    endloop
  endfacet
  facet normal 0.886995 0 -0.461779
    outer loop
      vertex 9.85542 9.86093 52.8316
      vertex 9.85542 36.1391 52.8316
      vertex 9.8827 9.89974 52.884
    endloop
  endfacet
  facet normal 0.887485 0 -0.460836
    outer loop
      vertex 9.85542 36.1391 52.8316
      vertex 9.85542 9.86093 52.8316
      vertex 9.82873 36.1797 52.7802
    endloop
  endfacet
  facet normal 0.887485 0 -0.460836
    outer loop
      vertex 9.82873 9.82029 52.7802
      vertex 9.82873 36.1797 52.7802
      vertex 9.85542 9.86093 52.8316
    endloop
  endfacet
  facet normal 0.886941 0 -0.461882
    outer loop
      vertex 9.82873 36.1797 52.7802
      vertex 9.82873 9.82029 52.7802
      vertex 9.80264 36.2222 52.7301
    endloop
  endfacet
  facet normal 0.886941 0 -0.461882
    outer loop
      vertex 9.80264 9.77785 52.7301
      vertex 9.80264 36.2222 52.7301
      vertex 9.82873 9.82029 52.7802
    endloop
  endfacet
  facet normal 0.887291 0 -0.46121
    outer loop
      vertex 9.80264 36.2222 52.7301
      vertex 9.80264 9.77785 52.7301
      vertex 9.77717 36.2663 52.6811
    endloop
  endfacet
  facet normal 0.887291 0 -0.46121
    outer loop
      vertex 9.77717 9.73365 52.6811
      vertex 9.77717 36.2663 52.6811
      vertex 9.80264 9.77785 52.7301
    endloop
  endfacet
  facet normal 0.887171 0 -0.461441
    outer loop
      vertex 9.77717 36.2663 52.6811
      vertex 9.77717 9.73365 52.6811
      vertex 9.75236 36.3122 52.6334
    endloop
  endfacet
  facet normal 0.887171 0 -0.461441
    outer loop
      vertex 9.75236 9.68775 52.6334
      vertex 9.75236 36.3122 52.6334
      vertex 9.77717 9.73365 52.6811
    endloop
  endfacet
  facet normal 0.887123 0 -0.461533
    outer loop
      vertex 9.75236 36.3122 52.6334
      vertex 9.75236 9.68775 52.6334
      vertex 9.72822 36.3598 52.587
    endloop
  endfacet
  facet normal 0.887123 0 -0.461533
    outer loop
      vertex 9.72822 9.64018 52.587
      vertex 9.72822 36.3598 52.587
      vertex 9.75236 9.68775 52.6334
    endloop
  endfacet
  facet normal 0.887394 0 -0.461012
    outer loop
      vertex 9.72822 36.3598 52.587
      vertex 9.72822 9.64018 52.587
      vertex 9.70479 36.409 52.5419
    endloop
  endfacet
  facet normal 0.887394 0 -0.461012
    outer loop
      vertex 9.70479 9.59099 52.5419
      vertex 9.70479 36.409 52.5419
      vertex 9.72822 9.64018 52.587
    endloop
  endfacet
  facet normal 0.887416 0 -0.460969
    outer loop
      vertex 9.70479 36.409 52.5419
      vertex 9.70479 9.59099 52.5419
      vertex 9.68209 36.4598 52.4982
    endloop
  endfacet
  facet normal 0.887416 0 -0.460969
    outer loop
      vertex 9.68209 9.54023 52.4982
      vertex 9.68209 36.4598 52.4982
      vertex 9.70479 9.59099 52.5419
    endloop
  endfacet
  facet normal 0.886993 0 -0.461783
    outer loop
      vertex 9.68209 36.4598 52.4982
      vertex 9.68209 9.54023 52.4982
      vertex 9.66012 36.512 52.456
    endloop
  endfacet
  facet normal 0.886993 0 -0.461783
    outer loop
      vertex 9.66012 9.48795 52.456
      vertex 9.66012 36.512 52.456
      vertex 9.68209 9.54023 52.4982
    endloop
  endfacet
  facet normal 0.887448 0 -0.460908
    outer loop
      vertex 9.66012 36.512 52.456
      vertex 9.66012 9.48795 52.456
      vertex 9.63893 36.5658 52.4152
    endloop
  endfacet
  facet normal 0.887448 0 -0.460908
    outer loop
      vertex 9.63893 9.4342 52.4152
      vertex 9.63893 36.5658 52.4152
      vertex 9.66012 9.48795 52.456
    endloop
  endfacet
  facet normal 0.887069 0 -0.461638
    outer loop
      vertex 9.63893 36.5658 52.4152
      vertex 9.63893 9.4342 52.4152
      vertex 9.61853 36.621 52.376
    endloop
  endfacet
  facet normal 0.887069 0 -0.461638
    outer loop
      vertex 9.61853 9.37904 52.376
      vertex 9.61853 36.621 52.376
      vertex 9.63893 9.4342 52.4152
    endloop
  endfacet
  facet normal 0.887352 0 -0.461093
    outer loop
      vertex 9.61853 36.621 52.376
      vertex 9.61853 9.37904 52.376
      vertex 9.59894 36.6775 52.3383
    endloop
  endfacet
  facet normal 0.887352 0 -0.461093
    outer loop
      vertex 9.59894 9.32252 52.3383
      vertex 9.59894 36.6775 52.3383
      vertex 9.61853 9.37904 52.376
    endloop
  endfacet
  facet normal 0.886813 0 -0.462128
    outer loop
      vertex 9.59894 36.6775 52.3383
      vertex 9.59894 9.32252 52.3383
      vertex 9.58018 36.7353 52.3023
    endloop
  endfacet
  facet normal 0.886813 0 -0.462128
    outer loop
      vertex 9.58018 9.26469 52.3023
      vertex 9.58018 36.7353 52.3023
      vertex 9.59894 9.32252 52.3383
    endloop
  endfacet
  facet normal 0.887427 0 -0.460948
    outer loop
      vertex 9.58018 36.7353 52.3023
      vertex 9.58018 9.26469 52.3023
      vertex 9.56226 36.7944 52.2678
    endloop
  endfacet
  facet normal 0.887427 0 -0.460948
    outer loop
      vertex 9.56226 9.20561 52.2678
      vertex 9.56226 36.7944 52.2678
      vertex 9.58018 9.26469 52.3023
    endloop
  endfacet
  facet normal 0.887283 0 -0.461225
    outer loop
      vertex 9.56226 36.7944 52.2678
      vertex 9.56226 9.20561 52.2678
      vertex 9.54521 36.8547 52.235
    endloop
  endfacet
  facet normal 0.887283 0 -0.461225
    outer loop
      vertex 9.54521 9.14534 52.235
      vertex 9.54521 36.8547 52.235
      vertex 9.56226 9.20561 52.2678
    endloop
  endfacet
  facet normal 0.887357 0 -0.461083
    outer loop
      vertex 9.54521 36.8547 52.235
      vertex 9.54521 9.14534 52.235
      vertex 9.52905 36.9161 52.2039
    endloop
  endfacet
  facet normal 0.887357 0 -0.461083
    outer loop
      vertex 9.52905 9.08395 52.2039
      vertex 9.52905 36.9161 52.2039
      vertex 9.54521 9.14534 52.235
    endloop
  endfacet
  facet normal 0.886795 0 -0.462163
    outer loop
      vertex 9.52905 36.9161 52.2039
      vertex 9.52905 9.08395 52.2039
      vertex 9.51378 36.9785 52.1746
    endloop
  endfacet
  facet normal 0.886795 0 -0.462163
    outer loop
      vertex 9.51378 9.02148 52.1746
      vertex 9.51378 36.9785 52.1746
      vertex 9.52905 9.08395 52.2039
    endloop
  endfacet
  facet normal 0.887112 0 -0.461555
    outer loop
      vertex 9.51378 36.9785 52.1746
      vertex 9.51378 9.02148 52.1746
      vertex 9.49942 37.042 52.147
    endloop
  endfacet
  facet normal 0.887112 0 -0.461555
    outer loop
      vertex 9.49942 8.958 52.147
      vertex 9.49942 37.042 52.147
      vertex 9.51378 9.02148 52.1746
    endloop
  endfacet
  facet normal 0.887889 0 -0.460057
    outer loop
      vertex 9.49942 37.042 52.147
      vertex 9.49942 8.958 52.147
      vertex 9.486 37.1064 52.1211
    endloop
  endfacet
  facet normal 0.887889 0 -0.460057
    outer loop
      vertex 9.486 8.89358 52.1211
      vertex 9.486 37.1064 52.1211
      vertex 9.49942 8.958 52.147
    endloop
  endfacet
  facet normal 0.887065 0 -0.461644
    outer loop
      vertex 9.486 37.1064 52.1211
      vertex 9.486 8.89358 52.1211
      vertex 9.47351 37.1717 52.0971
    endloop
  endfacet
  facet normal 0.887065 0 -0.461644
    outer loop
      vertex 9.47351 8.82828 52.0971
      vertex 9.47351 37.1717 52.0971
      vertex 9.486 8.89358 52.1211
    endloop
  endfacet
  facet normal 0.887446 0 -0.460912
    outer loop
      vertex 9.47351 37.1717 52.0971
      vertex 9.47351 8.82828 52.0971
      vertex 9.46198 37.2378 52.0749
    endloop
  endfacet
  facet normal 0.887446 0 -0.460912
    outer loop
      vertex 9.46198 8.76216 52.0749
      vertex 9.46198 37.2378 52.0749
      vertex 9.47351 8.82828 52.0971
    endloop
  endfacet
  facet normal 0.886966 0 -0.461834
    outer loop
      vertex 9.45141 8.69529 52.0546
      vertex 9.46198 37.2378 52.0749
      vertex 9.46198 8.76216 52.0749
    endloop
  endfacet
  facet normal 0.886585 0 -0.462566
    outer loop
      vertex 9.45141 37.3047 52.0546
      vertex 9.45141 8.69529 52.0546
      vertex 9.44181 8.62773 52.0362
    endloop
  endfacet
  facet normal 0.887216 0 -0.461354
    outer loop
      vertex 9.44181 37.3723 52.0362
      vertex 9.44181 8.62773 52.0362
      vertex 8 46 49.2635
    endloop
  endfacet
  facet normal 0.887585 6.69991e-05 -0.460643
    outer loop
      vertex 9.4332 8.55955 52.0196
      vertex 8 46 49.2635
      vertex 9.44181 8.62773 52.0362
    endloop
  endfacet
  facet normal 0.888554 -0.00105818 -0.458771
    outer loop
      vertex 8 0 49.2635
      vertex 9.4332 8.55955 52.0196
      vertex 9.42558 8.49082 52.005
    endloop
  endfacet
  facet normal 0.885463 0.00137761 -0.464708
    outer loop
      vertex 8 0 49.2635
      vertex 9.42558 8.49082 52.005
      vertex 9.41897 8.42161 51.9922
    endloop
  endfacet
  facet normal 0.888611 -0.00111226 -0.45866
    outer loop
      vertex 8 0 49.2635
      vertex 9.41897 8.42161 51.9922
      vertex 9.41336 8.35198 51.9815
    endloop
  endfacet
  facet normal 0.886483 0.000582231 -0.46276
    outer loop
      vertex 8 0 49.2635
      vertex 9.41336 8.35198 51.9815
      vertex 9.40876 8.282 51.9726
    endloop
  endfacet
  facet normal 0.887031 0.000145619 -0.46171
    outer loop
      vertex 8 0 49.2635
      vertex 9.40876 8.282 51.9726
      vertex 9.40518 8.21174 51.9657
    endloop
  endfacet
  facet normal 0.887449 -0.000190599 -0.460906
    outer loop
      vertex 8 0 49.2635
      vertex 9.40518 8.21174 51.9657
      vertex 9.40262 8.14128 51.9608
    endloop
  endfacet
  facet normal 0.886857 0.000288535 -0.462044
    outer loop
      vertex 8 0 49.2635
      vertex 9.40262 8.14128 51.9608
      vertex 9.40108 8.07067 51.9578
    endloop
  endfacet
  facet normal 0.887882 -0.000548415 -0.46007
    outer loop
      vertex 8 0 49.2635
      vertex 9.40108 8.07067 51.9578
      vertex 9.40057 8 51.9569
    endloop
  endfacet
  facet normal 0.886598 0.000507703 -0.46254
    outer loop
      vertex 8 0 49.2635
      vertex 9.40057 8 51.9569
      vertex 9.40108 7.92933 51.9578
    endloop
  endfacet
  facet normal 0.887481 -0.000223984 -0.460845
    outer loop
      vertex 8 0 49.2635
      vertex 9.40108 7.92933 51.9578
      vertex 9.40262 7.85872 51.9608
    endloop
  endfacet
  facet normal 0.887064 0.000125166 -0.461646
    outer loop
      vertex 8 0 49.2635
      vertex 9.40262 7.85872 51.9608
      vertex 9.40518 7.78826 51.9657
    endloop
  endfacet
  facet normal 0.886958 0.000516883 -0.461849
    outer loop
      vertex 10.4719 5.75111 54.0171
      vertex 8 0 49.2635
      vertex 10.4392 5.75 53.9543
    endloop
  endfacet
  facet normal 0.88724 -4.30845e-05 -0.461309
    outer loop
      vertex 10.4392 5.75 53.9543
      vertex 8 0 49.2635
      vertex 10.4066 5.75111 53.8916
    endloop
  endfacet
  facet normal 0.887239 -4.19072e-05 -0.46131
    outer loop
      vertex 10.4066 5.75111 53.8916
      vertex 8 0 49.2635
      vertex 10.374 5.75444 53.8289
    endloop
  endfacet
  facet normal 0.887498 -0.000545298 -0.46081
    outer loop
      vertex 10.374 5.75444 53.8289
      vertex 8 0 49.2635
      vertex 10.3415 5.75999 53.7663
    endloop
  endfacet
  facet normal 0.887195 3.44068e-05 -0.461394
    outer loop
      vertex 10.3415 5.75999 53.7663
      vertex 8 0 49.2635
      vertex 10.3091 5.76774 53.704
    endloop
  endfacet
  facet normal 0.887445 -0.00043575 -0.460913
    outer loop
      vertex 10.3091 5.76774 53.704
      vertex 8 0 49.2635
      vertex 10.2768 5.7777 53.6418
    endloop
  endfacet
  facet normal 0.886888 0.000594533 -0.461984
    outer loop
      vertex 10.2768 5.7777 53.6418
      vertex 8 0 49.2635
      vertex 10.2446 5.78985 53.58
    endloop
  endfacet
  facet normal 0.887358 -0.000259556 -0.461082
    outer loop
      vertex 10.2446 5.78985 53.58
      vertex 8 0 49.2635
      vertex 10.2127 5.80419 53.5186
    endloop
  endfacet
  facet normal 0.886818 0.000705417 -0.462118
    outer loop
      vertex 10.2127 5.80419 53.5186
      vertex 8 0 49.2635
      vertex 10.1809 5.82069 53.4576
    endloop
  endfacet
  facet normal 0.887766 -0.000963669 -0.460294
    outer loop
      vertex 10.1809 5.82069 53.4576
      vertex 8 0 49.2635
      vertex 10.1495 5.83934 53.397
    endloop
  endfacet
  facet normal 0.886962 0.000427835 -0.461842
    outer loop
      vertex 10.1495 5.83934 53.397
      vertex 8 0 49.2635
      vertex 10.1183 5.86012 53.3371
    endloop
  endfacet
  facet normal 0.887158 9.49113e-05 -0.461465
    outer loop
      vertex 10.1183 5.86012 53.3371
      vertex 8 0 49.2635
      vertex 10.0874 5.88302 53.2777
    endloop
  endfacet
  facet normal 0.887332 -0.000193712 -0.461132
    outer loop
      vertex 10.0874 5.88302 53.2777
      vertex 8 0 49.2635
      vertex 10.0569 5.908 53.219
    endloop
  endfacet
  facet normal 0.887025 0.000307537 -0.461721
    outer loop
      vertex 10.0569 5.908 53.219
      vertex 8 0 49.2635
      vertex 10.0267 5.93505 53.161
    endloop
  endfacet
  facet normal 0.887426 -0.00033605 -0.46095
    outer loop
      vertex 10.0267 5.93505 53.161
      vertex 8 0 49.2635
      vertex 9.997 5.96414 53.1038
    endloop
  endfacet
  facet normal 0.887101 0.000174784 -0.461574
    outer loop
      vertex 9.997 5.96414 53.1038
      vertex 8 0 49.2635
      vertex 9.9677 5.99524 53.0475
    endloop
  endfacet
  facet normal 0.887311 -0.000148811 -0.461171
    outer loop
      vertex 9.9677 5.99524 53.0475
      vertex 8 0 49.2635
      vertex 9.93886 6.02831 52.992
    endloop
  endfacet
  facet normal 0.887216 -4.21274e-06 -0.461355
    outer loop
      vertex 9.93886 6.02831 52.992
      vertex 8 0 49.2635
      vertex 9.91052 6.06333 52.9375
    endloop
  endfacet
  facet normal 0.887216 -4.12686e-06 -0.461355
    outer loop
      vertex 9.91052 6.06333 52.9375
      vertex 8 0 49.2635
      vertex 9.8827 6.10026 52.884
    endloop
  endfacet
  facet normal 0.887213 0 -0.46136
    outer loop
      vertex 9.4332 8.55955 52.0196
      vertex 8 0 49.2635
      vertex 8 46 49.2635
    endloop
  endfacet
  facet normal 0.887306 -7.96477e-05 -0.461181
    outer loop
      vertex 9.40876 7.718 51.9726
      vertex 8 0 49.2635
      vertex 9.40518 7.78826 51.9657
    endloop
  endfacet
  facet normal 0.887518 -0.00026152 -0.460773
    outer loop
      vertex 9.41336 7.64802 51.9815
      vertex 8 0 49.2635
      vertex 9.40876 7.718 51.9726
    endloop
  endfacet
  facet normal 0.886745 0.000408974 -0.462258
    outer loop
      vertex 9.41897 7.57839 51.9922
      vertex 8 0 49.2635
      vertex 9.41336 7.64802 51.9815
    endloop
  endfacet
  facet normal 0.887655 -0.000391599 -0.460508
    outer loop
      vertex 9.42558 7.50918 52.005
      vertex 8 0 49.2635
      vertex 9.41897 7.57839 51.9922
    endloop
  endfacet
  facet normal 0.886961 0.000228429 -0.461845
    outer loop
      vertex 9.4332 7.44045 52.0196
      vertex 8 0 49.2635
      vertex 9.42558 7.50918 52.005
    endloop
  endfacet
  facet normal 0.887405 -0.000174103 -0.46099
    outer loop
      vertex 9.44181 7.37227 52.0362
      vertex 8 0 49.2635
      vertex 9.4332 7.44045 52.0196
    endloop
  endfacet
  facet normal 0.886951 0.000243358 -0.461863
    outer loop
      vertex 9.45141 7.30471 52.0546
      vertex 8 0 49.2635
      vertex 9.44181 7.37227 52.0362
    endloop
  endfacet
  facet normal 0.887103 0.000101454 -0.461571
    outer loop
      vertex 9.46198 7.23784 52.0749
      vertex 8 0 49.2635
      vertex 9.45141 7.30471 52.0546
    endloop
  endfacet
  facet normal 0.887319 -0.000103728 -0.461155
    outer loop
      vertex 9.47351 7.17172 52.0971
      vertex 8 0 49.2635
      vertex 9.46198 7.23784 52.0749
    endloop
  endfacet
  facet normal 0.887141 6.81187e-05 -0.461498
    outer loop
      vertex 9.486 7.10642 52.1211
      vertex 8 0 49.2635
      vertex 9.47351 7.17172 52.0971
    endloop
  endfacet
  facet normal 0.88755 -0.000333686 -0.460711
    outer loop
      vertex 9.49942 7.042 52.147
      vertex 8 0 49.2635
      vertex 9.486 7.10642 52.1211
    endloop
  endfacet
  facet normal 0.887163 5.42259e-05 -0.461457
    outer loop
      vertex 9.51378 6.97852 52.1746
      vertex 8 0 49.2635
      vertex 9.49942 7.042 52.147
    endloop
  endfacet
  facet normal 0.886993 0.00022671 -0.461782
    outer loop
      vertex 9.52905 6.91605 52.2039
      vertex 8 0 49.2635
      vertex 9.51378 6.97852 52.1746
    endloop
  endfacet
  facet normal 0.887291 -8.20698e-05 -0.461211
    outer loop
      vertex 9.54521 6.85466 52.235
      vertex 8 0 49.2635
      vertex 9.52905 6.91605 52.2039
    endloop
  endfacet
  facet normal 0.887252 -4.13242e-05 -0.461285
    outer loop
      vertex 9.56226 6.79439 52.2678
      vertex 8 0 49.2635
      vertex 9.54521 6.85466 52.235
    endloop
  endfacet
  facet normal 0.887335 -0.000131224 -0.461125
    outer loop
      vertex 9.58018 6.73531 52.3023
      vertex 8 0 49.2635
      vertex 9.56226 6.79439 52.2678
    endloop
  endfacet
  facet normal 0.886983 0.000257498 -0.461803
    outer loop
      vertex 9.59894 6.67748 52.3383
      vertex 8 0 49.2635
      vertex 9.58018 6.73531 52.3023
    endloop
  endfacet
  facet normal 0.887294 -9.32191e-05 -0.461203
    outer loop
      vertex 9.61853 6.62096 52.376
      vertex 8 0 49.2635
      vertex 9.59894 6.67748 52.3383
    endloop
  endfacet
  facet normal 0.887126 0.00010003 -0.461527
    outer loop
      vertex 9.63893 6.5658 52.4152
      vertex 8 0 49.2635
      vertex 9.61853 6.62096 52.376
    endloop
  endfacet
  facet normal 0.887356 -0.000170092 -0.461084
    outer loop
      vertex 9.66012 6.51205 52.456
      vertex 8 0 49.2635
      vertex 9.63893 6.5658 52.4152
    endloop
  endfacet
  facet normal 0.887077 0.000165001 -0.461622
    outer loop
      vertex 9.68209 6.45977 52.4982
      vertex 8 0 49.2635
      vertex 9.66012 6.51205 52.456
    endloop
  endfacet
  facet normal 0.887341 -0.000158282 -0.461114
    outer loop
      vertex 9.70479 6.40901 52.5419
      vertex 8 0 49.2635
      vertex 9.68209 6.45977 52.4982
    endloop
  endfacet
  facet normal 0.88733 -0.000144076 -0.461136
    outer loop
      vertex 9.72822 6.35982 52.587
      vertex 8 0 49.2635
      vertex 9.70479 6.40901 52.5419
    endloop
  endfacet
  facet normal 0.887156 7.80714e-05 -0.46147
    outer loop
      vertex 9.75236 6.31225 52.6334
      vertex 8 0 49.2635
      vertex 9.72822 6.35982 52.587
    endloop
  endfacet
  facet normal 0.887186 3.82439e-05 -0.461412
    outer loop
      vertex 9.77717 6.26635 52.6811
      vertex 8 0 49.2635
      vertex 9.75236 6.31225 52.6334
    endloop
  endfacet
  facet normal 0.887266 -6.79003e-05 -0.461258
    outer loop
      vertex 9.80264 6.22215 52.7301
      vertex 8 0 49.2635
      vertex 9.77717 6.26635 52.6811
    endloop
  endfacet
  facet normal 0.887029 0.00025388 -0.461713
    outer loop
      vertex 9.82873 6.17971 52.7802
      vertex 8 0 49.2635
      vertex 9.80264 6.22215 52.7301
    endloop
  endfacet
  facet normal 0.8874 -0.000262043 -0.460999
    outer loop
      vertex 9.85542 6.13907 52.8316
      vertex 8 0 49.2635
      vertex 9.82873 6.17971 52.7802
    endloop
  endfacet
  facet normal 0.887061 0.000219295 -0.461651
    outer loop
      vertex 9.8827 6.10026 52.884
      vertex 8 0 49.2635
      vertex 9.85542 6.13907 52.8316
    endloop
  endfacet
  facet normal -0 0 1
    outer loop
      vertex 8 46 49.2635
      vertex 42 0 49.2635
      vertex 42 46 49.2635
    endloop
  endfacet
  facet normal 0 0 1
    outer loop
      vertex 42 0 49.2635
      vertex 8 46 49.2635
      vertex 8 0 49.2635
    endloop
  endfacet
  facet normal -0.870564 -4.556e-06 0.492056
    outer loop
      vertex 5.00597 40.5928 56.16
      vertex 7.60791 46 60.7635
      vertex 0 46 47.3033
    endloop
  endfacet
  facet normal -0.870476 -0.000154064 0.492211
    outer loop
      vertex 7.60791 46 60.7635
      vertex 5.33489 40.6987 56.742
      vertex 5.37662 40.7 56.8158
    endloop
  endfacet
  facet normal -0.870684 0.000214778 0.491842
    outer loop
      vertex 7.60791 46 60.7635
      vertex 5.2932 40.6947 56.6682
      vertex 5.33489 40.6987 56.742
    endloop
  endfacet
  facet normal -0.870563 -4.37402e-06 0.492058
    outer loop
      vertex 7.60791 46 60.7635
      vertex 5.2516 40.688 56.5946
      vertex 5.2932 40.6947 56.6682
    endloop
  endfacet
  facet normal -0.870545 -3.59667e-05 0.492088
    outer loop
      vertex 7.60791 46 60.7635
      vertex 5.21011 40.6787 56.5212
      vertex 5.2516 40.688 56.5946
    endloop
  endfacet
  facet normal -0.870547 -3.25481e-05 0.492085
    outer loop
      vertex 7.60791 46 60.7635
      vertex 5.16879 40.6668 56.4481
      vertex 5.21011 40.6787 56.5212
    endloop
  endfacet
  facet normal -0.870448 -0.000219999 0.49226
    outer loop
      vertex 7.60791 46 60.7635
      vertex 5.12768 40.6522 56.3754
      vertex 5.16879 40.6668 56.4481
    endloop
  endfacet
  facet normal -0.870532 -5.88e-05 0.492111
    outer loop
      vertex 7.60791 46 60.7635
      vertex 5.08681 40.635 56.3031
      vertex 5.12768 40.6522 56.3754
    endloop
  endfacet
  facet normal -0.870581 3.50354e-05 0.492026
    outer loop
      vertex 7.60791 46 60.7635
      vertex 5.04623 40.6152 56.2313
      vertex 5.08681 40.635 56.3031
    endloop
  endfacet
  facet normal -0.870847 0.000559397 0.491554
    outer loop
      vertex 7.60791 46 60.7635
      vertex 5.00597 40.5928 56.16
      vertex 5.04623 40.6152 56.2313
    endloop
  endfacet
  facet normal -0.870421 0.000539371 0.492307
    outer loop
      vertex 0 46 47.3033
      vertex 4.96608 40.5679 56.0895
      vertex 5.00597 40.5928 56.16
    endloop
  endfacet
  facet normal -0.870624 -0.000226936 0.491948
    outer loop
      vertex 0 46 47.3033
      vertex 4.92659 40.5404 56.0196
      vertex 4.96608 40.5679 56.0895
    endloop
  endfacet
  facet normal -0.870616 -0.000194933 0.491964
    outer loop
      vertex 0 46 47.3033
      vertex 4.88755 40.5104 55.9505
      vertex 4.92659 40.5404 56.0196
    endloop
  endfacet
  facet normal -0.870525 0.000139621 0.492125
    outer loop
      vertex 0 46 47.3033
      vertex 4.84899 40.4779 55.8823
      vertex 4.88755 40.5104 55.9505
    endloop
  endfacet
  facet normal -0.87056 1.05511e-05 0.492062
    outer loop
      vertex 0 46 47.3033
      vertex 4.81095 40.443 55.815
      vertex 4.84899 40.4779 55.8823
    endloop
  endfacet
  facet normal -0.870545 6.66709e-05 0.492089
    outer loop
      vertex 0 46 47.3033
      vertex 4.77347 40.4057 55.7487
      vertex 4.81095 40.443 55.815
    endloop
  endfacet
  facet normal -0.870649 -0.000299796 0.491905
    outer loop
      vertex 0 46 47.3033
      vertex 4.73659 40.366 55.6834
      vertex 4.77347 40.4057 55.7487
    endloop
  endfacet
  facet normal -0.870475 0.000301518 0.492212
    outer loop
      vertex 0 46 47.3033
      vertex 4.70033 40.324 55.6193
      vertex 4.73659 40.366 55.6834
    endloop
  endfacet
  facet normal -0.870647 -0.000284836 0.491908
    outer loop
      vertex 0 46 47.3033
      vertex 4.66475 40.2797 55.5563
      vertex 4.70033 40.324 55.6193
    endloop
  endfacet
  facet normal -0.870516 0.000155913 0.49214
    outer loop
      vertex 0 46 47.3033
      vertex 4.62986 40.2331 55.4946
      vertex 4.66475 40.2797 55.5563
    endloop
  endfacet
  facet normal -0.87056 8.65607e-06 0.492061
    outer loop
      vertex 0 46 47.3033
      vertex 4.59572 40.1843 55.4342
      vertex 4.62986 40.2331 55.4946
    endloop
  endfacet
  facet normal -0.870633 -0.000227102 0.491934
    outer loop
      vertex 0 46 47.3033
      vertex 4.56234 40.1334 55.3751
      vertex 4.59572 40.1843 55.4342
    endloop
  endfacet
  facet normal -0.870524 0.000122488 0.492126
    outer loop
      vertex 0 46 47.3033
      vertex 4.52977 40.0804 55.3175
      vertex 4.56234 40.1334 55.3751
    endloop
  endfacet
  facet normal -0.870473 0.000281967 0.492215
    outer loop
      vertex 0 46 47.3033
      vertex 4.49803 40.0253 55.2614
      vertex 4.52977 40.0804 55.3175
    endloop
  endfacet
  facet normal -0.870537 8.26448e-05 0.492102
    outer loop
      vertex 0 46 47.3033
      vertex 4.46716 39.9682 55.2068
      vertex 4.49803 40.0253 55.2614
    endloop
  endfacet
  facet normal -0.870687 -0.000374467 0.491838
    outer loop
      vertex 0 46 47.3033
      vertex 4.43719 39.9092 55.1537
      vertex 4.46716 39.9682 55.2068
    endloop
  endfacet
  facet normal -0.870598 -0.000105584 0.491996
    outer loop
      vertex 0 46 47.3033
      vertex 4.40815 39.8483 55.1023
      vertex 4.43719 39.9092 55.1537
    endloop
  endfacet
  facet normal -0.870403 0.000470481 0.49234
    outer loop
      vertex 0 46 47.3033
      vertex 4.38006 39.7855 55.0527
      vertex 4.40815 39.8483 55.1023
    endloop
  endfacet
  facet normal -0.870623 -0.000170873 0.49195
    outer loop
      vertex 0 46 47.3033
      vertex 4.35295 39.721 55.0047
      vertex 4.38006 39.7855 55.0527
    endloop
  endfacet
  facet normal -0.870631 -0.000192389 0.491937
    outer loop
      vertex 0 46 47.3033
      vertex 4.32686 39.6548 54.9585
      vertex 4.35295 39.721 55.0047
    endloop
  endfacet
  facet normal -0.870501 0.000173438 0.492167
    outer loop
      vertex 0 46 47.3033
      vertex 4.3018 39.587 54.9142
      vertex 4.32686 39.6548 54.9585
    endloop
  endfacet
  facet normal -0.870628 -0.00017929 0.491942
    outer loop
      vertex 0 46 47.3033
      vertex 4.2778 39.5176 54.8717
      vertex 4.3018 39.587 54.9142
    endloop
  endfacet
  facet normal -0.870506 0.000153749 0.492158
    outer loop
      vertex 0 46 47.3033
      vertex 4.25489 39.4467 54.8312
      vertex 4.2778 39.5176 54.8717
    endloop
  endfacet
  facet normal -0.870586 -6.03396e-05 0.492017
    outer loop
      vertex 0 46 47.3033
      vertex 4.23308 39.3744 54.7926
      vertex 4.25489 39.4467 54.8312
    endloop
  endfacet
  facet normal -0.870585 -5.69871e-05 0.492019
    outer loop
      vertex 0 46 47.3033
      vertex 4.2124 39.3007 54.756
      vertex 4.23308 39.3744 54.7926
    endloop
  endfacet
  facet normal -0.870468 0.000246397 0.492225
    outer loop
      vertex 0 46 47.3033
      vertex 4.19287 39.2258 54.7215
      vertex 4.2124 39.3007 54.756
    endloop
  endfacet
  facet normal -0.870595 -7.77266e-05 0.492001
    outer loop
      vertex 0 46 47.3033
      vertex 4.17451 39.1496 54.689
      vertex 4.19287 39.2258 54.7215
    endloop
  endfacet
  facet normal -0.870605 -0.000103506 0.491983
    outer loop
      vertex 0 46 47.3033
      vertex 4.15734 39.0723 54.6586
      vertex 4.17451 39.1496 54.689
    endloop
  endfacet
  facet normal -0.870615 -0.000129603 0.491964
    outer loop
      vertex 0 46 47.3033
      vertex 4.14136 38.9939 54.6303
      vertex 4.15734 39.0723 54.6586
    endloop
  endfacet
  facet normal -0.87057 -1.85148e-05 0.492045
    outer loop
      vertex 0 46 47.3033
      vertex 4.12661 38.9146 54.6042
      vertex 4.14136 38.9939 54.6303
    endloop
  endfacet
  facet normal -0.870523 9.46891e-05 0.492128
    outer loop
      vertex 0 46 47.3033
      vertex 4.11309 38.8343 54.5803
      vertex 4.12661 38.9146 54.6042
    endloop
  endfacet
  facet normal -0.870546 4.05945e-05 0.492088
    outer loop
      vertex 0 46 47.3033
      vertex 4.10082 38.7533 54.5586
      vertex 4.11309 38.8343 54.5803
    endloop
  endfacet
  facet normal -0.870606 -0.000100873 0.491981
    outer loop
      vertex 0 46 47.3033
      vertex 4.08981 38.6715 54.5391
      vertex 4.10082 38.7533 54.5586
    endloop
  endfacet
  facet normal -0.870456 0.000245987 0.492247
    outer loop
      vertex 0 46 47.3033
      vertex 4.08006 38.589 54.5219
      vertex 4.08981 38.6715 54.5391
    endloop
  endfacet
  facet normal -0.870635 -0.000161071 0.49193
    outer loop
      vertex 0 46 47.3033
      vertex 4.0716 38.5059 54.5069
      vertex 4.08006 38.589 54.5219
    endloop
  endfacet
  facet normal -0.870596 -7.43638e-05 0.491999
    outer loop
      vertex 0 46 47.3033
      vertex 4.06443 38.4224 54.4942
      vertex 4.0716 38.5059 54.5069
    endloop
  endfacet
  facet normal -0.870514 0.000107506 0.492144
    outer loop
      vertex 0 46 47.3033
      vertex 4.05854 38.3384 54.4838
      vertex 4.06443 38.4224 54.4942
    endloop
  endfacet
  facet normal -0.870556 1.63265e-05 0.49207
    outer loop
      vertex 0 46 47.3033
      vertex 4.05396 38.2541 54.4757
      vertex 4.05854 38.3384 54.4838
    endloop
  endfacet
  facet normal -0.8706 -7.91101e-05 0.491992
    outer loop
      vertex 0 46 47.3033
      vertex 4.05069 38.1695 54.4699
      vertex 4.05396 38.2541 54.4757
    endloop
  endfacet
  facet normal -0.870601 -8.1257e-05 0.49199
    outer loop
      vertex 0 46 47.3033
      vertex 4.04872 38.0848 54.4664
      vertex 4.05069 38.1695 54.4699
    endloop
  endfacet
  facet normal -0.870427 0.000285966 0.492298
    outer loop
      vertex 0 46 47.3033
      vertex 4.04807 38 54.4653
      vertex 4.04872 38.0848 54.4664
    endloop
  endfacet
  facet normal -0.870705 -0.000294469 0.491806
    outer loop
      vertex 0 46 47.3033
      vertex 4.04872 37.9152 54.4664
      vertex 4.04807 38 54.4653
    endloop
  endfacet
  facet normal -0.870519 8.91156e-05 0.492135
    outer loop
      vertex 0 46 47.3033
      vertex 4.05069 37.8305 54.4699
      vertex 4.04872 37.9152 54.4664
    endloop
  endfacet
  facet normal -0.870518 9.22366e-05 0.492137
    outer loop
      vertex 0 46 47.3033
      vertex 4.05396 37.7459 54.4757
      vertex 4.05069 37.8305 54.4699
    endloop
  endfacet
  facet normal -0.870573 -2.02614e-05 0.492039
    outer loop
      vertex 0 46 47.3033
      vertex 4.05854 37.6616 54.4838
      vertex 4.05396 37.7459 54.4757
    endloop
  endfacet
  facet normal -0.870634 -0.000142164 0.491932
    outer loop
      vertex 0 46 47.3033
      vertex 4.06443 37.5776 54.4942
      vertex 4.05854 37.6616 54.4838
    endloop
  endfacet
  facet normal -0.87051 0.000104974 0.492151
    outer loop
      vertex 0 46 47.3033
      vertex 4.0716 37.4941 54.5069
      vertex 4.06443 37.5776 54.4942
    endloop
  endfacet
  facet normal -0.87044 0.000243086 0.492275
    outer loop
      vertex 0 46 47.3033
      vertex 4.08006 37.411 54.5219
      vertex 4.0716 37.4941 54.5069
    endloop
  endfacet
  facet normal -0.870766 -0.000397302 0.491697
    outer loop
      vertex 0 46 47.3033
      vertex 4.08981 37.3285 54.5391
      vertex 4.08006 37.411 54.5219
    endloop
  endfacet
  facet normal -0.870472 0.000175285 0.492217
    outer loop
      vertex 0 46 47.3033
      vertex 4.10082 37.2467 54.5586
      vertex 4.08981 37.3285 54.5391
    endloop
  endfacet
  facet normal -0.870602 -7.60363e-05 0.491988
    outer loop
      vertex 0 46 47.3033
      vertex 4.11309 37.1657 54.5803
      vertex 4.10082 37.2467 54.5586
    endloop
  endfacet
  facet normal -0.870662 -0.000191742 0.491881
    outer loop
      vertex 0 46 47.3033
      vertex 4.12661 37.0854 54.6042
      vertex 4.11309 37.1657 54.5803
    endloop
  endfacet
  facet normal -0.870541 4.08409e-05 0.492096
    outer loop
      vertex 0 46 47.3033
      vertex 4.14136 37.0061 54.6303
      vertex 4.12661 37.0854 54.6042
    endloop
  endfacet
  facet normal -0.870398 0.000312964 0.492349
    outer loop
      vertex 0 46 47.3033
      vertex 4.15734 36.9277 54.6586
      vertex 4.14136 37.0061 54.6303
    endloop
  endfacet
  facet normal -0.870417 0.000275411 0.492314
    outer loop
      vertex 0 46 47.3033
      vertex 4.17451 36.8504 54.689
      vertex 4.15734 36.9277 54.6586
    endloop
  endfacet
  facet normal -0.870442 0.00022996 0.492272
    outer loop
      vertex 0 46 47.3033
      vertex 4.19287 36.7742 54.7215
      vertex 4.17451 36.8504 54.689
    endloop
  endfacet
  facet normal -0.871 -0.00081998 0.491282
    outer loop
      vertex 0 46 47.3033
      vertex 4.2124 36.6993 54.756
      vertex 4.19287 36.7742 54.7215
    endloop
  endfacet
  facet normal -0.870447 0.000216734 0.492263
    outer loop
      vertex 0 46 47.3033
      vertex 4.23308 36.6256 54.7926
      vertex 4.2124 36.6993 54.756
    endloop
  endfacet
  facet normal -0.870563 0 0.492057
    outer loop
      vertex 4.23308 9.37441 54.7926
      vertex 4.23308 36.6256 54.7926
      vertex 0 46 47.3033
    endloop
  endfacet
  facet normal -0.870634 0 0.491931
    outer loop
      vertex 4.23308 36.6256 54.7926
      vertex 4.23308 9.37441 54.7926
      vertex 4.25489 36.5533 54.8312
    endloop
  endfacet
  facet normal -0.870634 0 0.491931
    outer loop
      vertex 4.25489 9.44673 54.8312
      vertex 4.25489 36.5533 54.8312
      vertex 4.23308 9.37441 54.7926
    endloop
  endfacet
  facet normal -0.870391 0 0.492362
    outer loop
      vertex 4.25489 36.5533 54.8312
      vertex 4.25489 9.44673 54.8312
      vertex 4.2778 36.4824 54.8717
    endloop
  endfacet
  facet normal -0.870391 0 0.492362
    outer loop
      vertex 4.2778 9.51762 54.8717
      vertex 4.2778 36.4824 54.8717
      vertex 4.25489 9.44673 54.8312
    endloop
  endfacet
  facet normal -0.870754 0 0.49172
    outer loop
      vertex 4.2778 36.4824 54.8717
      vertex 4.2778 9.51762 54.8717
      vertex 4.3018 36.413 54.9142
    endloop
  endfacet
  facet normal -0.870477 0 0.492209
    outer loop
      vertex 5.33489 35.3013 56.742
      vertex 5.37662 10.7 56.8158
      vertex 5.37662 35.3 56.8158
    endloop
  endfacet
  facet normal -0.870679 0 0.491851
    outer loop
      vertex 5.33489 10.6987 56.742
      vertex 5.33489 35.3013 56.742
      vertex 5.2932 35.3053 56.6682
    endloop
  endfacet
  facet normal -0.870563 0 0.492057
    outer loop
      vertex 5.2932 10.6947 56.6682
      vertex 5.2932 35.3053 56.6682
      vertex 5.2516 35.312 56.5946
    endloop
  endfacet
  facet normal -0.870547 0 0.492085
    outer loop
      vertex 5.2516 10.688 56.5946
      vertex 5.2516 35.312 56.5946
      vertex 5.21011 35.3213 56.5212
    endloop
  endfacet
  facet normal -0.87055 0 0.492081
    outer loop
      vertex 5.21011 10.6787 56.5212
      vertex 5.21011 35.3213 56.5212
      vertex 5.16879 35.3332 56.4481
    endloop
  endfacet
  facet normal -0.870467 0 0.492227
    outer loop
      vertex 5.16879 10.6668 56.4481
      vertex 5.16879 35.3332 56.4481
      vertex 5.12768 35.3478 56.3754
    endloop
  endfacet
  facet normal -0.870538 0 0.492101
    outer loop
      vertex 5.12768 10.6522 56.3754
      vertex 5.12768 35.3478 56.3754
      vertex 5.08681 35.365 56.3031
    endloop
  endfacet
  facet normal -0.870576 0 0.492033
    outer loop
      vertex 5.08681 10.635 56.3031
      vertex 5.08681 35.365 56.3031
      vertex 5.04623 35.3848 56.2313
    endloop
  endfacet
  facet normal -0.870772 0 0.491687
    outer loop
      vertex 5.04623 10.6152 56.2313
      vertex 5.04623 35.3848 56.2313
      vertex 5.00597 35.4072 56.16
    endloop
  endfacet
  facet normal -0.87034 0 0.492452
    outer loop
      vertex 5.00597 10.5928 56.16
      vertex 5.00597 35.4072 56.16
      vertex 4.96608 35.4321 56.0895
    endloop
  endfacet
  facet normal -0.870663 0 0.491881
    outer loop
      vertex 4.96608 10.5679 56.0895
      vertex 4.96608 35.4321 56.0895
      vertex 4.92659 35.4596 56.0196
    endloop
  endfacet
  facet normal -0.870652 0 0.491899
    outer loop
      vertex 4.92659 10.5404 56.0196
      vertex 4.92659 35.4596 56.0196
      vertex 4.88755 35.4896 55.9505
    endloop
  endfacet
  facet normal -0.870496 0 0.492175
    outer loop
      vertex 4.88755 10.5104 55.9505
      vertex 4.88755 35.4896 55.9505
      vertex 4.84899 35.5221 55.8823
    endloop
  endfacet
  facet normal -0.870558 0 0.492066
    outer loop
      vertex 4.84899 10.4779 55.8823
      vertex 4.84899 35.5221 55.8823
      vertex 4.81095 35.557 55.815
    endloop
  endfacet
  facet normal -0.870529 0 0.492118
    outer loop
      vertex 4.81095 10.443 55.815
      vertex 4.81095 35.557 55.815
      vertex 4.77347 35.5943 55.7487
    endloop
  endfacet
  facet normal -0.870727 0 0.491767
    outer loop
      vertex 4.77347 10.4057 55.7487
      vertex 4.77347 35.5943 55.7487
      vertex 4.73659 35.634 55.6834
    endloop
  endfacet
  facet normal -0.870391 0 0.492361
    outer loop
      vertex 4.73659 10.366 55.6834
      vertex 4.73659 35.634 55.6834
      vertex 4.70033 35.676 55.6193
    endloop
  endfacet
  facet normal -0.870733 0 0.491757
    outer loop
      vertex 4.70033 10.324 55.6193
      vertex 4.70033 35.676 55.6193
      vertex 4.66475 35.7203 55.5563
    endloop
  endfacet
  facet normal -0.870466 0 0.492229
    outer loop
      vertex 4.66475 10.2797 55.5563
      vertex 4.66475 35.7203 55.5563
      vertex 4.62986 35.7669 55.4946
    endloop
  endfacet
  facet normal -0.870557 0 0.492067
    outer loop
      vertex 4.62986 10.2331 55.4946
      vertex 4.62986 35.7669 55.4946
      vertex 4.59572 35.8157 55.4342
    endloop
  endfacet
  facet normal -0.870716 0 0.491785
    outer loop
      vertex 4.59572 10.1843 55.4342
      vertex 4.59572 35.8157 55.4342
      vertex 4.56234 35.8666 55.3751
    endloop
  endfacet
  facet normal -0.870476 0 0.492212
    outer loop
      vertex 4.56234 10.1334 55.3751
      vertex 4.56234 35.8666 55.3751
      vertex 4.52977 35.9196 55.3175
    endloop
  endfacet
  facet normal -0.870355 0 0.492425
    outer loop
      vertex 4.52977 10.0804 55.3175
      vertex 4.52977 35.9196 55.3175
      vertex 4.49803 35.9747 55.2614
    endloop
  endfacet
  facet normal -0.8705 0 0.492168
    outer loop
      vertex 4.49803 10.0253 55.2614
      vertex 4.49803 35.9747 55.2614
      vertex 4.46716 36.0318 55.2068
    endloop
  endfacet
  facet normal -0.870865 0 0.491522
    outer loop
      vertex 4.46716 9.96821 55.2068
      vertex 4.46716 36.0318 55.2068
      vertex 4.43719 36.0908 55.1537
    endloop
  endfacet
  facet normal -0.870651 0 0.491901
    outer loop
      vertex 4.43719 9.90919 55.1537
      vertex 4.43719 36.0908 55.1537
      vertex 4.40815 36.1517 55.1023
    endloop
  endfacet
  facet normal -0.870148 0 0.492791
    outer loop
      vertex 4.40815 9.84828 55.1023
      vertex 4.40815 36.1517 55.1023
      vertex 4.38006 36.2145 55.0527
    endloop
  endfacet
  facet normal -0.870754 0 0.49172
    outer loop
      vertex 4.3018 9.58702 54.9142
      vertex 4.3018 36.413 54.9142
      vertex 4.2778 9.51762 54.8717
    endloop
  endfacet
  facet normal -0.870477 0 0.492209
    outer loop
      vertex 5.33489 35.3013 56.742
      vertex 5.33489 10.6987 56.742
      vertex 5.37662 10.7 56.8158
    endloop
  endfacet
  facet normal -0.870679 0 0.491851
    outer loop
      vertex 5.2932 35.3053 56.6682
      vertex 5.2932 10.6947 56.6682
      vertex 5.33489 10.6987 56.742
    endloop
  endfacet
  facet normal -0.870563 0 0.492057
    outer loop
      vertex 5.2516 35.312 56.5946
      vertex 5.2516 10.688 56.5946
      vertex 5.2932 10.6947 56.6682
    endloop
  endfacet
  facet normal -0.870547 0 0.492085
    outer loop
      vertex 5.21011 35.3213 56.5212
      vertex 5.21011 10.6787 56.5212
      vertex 5.2516 10.688 56.5946
    endloop
  endfacet
  facet normal -0.87055 0 0.492081
    outer loop
      vertex 5.16879 35.3332 56.4481
      vertex 5.16879 10.6668 56.4481
      vertex 5.21011 10.6787 56.5212
    endloop
  endfacet
  facet normal -0.870467 0 0.492227
    outer loop
      vertex 5.12768 35.3478 56.3754
      vertex 5.12768 10.6522 56.3754
      vertex 5.16879 10.6668 56.4481
    endloop
  endfacet
  facet normal -0.870538 0 0.492101
    outer loop
      vertex 5.08681 35.365 56.3031
      vertex 5.08681 10.635 56.3031
      vertex 5.12768 10.6522 56.3754
    endloop
  endfacet
  facet normal -0.870576 0 0.492033
    outer loop
      vertex 5.04623 35.3848 56.2313
      vertex 5.04623 10.6152 56.2313
      vertex 5.08681 10.635 56.3031
    endloop
  endfacet
  facet normal -0.870772 0 0.491687
    outer loop
      vertex 5.00597 35.4072 56.16
      vertex 5.00597 10.5928 56.16
      vertex 5.04623 10.6152 56.2313
    endloop
  endfacet
  facet normal -0.87034 0 0.492452
    outer loop
      vertex 4.96608 35.4321 56.0895
      vertex 4.96608 10.5679 56.0895
      vertex 5.00597 10.5928 56.16
    endloop
  endfacet
  facet normal -0.870663 0 0.491881
    outer loop
      vertex 4.92659 35.4596 56.0196
      vertex 4.92659 10.5404 56.0196
      vertex 4.96608 10.5679 56.0895
    endloop
  endfacet
  facet normal -0.870652 0 0.491899
    outer loop
      vertex 4.88755 35.4896 55.9505
      vertex 4.88755 10.5104 55.9505
      vertex 4.92659 10.5404 56.0196
    endloop
  endfacet
  facet normal -0.870496 0 0.492175
    outer loop
      vertex 4.84899 35.5221 55.8823
      vertex 4.84899 10.4779 55.8823
      vertex 4.88755 10.5104 55.9505
    endloop
  endfacet
  facet normal -0.870558 0 0.492066
    outer loop
      vertex 4.81095 35.557 55.815
      vertex 4.81095 10.443 55.815
      vertex 4.84899 10.4779 55.8823
    endloop
  endfacet
  facet normal -0.870529 0 0.492118
    outer loop
      vertex 4.77347 35.5943 55.7487
      vertex 4.77347 10.4057 55.7487
      vertex 4.81095 10.443 55.815
    endloop
  endfacet
  facet normal -0.870727 0 0.491767
    outer loop
      vertex 4.73659 35.634 55.6834
      vertex 4.73659 10.366 55.6834
      vertex 4.77347 10.4057 55.7487
    endloop
  endfacet
  facet normal -0.870391 0 0.492361
    outer loop
      vertex 4.70033 35.676 55.6193
      vertex 4.70033 10.324 55.6193
      vertex 4.73659 10.366 55.6834
    endloop
  endfacet
  facet normal -0.870733 0 0.491757
    outer loop
      vertex 4.66475 35.7203 55.5563
      vertex 4.66475 10.2797 55.5563
      vertex 4.70033 10.324 55.6193
    endloop
  endfacet
  facet normal -0.870466 0 0.492229
    outer loop
      vertex 4.62986 35.7669 55.4946
      vertex 4.62986 10.2331 55.4946
      vertex 4.66475 10.2797 55.5563
    endloop
  endfacet
  facet normal -0.870557 0 0.492067
    outer loop
      vertex 4.59572 35.8157 55.4342
      vertex 4.59572 10.1843 55.4342
      vertex 4.62986 10.2331 55.4946
    endloop
  endfacet
  facet normal -0.870716 0 0.491785
    outer loop
      vertex 4.56234 35.8666 55.3751
      vertex 4.56234 10.1334 55.3751
      vertex 4.59572 10.1843 55.4342
    endloop
  endfacet
  facet normal -0.870476 0 0.492212
    outer loop
      vertex 4.52977 35.9196 55.3175
      vertex 4.52977 10.0804 55.3175
      vertex 4.56234 10.1334 55.3751
    endloop
  endfacet
  facet normal -0.870355 0 0.492425
    outer loop
      vertex 4.49803 35.9747 55.2614
      vertex 4.49803 10.0253 55.2614
      vertex 4.52977 10.0804 55.3175
    endloop
  endfacet
  facet normal -0.8705 0 0.492168
    outer loop
      vertex 4.46716 36.0318 55.2068
      vertex 4.46716 9.96821 55.2068
      vertex 4.49803 10.0253 55.2614
    endloop
  endfacet
  facet normal -0.870865 0 0.491522
    outer loop
      vertex 4.43719 36.0908 55.1537
      vertex 4.43719 9.90919 55.1537
      vertex 4.46716 9.96821 55.2068
    endloop
  endfacet
  facet normal -0.870651 0 0.491901
    outer loop
      vertex 4.40815 36.1517 55.1023
      vertex 4.40815 9.84828 55.1023
      vertex 4.43719 9.90919 55.1537
    endloop
  endfacet
  facet normal -0.870148 0 0.492791
    outer loop
      vertex 4.38006 36.2145 55.0527
      vertex 4.38006 9.78554 55.0527
      vertex 4.40815 9.84828 55.1023
    endloop
  endfacet
  facet normal -0.870722 0 0.491776
    outer loop
      vertex 4.38006 36.2145 55.0527
      vertex 4.35295 9.72104 55.0047
      vertex 4.38006 9.78554 55.0527
    endloop
  endfacet
  facet normal -0.870722 0 0.491776
    outer loop
      vertex 4.35295 36.279 55.0047
      vertex 4.35295 9.72104 55.0047
      vertex 4.38006 36.2145 55.0527
    endloop
  endfacet
  facet normal -0.870749 0 0.491728
    outer loop
      vertex 4.35295 9.72104 55.0047
      vertex 4.35295 36.279 55.0047
      vertex 4.32686 9.65485 54.9585
    endloop
  endfacet
  facet normal -0.870749 0 0.491728
    outer loop
      vertex 4.32686 36.3452 54.9585
      vertex 4.32686 9.65485 54.9585
      vertex 4.35295 36.279 55.0047
    endloop
  endfacet
  facet normal -0.870387 0 0.492368
    outer loop
      vertex 4.32686 9.65485 54.9585
      vertex 4.32686 36.3452 54.9585
      vertex 4.3018 9.58702 54.9142
    endloop
  endfacet
  facet normal -0.870387 0 0.492368
    outer loop
      vertex 4.3018 36.413 54.9142
      vertex 4.3018 9.58702 54.9142
      vertex 4.32686 36.3452 54.9585
    endloop
  endfacet
  facet normal -0.870563 0 0.492057
    outer loop
      vertex 0 0 47.3033
      vertex 4.23308 9.37441 54.7926
      vertex 0 46 47.3033
    endloop
  endfacet
  facet normal -0.870447 -0.00021689 0.492263
    outer loop
      vertex 4.23308 9.37441 54.7926
      vertex 0 0 47.3033
      vertex 4.2124 9.30073 54.756
    endloop
  endfacet
  facet normal -0.871 0.000818441 0.491283
    outer loop
      vertex 4.2124 9.30073 54.756
      vertex 0 0 47.3033
      vertex 4.19287 9.22577 54.7215
    endloop
  endfacet
  facet normal -0.870441 -0.000230152 0.492272
    outer loop
      vertex 4.19287 9.22577 54.7215
      vertex 0 0 47.3033
      vertex 4.17451 9.1496 54.689
    endloop
  endfacet
  facet normal -0.870417 -0.000275411 0.492314
    outer loop
      vertex 4.17451 9.1496 54.689
      vertex 0 0 47.3033
      vertex 4.15734 9.0723 54.6586
    endloop
  endfacet
  facet normal -0.870397 -0.000313252 0.49235
    outer loop
      vertex 4.15734 9.0723 54.6586
      vertex 0 0 47.3033
      vertex 4.14136 8.99394 54.6303
    endloop
  endfacet
  facet normal -0.870541 -4.07979e-05 0.492096
    outer loop
      vertex 4.14136 8.99394 54.6303
      vertex 0 0 47.3033
      vertex 4.12661 8.91459 54.6042
    endloop
  endfacet
  facet normal -0.870662 0.000191968 0.491881
    outer loop
      vertex 4.12661 8.91459 54.6042
      vertex 0 0 47.3033
      vertex 4.11309 8.83435 54.5803
    endloop
  endfacet
  facet normal -0.870602 7.59392e-05 0.491988
    outer loop
      vertex 4.11309 8.83435 54.5803
      vertex 0 0 47.3033
      vertex 4.10082 8.75328 54.5586
    endloop
  endfacet
  facet normal -0.870472 -0.000175225 0.492217
    outer loop
      vertex 4.10082 8.75328 54.5586
      vertex 0 0 47.3033
      vertex 4.08981 8.67146 54.5391
    endloop
  endfacet
  facet normal -0.870766 0.000397494 0.491697
    outer loop
      vertex 4.08981 8.67146 54.5391
      vertex 0 0 47.3033
      vertex 4.08006 8.58899 54.5219
    endloop
  endfacet
  facet normal -0.87044 -0.000243235 0.492275
    outer loop
      vertex 4.08006 8.58899 54.5219
      vertex 0 0 47.3033
      vertex 4.0716 8.50593 54.5069
    endloop
  endfacet
  facet normal -0.87051 -0.000104883 0.492151
    outer loop
      vertex 4.0716 8.50593 54.5069
      vertex 0 0 47.3033
      vertex 4.06443 8.42237 54.4942
    endloop
  endfacet
  facet normal -0.870634 0.000142224 0.491932
    outer loop
      vertex 4.06443 8.42237 54.4942
      vertex 0 0 47.3033
      vertex 4.05854 8.3384 54.4838
    endloop
  endfacet
  facet normal -0.870573 2.02587e-05 0.492039
    outer loop
      vertex 4.05854 8.3384 54.4838
      vertex 0 0 47.3033
      vertex 4.05396 8.25409 54.4757
    endloop
  endfacet
  facet normal -0.870518 -9.22839e-05 0.492137
    outer loop
      vertex 4.05396 8.25409 54.4757
      vertex 0 0 47.3033
      vertex 4.05069 8.16953 54.4699
    endloop
  endfacet
  facet normal -0.870519 -8.90935e-05 0.492135
    outer loop
      vertex 4.05069 8.16953 54.4699
      vertex 0 0 47.3033
      vertex 4.04872 8.08481 54.4664
    endloop
  endfacet
  facet normal -0.870705 0.000294434 0.491806
    outer loop
      vertex 4.04872 8.08481 54.4664
      vertex 0 0 47.3033
      vertex 4.04807 8 54.4653
    endloop
  endfacet
  facet normal -0.870427 -0.000285933 0.492298
    outer loop
      vertex 4.04807 8 54.4653
      vertex 0 0 47.3033
      vertex 4.04872 7.91519 54.4664
    endloop
  endfacet
  facet normal -0.870601 8.12387e-05 0.49199
    outer loop
      vertex 4.04872 7.91519 54.4664
      vertex 0 0 47.3033
      vertex 4.05069 7.83047 54.4699
    endloop
  endfacet
  facet normal -0.8706 7.91449e-05 0.491992
    outer loop
      vertex 4.05069 7.83047 54.4699
      vertex 0 0 47.3033
      vertex 4.05396 7.74591 54.4757
    endloop
  endfacet
  facet normal -0.870556 -1.63247e-05 0.49207
    outer loop
      vertex 4.05396 7.74591 54.4757
      vertex 0 0 47.3033
      vertex 4.05854 7.6616 54.4838
    endloop
  endfacet
  facet normal -0.870514 -0.00010754 0.492144
    outer loop
      vertex 4.05854 7.6616 54.4838
      vertex 0 0 47.3033
      vertex 4.06443 7.57763 54.4942
    endloop
  endfacet
  facet normal -0.870596 7.43177e-05 0.491999
    outer loop
      vertex 4.06443 7.57763 54.4942
      vertex 0 0 47.3033
      vertex 4.0716 7.49407 54.5069
    endloop
  endfacet
  facet normal -0.870684 -0.000214777 0.491842
    outer loop
      vertex 5.2932 5.30533 56.6682
      vertex 7.60791 0 60.7635
      vertex 5.33489 5.30133 56.742
    endloop
  endfacet
  facet normal -0.870563 4.37152e-06 0.492058
    outer loop
      vertex 5.2516 5.31198 56.5946
      vertex 7.60791 0 60.7635
      vertex 5.2932 5.30533 56.6682
    endloop
  endfacet
  facet normal -0.870545 3.59712e-05 0.492088
    outer loop
      vertex 5.21011 5.32129 56.5212
      vertex 7.60791 0 60.7635
      vertex 5.2516 5.31198 56.5946
    endloop
  endfacet
  facet normal -0.870547 3.25686e-05 0.492085
    outer loop
      vertex 5.16879 5.33324 56.4481
      vertex 7.60791 0 60.7635
      vertex 5.21011 5.32129 56.5212
    endloop
  endfacet
  facet normal -0.870448 0.000219967 0.49226
    outer loop
      vertex 5.12768 5.34783 56.3754
      vertex 7.60791 0 60.7635
      vertex 5.16879 5.33324 56.4481
    endloop
  endfacet
  facet normal -0.870532 5.87996e-05 0.492111
    outer loop
      vertex 5.08681 5.36503 56.3031
      vertex 7.60791 0 60.7635
      vertex 5.12768 5.34783 56.3754
    endloop
  endfacet
  facet normal -0.870581 -3.50351e-05 0.492026
    outer loop
      vertex 5.04623 5.38483 56.2313
      vertex 7.60791 0 60.7635
      vertex 5.08681 5.36503 56.3031
    endloop
  endfacet
  facet normal -0.870847 -0.000559213 0.491554
    outer loop
      vertex 5.00597 5.40721 56.16
      vertex 7.60791 0 60.7635
      vertex 5.04623 5.38483 56.2313
    endloop
  endfacet
  facet normal -0.870564 4.556e-06 0.492056
    outer loop
      vertex 7.60791 0 60.7635
      vertex 5.00597 5.40721 56.16
      vertex 0 0 47.3033
    endloop
  endfacet
  facet normal -0.870421 -0.000539053 0.492307
    outer loop
      vertex 4.96608 5.43215 56.0895
      vertex 0 0 47.3033
      vertex 5.00597 5.40721 56.16
    endloop
  endfacet
  facet normal -0.870624 0.000227031 0.491948
    outer loop
      vertex 4.92659 5.45962 56.0196
      vertex 0 0 47.3033
      vertex 4.96608 5.43215 56.0895
    endloop
  endfacet
  facet normal -0.870616 0.000194986 0.491964
    outer loop
      vertex 4.88755 5.4896 55.9505
      vertex 0 0 47.3033
      vertex 4.92659 5.45962 56.0196
    endloop
  endfacet
  facet normal -0.870525 -0.000139695 0.492125
    outer loop
      vertex 4.84899 5.52206 55.8823
      vertex 0 0 47.3033
      vertex 4.88755 5.4896 55.9505
    endloop
  endfacet
  facet normal -0.87056 -1.05498e-05 0.492062
    outer loop
      vertex 4.81095 5.55697 55.815
      vertex 0 0 47.3033
      vertex 4.84899 5.52206 55.8823
    endloop
  endfacet
  facet normal -0.870545 -6.66628e-05 0.492089
    outer loop
      vertex 4.77347 5.59428 55.7487
      vertex 0 0 47.3033
      vertex 4.81095 5.55697 55.815
    endloop
  endfacet
  facet normal -0.870649 0.000299833 0.491905
    outer loop
      vertex 4.73659 5.63397 55.6834
      vertex 0 0 47.3033
      vertex 4.77347 5.59428 55.7487
    endloop
  endfacet
  facet normal -0.870475 -0.000301412 0.492212
    outer loop
      vertex 4.70033 5.676 55.6193
      vertex 0 0 47.3033
      vertex 4.73659 5.63397 55.6834
    endloop
  endfacet
  facet normal -0.870647 0.000284804 0.491908
    outer loop
      vertex 4.66475 5.72031 55.5563
      vertex 0 0 47.3033
      vertex 4.70033 5.676 55.6193
    endloop
  endfacet
  facet normal -0.870516 -0.000155965 0.49214
    outer loop
      vertex 4.62986 5.76688 55.4946
      vertex 0 0 47.3033
      vertex 4.66475 5.72031 55.5563
    endloop
  endfacet
  facet normal -0.87056 -8.65893e-06 0.492061
    outer loop
      vertex 4.59572 5.81565 55.4342
      vertex 0 0 47.3033
      vertex 4.62986 5.76688 55.4946
    endloop
  endfacet
  facet normal -0.870633 0.00022703 0.491934
    outer loop
      vertex 4.56234 5.86658 55.3751
      vertex 0 0 47.3033
      vertex 4.59572 5.81565 55.4342
    endloop
  endfacet
  facet normal -0.870524 -0.00012245 0.492126
    outer loop
      vertex 4.52977 5.91961 55.3175
      vertex 0 0 47.3033
      vertex 4.56234 5.86658 55.3751
    endloop
  endfacet
  facet normal -0.870473 -0.000281996 0.492215
    outer loop
      vertex 4.49803 5.9747 55.2614
      vertex 0 0 47.3033
      vertex 4.52977 5.91961 55.3175
    endloop
  endfacet
  facet normal -0.870537 -8.26532e-05 0.492102
    outer loop
      vertex 4.46716 6.03179 55.2068
      vertex 0 0 47.3033
      vertex 4.49803 5.9747 55.2614
    endloop
  endfacet
  facet normal -0.870687 0.000374392 0.491838
    outer loop
      vertex 4.43719 6.09081 55.1537
      vertex 0 0 47.3033
      vertex 4.46716 6.03179 55.2068
    endloop
  endfacet
  facet normal -0.870598 0.000105574 0.491996
    outer loop
      vertex 4.40815 6.15172 55.1023
      vertex 0 0 47.3033
      vertex 4.43719 6.09081 55.1537
    endloop
  endfacet
  facet normal -0.870403 -0.000470757 0.49234
    outer loop
      vertex 4.38006 6.21446 55.0527
      vertex 0 0 47.3033
      vertex 4.40815 6.15172 55.1023
    endloop
  endfacet
  facet normal -0.870623 0.000170874 0.49195
    outer loop
      vertex 4.35295 6.27896 55.0047
      vertex 0 0 47.3033
      vertex 4.38006 6.21446 55.0527
    endloop
  endfacet
  facet normal -0.870631 0.000192408 0.491937
    outer loop
      vertex 4.32686 6.34515 54.9585
      vertex 0 0 47.3033
      vertex 4.35295 6.27896 55.0047
    endloop
  endfacet
  facet normal -0.870501 -0.000173388 0.492167
    outer loop
      vertex 4.3018 6.41298 54.9142
      vertex 0 0 47.3033
      vertex 4.32686 6.34515 54.9585
    endloop
  endfacet
  facet normal -0.870628 0.000179291 0.491942
    outer loop
      vertex 4.2778 6.48238 54.8717
      vertex 0 0 47.3033
      vertex 4.3018 6.41298 54.9142
    endloop
  endfacet
  facet normal -0.870506 -0.000153764 0.492158
    outer loop
      vertex 4.25489 6.55327 54.8312
      vertex 0 0 47.3033
      vertex 4.2778 6.48238 54.8717
    endloop
  endfacet
  facet normal -0.870586 6.03283e-05 0.492017
    outer loop
      vertex 4.23308 6.62559 54.7926
      vertex 0 0 47.3033
      vertex 4.25489 6.55327 54.8312
    endloop
  endfacet
  facet normal -0.870585 5.69979e-05 0.492019
    outer loop
      vertex 4.2124 6.69927 54.756
      vertex 0 0 47.3033
      vertex 4.23308 6.62559 54.7926
    endloop
  endfacet
  facet normal -0.870468 -0.000246258 0.492225
    outer loop
      vertex 4.19287 6.77423 54.7215
      vertex 0 0 47.3033
      vertex 4.2124 6.69927 54.756
    endloop
  endfacet
  facet normal -0.870595 7.77486e-05 0.492001
    outer loop
      vertex 4.17451 6.8504 54.689
      vertex 0 0 47.3033
      vertex 4.19287 6.77423 54.7215
    endloop
  endfacet
  facet normal -0.870605 0.000103506 0.491983
    outer loop
      vertex 4.15734 6.9277 54.6586
      vertex 0 0 47.3033
      vertex 4.17451 6.8504 54.689
    endloop
  endfacet
  facet normal -0.870615 0.000129652 0.491964
    outer loop
      vertex 4.14136 7.00606 54.6303
      vertex 0 0 47.3033
      vertex 4.15734 6.9277 54.6586
    endloop
  endfacet
  facet normal -0.87057 1.8506e-05 0.492045
    outer loop
      vertex 4.12661 7.08541 54.6042
      vertex 0 0 47.3033
      vertex 4.14136 7.00606 54.6303
    endloop
  endfacet
  facet normal -0.870523 -9.4744e-05 0.492128
    outer loop
      vertex 4.11309 7.16565 54.5803
      vertex 0 0 47.3033
      vertex 4.12661 7.08541 54.6042
    endloop
  endfacet
  facet normal -0.870546 -4.05668e-05 0.492088
    outer loop
      vertex 4.10082 7.24672 54.5586
      vertex 0 0 47.3033
      vertex 4.11309 7.16565 54.5803
    endloop
  endfacet
  facet normal -0.870606 0.000100853 0.491981
    outer loop
      vertex 4.08981 7.32854 54.5391
      vertex 0 0 47.3033
      vertex 4.10082 7.24672 54.5586
    endloop
  endfacet
  facet normal -0.870456 -0.000246061 0.492247
    outer loop
      vertex 4.08006 7.41101 54.5219
      vertex 0 0 47.3033
      vertex 4.08981 7.32854 54.5391
    endloop
  endfacet
  facet normal -0.870635 0.000161137 0.49193
    outer loop
      vertex 4.0716 7.49407 54.5069
      vertex 0 0 47.3033
      vertex 4.08006 7.41101 54.5219
    endloop
  endfacet
  facet normal -0.870478 -0.000150074 0.492207
    outer loop
      vertex 5.41835 40.6987 56.8896
      vertex 7.60791 46 60.7635
      vertex 5.37662 40.7 56.8158
    endloop
  endfacet
  facet normal -0.870675 0.000185461 0.491859
    outer loop
      vertex 5.46004 40.6947 56.9634
      vertex 7.60791 46 60.7635
      vertex 5.41835 40.6987 56.8896
    endloop
  endfacet
  facet normal -0.870515 -8.14758e-05 0.492141
    outer loop
      vertex 5.50165 40.688 57.037
      vertex 7.60791 46 60.7635
      vertex 5.46004 40.6947 56.9634
    endloop
  endfacet
  facet normal -0.870595 4.97557e-05 0.491999
    outer loop
      vertex 5.54313 40.6787 57.1104
      vertex 7.60791 46 60.7635
      vertex 5.50165 40.688 57.037
    endloop
  endfacet
  facet normal -0.870551 -2.1487e-05 0.492078
    outer loop
      vertex 5.58445 40.6668 57.1835
      vertex 7.60791 46 60.7635
      vertex 5.54313 40.6787 57.1104
    endloop
  endfacet
  facet normal -0.870433 -0.000205857 0.492286
    outer loop
      vertex 5.62557 40.6522 57.2562
      vertex 7.60791 46 60.7635
      vertex 5.58445 40.6668 57.1835
    endloop
  endfacet
  facet normal -0.870542 -3.92821e-05 0.492094
    outer loop
      vertex 5.66644 40.635 57.3285
      vertex 7.60791 46 60.7635
      vertex 5.62557 40.6522 57.2562
    endloop
  endfacet
  facet normal -0.870575 1.00769e-05 0.492035
    outer loop
      vertex 5.70702 40.6152 57.4003
      vertex 7.60791 46 60.7635
      vertex 5.66644 40.635 57.3285
    endloop
  endfacet
  facet normal -0.870739 0.000248412 0.491746
    outer loop
      vertex 5.74728 40.5928 57.4716
      vertex 7.60791 46 60.7635
      vertex 5.70702 40.6152 57.4003
    endloop
  endfacet
  facet normal -0.870379 -0.000262097 0.492382
    outer loop
      vertex 5.78717 40.5679 57.5421
      vertex 7.60791 46 60.7635
      vertex 5.74728 40.5928 57.4716
    endloop
  endfacet
  facet normal -0.870688 0.000165205 0.491836
    outer loop
      vertex 5.82665 40.5404 57.612
      vertex 7.60791 46 60.7635
      vertex 5.78717 40.5679 57.5421
    endloop
  endfacet
  facet normal -0.870592 3.5043e-05 0.492007
    outer loop
      vertex 5.8657 40.5104 57.6811
      vertex 7.60791 46 60.7635
      vertex 5.82665 40.5404 57.612
    endloop
  endfacet
  facet normal -0.870511 -7.08451e-05 0.492149
    outer loop
      vertex 5.90426 40.4779 57.7493
      vertex 7.60791 46 60.7635
      vertex 5.8657 40.5104 57.6811
    endloop
  endfacet
  facet normal -0.870603 4.67753e-05 0.491986
    outer loop
      vertex 5.94229 40.443 57.8166
      vertex 7.60791 46 60.7635
      vertex 5.90426 40.4779 57.7493
    endloop
  endfacet
  facet normal -0.870537 -3.49526e-05 0.492103
    outer loop
      vertex 5.97977 40.4057 57.8829
      vertex 7.60791 46 60.7635
      vertex 5.94229 40.443 57.8166
    endloop
  endfacet
  facet normal -0.870645 9.47628e-05 0.491912
    outer loop
      vertex 6.01666 40.366 57.9482
      vertex 7.60791 46 60.7635
      vertex 5.97977 40.4057 57.8829
    endloop
  endfacet
  facet normal -0.870477 -0.000100779 0.492209
    outer loop
      vertex 6.05291 40.324 58.0123
      vertex 7.60791 46 60.7635
      vertex 6.01666 40.366 57.9482
    endloop
  endfacet
  facet normal -0.870646 9.04156e-05 0.49191
    outer loop
      vertex 6.0885 40.2797 58.0753
      vertex 7.60791 46 60.7635
      vertex 6.05291 40.324 58.0123
    endloop
  endfacet
  facet normal -0.870536 -3.06172e-05 0.492105
    outer loop
      vertex 6.12338 40.2331 58.137
      vertex 7.60791 46 60.7635
      vertex 6.0885 40.2797 58.0753
    endloop
  endfacet
  facet normal -0.870514 -5.36437e-05 0.492143
    outer loop
      vertex 6.15753 40.1843 58.1974
      vertex 7.60791 46 60.7635
      vertex 6.12338 40.2331 58.137
    endloop
  endfacet
  facet normal -0.870721 0.000159158 0.491778
    outer loop
      vertex 6.1909 40.1334 58.2565
      vertex 7.60791 46 60.7635
      vertex 6.15753 40.1843 58.1974
    endloop
  endfacet
  facet normal -0.870453 -0.000107763 0.492251
    outer loop
      vertex 6.22348 40.0804 58.3141
      vertex 7.60791 46 60.7635
      vertex 6.1909 40.1334 58.2565
    endloop
  endfacet
  facet normal -0.870463 -9.86646e-05 0.492234
    outer loop
      vertex 6.25521 40.0253 58.3702
      vertex 7.60791 46 60.7635
      vertex 6.22348 40.0804 58.3141
    endloop
  endfacet
  facet normal -0.87052 -4.4668e-05 0.492132
    outer loop
      vertex 6.28608 39.9682 58.4248
      vertex 7.60791 46 60.7635
      vertex 6.25521 40.0253 58.3702
    endloop
  endfacet
  facet normal -0.870776 0.000186847 0.49168
    outer loop
      vertex 6.31605 39.9092 58.4779
      vertex 7.60791 46 60.7635
      vertex 6.28608 39.9682 58.4248
    endloop
  endfacet
  facet normal -0.870574 9.47841e-06 0.492038
    outer loop
      vertex 6.3451 39.8483 58.5293
      vertex 7.60791 46 60.7635
      vertex 6.31605 39.9092 58.4779
    endloop
  endfacet
  facet normal -0.870278 -0.000240906 0.49256
    outer loop
      vertex 6.37319 39.7855 58.5789
      vertex 7.60791 46 60.7635
      vertex 6.3451 39.8483 58.5293
    endloop
  endfacet
  facet normal -0.870726 0.000126683 0.491768
    outer loop
      vertex 6.40029 39.721 58.6269
      vertex 7.60791 46 60.7635
      vertex 6.37319 39.7855 58.5789
    endloop
  endfacet
  facet normal -0.870635 5.40378e-05 0.49193
    outer loop
      vertex 6.42639 39.6548 58.6731
      vertex 7.60791 46 60.7635
      vertex 6.40029 39.721 58.6269
    endloop
  endfacet
  facet normal -0.870447 -9.07623e-05 0.492263
    outer loop
      vertex 6.45145 39.587 58.7174
      vertex 7.60791 46 60.7635
      vertex 6.42639 39.6548 58.6731
    endloop
  endfacet
  facet normal -0.870748 0.000133612 0.49173
    outer loop
      vertex 6.47544 39.5176 58.7599
      vertex 7.60791 46 60.7635
      vertex 6.45145 39.587 58.7174
    endloop
  endfacet
  facet normal -0.870391 -0.000123649 0.492361
    outer loop
      vertex 6.49836 39.4467 58.8004
      vertex 7.60791 46 60.7635
      vertex 6.47544 39.5176 58.7599
    endloop
  endfacet
  facet normal -0.870611 2.95848e-05 0.491973
    outer loop
      vertex 6.52017 39.3744 58.839
      vertex 7.60791 46 60.7635
      vertex 6.49836 39.4467 58.8004
    endloop
  endfacet
  facet normal -0.870673 7.21965e-05 0.491862
    outer loop
      vertex 6.54084 39.3007 58.8756
      vertex 7.60791 46 60.7635
      vertex 6.52017 39.3744 58.839
    endloop
  endfacet
  facet normal -0.870362 -0.00013264 0.492413
    outer loop
      vertex 6.56037 39.2258 58.9101
      vertex 7.60791 46 60.7635
      vertex 6.54084 39.3007 58.8756
    endloop
  endfacet
  facet normal -0.870632 4.0054e-05 0.491934
    outer loop
      vertex 6.57873 39.1496 58.9426
      vertex 7.60791 46 60.7635
      vertex 6.56037 39.2258 58.9101
    endloop
  endfacet
  facet normal -0.870584 1.00028e-05 0.49202
    outer loop
      vertex 6.59591 39.0723 58.973
      vertex 7.60791 46 60.7635
      vertex 6.57873 39.1496 58.9426
    endloop
  endfacet
  facet normal -0.870762 0.000117286 0.491705
    outer loop
      vertex 6.61188 38.9939 59.0013
      vertex 7.60791 46 60.7635
      vertex 6.59591 39.0723 58.973
    endloop
  endfacet
  facet normal -0.87058 1.06137e-05 0.492027
    outer loop
      vertex 6.62663 38.9146 59.0274
      vertex 7.60791 46 60.7635
      vertex 6.61188 38.9939 59.0013
    endloop
  endfacet
  facet normal -0.870465 -5.49204e-05 0.492229
    outer loop
      vertex 6.64015 38.8343 59.0513
      vertex 7.60791 46 60.7635
      vertex 6.62663 38.9146 59.0274
    endloop
  endfacet
  facet normal -0.870429 -7.52243e-05 0.492294
    outer loop
      vertex 6.65243 38.7533 59.073
      vertex 7.60791 46 60.7635
      vertex 6.64015 38.8343 59.0513
    endloop
  endfacet
  facet normal -0.870678 6.05846e-05 0.491853
    outer loop
      vertex 6.66344 38.6715 59.0925
      vertex 7.60791 46 60.7635
      vertex 6.65243 38.7533 59.073
    endloop
  endfacet
  facet normal -0.870375 -0.000101104 0.49239
    outer loop
      vertex 6.67318 38.589 59.1097
      vertex 7.60791 46 60.7635
      vertex 6.66344 38.6715 59.0925
    endloop
  endfacet
  facet normal -0.870769 0.000104389 0.491692
    outer loop
      vertex 6.68164 38.5059 59.1247
      vertex 7.60791 46 60.7635
      vertex 6.67318 38.589 59.1097
    endloop
  endfacet
  facet normal -0.870543 -1.10875e-05 0.492092
    outer loop
      vertex 6.68882 38.4224 59.1374
      vertex 7.60791 46 60.7635
      vertex 6.68164 38.5059 59.1247
    endloop
  endfacet
  facet normal -0.870541 -1.18497e-05 0.492095
    outer loop
      vertex 6.6947 38.3384 59.1478
      vertex 7.60791 46 60.7635
      vertex 6.68882 38.4224 59.1374
    endloop
  endfacet
  facet normal -0.87054 -1.27554e-05 0.492098
    outer loop
      vertex 6.69928 38.2541 59.1559
      vertex 7.60791 46 60.7635
      vertex 6.6947 38.3384 59.1478
    endloop
  endfacet
  facet normal -0.870537 -1.38282e-05 0.492102
    outer loop
      vertex 6.70256 38.1695 59.1617
      vertex 7.60791 46 60.7635
      vertex 6.69928 38.2541 59.1559
    endloop
  endfacet
  facet normal -0.870893 0.000155921 0.491473
    outer loop
      vertex 6.70452 38.0848 59.1652
      vertex 7.60791 46 60.7635
      vertex 6.70256 38.1695 59.1617
    endloop
  endfacet
  facet normal -0.869779 -0.000368727 0.493442
    outer loop
      vertex 6.70518 38 59.1663
      vertex 7.60791 46 60.7635
      vertex 6.70452 38.0848 59.1652
    endloop
  endfacet
  facet normal -0.871472 0.000420788 0.490444
    outer loop
      vertex 6.70452 37.9152 59.1652
      vertex 7.60791 46 60.7635
      vertex 6.70518 38 59.1663
    endloop
  endfacet
  facet normal -0.870048 -0.000237234 0.492968
    outer loop
      vertex 6.70256 37.8305 59.1617
      vertex 7.60791 46 60.7635
      vertex 6.70452 37.9152 59.1652
    endloop
  endfacet
  facet normal -0.870628 2.83923e-05 0.491941
    outer loop
      vertex 6.69928 37.7459 59.1559
      vertex 7.60791 46 60.7635
      vertex 6.70256 37.8305 59.1617
    endloop
  endfacet
  facet normal -0.870647 3.68357e-05 0.491908
    outer loop
      vertex 6.6947 37.6616 59.1478
      vertex 7.60791 46 60.7635
      vertex 6.69928 37.7459 59.1559
    endloop
  endfacet
  facet normal -0.870681 5.20993e-05 0.491849
    outer loop
      vertex 6.68882 37.5776 59.1374
      vertex 7.60791 46 60.7635
      vertex 6.6947 37.6616 59.1478
    endloop
  endfacet
  facet normal -0.870763 8.92978e-05 0.491703
    outer loop
      vertex 6.68164 37.4941 59.1247
      vertex 7.60791 46 60.7635
      vertex 6.68882 37.5776 59.1374
    endloop
  endfacet
  facet normal -0.871017 0 0.491253
    outer loop
      vertex 6.68164 8.50593 59.1247
      vertex 6.68164 37.4941 59.1247
      vertex 6.67318 37.411 59.1097
    endloop
  endfacet
  facet normal -0.870477 0 0.492209
    outer loop
      vertex 5.37662 10.7 56.8158
      vertex 5.41835 35.3013 56.8896
      vertex 5.37662 35.3 56.8158
    endloop
  endfacet
  facet normal -0.870477 0 0.492209
    outer loop
      vertex 5.41835 10.6987 56.8896
      vertex 5.41835 35.3013 56.8896
      vertex 5.37662 10.7 56.8158
    endloop
  endfacet
  facet normal -0.870679 0 0.491851
    outer loop
      vertex 5.41835 35.3013 56.8896
      vertex 5.41835 10.6987 56.8896
      vertex 5.46004 35.3053 56.9634
    endloop
  endfacet
  facet normal -0.870679 0 0.491851
    outer loop
      vertex 5.46004 10.6947 56.9634
      vertex 5.46004 35.3053 56.9634
      vertex 5.41835 10.6987 56.8896
    endloop
  endfacet
  facet normal -0.870512 0 0.492147
    outer loop
      vertex 5.46004 35.3053 56.9634
      vertex 5.46004 10.6947 56.9634
      vertex 5.50165 35.312 57.037
    endloop
  endfacet
  facet normal -0.870512 0 0.492147
    outer loop
      vertex 5.50165 10.688 57.037
      vertex 5.50165 35.312 57.037
      vertex 5.46004 10.6947 56.9634
    endloop
  endfacet
  facet normal -0.870598 0 0.491995
    outer loop
      vertex 5.50165 35.312 57.037
      vertex 5.50165 10.688 57.037
      vertex 5.54313 35.3213 57.1104
    endloop
  endfacet
  facet normal -0.870598 0 0.491995
    outer loop
      vertex 5.54313 10.6787 57.1104
      vertex 5.54313 35.3213 57.1104
      vertex 5.50165 10.688 57.037
    endloop
  endfacet
  facet normal -0.87055 0 0.492081
    outer loop
      vertex 5.54313 35.3213 57.1104
      vertex 5.54313 10.6787 57.1104
      vertex 5.58445 35.3332 57.1835
    endloop
  endfacet
  facet normal -0.87055 0 0.492081
    outer loop
      vertex 5.58445 10.6668 57.1835
      vertex 5.58445 35.3332 57.1835
      vertex 5.54313 10.6787 57.1104
    endloop
  endfacet
  facet normal -0.870416 0 0.492318
    outer loop
      vertex 5.58445 35.3332 57.1835
      vertex 5.58445 10.6668 57.1835
      vertex 5.62557 35.3478 57.2562
    endloop
  endfacet
  facet normal -0.870416 0 0.492318
    outer loop
      vertex 5.62557 10.6522 57.2562
      vertex 5.62557 35.3478 57.2562
      vertex 5.58445 10.6668 57.1835
    endloop
  endfacet
  facet normal -0.870538 0 0.492101
    outer loop
      vertex 5.62557 35.3478 57.2562
      vertex 5.62557 10.6522 57.2562
      vertex 5.66644 35.365 57.3285
    endloop
  endfacet
  facet normal -0.870538 0 0.492101
    outer loop
      vertex 5.66644 10.635 57.3285
      vertex 5.66644 35.365 57.3285
      vertex 5.62557 10.6522 57.2562
    endloop
  endfacet
  facet normal -0.870576 0 0.492033
    outer loop
      vertex 5.66644 35.365 57.3285
      vertex 5.66644 10.635 57.3285
      vertex 5.70702 35.3848 57.4003
    endloop
  endfacet
  facet normal -0.870576 0 0.492033
    outer loop
      vertex 5.70702 10.6152 57.4003
      vertex 5.70702 35.3848 57.4003
      vertex 5.66644 10.635 57.3285
    endloop
  endfacet
  facet normal -0.870772 0 0.491687
    outer loop
      vertex 5.70702 35.3848 57.4003
      vertex 5.70702 10.6152 57.4003
      vertex 5.74728 35.4072 57.4716
    endloop
  endfacet
  facet normal -0.870772 0 0.491687
    outer loop
      vertex 5.74728 10.5928 57.4716
      vertex 5.74728 35.4072 57.4716
      vertex 5.70702 10.6152 57.4003
    endloop
  endfacet
  facet normal -0.87034 0 0.492452
    outer loop
      vertex 5.74728 35.4072 57.4716
      vertex 5.74728 10.5928 57.4716
      vertex 5.78717 35.4321 57.5421
    endloop
  endfacet
  facet normal -0.87034 0 0.492452
    outer loop
      vertex 5.78717 10.5679 57.5421
      vertex 5.78717 35.4321 57.5421
      vertex 5.74728 10.5928 57.4716
    endloop
  endfacet
  facet normal -0.870716 0 0.491786
    outer loop
      vertex 5.78717 35.4321 57.5421
      vertex 5.78717 10.5679 57.5421
      vertex 5.82665 35.4596 57.612
    endloop
  endfacet
  facet normal -0.870716 0 0.491786
    outer loop
      vertex 5.82665 10.5404 57.612
      vertex 5.82665 35.4596 57.612
      vertex 5.78717 10.5679 57.5421
    endloop
  endfacet
  facet normal -0.870598 0 0.491995
    outer loop
      vertex 5.82665 35.4596 57.612
      vertex 5.82665 10.5404 57.612
      vertex 5.8657 35.4896 57.6811
    endloop
  endfacet
  facet normal -0.870598 0 0.491995
    outer loop
      vertex 5.8657 10.5104 57.6811
      vertex 5.8657 35.4896 57.6811
      vertex 5.82665 10.5404 57.612
    endloop
  endfacet
  facet normal -0.870496 0 0.492175
    outer loop
      vertex 5.8657 35.4896 57.6811
      vertex 5.8657 10.5104 57.6811
      vertex 5.90426 35.5221 57.7493
    endloop
  endfacet
  facet normal -0.870496 0 0.492175
    outer loop
      vertex 5.90426 10.4779 57.7493
      vertex 5.90426 35.5221 57.7493
      vertex 5.8657 10.5104 57.6811
    endloop
  endfacet
  facet normal -0.870613 0 0.491968
    outer loop
      vertex 5.90426 35.5221 57.7493
      vertex 5.90426 10.4779 57.7493
      vertex 5.94229 35.557 57.8166
    endloop
  endfacet
  facet normal -0.870613 0 0.491968
    outer loop
      vertex 5.94229 10.443 57.8166
      vertex 5.94229 35.557 57.8166
      vertex 5.90426 10.4779 57.7493
    endloop
  endfacet
  facet normal -0.870529 0 0.492118
    outer loop
      vertex 5.94229 35.557 57.8166
      vertex 5.94229 10.443 57.8166
      vertex 5.97977 35.5943 57.8829
    endloop
  endfacet
  facet normal -0.870529 0 0.492118
    outer loop
      vertex 5.97977 10.4057 57.8829
      vertex 5.97977 35.5943 57.8829
      vertex 5.94229 10.443 57.8166
    endloop
  endfacet
  facet normal -0.87067 0 0.491868
    outer loop
      vertex 5.97977 35.5943 57.8829
      vertex 5.97977 10.4057 57.8829
      vertex 6.01666 35.634 57.9482
    endloop
  endfacet
  facet normal -0.87067 0 0.491868
    outer loop
      vertex 6.01666 10.366 57.9482
      vertex 6.01666 35.634 57.9482
      vertex 5.97977 10.4057 57.8829
    endloop
  endfacet
  facet normal -0.870449 0 0.492259
    outer loop
      vertex 6.01666 35.634 57.9482
      vertex 6.01666 10.366 57.9482
      vertex 6.05291 35.676 58.0123
    endloop
  endfacet
  facet normal -0.870449 0 0.492259
    outer loop
      vertex 6.05291 10.324 58.0123
      vertex 6.05291 35.676 58.0123
      vertex 6.01666 10.366 57.9482
    endloop
  endfacet
  facet normal -0.870673 0 0.491861
    outer loop
      vertex 6.05291 35.676 58.0123
      vertex 6.05291 10.324 58.0123
      vertex 6.0885 35.7203 58.0753
    endloop
  endfacet
  facet normal -0.870673 0 0.491861
    outer loop
      vertex 6.0885 10.2797 58.0753
      vertex 6.0885 35.7203 58.0753
      vertex 6.05291 10.324 58.0123
    endloop
  endfacet
  facet normal -0.870526 0 0.492122
    outer loop
      vertex 6.0885 35.7203 58.0753
      vertex 6.0885 10.2797 58.0753
      vertex 6.12338 35.7669 58.137
    endloop
  endfacet
  facet normal -0.870526 0 0.492122
    outer loop
      vertex 6.12338 10.2331 58.137
      vertex 6.12338 35.7669 58.137
      vertex 6.0885 10.2797 58.0753
    endloop
  endfacet
  facet normal -0.870496 0 0.492176
    outer loop
      vertex 6.12338 35.7669 58.137
      vertex 6.12338 10.2331 58.137
      vertex 6.15753 35.8157 58.1974
    endloop
  endfacet
  facet normal -0.870496 0 0.492176
    outer loop
      vertex 6.15753 10.1843 58.1974
      vertex 6.15753 35.8157 58.1974
      vertex 6.12338 10.2331 58.137
    endloop
  endfacet
  facet normal -0.87078 0 0.491674
    outer loop
      vertex 6.15753 35.8157 58.1974
      vertex 6.15753 10.1843 58.1974
      vertex 6.1909 35.8666 58.2565
    endloop
  endfacet
  facet normal -0.87078 0 0.491674
    outer loop
      vertex 6.1909 10.1334 58.2565
      vertex 6.1909 35.8666 58.2565
      vertex 6.15753 10.1843 58.1974
    endloop
  endfacet
  facet normal -0.870411 0 0.492326
    outer loop
      vertex 6.1909 35.8666 58.2565
      vertex 6.1909 10.1334 58.2565
      vertex 6.22348 35.9196 58.3141
    endloop
  endfacet
  facet normal -0.870411 0 0.492326
    outer loop
      vertex 6.22348 10.0804 58.3141
      vertex 6.22348 35.9196 58.3141
      vertex 6.1909 10.1334 58.2565
    endloop
  endfacet
  facet normal -0.870421 0 0.492308
    outer loop
      vertex 6.22348 35.9196 58.3141
      vertex 6.22348 10.0804 58.3141
      vertex 6.25521 35.9747 58.3702
    endloop
  endfacet
  facet normal -0.870421 0 0.492308
    outer loop
      vertex 6.25521 10.0253 58.3702
      vertex 6.25521 35.9747 58.3702
      vertex 6.22348 10.0804 58.3141
    endloop
  endfacet
  facet normal -0.8705 0 0.492168
    outer loop
      vertex 6.25521 35.9747 58.3702
      vertex 6.25521 10.0253 58.3702
      vertex 6.28608 36.0318 58.4248
    endloop
  endfacet
  facet normal -0.8705 0 0.492168
    outer loop
      vertex 6.28608 9.96821 58.4248
      vertex 6.28608 36.0318 58.4248
      vertex 6.25521 10.0253 58.3702
    endloop
  endfacet
  facet normal -0.870865 0 0.491522
    outer loop
      vertex 6.28608 36.0318 58.4248
      vertex 6.28608 9.96821 58.4248
      vertex 6.31605 36.0908 58.4779
    endloop
  endfacet
  facet normal -0.870865 0 0.491522
    outer loop
      vertex 6.31605 9.90919 58.4779
      vertex 6.31605 36.0908 58.4779
      vertex 6.28608 9.96821 58.4248
    endloop
  endfacet
  facet normal -0.870579 0 0.492029
    outer loop
      vertex 6.31605 36.0908 58.4779
      vertex 6.31605 9.90919 58.4779
      vertex 6.3451 36.1517 58.5293
    endloop
  endfacet
  facet normal -0.870579 0 0.492029
    outer loop
      vertex 6.3451 9.84828 58.5293
      vertex 6.3451 36.1517 58.5293
      vertex 6.31605 9.90919 58.4779
    endloop
  endfacet
  facet normal -0.870148 0 0.492791
    outer loop
      vertex 6.3451 36.1517 58.5293
      vertex 6.3451 9.84828 58.5293
      vertex 6.37319 36.2145 58.5789
    endloop
  endfacet
  facet normal -0.870148 0 0.492791
    outer loop
      vertex 6.37319 9.78554 58.5789
      vertex 6.37319 36.2145 58.5789
      vertex 6.3451 9.84828 58.5293
    endloop
  endfacet
  facet normal -0.870799 0 0.491639
    outer loop
      vertex 6.37319 36.2145 58.5789
      vertex 6.37319 9.78554 58.5789
      vertex 6.40029 36.279 58.6269
    endloop
  endfacet
  facet normal -0.870799 0 0.491639
    outer loop
      vertex 6.40029 9.72104 58.6269
      vertex 6.40029 36.279 58.6269
      vertex 6.37319 9.78554 58.5789
    endloop
  endfacet
  facet normal -0.870668 0 0.491871
    outer loop
      vertex 6.40029 36.279 58.6269
      vertex 6.40029 9.72104 58.6269
      vertex 6.42639 36.3452 58.6731
    endloop
  endfacet
  facet normal -0.870668 0 0.491871
    outer loop
      vertex 6.42639 9.65485 58.6731
      vertex 6.42639 36.3452 58.6731
      vertex 6.40029 9.72104 58.6269
    endloop
  endfacet
  facet normal -0.870387 0 0.492368
    outer loop
      vertex 6.42639 36.3452 58.6731
      vertex 6.42639 9.65485 58.6731
      vertex 6.45145 36.413 58.7174
    endloop
  endfacet
  facet normal -0.870387 0 0.492368
    outer loop
      vertex 6.45145 9.58702 58.7174
      vertex 6.45145 36.413 58.7174
      vertex 6.42639 9.65485 58.6731
    endloop
  endfacet
  facet normal -0.870841 0 0.491564
    outer loop
      vertex 6.45145 36.413 58.7174
      vertex 6.45145 9.58702 58.7174
      vertex 6.47544 36.4824 58.7599
    endloop
  endfacet
  facet normal -0.870841 0 0.491564
    outer loop
      vertex 6.47544 9.51762 58.7599
      vertex 6.47544 36.4824 58.7599
      vertex 6.45145 9.58702 58.7174
    endloop
  endfacet
  facet normal -0.870299 0 0.492525
    outer loop
      vertex 6.47544 36.4824 58.7599
      vertex 6.47544 9.51762 58.7599
      vertex 6.49836 36.5533 58.8004
    endloop
  endfacet
  facet normal -0.870299 0 0.492525
    outer loop
      vertex 6.49836 9.44673 58.8004
      vertex 6.49836 36.5533 58.8004
      vertex 6.47544 9.51762 58.7599
    endloop
  endfacet
  facet normal -0.870634 0 0.491931
    outer loop
      vertex 6.49836 36.5533 58.8004
      vertex 6.49836 9.44673 58.8004
      vertex 6.52017 36.6256 58.839
    endloop
  endfacet
  facet normal -0.870634 0 0.491931
    outer loop
      vertex 6.52017 9.37441 58.839
      vertex 6.52017 36.6256 58.839
      vertex 6.49836 9.44673 58.8004
    endloop
  endfacet
  facet normal -0.870736 0 0.491751
    outer loop
      vertex 6.52017 36.6256 58.839
      vertex 6.52017 9.37441 58.839
      vertex 6.54084 36.6993 58.8756
    endloop
  endfacet
  facet normal -0.870736 0 0.491751
    outer loop
      vertex 6.54084 9.30073 58.8756
      vertex 6.54084 36.6993 58.8756
      vertex 6.52017 9.37441 58.839
    endloop
  endfacet
  facet normal -0.870238 0 0.492631
    outer loop
      vertex 6.54084 36.6993 58.8756
      vertex 6.54084 9.30073 58.8756
      vertex 6.56037 36.7742 58.9101
    endloop
  endfacet
  facet normal -0.870238 0 0.492631
    outer loop
      vertex 6.56037 9.22577 58.9101
      vertex 6.56037 36.7742 58.9101
      vertex 6.54084 9.30073 58.8756
    endloop
  endfacet
  facet normal -0.870673 0 0.491863
    outer loop
      vertex 6.56037 36.7742 58.9101
      vertex 6.56037 9.22577 58.9101
      vertex 6.57873 36.8504 58.9426
    endloop
  endfacet
  facet normal -0.870673 0 0.491863
    outer loop
      vertex 6.57873 9.1496 58.9426
      vertex 6.57873 36.8504 58.9426
      vertex 6.56037 9.22577 58.9101
    endloop
  endfacet
  facet normal -0.870595 0 0.492001
    outer loop
      vertex 6.57873 36.8504 58.9426
      vertex 6.57873 9.1496 58.9426
      vertex 6.59591 36.9277 58.973
    endloop
  endfacet
  facet normal -0.870595 0 0.492001
    outer loop
      vertex 6.59591 9.0723 58.973
      vertex 6.59591 36.9277 58.973
      vertex 6.57873 9.1496 58.9426
    endloop
  endfacet
  facet normal -0.870901 0 0.491459
    outer loop
      vertex 6.59591 36.9277 58.973
      vertex 6.59591 9.0723 58.973
      vertex 6.61188 37.0061 59.0013
    endloop
  endfacet
  facet normal -0.870901 0 0.491459
    outer loop
      vertex 6.61188 8.99394 59.0013
      vertex 6.61188 37.0061 59.0013
      vertex 6.59591 9.0723 58.973
    endloop
  endfacet
  facet normal -0.870594 0 0.492002
    outer loop
      vertex 6.61188 37.0061 59.0013
      vertex 6.61188 8.99394 59.0013
      vertex 6.62663 37.0854 59.0274
    endloop
  endfacet
  facet normal -0.870594 0 0.492002
    outer loop
      vertex 6.62663 8.91459 59.0274
      vertex 6.62663 37.0854 59.0274
      vertex 6.61188 8.99394 59.0013
    endloop
  endfacet
  facet normal -0.870386 0 0.492369
    outer loop
      vertex 6.62663 37.0854 59.0274
      vertex 6.62663 8.91459 59.0274
      vertex 6.64015 37.1657 59.0513
    endloop
  endfacet
  facet normal -0.870386 0 0.492369
    outer loop
      vertex 6.64015 8.83435 59.0513
      vertex 6.64015 37.1657 59.0513
      vertex 6.62663 8.91459 59.0274
    endloop
  endfacet
  facet normal -0.870309 0 0.492507
    outer loop
      vertex 6.64015 37.1657 59.0513
      vertex 6.64015 8.83435 59.0513
      vertex 6.65243 37.2467 59.073
    endloop
  endfacet
  facet normal -0.870309 0 0.492507
    outer loop
      vertex 6.65243 8.75328 59.073
      vertex 6.65243 37.2467 59.073
      vertex 6.64015 8.83435 59.0513
    endloop
  endfacet
  facet normal -0.870787 0 0.49166
    outer loop
      vertex 6.65243 37.2467 59.073
      vertex 6.65243 8.75328 59.073
      vertex 6.66344 37.3285 59.0925
    endloop
  endfacet
  facet normal -0.870787 0 0.49166
    outer loop
      vertex 6.66344 8.67146 59.0925
      vertex 6.66344 37.3285 59.0925
      vertex 6.65243 8.75328 59.073
    endloop
  endfacet
  facet normal -0.870167 0 0.492757
    outer loop
      vertex 6.66344 37.3285 59.0925
      vertex 6.66344 8.67146 59.0925
      vertex 6.67318 37.411 59.1097
    endloop
  endfacet
  facet normal -0.870167 0 0.492757
    outer loop
      vertex 6.67318 8.58899 59.1097
      vertex 6.67318 37.411 59.1097
      vertex 6.66344 8.67146 59.0925
    endloop
  endfacet
  facet normal -0.871017 0 0.491253
    outer loop
      vertex 6.68164 8.50593 59.1247
      vertex 6.67318 37.411 59.1097
      vertex 6.67318 8.58899 59.1097
    endloop
  endfacet
  facet normal -0.870565 0 0.492054
    outer loop
      vertex 6.68164 37.4941 59.1247
      vertex 6.68164 8.50593 59.1247
      vertex 7.60791 46 60.7635
    endloop
  endfacet
  facet normal -0.870524 -4.19563e-06 0.492127
    outer loop
      vertex 6.68882 8.42237 59.1374
      vertex 7.60791 46 60.7635
      vertex 6.68164 8.50593 59.1247
    endloop
  endfacet
  facet normal -0.870681 -5.21509e-05 0.491848
    outer loop
      vertex 7.60791 0 60.7635
      vertex 6.68882 8.42237 59.1374
      vertex 6.6947 8.3384 59.1478
    endloop
  endfacet
  facet normal -0.870647 -3.6827e-05 0.491908
    outer loop
      vertex 7.60791 0 60.7635
      vertex 6.6947 8.3384 59.1478
      vertex 6.69928 8.25409 59.1559
    endloop
  endfacet
  facet normal -0.870628 -2.8413e-05 0.491941
    outer loop
      vertex 7.60791 0 60.7635
      vertex 6.69928 8.25409 59.1559
      vertex 6.70256 8.16953 59.1617
    endloop
  endfacet
  facet normal -0.870048 0.000237163 0.492967
    outer loop
      vertex 7.60791 0 60.7635
      vertex 6.70256 8.16953 59.1617
      vertex 6.70452 8.08481 59.1652
    endloop
  endfacet
  facet normal -0.871472 -0.000420735 0.490445
    outer loop
      vertex 7.60791 0 60.7635
      vertex 6.70452 8.08481 59.1652
      vertex 6.70518 8 59.1663
    endloop
  endfacet
  facet normal -0.869779 0.000368686 0.493442
    outer loop
      vertex 7.60791 0 60.7635
      vertex 6.70518 8 59.1663
      vertex 6.70452 7.91519 59.1652
    endloop
  endfacet
  facet normal -0.870893 -0.00015589 0.491473
    outer loop
      vertex 7.60791 0 60.7635
      vertex 6.70452 7.91519 59.1652
      vertex 6.70256 7.83047 59.1617
    endloop
  endfacet
  facet normal -0.870476 0.000154112 0.492211
    outer loop
      vertex 5.33489 5.30133 56.742
      vertex 7.60791 0 60.7635
      vertex 5.37662 5.3 56.8158
    endloop
  endfacet
  facet normal -0.870478 0.000150029 0.492207
    outer loop
      vertex 5.37662 5.3 56.8158
      vertex 7.60791 0 60.7635
      vertex 5.41835 5.30133 56.8896
    endloop
  endfacet
  facet normal -0.870675 -0.00018546 0.491859
    outer loop
      vertex 5.41835 5.30133 56.8896
      vertex 7.60791 0 60.7635
      vertex 5.46004 5.30533 56.9634
    endloop
  endfacet
  facet normal -0.870515 8.15126e-05 0.492141
    outer loop
      vertex 5.46004 5.30533 56.9634
      vertex 7.60791 0 60.7635
      vertex 5.50165 5.31198 57.037
    endloop
  endfacet
  facet normal -0.870595 -4.97515e-05 0.492
    outer loop
      vertex 5.50165 5.31198 57.037
      vertex 7.60791 0 60.7635
      vertex 5.54313 5.32129 57.1104
    endloop
  endfacet
  facet normal -0.870551 2.1478e-05 0.492078
    outer loop
      vertex 5.54313 5.32129 57.1104
      vertex 7.60791 0 60.7635
      vertex 5.58445 5.33324 57.1835
    endloop
  endfacet
  facet normal -0.870433 0.000205873 0.492286
    outer loop
      vertex 5.58445 5.33324 57.1835
      vertex 7.60791 0 60.7635
      vertex 5.62557 5.34783 57.2562
    endloop
  endfacet
  facet normal -0.870542 3.92819e-05 0.492094
    outer loop
      vertex 5.62557 5.34783 57.2562
      vertex 7.60791 0 60.7635
      vertex 5.66644 5.36503 57.3285
    endloop
  endfacet
  facet normal -0.870575 -1.00768e-05 0.492035
    outer loop
      vertex 5.66644 5.36503 57.3285
      vertex 7.60791 0 60.7635
      vertex 5.70702 5.38483 57.4003
    endloop
  endfacet
  facet normal -0.870739 -0.000248447 0.491746
    outer loop
      vertex 5.70702 5.38483 57.4003
      vertex 7.60791 0 60.7635
      vertex 5.74728 5.40721 57.4716
    endloop
  endfacet
  facet normal -0.870379 0.000262022 0.492382
    outer loop
      vertex 5.74728 5.40721 57.4716
      vertex 7.60791 0 60.7635
      vertex 5.78717 5.43215 57.5421
    endloop
  endfacet
  facet normal -0.870688 -0.000165238 0.491836
    outer loop
      vertex 5.78717 5.43215 57.5421
      vertex 7.60791 0 60.7635
      vertex 5.82665 5.45962 57.612
    endloop
  endfacet
  facet normal -0.870592 -3.50476e-05 0.492007
    outer loop
      vertex 5.82665 5.45962 57.612
      vertex 7.60791 0 60.7635
      vertex 5.8657 5.4896 57.6811
    endloop
  endfacet
  facet normal -0.870511 7.08635e-05 0.492149
    outer loop
      vertex 5.8657 5.4896 57.6811
      vertex 7.60791 0 60.7635
      vertex 5.90426 5.52206 57.7493
    endloop
  endfacet
  facet normal -0.870565 0 0.492053
    outer loop
      vertex 6.68882 8.42237 59.1374
      vertex 7.60791 0 60.7635
      vertex 7.60791 46 60.7635
    endloop
  endfacet
  facet normal -0.870537 1.38331e-05 0.492102
    outer loop
      vertex 6.69928 7.74591 59.1559
      vertex 7.60791 0 60.7635
      vertex 6.70256 7.83047 59.1617
    endloop
  endfacet
  facet normal -0.87054 1.27544e-05 0.492098
    outer loop
      vertex 6.6947 7.6616 59.1478
      vertex 7.60791 0 60.7635
      vertex 6.69928 7.74591 59.1559
    endloop
  endfacet
  facet normal -0.870541 1.18524e-05 0.492095
    outer loop
      vertex 6.68882 7.57763 59.1374
      vertex 7.60791 0 60.7635
      vertex 6.6947 7.6616 59.1478
    endloop
  endfacet
  facet normal -0.870543 1.10828e-05 0.492092
    outer loop
      vertex 6.68164 7.49407 59.1247
      vertex 7.60791 0 60.7635
      vertex 6.68882 7.57763 59.1374
    endloop
  endfacet
  facet normal -0.870769 -0.000104417 0.491692
    outer loop
      vertex 6.67318 7.41101 59.1097
      vertex 7.60791 0 60.7635
      vertex 6.68164 7.49407 59.1247
    endloop
  endfacet
  facet normal -0.870375 0.000101123 0.49239
    outer loop
      vertex 6.66344 7.32854 59.0925
      vertex 7.60791 0 60.7635
      vertex 6.67318 7.41101 59.1097
    endloop
  endfacet
  facet normal -0.870678 -6.05771e-05 0.491853
    outer loop
      vertex 6.65243 7.24672 59.073
      vertex 7.60791 0 60.7635
      vertex 6.66344 7.32854 59.0925
    endloop
  endfacet
  facet normal -0.870429 7.5194e-05 0.492294
    outer loop
      vertex 6.64015 7.16565 59.0513
      vertex 7.60791 0 60.7635
      vertex 6.65243 7.24672 59.073
    endloop
  endfacet
  facet normal -0.870465 5.49389e-05 0.492229
    outer loop
      vertex 6.62663 7.08541 59.0274
      vertex 7.60791 0 60.7635
      vertex 6.64015 7.16565 59.0513
    endloop
  endfacet
  facet normal -0.87058 -1.06108e-05 0.492027
    outer loop
      vertex 6.61188 7.00606 59.0013
      vertex 7.60791 0 60.7635
      vertex 6.62663 7.08541 59.0274
    endloop
  endfacet
  facet normal -0.870762 -0.000117311 0.491705
    outer loop
      vertex 6.59591 6.9277 58.973
      vertex 7.60791 0 60.7635
      vertex 6.61188 7.00606 59.0013
    endloop
  endfacet
  facet normal -0.870584 -1.00028e-05 0.49202
    outer loop
      vertex 6.57873 6.8504 58.9426
      vertex 7.60791 0 60.7635
      vertex 6.59591 6.9277 58.973
    endloop
  endfacet
  facet normal -0.870632 -4.006e-05 0.491934
    outer loop
      vertex 6.56037 6.77423 58.9101
      vertex 7.60791 0 60.7635
      vertex 6.57873 6.8504 58.9426
    endloop
  endfacet
  facet normal -0.870362 0.0001326 0.492412
    outer loop
      vertex 6.54084 6.69927 58.8756
      vertex 7.60791 0 60.7635
      vertex 6.56037 6.77423 58.9101
    endloop
  endfacet
  facet normal -0.870673 -7.22039e-05 0.491862
    outer loop
      vertex 6.52017 6.62559 58.839
      vertex 7.60791 0 60.7635
      vertex 6.54084 6.69927 58.8756
    endloop
  endfacet
  facet normal -0.870611 -2.95819e-05 0.491973
    outer loop
      vertex 6.49836 6.55327 58.8004
      vertex 7.60791 0 60.7635
      vertex 6.52017 6.62559 58.839
    endloop
  endfacet
  facet normal -0.870391 0.000123655 0.492361
    outer loop
      vertex 6.47544 6.48238 58.7599
      vertex 7.60791 0 60.7635
      vertex 6.49836 6.55327 58.8004
    endloop
  endfacet
  facet normal -0.870748 -0.000133612 0.49173
    outer loop
      vertex 6.45145 6.41298 58.7174
      vertex 7.60791 0 60.7635
      vertex 6.47544 6.48238 58.7599
    endloop
  endfacet
  facet normal -0.870447 9.07493e-05 0.492263
    outer loop
      vertex 6.42639 6.34515 58.6731
      vertex 7.60791 0 60.7635
      vertex 6.45145 6.41298 58.7174
    endloop
  endfacet
  facet normal -0.870635 -5.40407e-05 0.49193
    outer loop
      vertex 6.40029 6.27896 58.6269
      vertex 7.60791 0 60.7635
      vertex 6.42639 6.34515 58.6731
    endloop
  endfacet
  facet normal -0.870726 -0.000126683 0.491768
    outer loop
      vertex 6.37319 6.21446 58.5789
      vertex 7.60791 0 60.7635
      vertex 6.40029 6.27896 58.6269
    endloop
  endfacet
  facet normal -0.870278 0.000240978 0.49256
    outer loop
      vertex 6.3451 6.15172 58.5293
      vertex 7.60791 0 60.7635
      vertex 6.37319 6.21446 58.5789
    endloop
  endfacet
  facet normal -0.870574 -9.47792e-06 0.492038
    outer loop
      vertex 6.31605 6.09081 58.4779
      vertex 7.60791 0 60.7635
      vertex 6.3451 6.15172 58.5293
    endloop
  endfacet
  facet normal -0.870776 -0.000186829 0.49168
    outer loop
      vertex 6.28608 6.03179 58.4248
      vertex 7.60791 0 60.7635
      vertex 6.31605 6.09081 58.4779
    endloop
  endfacet
  facet normal -0.87052 4.46703e-05 0.492132
    outer loop
      vertex 6.25521 5.9747 58.3702
      vertex 7.60791 0 60.7635
      vertex 6.28608 6.03179 58.4248
    endloop
  endfacet
  facet normal -0.870463 9.86696e-05 0.492234
    outer loop
      vertex 6.22348 5.91961 58.3141
      vertex 7.60791 0 60.7635
      vertex 6.25521 5.9747 58.3702
    endloop
  endfacet
  facet normal -0.870453 0.000107746 0.492251
    outer loop
      vertex 6.1909 5.86658 58.2565
      vertex 7.60791 0 60.7635
      vertex 6.22348 5.91961 58.3141
    endloop
  endfacet
  facet normal -0.870721 -0.000159134 0.491778
    outer loop
      vertex 6.15753 5.81565 58.1974
      vertex 7.60791 0 60.7635
      vertex 6.1909 5.86658 58.2565
    endloop
  endfacet
  facet normal -0.870514 5.36527e-05 0.492143
    outer loop
      vertex 6.12338 5.76688 58.137
      vertex 7.60791 0 60.7635
      vertex 6.15753 5.81565 58.1974
    endloop
  endfacet
  facet normal -0.870536 3.06224e-05 0.492105
    outer loop
      vertex 6.0885 5.72031 58.0753
      vertex 7.60791 0 60.7635
      vertex 6.12338 5.76688 58.137
    endloop
  endfacet
  facet normal -0.870646 -9.04104e-05 0.49191
    outer loop
      vertex 6.05291 5.676 58.0123
      vertex 7.60791 0 60.7635
      vertex 6.0885 5.72031 58.0753
    endloop
  endfacet
  facet normal -0.870477 0.000100761 0.492209
    outer loop
      vertex 6.01666 5.63397 57.9482
      vertex 7.60791 0 60.7635
      vertex 6.05291 5.676 58.0123
    endloop
  endfacet
  facet normal -0.870645 -9.47687e-05 0.491912
    outer loop
      vertex 5.97977 5.59428 57.8829
      vertex 7.60791 0 60.7635
      vertex 6.01666 5.63397 57.9482
    endloop
  endfacet
  facet normal -0.870537 3.49506e-05 0.492103
    outer loop
      vertex 5.94229 5.55697 57.8166
      vertex 7.60791 0 60.7635
      vertex 5.97977 5.59428 57.8829
    endloop
  endfacet
  facet normal -0.870603 -4.67726e-05 0.491986
    outer loop
      vertex 5.90426 5.52206 57.7493
      vertex 7.60791 0 60.7635
      vertex 5.94229 5.55697 57.8166
    endloop
  endfacet
  facet normal 0.870564 -0 0.492055
    outer loop
      vertex 42.3921 0 60.7635
      vertex 50 46 47.3033
      vertex 42.3921 46 60.7635
    endloop
  endfacet
  facet normal 0.870564 0 0.492055
    outer loop
      vertex 50 46 47.3033
      vertex 42.3921 0 60.7635
      vertex 50 0 47.3033
    endloop
  endfacet
  facet normal 0 0 -1
    outer loop
      vertex 0 0 30
      vertex 5 9.5 30
      vertex 5 0 30
    endloop
  endfacet
  facet normal -0 0 -1
    outer loop
      vertex 5 9.5 30
      vertex 0 0 30
      vertex 0 9.5 30
    endloop
  endfacet
  facet normal 0 0 -1
    outer loop
      vertex 45 0 30
      vertex 50 9.5 30
      vertex 50 0 30
    endloop
  endfacet
  facet normal -0 0 -1
    outer loop
      vertex 50 9.5 30
      vertex 45 0 30
      vertex 45 9.5 30
    endloop
  endfacet
  facet normal 0 -1 0
    outer loop
      vertex 0 9.5 25
      vertex 5 9.5 30
      vertex 0 9.5 30
    endloop
  endfacet
  facet normal 0 -1 -0
    outer loop
      vertex 5 9.5 30
      vertex 0 9.5 25
      vertex 5 9.5 25
    endloop
  endfacet
  facet normal 0 -1 0
    outer loop
      vertex 45 9.5 25
      vertex 50 9.5 30
      vertex 45 9.5 30
    endloop
  endfacet
  facet normal 0 -1 -0
    outer loop
      vertex 50 9.5 30
      vertex 45 9.5 25
      vertex 50 9.5 25
    endloop
  endfacet
  facet normal 0 0 -1
    outer loop
      vertex 0 36.5 30
      vertex 5 46 30
      vertex 5 36.5 30
    endloop
  endfacet
  facet normal -0 0 -1
    outer loop
      vertex 5 46 30
      vertex 0 36.5 30
      vertex 0 46 30
    endloop
  endfacet
  facet normal 0 0 -1
    outer loop
      vertex 45 36.5 30
      vertex 50 46 30
      vertex 50 36.5 30
    endloop
  endfacet
  facet normal -0 0 -1
    outer loop
      vertex 50 46 30
      vertex 45 36.5 30
      vertex 45 46 30
    endloop
  endfacet
  facet normal 0 1 -0
    outer loop
      vertex 5 36.5 25
      vertex 0 36.5 30
      vertex 5 36.5 30
    endloop
  endfacet
  facet normal 0 1 0
    outer loop
      vertex 0 36.5 30
      vertex 5 36.5 25
      vertex 0 36.5 25
    endloop
  endfacet
  facet normal 0 1 -0
    outer loop
      vertex 50 36.5 25
      vertex 45 36.5 30
      vertex 50 36.5 30
    endloop
  endfacet
  facet normal 0 1 0
    outer loop
      vertex 45 36.5 30
      vertex 50 36.5 25
      vertex 45 36.5 25
    endloop
  endfacet
  facet normal -0.935454 0.353448 0
    outer loop
      vertex 28.6261 21.5643 0
      vertex 28.6694 21.6789 8.51
      vertex 28.6694 21.6789 0
    endloop
  endfacet
  facet normal -0.935454 0.353448 0
    outer loop
      vertex 28.6694 21.6789 8.51
      vertex 28.6261 21.5643 0
      vertex 28.6261 21.5643 8.51
    endloop
  endfacet
  facet normal -0.998879 -0.0473325 0
    outer loop
      vertex 28.8981 23.1225 0
      vertex 28.8923 23.2449 8.51
      vertex 28.8923 23.2449 0
    endloop
  endfacet
  facet normal -0.998879 -0.0473325 0
    outer loop
      vertex 28.8923 23.2449 8.51
      vertex 28.8981 23.1225 0
      vertex 28.8981 23.1225 8.51
    endloop
  endfacet
  facet normal -0.99988 -0.0155083 0
    outer loop
      vertex 28.9 23 0
      vertex 28.8981 23.1225 8.51
      vertex 28.8981 23.1225 0
    endloop
  endfacet
  facet normal -0.99988 -0.0155083 0
    outer loop
      vertex 28.8981 23.1225 8.51
      vertex 28.9 23 0
      vertex 28.9 23 8.51
    endloop
  endfacet
  facet normal -0.996923 -0.0783822 0
    outer loop
      vertex 28.8923 23.2449 0
      vertex 28.8827 23.367 8.51
      vertex 28.8827 23.367 0
    endloop
  endfacet
  facet normal -0.996923 -0.0783822 0
    outer loop
      vertex 28.8827 23.367 8.51
      vertex 28.8923 23.2449 0
      vertex 28.8923 23.2449 8.51
    endloop
  endfacet
  facet normal -0.946039 -0.324053 0
    outer loop
      vertex 28.7091 24.2052 0
      vertex 28.6694 24.3211 8.51
      vertex 28.6694 24.3211 0
    endloop
  endfacet
  facet normal -0.946039 -0.324053 0
    outer loop
      vertex 28.6694 24.3211 8.51
      vertex 28.7091 24.2052 0
      vertex 28.7091 24.2052 8.51
    endloop
  endfacet
  facet normal -0.993914 0.110163 0
    outer loop
      vertex 28.8692 22.5112 0
      vertex 28.8827 22.633 8.51
      vertex 28.8827 22.633 0
    endloop
  endfacet
  facet normal -0.993914 0.110163 0
    outer loop
      vertex 28.8827 22.633 8.51
      vertex 28.8692 22.5112 0
      vertex 28.8692 22.5112 8.51
    endloop
  endfacet
  facet normal 0.0155083 -0.99988 0
    outer loop
      vertex 24.8775 26.8981 0
      vertex 25 26.9 8.51
      vertex 24.8775 26.8981 8.51
    endloop
  endfacet
  facet normal 0.0155083 -0.99988 0
    outer loop
      vertex 25 26.9 8.51
      vertex 24.8775 26.8981 0
      vertex 25 26.9 0
    endloop
  endfacet
  facet normal 0.26436 0.964424 -0
    outer loop
      vertex 24.0301 19.2225 0
      vertex 23.9119 19.2549 8.51
      vertex 24.0301 19.2225 8.51
    endloop
  endfacet
  facet normal 0.26436 0.964424 0
    outer loop
      vertex 23.9119 19.2549 8.51
      vertex 24.0301 19.2225 0
      vertex 23.9119 19.2549 0
    endloop
  endfacet
  facet normal -0.883728 -0.468 0
    outer loop
      vertex 28.4749 24.7706 0
      vertex 28.4176 24.8788 8.51
      vertex 28.4176 24.8788 0
    endloop
  endfacet
  facet normal -0.883728 -0.468 0
    outer loop
      vertex 28.4176 24.8788 8.51
      vertex 28.4749 24.7706 0
      vertex 28.4749 24.7706 8.51
    endloop
  endfacet
  facet normal -0.439693 -0.898148 0
    outer loop
      vertex 26.6605 26.5288 0
      vertex 26.7706 26.4749 8.51
      vertex 26.6605 26.5288 8.51
    endloop
  endfacet
  facet normal -0.439693 -0.898148 -0
    outer loop
      vertex 26.7706 26.4749 8.51
      vertex 26.6605 26.5288 0
      vertex 26.7706 26.4749 0
    endloop
  endfacet
  facet normal 0.964424 0.26436 0
    outer loop
      vertex 21.2549 21.9119 8.51
      vertex 21.2225 22.0301 0
      vertex 21.2225 22.0301 8.51
    endloop
  endfacet
  facet normal 0.964424 0.26436 0
    outer loop
      vertex 21.2225 22.0301 0
      vertex 21.2549 21.9119 8.51
      vertex 21.2549 21.9119 0
    endloop
  endfacet
  facet normal -0.911371 -0.411587 0
    outer loop
      vertex 28.5792 24.5489 0
      vertex 28.5288 24.6605 8.51
      vertex 28.5288 24.6605 0
    endloop
  endfacet
  facet normal -0.911371 -0.411587 0
    outer loop
      vertex 28.5288 24.6605 8.51
      vertex 28.5792 24.5489 0
      vertex 28.5792 24.5489 8.51
    endloop
  endfacet
  facet normal -0.233496 -0.972358 0
    outer loop
      vertex 25.8508 26.8061 0
      vertex 25.9699 26.7775 8.51
      vertex 25.8508 26.8061 8.51
    endloop
  endfacet
  facet normal -0.233496 -0.972358 -0
    outer loop
      vertex 25.9699 26.7775 8.51
      vertex 25.8508 26.8061 0
      vertex 25.9699 26.7775 0
    endloop
  endfacet
  facet normal 0.911371 -0.411587 0
    outer loop
      vertex 21.4208 24.5489 8.51
      vertex 21.4712 24.6605 0
      vertex 21.4712 24.6605 8.51
    endloop
  endfacet
  facet normal 0.911371 -0.411587 0
    outer loop
      vertex 21.4712 24.6605 0
      vertex 21.4208 24.5489 8.51
      vertex 21.4208 24.5489 0
    endloop
  endfacet
  facet normal -0.95585 -0.293856 0
    outer loop
      vertex 28.7451 24.0881 0
      vertex 28.7091 24.2052 8.51
      vertex 28.7091 24.2052 0
    endloop
  endfacet
  facet normal -0.95585 -0.293856 0
    outer loop
      vertex 28.7091 24.2052 8.51
      vertex 28.7451 24.0881 0
      vertex 28.7451 24.0881 8.51
    endloop
  endfacet
  facet normal -0.852554 0.522639 0
    outer loop
      vertex 28.2929 20.9103 0
      vertex 28.3569 21.0147 8.51
      vertex 28.3569 21.0147 0
    endloop
  endfacet
  facet normal -0.852554 0.522639 0
    outer loop
      vertex 28.3569 21.0147 8.51
      vertex 28.2929 20.9103 0
      vertex 28.2929 20.9103 8.51
    endloop
  endfacet
  facet normal -0.993914 -0.110163 0
    outer loop
      vertex 28.8827 23.367 0
      vertex 28.8692 23.4888 8.51
      vertex 28.8692 23.4888 0
    endloop
  endfacet
  facet normal -0.993914 -0.110163 0
    outer loop
      vertex 28.8692 23.4888 8.51
      vertex 28.8827 23.367 0
      vertex 28.8827 23.367 8.51
    endloop
  endfacet
  facet normal -0.718036 0.696006 0
    outer loop
      vertex 27.7577 20.2423 0
      vertex 27.843 20.3303 8.51
      vertex 27.843 20.3303 0
    endloop
  endfacet
  facet normal -0.718036 0.696006 0
    outer loop
      vertex 27.843 20.3303 8.51
      vertex 27.7577 20.2423 0
      vertex 27.7577 20.2423 8.51
    endloop
  endfacet
  facet normal 0.411587 0.911371 -0
    outer loop
      vertex 23.4511 19.4208 0
      vertex 23.3395 19.4712 8.51
      vertex 23.4511 19.4208 8.51
    endloop
  endfacet
  facet normal 0.411587 0.911371 0
    outer loop
      vertex 23.3395 19.4712 8.51
      vertex 23.4511 19.4208 0
      vertex 23.3395 19.4712 0
    endloop
  endfacet
  facet normal 0.95585 -0.293856 0
    outer loop
      vertex 21.2549 24.0881 8.51
      vertex 21.2909 24.2052 0
      vertex 21.2909 24.2052 8.51
    endloop
  endfacet
  facet normal 0.95585 -0.293856 0
    outer loop
      vertex 21.2909 24.2052 0
      vertex 21.2549 24.0881 8.51
      vertex 21.2549 24.0881 0
    endloop
  endfacet
  facet normal -0.293856 0.95585 0
    outer loop
      vertex 26.2052 19.2909 0
      vertex 26.0881 19.2549 8.51
      vertex 26.2052 19.2909 8.51
    endloop
  endfacet
  facet normal -0.293856 0.95585 0
    outer loop
      vertex 26.0881 19.2549 8.51
      vertex 26.2052 19.2909 0
      vertex 26.0881 19.2549 0
    endloop
  endfacet
  facet normal -0.172202 -0.985062 0
    outer loop
      vertex 25.6101 26.852 0
      vertex 25.7308 26.8309 8.51
      vertex 25.6101 26.852 8.51
    endloop
  endfacet
  facet normal -0.172202 -0.985062 -0
    outer loop
      vertex 25.7308 26.8309 8.51
      vertex 25.6101 26.852 0
      vertex 25.7308 26.8309 0
    endloop
  endfacet
  facet normal -0.110163 0.993914 0
    outer loop
      vertex 25.4888 19.1308 0
      vertex 25.367 19.1173 8.51
      vertex 25.4888 19.1308 8.51
    endloop
  endfacet
  facet normal -0.110163 0.993914 0
    outer loop
      vertex 25.367 19.1173 8.51
      vertex 25.4888 19.1308 0
      vertex 25.367 19.1173 0
    endloop
  endfacet
  facet normal -0.985062 0.172202 0
    outer loop
      vertex 28.8309 22.2692 0
      vertex 28.852 22.3899 8.51
      vertex 28.852 22.3899 0
    endloop
  endfacet
  facet normal -0.985062 0.172202 0
    outer loop
      vertex 28.852 22.3899 8.51
      vertex 28.8309 22.2692 0
      vertex 28.8309 22.2692 8.51
    endloop
  endfacet
  facet normal -0.99988 0.0155083 0
    outer loop
      vertex 28.8981 22.8775 0
      vertex 28.9 23 8.51
      vertex 28.9 23 0
    endloop
  endfacet
  facet normal -0.99988 0.0155083 0
    outer loop
      vertex 28.9 23 8.51
      vertex 28.8981 22.8775 0
      vertex 28.8981 22.8775 8.51
    endloop
  endfacet
  facet normal -0.964424 0.26436 0
    outer loop
      vertex 28.7451 21.9119 0
      vertex 28.7775 22.0301 8.51
      vertex 28.7775 22.0301 0
    endloop
  endfacet
  facet normal -0.964424 0.26436 0
    outer loop
      vertex 28.7775 22.0301 8.51
      vertex 28.7451 21.9119 0
      vertex 28.7451 21.9119 8.51
    endloop
  endfacet
  facet normal 0.835673 0.549227 0
    outer loop
      vertex 21.7744 20.8079 8.51
      vertex 21.7071 20.9103 0
      vertex 21.7071 20.9103 8.51
    endloop
  endfacet
  facet normal 0.835673 0.549227 0
    outer loop
      vertex 21.7071 20.9103 0
      vertex 21.7744 20.8079 8.51
      vertex 21.7744 20.8079 0
    endloop
  endfacet
  facet normal -0.549227 -0.835673 0
    outer loop
      vertex 27.0897 26.2929 0
      vertex 27.1921 26.2256 8.51
      vertex 27.0897 26.2929 8.51
    endloop
  endfacet
  facet normal -0.549227 -0.835673 -0
    outer loop
      vertex 27.1921 26.2256 8.51
      vertex 27.0897 26.2929 0
      vertex 27.1921 26.2256 0
    endloop
  endfacet
  facet normal 0.600914 -0.799314 0
    outer loop
      vertex 22.6097 26.0816 0
      vertex 22.7076 26.1552 8.51
      vertex 22.6097 26.0816 8.51
    endloop
  endfacet
  facet normal 0.600914 -0.799314 0
    outer loop
      vertex 22.7076 26.1552 8.51
      vertex 22.6097 26.0816 0
      vertex 22.7076 26.1552 0
    endloop
  endfacet
  facet normal 0.990096 0.140393 0
    outer loop
      vertex 21.148 22.3899 8.51
      vertex 21.1308 22.5112 0
      vertex 21.1308 22.5112 8.51
    endloop
  endfacet
  facet normal 0.990096 0.140393 0
    outer loop
      vertex 21.1308 22.5112 0
      vertex 21.148 22.3899 8.51
      vertex 21.148 22.3899 0
    endloop
  endfacet
  facet normal 0.0473325 0.998879 -0
    outer loop
      vertex 24.8775 19.1019 0
      vertex 24.7551 19.1077 8.51
      vertex 24.8775 19.1019 8.51
    endloop
  endfacet
  facet normal 0.0473325 0.998879 0
    outer loop
      vertex 24.7551 19.1077 8.51
      vertex 24.8775 19.1019 0
      vertex 24.7551 19.1077 0
    endloop
  endfacet
  facet normal -0.353448 0.935454 0
    outer loop
      vertex 26.4357 19.3739 0
      vertex 26.3211 19.3306 8.51
      vertex 26.4357 19.3739 8.51
    endloop
  endfacet
  facet normal -0.353448 0.935454 0
    outer loop
      vertex 26.3211 19.3306 8.51
      vertex 26.4357 19.3739 0
      vertex 26.3211 19.3306 0
    endloop
  endfacet
  facet normal 0.946039 -0.324053 0
    outer loop
      vertex 21.2909 24.2052 8.51
      vertex 21.3306 24.3211 0
      vertex 21.3306 24.3211 8.51
    endloop
  endfacet
  facet normal 0.946039 -0.324053 0
    outer loop
      vertex 21.3306 24.3211 0
      vertex 21.2909 24.2052 8.51
      vertex 21.2909 24.2052 0
    endloop
  endfacet
  facet normal -0.64985 -0.760063 0
    outer loop
      vertex 27.486 26.005 0
      vertex 27.5791 25.9254 8.51
      vertex 27.486 26.005 8.51
    endloop
  endfacet
  facet normal -0.64985 -0.760063 -0
    outer loop
      vertex 27.5791 25.9254 8.51
      vertex 27.486 26.005 0
      vertex 27.5791 25.9254 0
    endloop
  endfacet
  facet normal 0.818503 -0.574502 0
    outer loop
      vertex 21.7744 25.1921 8.51
      vertex 21.8448 25.2924 0
      vertex 21.8448 25.2924 8.51
    endloop
  endfacet
  facet normal 0.818503 -0.574502 0
    outer loop
      vertex 21.8448 25.2924 0
      vertex 21.7744 25.1921 8.51
      vertex 21.7744 25.1921 0
    endloop
  endfacet
  facet normal 0.20239 0.979305 -0
    outer loop
      vertex 24.2692 19.1691 0
      vertex 24.1492 19.1939 8.51
      vertex 24.2692 19.1691 8.51
    endloop
  endfacet
  facet normal 0.20239 0.979305 0
    outer loop
      vertex 24.1492 19.1939 8.51
      vertex 24.2692 19.1691 0
      vertex 24.1492 19.1939 0
    endloop
  endfacet
  facet normal -0.818503 0.574502 0
    outer loop
      vertex 28.1552 20.7076 0
      vertex 28.2256 20.8079 8.51
      vertex 28.2256 20.8079 0
    endloop
  endfacet
  facet normal -0.818503 0.574502 0
    outer loop
      vertex 28.2256 20.8079 8.51
      vertex 28.1552 20.7076 0
      vertex 28.1552 20.7076 8.51
    endloop
  endfacet
  facet normal -0.972358 -0.233496 0
    outer loop
      vertex 28.8061 23.8508 0
      vertex 28.7775 23.9699 8.51
      vertex 28.7775 23.9699 0
    endloop
  endfacet
  facet normal -0.972358 -0.233496 0
    outer loop
      vertex 28.7775 23.9699 8.51
      vertex 28.8061 23.8508 0
      vertex 28.8061 23.8508 8.51
    endloop
  endfacet
  facet normal -0.26436 0.964424 0
    outer loop
      vertex 26.0881 19.2549 0
      vertex 25.9699 19.2225 8.51
      vertex 26.0881 19.2549 8.51
    endloop
  endfacet
  facet normal -0.26436 0.964424 0
    outer loop
      vertex 25.9699 19.2225 8.51
      vertex 26.0881 19.2549 0
      vertex 25.9699 19.2225 0
    endloop
  endfacet
  facet normal -0.0783822 0.996923 0
    outer loop
      vertex 25.367 19.1173 0
      vertex 25.2449 19.1077 8.51
      vertex 25.367 19.1173 8.51
    endloop
  endfacet
  facet normal -0.0783822 0.996923 0
    outer loop
      vertex 25.2449 19.1077 8.51
      vertex 25.367 19.1173 0
      vertex 25.2449 19.1077 0
    endloop
  endfacet
  facet normal 0.64985 -0.760063 0
    outer loop
      vertex 22.4209 25.9254 0
      vertex 22.514 26.005 8.51
      vertex 22.4209 25.9254 8.51
    endloop
  endfacet
  facet normal 0.64985 -0.760063 0
    outer loop
      vertex 22.514 26.005 8.51
      vertex 22.4209 25.9254 0
      vertex 22.514 26.005 0
    endloop
  endfacet
  facet normal 0.0155083 0.99988 -0
    outer loop
      vertex 25 19.1 0
      vertex 24.8775 19.1019 8.51
      vertex 25 19.1 8.51
    endloop
  endfacet
  facet normal 0.0155083 0.99988 0
    outer loop
      vertex 24.8775 19.1019 8.51
      vertex 25 19.1 0
      vertex 24.8775 19.1019 0
    endloop
  endfacet
  facet normal 0.522639 0.852554 -0
    outer loop
      vertex 23.0147 19.6431 0
      vertex 22.9103 19.7071 8.51
      vertex 23.0147 19.6431 8.51
    endloop
  endfacet
  facet normal 0.522639 0.852554 0
    outer loop
      vertex 22.9103 19.7071 8.51
      vertex 23.0147 19.6431 0
      vertex 22.9103 19.7071 0
    endloop
  endfacet
  facet normal -0.600914 -0.799314 0
    outer loop
      vertex 27.2924 26.1552 0
      vertex 27.3903 26.0816 8.51
      vertex 27.2924 26.1552 8.51
    endloop
  endfacet
  facet normal -0.600914 -0.799314 -0
    outer loop
      vertex 27.3903 26.0816 8.51
      vertex 27.2924 26.1552 0
      vertex 27.3903 26.0816 0
    endloop
  endfacet
  facet normal -0.696006 0.718036 0
    outer loop
      vertex 27.7577 20.2423 0
      vertex 27.6697 20.157 8.51
      vertex 27.7577 20.2423 8.51
    endloop
  endfacet
  facet normal -0.696006 0.718036 0
    outer loop
      vertex 27.6697 20.157 8.51
      vertex 27.7577 20.2423 0
      vertex 27.6697 20.157 0
    endloop
  endfacet
  facet normal 0.110163 -0.993914 0
    outer loop
      vertex 24.5112 26.8692 0
      vertex 24.633 26.8827 8.51
      vertex 24.5112 26.8692 8.51
    endloop
  endfacet
  facet normal 0.110163 -0.993914 0
    outer loop
      vertex 24.633 26.8827 8.51
      vertex 24.5112 26.8692 0
      vertex 24.633 26.8827 0
    endloop
  endfacet
  facet normal -0.868795 -0.495172 0
    outer loop
      vertex 28.4176 24.8788 0
      vertex 28.3569 24.9853 8.51
      vertex 28.3569 24.9853 0
    endloop
  endfacet
  facet normal -0.868795 -0.495172 0
    outer loop
      vertex 28.3569 24.9853 8.51
      vertex 28.4176 24.8788 0
      vertex 28.4176 24.8788 8.51
    endloop
  endfacet
  facet normal 0.64985 0.760063 -0
    outer loop
      vertex 22.514 19.995 0
      vertex 22.4209 20.0746 8.51
      vertex 22.514 19.995 8.51
    endloop
  endfacet
  facet normal 0.64985 0.760063 0
    outer loop
      vertex 22.4209 20.0746 8.51
      vertex 22.514 19.995 0
      vertex 22.4209 20.0746 0
    endloop
  endfacet
  facet normal 0.574502 0.818503 -0
    outer loop
      vertex 22.8079 19.7744 0
      vertex 22.7076 19.8448 8.51
      vertex 22.8079 19.7744 8.51
    endloop
  endfacet
  facet normal 0.574502 0.818503 0
    outer loop
      vertex 22.7076 19.8448 8.51
      vertex 22.8079 19.7744 0
      vertex 22.7076 19.8448 0
    endloop
  endfacet
  facet normal 0.923848 0.38276 0
    outer loop
      vertex 21.4208 21.4511 8.51
      vertex 21.3739 21.5643 0
      vertex 21.3739 21.5643 8.51
    endloop
  endfacet
  facet normal 0.923848 0.38276 0
    outer loop
      vertex 21.3739 21.5643 0
      vertex 21.4208 21.4511 8.51
      vertex 21.4208 21.4511 0
    endloop
  endfacet
  facet normal -0.172202 0.985062 0
    outer loop
      vertex 25.7308 19.1691 0
      vertex 25.6101 19.148 8.51
      vertex 25.7308 19.1691 8.51
    endloop
  endfacet
  facet normal -0.172202 0.985062 0
    outer loop
      vertex 25.6101 19.148 8.51
      vertex 25.7308 19.1691 0
      vertex 25.6101 19.148 0
    endloop
  endfacet
  facet normal 0.696006 0.718036 -0
    outer loop
      vertex 22.3303 20.157 0
      vertex 22.2423 20.2423 8.51
      vertex 22.3303 20.157 8.51
    endloop
  endfacet
  facet normal 0.696006 0.718036 0
    outer loop
      vertex 22.2423 20.2423 8.51
      vertex 22.3303 20.157 0
      vertex 22.2423 20.2423 0
    endloop
  endfacet
  facet normal -0.923848 -0.38276 0
    outer loop
      vertex 28.6261 24.4357 0
      vertex 28.5792 24.5489 8.51
      vertex 28.5792 24.5489 0
    endloop
  endfacet
  facet normal -0.923848 -0.38276 0
    outer loop
      vertex 28.5792 24.5489 8.51
      vertex 28.6261 24.4357 0
      vertex 28.6261 24.4357 8.51
    endloop
  endfacet
  facet normal 0.95585 0.293856 0
    outer loop
      vertex 21.2909 21.7948 8.51
      vertex 21.2549 21.9119 0
      vertex 21.2549 21.9119 8.51
    endloop
  endfacet
  facet normal 0.95585 0.293856 0
    outer loop
      vertex 21.2549 21.9119 0
      vertex 21.2909 21.7948 8.51
      vertex 21.2909 21.7948 0
    endloop
  endfacet
  facet normal 0.99988 0.0155083 0
    outer loop
      vertex 21.1019 22.8775 8.51
      vertex 21.1 23 0
      vertex 21.1 23 8.51
    endloop
  endfacet
  facet normal 0.99988 0.0155083 0
    outer loop
      vertex 21.1 23 0
      vertex 21.1019 22.8775 8.51
      vertex 21.1019 22.8775 0
    endloop
  endfacet
  facet normal -0.990096 0.140393 0
    outer loop
      vertex 28.852 22.3899 0
      vertex 28.8692 22.5112 8.51
      vertex 28.8692 22.5112 0
    endloop
  endfacet
  facet normal -0.990096 0.140393 0
    outer loop
      vertex 28.8692 22.5112 8.51
      vertex 28.852 22.3899 0
      vertex 28.852 22.3899 8.51
    endloop
  endfacet
  facet normal 0.549227 0.835673 -0
    outer loop
      vertex 22.9103 19.7071 0
      vertex 22.8079 19.7744 8.51
      vertex 22.9103 19.7071 8.51
    endloop
  endfacet
  facet normal 0.549227 0.835673 0
    outer loop
      vertex 22.8079 19.7744 8.51
      vertex 22.9103 19.7071 0
      vertex 22.8079 19.7744 0
    endloop
  endfacet
  facet normal 0.99988 -0.0155083 0
    outer loop
      vertex 21.1 23 8.51
      vertex 21.1019 23.1225 0
      vertex 21.1019 23.1225 8.51
    endloop
  endfacet
  facet normal 0.99988 -0.0155083 0
    outer loop
      vertex 21.1019 23.1225 0
      vertex 21.1 23 8.51
      vertex 21.1 23 0
    endloop
  endfacet
  facet normal -0.672835 -0.739792 0
    outer loop
      vertex 27.5791 25.9254 0
      vertex 27.6697 25.843 8.51
      vertex 27.5791 25.9254 8.51
    endloop
  endfacet
  facet normal -0.672835 -0.739792 -0
    outer loop
      vertex 27.6697 25.843 8.51
      vertex 27.5791 25.9254 0
      vertex 27.6697 25.843 0
    endloop
  endfacet
  facet normal 0.990096 -0.140393 0
    outer loop
      vertex 21.1308 23.4888 8.51
      vertex 21.148 23.6101 0
      vertex 21.148 23.6101 8.51
    endloop
  endfacet
  facet normal 0.990096 -0.140393 0
    outer loop
      vertex 21.148 23.6101 0
      vertex 21.1308 23.4888 8.51
      vertex 21.1308 23.4888 0
    endloop
  endfacet
  facet normal 0.672835 -0.739792 0
    outer loop
      vertex 22.3303 25.843 0
      vertex 22.4209 25.9254 8.51
      vertex 22.3303 25.843 8.51
    endloop
  endfacet
  facet normal 0.672835 -0.739792 0
    outer loop
      vertex 22.4209 25.9254 8.51
      vertex 22.3303 25.843 0
      vertex 22.4209 25.9254 0
    endloop
  endfacet
  facet normal -0.868795 0.495172 0
    outer loop
      vertex 28.3569 21.0147 0
      vertex 28.4176 21.1212 8.51
      vertex 28.4176 21.1212 0
    endloop
  endfacet
  facet normal -0.868795 0.495172 0
    outer loop
      vertex 28.4176 21.1212 8.51
      vertex 28.3569 21.0147 0
      vertex 28.3569 21.0147 8.51
    endloop
  endfacet
  facet normal -0.522639 -0.852554 0
    outer loop
      vertex 26.9853 26.3569 0
      vertex 27.0897 26.2929 8.51
      vertex 26.9853 26.3569 8.51
    endloop
  endfacet
  facet normal -0.522639 -0.852554 -0
    outer loop
      vertex 27.0897 26.2929 8.51
      vertex 26.9853 26.3569 0
      vertex 27.0897 26.2929 0
    endloop
  endfacet
  facet normal -0.818503 -0.574502 0
    outer loop
      vertex 28.2256 25.1921 0
      vertex 28.1552 25.2924 8.51
      vertex 28.1552 25.2924 0
    endloop
  endfacet
  facet normal -0.818503 -0.574502 0
    outer loop
      vertex 28.1552 25.2924 8.51
      vertex 28.2256 25.1921 0
      vertex 28.2256 25.1921 8.51
    endloop
  endfacet
  facet normal 0.38276 -0.923848 0
    outer loop
      vertex 23.4511 26.5792 0
      vertex 23.5643 26.6261 8.51
      vertex 23.4511 26.5792 8.51
    endloop
  endfacet
  facet normal 0.38276 -0.923848 0
    outer loop
      vertex 23.5643 26.6261 8.51
      vertex 23.4511 26.5792 0
      vertex 23.5643 26.6261 0
    endloop
  endfacet
  facet normal -0.38276 0.923848 0
    outer loop
      vertex 26.5489 19.4208 0
      vertex 26.4357 19.3739 8.51
      vertex 26.5489 19.4208 8.51
    endloop
  endfacet
  facet normal -0.38276 0.923848 0
    outer loop
      vertex 26.4357 19.3739 8.51
      vertex 26.5489 19.4208 0
      vertex 26.4357 19.3739 0
    endloop
  endfacet
  facet normal 0.439693 0.898148 -0
    outer loop
      vertex 23.3395 19.4712 0
      vertex 23.2294 19.5251 8.51
      vertex 23.3395 19.4712 8.51
    endloop
  endfacet
  facet normal 0.439693 0.898148 0
    outer loop
      vertex 23.2294 19.5251 8.51
      vertex 23.3395 19.4712 0
      vertex 23.2294 19.5251 0
    endloop
  endfacet
  facet normal 0.140393 -0.990096 0
    outer loop
      vertex 24.3899 26.852 0
      vertex 24.5112 26.8692 8.51
      vertex 24.3899 26.852 8.51
    endloop
  endfacet
  facet normal 0.140393 -0.990096 0
    outer loop
      vertex 24.5112 26.8692 8.51
      vertex 24.3899 26.852 0
      vertex 24.5112 26.8692 0
    endloop
  endfacet
  facet normal -0.985062 -0.172202 0
    outer loop
      vertex 28.852 23.6101 0
      vertex 28.8309 23.7308 8.51
      vertex 28.8309 23.7308 0
    endloop
  endfacet
  facet normal -0.985062 -0.172202 0
    outer loop
      vertex 28.8309 23.7308 8.51
      vertex 28.852 23.6101 0
      vertex 28.852 23.6101 8.51
    endloop
  endfacet
  facet normal -0.574502 -0.818503 0
    outer loop
      vertex 27.1921 26.2256 0
      vertex 27.2924 26.1552 8.51
      vertex 27.1921 26.2256 8.51
    endloop
  endfacet
  facet normal -0.574502 -0.818503 -0
    outer loop
      vertex 27.2924 26.1552 8.51
      vertex 27.1921 26.2256 0
      vertex 27.2924 26.1552 0
    endloop
  endfacet
  facet normal -0.946039 0.324053 0
    outer loop
      vertex 28.6694 21.6789 0
      vertex 28.7091 21.7948 8.51
      vertex 28.7091 21.7948 0
    endloop
  endfacet
  facet normal -0.946039 0.324053 0
    outer loop
      vertex 28.7091 21.7948 8.51
      vertex 28.6694 21.6789 0
      vertex 28.6694 21.6789 8.51
    endloop
  endfacet
  facet normal 0.600914 0.799314 -0
    outer loop
      vertex 22.7076 19.8448 0
      vertex 22.6097 19.9184 8.51
      vertex 22.7076 19.8448 8.51
    endloop
  endfacet
  facet normal 0.600914 0.799314 0
    outer loop
      vertex 22.6097 19.9184 8.51
      vertex 22.7076 19.8448 0
      vertex 22.6097 19.9184 0
    endloop
  endfacet
  facet normal -0.78071 -0.624894 0
    outer loop
      vertex 28.0816 25.3903 0
      vertex 28.005 25.486 8.51
      vertex 28.005 25.486 0
    endloop
  endfacet
  facet normal -0.78071 -0.624894 0
    outer loop
      vertex 28.005 25.486 8.51
      vertex 28.0816 25.3903 0
      vertex 28.0816 25.3903 8.51
    endloop
  endfacet
  facet normal -0.324053 0.946039 0
    outer loop
      vertex 26.3211 19.3306 0
      vertex 26.2052 19.2909 8.51
      vertex 26.3211 19.3306 8.51
    endloop
  endfacet
  facet normal -0.324053 0.946039 0
    outer loop
      vertex 26.2052 19.2909 8.51
      vertex 26.3211 19.3306 0
      vertex 26.2052 19.2909 0
    endloop
  endfacet
  facet normal -0.38276 -0.923848 0
    outer loop
      vertex 26.4357 26.6261 0
      vertex 26.5489 26.5792 8.51
      vertex 26.4357 26.6261 8.51
    endloop
  endfacet
  facet normal -0.38276 -0.923848 -0
    outer loop
      vertex 26.5489 26.5792 8.51
      vertex 26.4357 26.6261 0
      vertex 26.5489 26.5792 0
    endloop
  endfacet
  facet normal -0.468 0.883728 0
    outer loop
      vertex 26.8788 19.5824 0
      vertex 26.7706 19.5251 8.51
      vertex 26.8788 19.5824 8.51
    endloop
  endfacet
  facet normal -0.468 0.883728 0
    outer loop
      vertex 26.7706 19.5251 8.51
      vertex 26.8788 19.5824 0
      vertex 26.7706 19.5251 0
    endloop
  endfacet
  facet normal 0.972358 -0.233496 0
    outer loop
      vertex 21.1939 23.8508 8.51
      vertex 21.2225 23.9699 0
      vertex 21.2225 23.9699 8.51
    endloop
  endfacet
  facet normal 0.972358 -0.233496 0
    outer loop
      vertex 21.2225 23.9699 0
      vertex 21.1939 23.8508 8.51
      vertex 21.1939 23.8508 0
    endloop
  endfacet
  facet normal 0.324053 0.946039 -0
    outer loop
      vertex 23.7948 19.2909 0
      vertex 23.6789 19.3306 8.51
      vertex 23.7948 19.2909 8.51
    endloop
  endfacet
  facet normal 0.324053 0.946039 0
    outer loop
      vertex 23.6789 19.3306 8.51
      vertex 23.7948 19.2909 0
      vertex 23.6789 19.3306 0
    endloop
  endfacet
  facet normal -0.979305 -0.20239 0
    outer loop
      vertex 28.8309 23.7308 0
      vertex 28.8061 23.8508 8.51
      vertex 28.8061 23.8508 0
    endloop
  endfacet
  facet normal -0.979305 -0.20239 0
    outer loop
      vertex 28.8061 23.8508 8.51
      vertex 28.8309 23.7308 0
      vertex 28.8309 23.7308 8.51
    endloop
  endfacet
  facet normal 0.979305 0.20239 0
    outer loop
      vertex 21.1939 22.1492 8.51
      vertex 21.1691 22.2692 0
      vertex 21.1691 22.2692 8.51
    endloop
  endfacet
  facet normal 0.979305 0.20239 0
    outer loop
      vertex 21.1691 22.2692 0
      vertex 21.1939 22.1492 8.51
      vertex 21.1939 22.1492 0
    endloop
  endfacet
  facet normal -0.0783822 -0.996923 0
    outer loop
      vertex 25.2449 26.8923 0
      vertex 25.367 26.8827 8.51
      vertex 25.2449 26.8923 8.51
    endloop
  endfacet
  facet normal -0.0783822 -0.996923 -0
    outer loop
      vertex 25.367 26.8827 8.51
      vertex 25.2449 26.8923 0
      vertex 25.367 26.8827 0
    endloop
  endfacet
  facet normal -0.293856 -0.95585 0
    outer loop
      vertex 26.0881 26.7451 0
      vertex 26.2052 26.7091 8.51
      vertex 26.0881 26.7451 8.51
    endloop
  endfacet
  facet normal -0.293856 -0.95585 -0
    outer loop
      vertex 26.2052 26.7091 8.51
      vertex 26.0881 26.7451 0
      vertex 26.2052 26.7091 0
    endloop
  endfacet
  facet normal -0.0155083 0.99988 0
    outer loop
      vertex 25.1225 19.1019 0
      vertex 25 19.1 8.51
      vertex 25.1225 19.1019 8.51
    endloop
  endfacet
  facet normal -0.0155083 0.99988 0
    outer loop
      vertex 25 19.1 8.51
      vertex 25.1225 19.1019 0
      vertex 25 19.1 0
    endloop
  endfacet
  facet normal -0.624894 -0.78071 0
    outer loop
      vertex 27.3903 26.0816 0
      vertex 27.486 26.005 8.51
      vertex 27.3903 26.0816 8.51
    endloop
  endfacet
  facet normal -0.624894 -0.78071 -0
    outer loop
      vertex 27.486 26.005 8.51
      vertex 27.3903 26.0816 0
      vertex 27.486 26.005 0
    endloop
  endfacet
  facet normal -0.799314 -0.600914 0
    outer loop
      vertex 28.1552 25.2924 0
      vertex 28.0816 25.3903 8.51
      vertex 28.0816 25.3903 0
    endloop
  endfacet
  facet normal -0.799314 -0.600914 0
    outer loop
      vertex 28.0816 25.3903 8.51
      vertex 28.1552 25.2924 0
      vertex 28.1552 25.2924 8.51
    endloop
  endfacet
  facet normal 0.78071 0.624894 0
    outer loop
      vertex 21.995 20.514 8.51
      vertex 21.9184 20.6097 0
      vertex 21.9184 20.6097 8.51
    endloop
  endfacet
  facet normal 0.78071 0.624894 0
    outer loop
      vertex 21.9184 20.6097 0
      vertex 21.995 20.514 8.51
      vertex 21.995 20.514 0
    endloop
  endfacet
  facet normal -0.739792 -0.672835 0
    outer loop
      vertex 27.9254 25.5791 0
      vertex 27.843 25.6697 8.51
      vertex 27.843 25.6697 0
    endloop
  endfacet
  facet normal -0.739792 -0.672835 0
    outer loop
      vertex 27.843 25.6697 8.51
      vertex 27.9254 25.5791 0
      vertex 27.9254 25.5791 8.51
    endloop
  endfacet
  facet normal -0.324053 -0.946039 0
    outer loop
      vertex 26.2052 26.7091 0
      vertex 26.3211 26.6694 8.51
      vertex 26.2052 26.7091 8.51
    endloop
  endfacet
  facet normal -0.324053 -0.946039 -0
    outer loop
      vertex 26.3211 26.6694 8.51
      vertex 26.2052 26.7091 0
      vertex 26.3211 26.6694 0
    endloop
  endfacet
  facet normal 0.935454 -0.353448 0
    outer loop
      vertex 21.3306 24.3211 8.51
      vertex 21.3739 24.4357 0
      vertex 21.3739 24.4357 8.51
    endloop
  endfacet
  facet normal 0.935454 -0.353448 0
    outer loop
      vertex 21.3739 24.4357 0
      vertex 21.3306 24.3211 8.51
      vertex 21.3306 24.3211 0
    endloop
  endfacet
  facet normal 0.353448 -0.935454 0
    outer loop
      vertex 23.5643 26.6261 0
      vertex 23.6789 26.6694 8.51
      vertex 23.5643 26.6261 8.51
    endloop
  endfacet
  facet normal 0.353448 -0.935454 0
    outer loop
      vertex 23.6789 26.6694 8.51
      vertex 23.5643 26.6261 0
      vertex 23.6789 26.6694 0
    endloop
  endfacet
  facet normal 0.549227 -0.835673 0
    outer loop
      vertex 22.8079 26.2256 0
      vertex 22.9103 26.2929 8.51
      vertex 22.8079 26.2256 8.51
    endloop
  endfacet
  facet normal 0.549227 -0.835673 0
    outer loop
      vertex 22.9103 26.2929 8.51
      vertex 22.8079 26.2256 0
      vertex 22.9103 26.2929 0
    endloop
  endfacet
  facet normal -0.996923 0.0783822 0
    outer loop
      vertex 28.8827 22.633 0
      vertex 28.8923 22.7551 8.51
      vertex 28.8923 22.7551 0
    endloop
  endfacet
  facet normal -0.996923 0.0783822 0
    outer loop
      vertex 28.8923 22.7551 8.51
      vertex 28.8827 22.633 0
      vertex 28.8827 22.633 8.51
    endloop
  endfacet
  facet normal 0.818503 0.574502 0
    outer loop
      vertex 21.8448 20.7076 8.51
      vertex 21.7744 20.8079 0
      vertex 21.7744 20.8079 8.51
    endloop
  endfacet
  facet normal 0.818503 0.574502 0
    outer loop
      vertex 21.7744 20.8079 0
      vertex 21.8448 20.7076 8.51
      vertex 21.8448 20.7076 0
    endloop
  endfacet
  facet normal -0.760063 -0.64985 0
    outer loop
      vertex 28.005 25.486 0
      vertex 27.9254 25.5791 8.51
      vertex 27.9254 25.5791 0
    endloop
  endfacet
  facet normal -0.760063 -0.64985 0
    outer loop
      vertex 27.9254 25.5791 8.51
      vertex 28.005 25.486 0
      vertex 28.005 25.486 8.51
    endloop
  endfacet
  facet normal 0.20239 -0.979305 0
    outer loop
      vertex 24.1492 26.8061 0
      vertex 24.2692 26.8309 8.51
      vertex 24.1492 26.8061 8.51
    endloop
  endfacet
  facet normal 0.20239 -0.979305 0
    outer loop
      vertex 24.2692 26.8309 8.51
      vertex 24.1492 26.8061 0
      vertex 24.2692 26.8309 0
    endloop
  endfacet
  facet normal -0.140393 0.990096 0
    outer loop
      vertex 25.6101 19.148 0
      vertex 25.4888 19.1308 8.51
      vertex 25.6101 19.148 8.51
    endloop
  endfacet
  facet normal -0.140393 0.990096 0
    outer loop
      vertex 25.4888 19.1308 8.51
      vertex 25.6101 19.148 0
      vertex 25.4888 19.1308 0
    endloop
  endfacet
  facet normal -0.64985 0.760063 0
    outer loop
      vertex 27.5791 20.0746 0
      vertex 27.486 19.995 8.51
      vertex 27.5791 20.0746 8.51
    endloop
  endfacet
  facet normal -0.64985 0.760063 0
    outer loop
      vertex 27.486 19.995 8.51
      vertex 27.5791 20.0746 0
      vertex 27.486 19.995 0
    endloop
  endfacet
  facet normal -0.911371 0.411587 0
    outer loop
      vertex 28.5288 21.3395 0
      vertex 28.5792 21.4511 8.51
      vertex 28.5792 21.4511 0
    endloop
  endfacet
  facet normal -0.911371 0.411587 0
    outer loop
      vertex 28.5792 21.4511 8.51
      vertex 28.5288 21.3395 0
      vertex 28.5288 21.3395 8.51
    endloop
  endfacet
  facet normal -0.972358 0.233496 0
    outer loop
      vertex 28.7775 22.0301 0
      vertex 28.8061 22.1492 8.51
      vertex 28.8061 22.1492 0
    endloop
  endfacet
  facet normal -0.972358 0.233496 0
    outer loop
      vertex 28.8061 22.1492 8.51
      vertex 28.7775 22.0301 0
      vertex 28.7775 22.0301 8.51
    endloop
  endfacet
  facet normal 0.852554 -0.522639 0
    outer loop
      vertex 21.6431 24.9853 8.51
      vertex 21.7071 25.0897 0
      vertex 21.7071 25.0897 8.51
    endloop
  endfacet
  facet normal 0.852554 -0.522639 0
    outer loop
      vertex 21.7071 25.0897 0
      vertex 21.6431 24.9853 8.51
      vertex 21.6431 24.9853 0
    endloop
  endfacet
  facet normal 0.718036 -0.696006 0
    outer loop
      vertex 22.157 25.6697 8.51
      vertex 22.2423 25.7577 0
      vertex 22.2423 25.7577 8.51
    endloop
  endfacet
  facet normal 0.718036 -0.696006 0
    outer loop
      vertex 22.2423 25.7577 0
      vertex 22.157 25.6697 8.51
      vertex 22.157 25.6697 0
    endloop
  endfacet
  facet normal 0.172202 0.985062 -0
    outer loop
      vertex 24.3899 19.148 0
      vertex 24.2692 19.1691 8.51
      vertex 24.3899 19.148 8.51
    endloop
  endfacet
  facet normal 0.172202 0.985062 0
    outer loop
      vertex 24.2692 19.1691 8.51
      vertex 24.3899 19.148 0
      vertex 24.2692 19.1691 0
    endloop
  endfacet
  facet normal -0.739792 0.672835 0
    outer loop
      vertex 27.843 20.3303 0
      vertex 27.9254 20.4209 8.51
      vertex 27.9254 20.4209 0
    endloop
  endfacet
  facet normal -0.739792 0.672835 0
    outer loop
      vertex 27.9254 20.4209 8.51
      vertex 27.843 20.3303 0
      vertex 27.843 20.3303 8.51
    endloop
  endfacet
  facet normal 0.998879 -0.0473325 0
    outer loop
      vertex 21.1019 23.1225 8.51
      vertex 21.1077 23.2449 0
      vertex 21.1077 23.2449 8.51
    endloop
  endfacet
  facet normal 0.998879 -0.0473325 0
    outer loop
      vertex 21.1077 23.2449 0
      vertex 21.1019 23.1225 8.51
      vertex 21.1019 23.1225 0
    endloop
  endfacet
  facet normal 0.998879 0.0473325 0
    outer loop
      vertex 21.1077 22.7551 8.51
      vertex 21.1019 22.8775 0
      vertex 21.1019 22.8775 8.51
    endloop
  endfacet
  facet normal 0.998879 0.0473325 0
    outer loop
      vertex 21.1019 22.8775 0
      vertex 21.1077 22.7551 8.51
      vertex 21.1077 22.7551 0
    endloop
  endfacet
  facet normal 0.0473325 -0.998879 0
    outer loop
      vertex 24.7551 26.8923 0
      vertex 24.8775 26.8981 8.51
      vertex 24.7551 26.8923 8.51
    endloop
  endfacet
  facet normal 0.0473325 -0.998879 0
    outer loop
      vertex 24.8775 26.8981 8.51
      vertex 24.7551 26.8923 0
      vertex 24.8775 26.8981 0
    endloop
  endfacet
  facet normal -0.852554 -0.522639 0
    outer loop
      vertex 28.3569 24.9853 0
      vertex 28.2929 25.0897 8.51
      vertex 28.2929 25.0897 0
    endloop
  endfacet
  facet normal -0.852554 -0.522639 0
    outer loop
      vertex 28.2929 25.0897 8.51
      vertex 28.3569 24.9853 0
      vertex 28.3569 24.9853 8.51
    endloop
  endfacet
  facet normal -0.353448 -0.935454 0
    outer loop
      vertex 26.3211 26.6694 0
      vertex 26.4357 26.6261 8.51
      vertex 26.3211 26.6694 8.51
    endloop
  endfacet
  facet normal -0.353448 -0.935454 -0
    outer loop
      vertex 26.4357 26.6261 8.51
      vertex 26.3211 26.6694 0
      vertex 26.4357 26.6261 0
    endloop
  endfacet
  facet normal -0.495172 0.868795 0
    outer loop
      vertex 26.9853 19.6431 0
      vertex 26.8788 19.5824 8.51
      vertex 26.9853 19.6431 8.51
    endloop
  endfacet
  facet normal -0.495172 0.868795 0
    outer loop
      vertex 26.8788 19.5824 8.51
      vertex 26.9853 19.6431 0
      vertex 26.8788 19.5824 0
    endloop
  endfacet
  facet normal 0.799314 -0.600914 0
    outer loop
      vertex 21.8448 25.2924 8.51
      vertex 21.9184 25.3903 0
      vertex 21.9184 25.3903 8.51
    endloop
  endfacet
  facet normal 0.799314 -0.600914 0
    outer loop
      vertex 21.9184 25.3903 0
      vertex 21.8448 25.2924 8.51
      vertex 21.8448 25.2924 0
    endloop
  endfacet
  facet normal -0.468 -0.883728 0
    outer loop
      vertex 26.7706 26.4749 0
      vertex 26.8788 26.4176 8.51
      vertex 26.7706 26.4749 8.51
    endloop
  endfacet
  facet normal -0.468 -0.883728 -0
    outer loop
      vertex 26.8788 26.4176 8.51
      vertex 26.7706 26.4749 0
      vertex 26.8788 26.4176 0
    endloop
  endfacet
  facet normal 0.140393 0.990096 -0
    outer loop
      vertex 24.5112 19.1308 0
      vertex 24.3899 19.148 8.51
      vertex 24.5112 19.1308 8.51
    endloop
  endfacet
  facet normal 0.140393 0.990096 0
    outer loop
      vertex 24.3899 19.148 8.51
      vertex 24.5112 19.1308 0
      vertex 24.3899 19.148 0
    endloop
  endfacet
  facet normal -0.696006 -0.718036 0
    outer loop
      vertex 27.6697 25.843 0
      vertex 27.7577 25.7577 8.51
      vertex 27.6697 25.843 8.51
    endloop
  endfacet
  facet normal -0.696006 -0.718036 -0
    outer loop
      vertex 27.7577 25.7577 8.51
      vertex 27.6697 25.843 0
      vertex 27.7577 25.7577 0
    endloop
  endfacet
  facet normal -0.0155083 -0.99988 0
    outer loop
      vertex 25 26.9 0
      vertex 25.1225 26.8981 8.51
      vertex 25 26.9 8.51
    endloop
  endfacet
  facet normal -0.0155083 -0.99988 -0
    outer loop
      vertex 25.1225 26.8981 8.51
      vertex 25 26.9 0
      vertex 25.1225 26.8981 0
    endloop
  endfacet
  facet normal -0.990096 -0.140393 0
    outer loop
      vertex 28.8692 23.4888 0
      vertex 28.852 23.6101 8.51
      vertex 28.852 23.6101 0
    endloop
  endfacet
  facet normal -0.990096 -0.140393 0
    outer loop
      vertex 28.852 23.6101 8.51
      vertex 28.8692 23.4888 0
      vertex 28.8692 23.4888 8.51
    endloop
  endfacet
  facet normal -0.140393 -0.990096 0
    outer loop
      vertex 25.4888 26.8692 0
      vertex 25.6101 26.852 8.51
      vertex 25.4888 26.8692 8.51
    endloop
  endfacet
  facet normal -0.140393 -0.990096 -0
    outer loop
      vertex 25.6101 26.852 8.51
      vertex 25.4888 26.8692 0
      vertex 25.6101 26.852 0
    endloop
  endfacet
  facet normal -0.964424 -0.26436 0
    outer loop
      vertex 28.7775 23.9699 0
      vertex 28.7451 24.0881 8.51
      vertex 28.7451 24.0881 0
    endloop
  endfacet
  facet normal -0.964424 -0.26436 0
    outer loop
      vertex 28.7451 24.0881 8.51
      vertex 28.7775 23.9699 0
      vertex 28.7775 23.9699 8.51
    endloop
  endfacet
  facet normal -0.935454 -0.353448 0
    outer loop
      vertex 28.6694 24.3211 0
      vertex 28.6261 24.4357 8.51
      vertex 28.6261 24.4357 0
    endloop
  endfacet
  facet normal -0.935454 -0.353448 0
    outer loop
      vertex 28.6261 24.4357 8.51
      vertex 28.6694 24.3211 0
      vertex 28.6694 24.3211 8.51
    endloop
  endfacet
  facet normal -0.495172 -0.868795 0
    outer loop
      vertex 26.8788 26.4176 0
      vertex 26.9853 26.3569 8.51
      vertex 26.8788 26.4176 8.51
    endloop
  endfacet
  facet normal -0.495172 -0.868795 -0
    outer loop
      vertex 26.9853 26.3569 8.51
      vertex 26.8788 26.4176 0
      vertex 26.9853 26.3569 0
    endloop
  endfacet
  facet normal -0.998879 0.0473325 0
    outer loop
      vertex 28.8923 22.7551 0
      vertex 28.8981 22.8775 8.51
      vertex 28.8981 22.8775 0
    endloop
  endfacet
  facet normal -0.998879 0.0473325 0
    outer loop
      vertex 28.8981 22.8775 8.51
      vertex 28.8923 22.7551 0
      vertex 28.8923 22.7551 8.51
    endloop
  endfacet
  facet normal -0.0473325 0.998879 0
    outer loop
      vertex 25.2449 19.1077 0
      vertex 25.1225 19.1019 8.51
      vertex 25.2449 19.1077 8.51
    endloop
  endfacet
  facet normal -0.0473325 0.998879 0
    outer loop
      vertex 25.1225 19.1019 8.51
      vertex 25.2449 19.1077 0
      vertex 25.1225 19.1019 0
    endloop
  endfacet
  facet normal 0.353448 0.935454 -0
    outer loop
      vertex 23.6789 19.3306 0
      vertex 23.5643 19.3739 8.51
      vertex 23.6789 19.3306 8.51
    endloop
  endfacet
  facet normal 0.353448 0.935454 0
    outer loop
      vertex 23.5643 19.3739 8.51
      vertex 23.6789 19.3306 0
      vertex 23.5643 19.3739 0
    endloop
  endfacet
  facet normal -0.95585 0.293856 0
    outer loop
      vertex 28.7091 21.7948 0
      vertex 28.7451 21.9119 8.51
      vertex 28.7451 21.9119 0
    endloop
  endfacet
  facet normal -0.95585 0.293856 0
    outer loop
      vertex 28.7451 21.9119 8.51
      vertex 28.7091 21.7948 0
      vertex 28.7091 21.7948 8.51
    endloop
  endfacet
  facet normal -0.898148 -0.439693 0
    outer loop
      vertex 28.5288 24.6605 0
      vertex 28.4749 24.7706 8.51
      vertex 28.4749 24.7706 0
    endloop
  endfacet
  facet normal -0.898148 -0.439693 0
    outer loop
      vertex 28.4749 24.7706 8.51
      vertex 28.5288 24.6605 0
      vertex 28.5288 24.6605 8.51
    endloop
  endfacet
  facet normal -0.883728 0.468 0
    outer loop
      vertex 28.4176 21.1212 0
      vertex 28.4749 21.2294 8.51
      vertex 28.4749 21.2294 0
    endloop
  endfacet
  facet normal -0.883728 0.468 0
    outer loop
      vertex 28.4749 21.2294 8.51
      vertex 28.4176 21.1212 0
      vertex 28.4176 21.1212 8.51
    endloop
  endfacet
  facet normal -0.0473325 -0.998879 0
    outer loop
      vertex 25.1225 26.8981 0
      vertex 25.2449 26.8923 8.51
      vertex 25.1225 26.8981 8.51
    endloop
  endfacet
  facet normal -0.0473325 -0.998879 -0
    outer loop
      vertex 25.2449 26.8923 8.51
      vertex 25.1225 26.8981 0
      vertex 25.2449 26.8923 0
    endloop
  endfacet
  facet normal -0.411587 0.911371 0
    outer loop
      vertex 26.6605 19.4712 0
      vertex 26.5489 19.4208 8.51
      vertex 26.6605 19.4712 8.51
    endloop
  endfacet
  facet normal -0.411587 0.911371 0
    outer loop
      vertex 26.5489 19.4208 8.51
      vertex 26.6605 19.4712 0
      vertex 26.5489 19.4208 0
    endloop
  endfacet
  facet normal -0.624894 0.78071 0
    outer loop
      vertex 27.486 19.995 0
      vertex 27.3903 19.9184 8.51
      vertex 27.486 19.995 8.51
    endloop
  endfacet
  facet normal -0.624894 0.78071 0
    outer loop
      vertex 27.3903 19.9184 8.51
      vertex 27.486 19.995 0
      vertex 27.3903 19.9184 0
    endloop
  endfacet
  facet normal -0.600914 0.799314 0
    outer loop
      vertex 27.3903 19.9184 0
      vertex 27.2924 19.8448 8.51
      vertex 27.3903 19.9184 8.51
    endloop
  endfacet
  facet normal -0.600914 0.799314 0
    outer loop
      vertex 27.2924 19.8448 8.51
      vertex 27.3903 19.9184 0
      vertex 27.2924 19.8448 0
    endloop
  endfacet
  facet normal -0.20239 -0.979305 0
    outer loop
      vertex 25.7308 26.8309 0
      vertex 25.8508 26.8061 8.51
      vertex 25.7308 26.8309 8.51
    endloop
  endfacet
  facet normal -0.20239 -0.979305 -0
    outer loop
      vertex 25.8508 26.8061 8.51
      vertex 25.7308 26.8309 0
      vertex 25.8508 26.8061 0
    endloop
  endfacet
  facet normal 0.739792 0.672835 0
    outer loop
      vertex 22.157 20.3303 8.51
      vertex 22.0746 20.4209 0
      vertex 22.0746 20.4209 8.51
    endloop
  endfacet
  facet normal 0.739792 0.672835 0
    outer loop
      vertex 22.0746 20.4209 0
      vertex 22.157 20.3303 8.51
      vertex 22.157 20.3303 0
    endloop
  endfacet
  facet normal 0.760063 -0.64985 0
    outer loop
      vertex 21.995 25.486 8.51
      vertex 22.0746 25.5791 0
      vertex 22.0746 25.5791 8.51
    endloop
  endfacet
  facet normal 0.760063 -0.64985 0
    outer loop
      vertex 22.0746 25.5791 0
      vertex 21.995 25.486 8.51
      vertex 21.995 25.486 0
    endloop
  endfacet
  facet normal 0.574502 -0.818503 0
    outer loop
      vertex 22.7076 26.1552 0
      vertex 22.8079 26.2256 8.51
      vertex 22.7076 26.1552 8.51
    endloop
  endfacet
  facet normal 0.574502 -0.818503 0
    outer loop
      vertex 22.8079 26.2256 8.51
      vertex 22.7076 26.1552 0
      vertex 22.8079 26.2256 0
    endloop
  endfacet
  facet normal 0.672835 0.739792 -0
    outer loop
      vertex 22.4209 20.0746 0
      vertex 22.3303 20.157 8.51
      vertex 22.4209 20.0746 8.51
    endloop
  endfacet
  facet normal 0.672835 0.739792 0
    outer loop
      vertex 22.3303 20.157 8.51
      vertex 22.4209 20.0746 0
      vertex 22.3303 20.157 0
    endloop
  endfacet
  facet normal -0.979305 0.20239 0
    outer loop
      vertex 28.8061 22.1492 0
      vertex 28.8309 22.2692 8.51
      vertex 28.8309 22.2692 0
    endloop
  endfacet
  facet normal -0.979305 0.20239 0
    outer loop
      vertex 28.8309 22.2692 8.51
      vertex 28.8061 22.1492 0
      vertex 28.8061 22.1492 8.51
    endloop
  endfacet
  facet normal 0.233496 0.972358 -0
    outer loop
      vertex 24.1492 19.1939 0
      vertex 24.0301 19.2225 8.51
      vertex 24.1492 19.1939 8.51
    endloop
  endfacet
  facet normal 0.233496 0.972358 0
    outer loop
      vertex 24.0301 19.2225 8.51
      vertex 24.1492 19.1939 0
      vertex 24.0301 19.2225 0
    endloop
  endfacet
  facet normal 0.985062 -0.172202 0
    outer loop
      vertex 21.148 23.6101 8.51
      vertex 21.1691 23.7308 0
      vertex 21.1691 23.7308 8.51
    endloop
  endfacet
  facet normal 0.985062 -0.172202 0
    outer loop
      vertex 21.1691 23.7308 0
      vertex 21.148 23.6101 8.51
      vertex 21.148 23.6101 0
    endloop
  endfacet
  facet normal -0.898148 0.439693 0
    outer loop
      vertex 28.4749 21.2294 0
      vertex 28.5288 21.3395 8.51
      vertex 28.5288 21.3395 0
    endloop
  endfacet
  facet normal -0.898148 0.439693 0
    outer loop
      vertex 28.5288 21.3395 8.51
      vertex 28.4749 21.2294 0
      vertex 28.4749 21.2294 8.51
    endloop
  endfacet
  facet normal 0.868795 0.495172 0
    outer loop
      vertex 21.6431 21.0147 8.51
      vertex 21.5824 21.1212 0
      vertex 21.5824 21.1212 8.51
    endloop
  endfacet
  facet normal 0.868795 0.495172 0
    outer loop
      vertex 21.5824 21.1212 0
      vertex 21.6431 21.0147 8.51
      vertex 21.6431 21.0147 0
    endloop
  endfacet
  facet normal 0.718036 0.696006 0
    outer loop
      vertex 22.2423 20.2423 8.51
      vertex 22.157 20.3303 0
      vertex 22.157 20.3303 8.51
    endloop
  endfacet
  facet normal 0.718036 0.696006 0
    outer loop
      vertex 22.157 20.3303 0
      vertex 22.2423 20.2423 8.51
      vertex 22.2423 20.2423 0
    endloop
  endfacet
  facet normal 0.0783822 -0.996923 0
    outer loop
      vertex 24.633 26.8827 0
      vertex 24.7551 26.8923 8.51
      vertex 24.633 26.8827 8.51
    endloop
  endfacet
  facet normal 0.0783822 -0.996923 0
    outer loop
      vertex 24.7551 26.8923 8.51
      vertex 24.633 26.8827 0
      vertex 24.7551 26.8923 0
    endloop
  endfacet
  facet normal 0.293856 -0.95585 0
    outer loop
      vertex 23.7948 26.7091 0
      vertex 23.9119 26.7451 8.51
      vertex 23.7948 26.7091 8.51
    endloop
  endfacet
  facet normal 0.293856 -0.95585 0
    outer loop
      vertex 23.9119 26.7451 8.51
      vertex 23.7948 26.7091 0
      vertex 23.9119 26.7451 0
    endloop
  endfacet
  facet normal -0.835673 -0.549227 0
    outer loop
      vertex 28.2929 25.0897 0
      vertex 28.2256 25.1921 8.51
      vertex 28.2256 25.1921 0
    endloop
  endfacet
  facet normal -0.835673 -0.549227 0
    outer loop
      vertex 28.2256 25.1921 8.51
      vertex 28.2929 25.0897 0
      vertex 28.2929 25.0897 8.51
    endloop
  endfacet
  facet normal 0.985062 0.172202 0
    outer loop
      vertex 21.1691 22.2692 8.51
      vertex 21.148 22.3899 0
      vertex 21.148 22.3899 8.51
    endloop
  endfacet
  facet normal 0.985062 0.172202 0
    outer loop
      vertex 21.148 22.3899 0
      vertex 21.1691 22.2692 8.51
      vertex 21.1691 22.2692 0
    endloop
  endfacet
  facet normal -0.26436 -0.964424 0
    outer loop
      vertex 25.9699 26.7775 0
      vertex 26.0881 26.7451 8.51
      vertex 25.9699 26.7775 8.51
    endloop
  endfacet
  facet normal -0.26436 -0.964424 -0
    outer loop
      vertex 26.0881 26.7451 8.51
      vertex 25.9699 26.7775 0
      vertex 26.0881 26.7451 0
    endloop
  endfacet
  facet normal 0.495172 0.868795 -0
    outer loop
      vertex 23.1212 19.5824 0
      vertex 23.0147 19.6431 8.51
      vertex 23.1212 19.5824 8.51
    endloop
  endfacet
  facet normal 0.495172 0.868795 0
    outer loop
      vertex 23.0147 19.6431 8.51
      vertex 23.1212 19.5824 0
      vertex 23.0147 19.6431 0
    endloop
  endfacet
  facet normal -0.923848 0.38276 0
    outer loop
      vertex 28.5792 21.4511 0
      vertex 28.6261 21.5643 8.51
      vertex 28.6261 21.5643 0
    endloop
  endfacet
  facet normal -0.923848 0.38276 0
    outer loop
      vertex 28.6261 21.5643 8.51
      vertex 28.5792 21.4511 0
      vertex 28.5792 21.4511 8.51
    endloop
  endfacet
  facet normal 0.946039 0.324053 0
    outer loop
      vertex 21.3306 21.6789 8.51
      vertex 21.2909 21.7948 0
      vertex 21.2909 21.7948 8.51
    endloop
  endfacet
  facet normal 0.946039 0.324053 0
    outer loop
      vertex 21.2909 21.7948 0
      vertex 21.3306 21.6789 8.51
      vertex 21.3306 21.6789 0
    endloop
  endfacet
  facet normal 0.696006 -0.718036 0
    outer loop
      vertex 22.2423 25.7577 0
      vertex 22.3303 25.843 8.51
      vertex 22.2423 25.7577 8.51
    endloop
  endfacet
  facet normal 0.696006 -0.718036 0
    outer loop
      vertex 22.3303 25.843 8.51
      vertex 22.2423 25.7577 0
      vertex 22.3303 25.843 0
    endloop
  endfacet
  facet normal 0.923848 -0.38276 0
    outer loop
      vertex 21.3739 24.4357 8.51
      vertex 21.4208 24.5489 0
      vertex 21.4208 24.5489 8.51
    endloop
  endfacet
  facet normal 0.923848 -0.38276 0
    outer loop
      vertex 21.4208 24.5489 0
      vertex 21.3739 24.4357 8.51
      vertex 21.3739 24.4357 0
    endloop
  endfacet
  facet normal 0.898148 0.439693 0
    outer loop
      vertex 21.5251 21.2294 8.51
      vertex 21.4712 21.3395 0
      vertex 21.4712 21.3395 8.51
    endloop
  endfacet
  facet normal 0.898148 0.439693 0
    outer loop
      vertex 21.4712 21.3395 0
      vertex 21.5251 21.2294 8.51
      vertex 21.5251 21.2294 0
    endloop
  endfacet
  facet normal 0.993914 -0.110163 0
    outer loop
      vertex 21.1173 23.367 8.51
      vertex 21.1308 23.4888 0
      vertex 21.1308 23.4888 8.51
    endloop
  endfacet
  facet normal 0.993914 -0.110163 0
    outer loop
      vertex 21.1308 23.4888 0
      vertex 21.1173 23.367 8.51
      vertex 21.1173 23.367 0
    endloop
  endfacet
  facet normal 0.996923 -0.0783822 0
    outer loop
      vertex 21.1077 23.2449 8.51
      vertex 21.1173 23.367 0
      vertex 21.1173 23.367 8.51
    endloop
  endfacet
  facet normal 0.996923 -0.0783822 0
    outer loop
      vertex 21.1173 23.367 0
      vertex 21.1077 23.2449 8.51
      vertex 21.1077 23.2449 0
    endloop
  endfacet
  facet normal 0.996923 0.0783822 0
    outer loop
      vertex 21.1173 22.633 8.51
      vertex 21.1077 22.7551 0
      vertex 21.1077 22.7551 8.51
    endloop
  endfacet
  facet normal 0.996923 0.0783822 0
    outer loop
      vertex 21.1077 22.7551 0
      vertex 21.1173 22.633 8.51
      vertex 21.1173 22.633 0
    endloop
  endfacet
  facet normal 0.739792 -0.672835 0
    outer loop
      vertex 22.0746 25.5791 8.51
      vertex 22.157 25.6697 0
      vertex 22.157 25.6697 8.51
    endloop
  endfacet
  facet normal 0.739792 -0.672835 0
    outer loop
      vertex 22.157 25.6697 0
      vertex 22.0746 25.5791 8.51
      vertex 22.0746 25.5791 0
    endloop
  endfacet
  facet normal 0.760063 0.64985 0
    outer loop
      vertex 22.0746 20.4209 8.51
      vertex 21.995 20.514 0
      vertex 21.995 20.514 8.51
    endloop
  endfacet
  facet normal 0.760063 0.64985 0
    outer loop
      vertex 21.995 20.514 0
      vertex 22.0746 20.4209 8.51
      vertex 22.0746 20.4209 0
    endloop
  endfacet
  facet normal 0.883728 0.468 0
    outer loop
      vertex 21.5824 21.1212 8.51
      vertex 21.5251 21.2294 0
      vertex 21.5251 21.2294 8.51
    endloop
  endfacet
  facet normal 0.883728 0.468 0
    outer loop
      vertex 21.5251 21.2294 0
      vertex 21.5824 21.1212 8.51
      vertex 21.5824 21.1212 0
    endloop
  endfacet
  facet normal 0.624894 0.78071 -0
    outer loop
      vertex 22.6097 19.9184 0
      vertex 22.514 19.995 8.51
      vertex 22.6097 19.9184 8.51
    endloop
  endfacet
  facet normal 0.624894 0.78071 0
    outer loop
      vertex 22.514 19.995 8.51
      vertex 22.6097 19.9184 0
      vertex 22.514 19.995 0
    endloop
  endfacet
  facet normal -0.835673 0.549227 0
    outer loop
      vertex 28.2256 20.8079 0
      vertex 28.2929 20.9103 8.51
      vertex 28.2929 20.9103 0
    endloop
  endfacet
  facet normal -0.835673 0.549227 0
    outer loop
      vertex 28.2929 20.9103 8.51
      vertex 28.2256 20.8079 0
      vertex 28.2256 20.8079 8.51
    endloop
  endfacet
  facet normal 0.172202 -0.985062 0
    outer loop
      vertex 24.2692 26.8309 0
      vertex 24.3899 26.852 8.51
      vertex 24.2692 26.8309 8.51
    endloop
  endfacet
  facet normal 0.172202 -0.985062 0
    outer loop
      vertex 24.3899 26.852 8.51
      vertex 24.2692 26.8309 0
      vertex 24.3899 26.852 0
    endloop
  endfacet
  facet normal -0.672835 0.739792 0
    outer loop
      vertex 27.6697 20.157 0
      vertex 27.5791 20.0746 8.51
      vertex 27.6697 20.157 8.51
    endloop
  endfacet
  facet normal -0.672835 0.739792 0
    outer loop
      vertex 27.5791 20.0746 8.51
      vertex 27.6697 20.157 0
      vertex 27.5791 20.0746 0
    endloop
  endfacet
  facet normal -0.110163 -0.993914 0
    outer loop
      vertex 25.367 26.8827 0
      vertex 25.4888 26.8692 8.51
      vertex 25.367 26.8827 8.51
    endloop
  endfacet
  facet normal -0.110163 -0.993914 -0
    outer loop
      vertex 25.4888 26.8692 8.51
      vertex 25.367 26.8827 0
      vertex 25.4888 26.8692 0
    endloop
  endfacet
  facet normal 0.468 -0.883728 0
    outer loop
      vertex 23.1212 26.4176 0
      vertex 23.2294 26.4749 8.51
      vertex 23.1212 26.4176 8.51
    endloop
  endfacet
  facet normal 0.468 -0.883728 0
    outer loop
      vertex 23.2294 26.4749 8.51
      vertex 23.1212 26.4176 0
      vertex 23.2294 26.4749 0
    endloop
  endfacet
  facet normal -0.718036 -0.696006 0
    outer loop
      vertex 27.843 25.6697 0
      vertex 27.7577 25.7577 8.51
      vertex 27.7577 25.7577 0
    endloop
  endfacet
  facet normal -0.718036 -0.696006 0
    outer loop
      vertex 27.7577 25.7577 8.51
      vertex 27.843 25.6697 0
      vertex 27.843 25.6697 8.51
    endloop
  endfacet
  facet normal 0.110163 0.993914 -0
    outer loop
      vertex 24.633 19.1173 0
      vertex 24.5112 19.1308 8.51
      vertex 24.633 19.1173 8.51
    endloop
  endfacet
  facet normal 0.110163 0.993914 0
    outer loop
      vertex 24.5112 19.1308 8.51
      vertex 24.633 19.1173 0
      vertex 24.5112 19.1308 0
    endloop
  endfacet
  facet normal 0.993914 0.110163 0
    outer loop
      vertex 21.1308 22.5112 8.51
      vertex 21.1173 22.633 0
      vertex 21.1173 22.633 8.51
    endloop
  endfacet
  facet normal 0.993914 0.110163 0
    outer loop
      vertex 21.1173 22.633 0
      vertex 21.1308 22.5112 8.51
      vertex 21.1308 22.5112 0
    endloop
  endfacet
  facet normal -0.411587 -0.911371 0
    outer loop
      vertex 26.5489 26.5792 0
      vertex 26.6605 26.5288 8.51
      vertex 26.5489 26.5792 8.51
    endloop
  endfacet
  facet normal -0.411587 -0.911371 -0
    outer loop
      vertex 26.6605 26.5288 8.51
      vertex 26.5489 26.5792 0
      vertex 26.6605 26.5288 0
    endloop
  endfacet
  facet normal 0.883728 -0.468 0
    outer loop
      vertex 21.5251 24.7706 8.51
      vertex 21.5824 24.8788 0
      vertex 21.5824 24.8788 8.51
    endloop
  endfacet
  facet normal 0.883728 -0.468 0
    outer loop
      vertex 21.5824 24.8788 0
      vertex 21.5251 24.7706 8.51
      vertex 21.5251 24.7706 0
    endloop
  endfacet
  facet normal -0.20239 0.979305 0
    outer loop
      vertex 25.8508 19.1939 0
      vertex 25.7308 19.1691 8.51
      vertex 25.8508 19.1939 8.51
    endloop
  endfacet
  facet normal -0.20239 0.979305 0
    outer loop
      vertex 25.7308 19.1691 8.51
      vertex 25.8508 19.1939 0
      vertex 25.7308 19.1691 0
    endloop
  endfacet
  facet normal 0.799314 0.600914 0
    outer loop
      vertex 21.9184 20.6097 8.51
      vertex 21.8448 20.7076 0
      vertex 21.8448 20.7076 8.51
    endloop
  endfacet
  facet normal 0.799314 0.600914 0
    outer loop
      vertex 21.8448 20.7076 0
      vertex 21.9184 20.6097 8.51
      vertex 21.9184 20.6097 0
    endloop
  endfacet
  facet normal 0.38276 0.923848 -0
    outer loop
      vertex 23.5643 19.3739 0
      vertex 23.4511 19.4208 8.51
      vertex 23.5643 19.3739 8.51
    endloop
  endfacet
  facet normal 0.38276 0.923848 0
    outer loop
      vertex 23.4511 19.4208 8.51
      vertex 23.5643 19.3739 0
      vertex 23.4511 19.4208 0
    endloop
  endfacet
  facet normal 0.439693 -0.898148 0
    outer loop
      vertex 23.2294 26.4749 0
      vertex 23.3395 26.5288 8.51
      vertex 23.2294 26.4749 8.51
    endloop
  endfacet
  facet normal 0.439693 -0.898148 0
    outer loop
      vertex 23.3395 26.5288 8.51
      vertex 23.2294 26.4749 0
      vertex 23.3395 26.5288 0
    endloop
  endfacet
  facet normal 0.979305 -0.20239 0
    outer loop
      vertex 21.1691 23.7308 8.51
      vertex 21.1939 23.8508 0
      vertex 21.1939 23.8508 8.51
    endloop
  endfacet
  facet normal 0.979305 -0.20239 0
    outer loop
      vertex 21.1939 23.8508 0
      vertex 21.1691 23.7308 8.51
      vertex 21.1691 23.7308 0
    endloop
  endfacet
  facet normal 0.964424 -0.26436 0
    outer loop
      vertex 21.2225 23.9699 8.51
      vertex 21.2549 24.0881 0
      vertex 21.2549 24.0881 8.51
    endloop
  endfacet
  facet normal 0.964424 -0.26436 0
    outer loop
      vertex 21.2549 24.0881 0
      vertex 21.2225 23.9699 8.51
      vertex 21.2225 23.9699 0
    endloop
  endfacet
  facet normal 0.468 0.883728 -0
    outer loop
      vertex 23.2294 19.5251 0
      vertex 23.1212 19.5824 8.51
      vertex 23.2294 19.5251 8.51
    endloop
  endfacet
  facet normal 0.468 0.883728 0
    outer loop
      vertex 23.1212 19.5824 8.51
      vertex 23.2294 19.5251 0
      vertex 23.1212 19.5824 0
    endloop
  endfacet
  facet normal 0.522639 -0.852554 0
    outer loop
      vertex 22.9103 26.2929 0
      vertex 23.0147 26.3569 8.51
      vertex 22.9103 26.2929 8.51
    endloop
  endfacet
  facet normal 0.522639 -0.852554 0
    outer loop
      vertex 23.0147 26.3569 8.51
      vertex 22.9103 26.2929 0
      vertex 23.0147 26.3569 0
    endloop
  endfacet
  facet normal -0.233496 0.972358 0
    outer loop
      vertex 25.9699 19.2225 0
      vertex 25.8508 19.1939 8.51
      vertex 25.9699 19.2225 8.51
    endloop
  endfacet
  facet normal -0.233496 0.972358 0
    outer loop
      vertex 25.8508 19.1939 8.51
      vertex 25.9699 19.2225 0
      vertex 25.8508 19.1939 0
    endloop
  endfacet
  facet normal 0.911371 0.411587 0
    outer loop
      vertex 21.4712 21.3395 8.51
      vertex 21.4208 21.4511 0
      vertex 21.4208 21.4511 8.51
    endloop
  endfacet
  facet normal 0.911371 0.411587 0
    outer loop
      vertex 21.4208 21.4511 0
      vertex 21.4712 21.3395 8.51
      vertex 21.4712 21.3395 0
    endloop
  endfacet
  facet normal -0.439693 0.898148 0
    outer loop
      vertex 26.7706 19.5251 0
      vertex 26.6605 19.4712 8.51
      vertex 26.7706 19.5251 8.51
    endloop
  endfacet
  facet normal -0.439693 0.898148 0
    outer loop
      vertex 26.6605 19.4712 8.51
      vertex 26.7706 19.5251 0
      vertex 26.6605 19.4712 0
    endloop
  endfacet
  facet normal 0.898148 -0.439693 0
    outer loop
      vertex 21.4712 24.6605 8.51
      vertex 21.5251 24.7706 0
      vertex 21.5251 24.7706 8.51
    endloop
  endfacet
  facet normal 0.898148 -0.439693 0
    outer loop
      vertex 21.5251 24.7706 0
      vertex 21.4712 24.6605 8.51
      vertex 21.4712 24.6605 0
    endloop
  endfacet
  facet normal 0.233496 -0.972358 0
    outer loop
      vertex 24.0301 26.7775 0
      vertex 24.1492 26.8061 8.51
      vertex 24.0301 26.7775 8.51
    endloop
  endfacet
  facet normal 0.233496 -0.972358 0
    outer loop
      vertex 24.1492 26.8061 8.51
      vertex 24.0301 26.7775 0
      vertex 24.1492 26.8061 0
    endloop
  endfacet
  facet normal 0.324053 -0.946039 0
    outer loop
      vertex 23.6789 26.6694 0
      vertex 23.7948 26.7091 8.51
      vertex 23.6789 26.6694 8.51
    endloop
  endfacet
  facet normal 0.324053 -0.946039 0
    outer loop
      vertex 23.7948 26.7091 8.51
      vertex 23.6789 26.6694 0
      vertex 23.7948 26.7091 0
    endloop
  endfacet
  facet normal 0.852554 0.522639 0
    outer loop
      vertex 21.7071 20.9103 8.51
      vertex 21.6431 21.0147 0
      vertex 21.6431 21.0147 8.51
    endloop
  endfacet
  facet normal 0.852554 0.522639 0
    outer loop
      vertex 21.6431 21.0147 0
      vertex 21.7071 20.9103 8.51
      vertex 21.7071 20.9103 0
    endloop
  endfacet
  facet normal -0.522639 0.852554 0
    outer loop
      vertex 27.0897 19.7071 0
      vertex 26.9853 19.6431 8.51
      vertex 27.0897 19.7071 8.51
    endloop
  endfacet
  facet normal -0.522639 0.852554 0
    outer loop
      vertex 26.9853 19.6431 8.51
      vertex 27.0897 19.7071 0
      vertex 26.9853 19.6431 0
    endloop
  endfacet
  facet normal -0.799314 0.600914 0
    outer loop
      vertex 28.0816 20.6097 0
      vertex 28.1552 20.7076 8.51
      vertex 28.1552 20.7076 0
    endloop
  endfacet
  facet normal -0.799314 0.600914 0
    outer loop
      vertex 28.1552 20.7076 8.51
      vertex 28.0816 20.6097 0
      vertex 28.0816 20.6097 8.51
    endloop
  endfacet
  facet normal -0.78071 0.624894 0
    outer loop
      vertex 28.005 20.514 0
      vertex 28.0816 20.6097 8.51
      vertex 28.0816 20.6097 0
    endloop
  endfacet
  facet normal -0.78071 0.624894 0
    outer loop
      vertex 28.0816 20.6097 8.51
      vertex 28.005 20.514 0
      vertex 28.005 20.514 8.51
    endloop
  endfacet
  facet normal 0.411587 -0.911371 0
    outer loop
      vertex 23.3395 26.5288 0
      vertex 23.4511 26.5792 8.51
      vertex 23.3395 26.5288 8.51
    endloop
  endfacet
  facet normal 0.411587 -0.911371 0
    outer loop
      vertex 23.4511 26.5792 8.51
      vertex 23.3395 26.5288 0
      vertex 23.4511 26.5792 0
    endloop
  endfacet
  facet normal -0.574502 0.818503 0
    outer loop
      vertex 27.2924 19.8448 0
      vertex 27.1921 19.7744 8.51
      vertex 27.2924 19.8448 8.51
    endloop
  endfacet
  facet normal -0.574502 0.818503 0
    outer loop
      vertex 27.1921 19.7744 8.51
      vertex 27.2924 19.8448 0
      vertex 27.1921 19.7744 0
    endloop
  endfacet
  facet normal -0.760063 0.64985 0
    outer loop
      vertex 27.9254 20.4209 0
      vertex 28.005 20.514 8.51
      vertex 28.005 20.514 0
    endloop
  endfacet
  facet normal -0.760063 0.64985 0
    outer loop
      vertex 28.005 20.514 8.51
      vertex 27.9254 20.4209 0
      vertex 27.9254 20.4209 8.51
    endloop
  endfacet
  facet normal 0.78071 -0.624894 0
    outer loop
      vertex 21.9184 25.3903 8.51
      vertex 21.995 25.486 0
      vertex 21.995 25.486 8.51
    endloop
  endfacet
  facet normal 0.78071 -0.624894 0
    outer loop
      vertex 21.995 25.486 0
      vertex 21.9184 25.3903 8.51
      vertex 21.9184 25.3903 0
    endloop
  endfacet
  facet normal 0.624894 -0.78071 0
    outer loop
      vertex 22.514 26.005 0
      vertex 22.6097 26.0816 8.51
      vertex 22.514 26.005 8.51
    endloop
  endfacet
  facet normal 0.624894 -0.78071 0
    outer loop
      vertex 22.6097 26.0816 8.51
      vertex 22.514 26.005 0
      vertex 22.6097 26.0816 0
    endloop
  endfacet
  facet normal 0 0 -1
    outer loop
      vertex 28.8981 22.8775 8.51
      vertex 28.8981 23.1225 8.51
      vertex 28.9 23 8.51
    endloop
  endfacet
  facet normal 0 0 -1
    outer loop
      vertex 28.8923 22.7551 8.51
      vertex 28.8981 23.1225 8.51
      vertex 28.8981 22.8775 8.51
    endloop
  endfacet
  facet normal 0 0 -1
    outer loop
      vertex 28.8923 22.7551 8.51
      vertex 28.8923 23.2449 8.51
      vertex 28.8981 23.1225 8.51
    endloop
  endfacet
  facet normal 0 0 -1
    outer loop
      vertex 28.8827 22.633 8.51
      vertex 28.8923 23.2449 8.51
      vertex 28.8923 22.7551 8.51
    endloop
  endfacet
  facet normal 0 0 -1
    outer loop
      vertex 28.8827 22.633 8.51
      vertex 28.8827 23.367 8.51
      vertex 28.8923 23.2449 8.51
    endloop
  endfacet
  facet normal 0 0 -1
    outer loop
      vertex 28.8692 22.5112 8.51
      vertex 28.8827 23.367 8.51
      vertex 28.8827 22.633 8.51
    endloop
  endfacet
  facet normal 0 0 -1
    outer loop
      vertex 28.8692 22.5112 8.51
      vertex 28.8692 23.4888 8.51
      vertex 28.8827 23.367 8.51
    endloop
  endfacet
  facet normal 0 0 -1
    outer loop
      vertex 28.852 22.3899 8.51
      vertex 28.8692 23.4888 8.51
      vertex 28.8692 22.5112 8.51
    endloop
  endfacet
  facet normal 0 0 -1
    outer loop
      vertex 28.852 22.3899 8.51
      vertex 28.852 23.6101 8.51
      vertex 28.8692 23.4888 8.51
    endloop
  endfacet
  facet normal 0 0 -1
    outer loop
      vertex 28.8309 22.2692 8.51
      vertex 28.852 23.6101 8.51
      vertex 28.852 22.3899 8.51
    endloop
  endfacet
  facet normal 0 0 -1
    outer loop
      vertex 28.8309 22.2692 8.51
      vertex 28.8309 23.7308 8.51
      vertex 28.852 23.6101 8.51
    endloop
  endfacet
  facet normal 0 0 -1
    outer loop
      vertex 28.8061 22.1492 8.51
      vertex 28.8309 23.7308 8.51
      vertex 28.8309 22.2692 8.51
    endloop
  endfacet
  facet normal 0 0 -1
    outer loop
      vertex 28.8061 22.1492 8.51
      vertex 28.8061 23.8508 8.51
      vertex 28.8309 23.7308 8.51
    endloop
  endfacet
  facet normal 0 0 -1
    outer loop
      vertex 28.7775 22.0301 8.51
      vertex 28.8061 23.8508 8.51
      vertex 28.8061 22.1492 8.51
    endloop
  endfacet
  facet normal 0 0 -1
    outer loop
      vertex 28.7775 22.0301 8.51
      vertex 28.7775 23.9699 8.51
      vertex 28.8061 23.8508 8.51
    endloop
  endfacet
  facet normal 0 0 -1
    outer loop
      vertex 28.7451 21.9119 8.51
      vertex 28.7775 23.9699 8.51
      vertex 28.7775 22.0301 8.51
    endloop
  endfacet
  facet normal 0 0 -1
    outer loop
      vertex 28.7451 21.9119 8.51
      vertex 28.7451 24.0881 8.51
      vertex 28.7775 23.9699 8.51
    endloop
  endfacet
  facet normal 0 0 -1
    outer loop
      vertex 28.7091 21.7948 8.51
      vertex 28.7451 24.0881 8.51
      vertex 28.7451 21.9119 8.51
    endloop
  endfacet
  facet normal 0 0 -1
    outer loop
      vertex 28.7091 21.7948 8.51
      vertex 28.7091 24.2052 8.51
      vertex 28.7451 24.0881 8.51
    endloop
  endfacet
  facet normal 0 0 -1
    outer loop
      vertex 28.6694 21.6789 8.51
      vertex 28.7091 24.2052 8.51
      vertex 28.7091 21.7948 8.51
    endloop
  endfacet
  facet normal 0 0 -1
    outer loop
      vertex 28.6694 21.6789 8.51
      vertex 28.6694 24.3211 8.51
      vertex 28.7091 24.2052 8.51
    endloop
  endfacet
  facet normal 0 0 -1
    outer loop
      vertex 28.6261 21.5643 8.51
      vertex 28.6694 24.3211 8.51
      vertex 28.6694 21.6789 8.51
    endloop
  endfacet
  facet normal 0 0 -1
    outer loop
      vertex 28.6261 21.5643 8.51
      vertex 28.6261 24.4357 8.51
      vertex 28.6694 24.3211 8.51
    endloop
  endfacet
  facet normal 0 0 -1
    outer loop
      vertex 28.5792 21.4511 8.51
      vertex 28.6261 24.4357 8.51
      vertex 28.6261 21.5643 8.51
    endloop
  endfacet
  facet normal 0 0 -1
    outer loop
      vertex 28.5792 21.4511 8.51
      vertex 28.5792 24.5489 8.51
      vertex 28.6261 24.4357 8.51
    endloop
  endfacet
  facet normal 0 0 -1
    outer loop
      vertex 28.5288 21.3395 8.51
      vertex 28.5792 24.5489 8.51
      vertex 28.5792 21.4511 8.51
    endloop
  endfacet
  facet normal 0 0 -1
    outer loop
      vertex 28.5288 21.3395 8.51
      vertex 28.5288 24.6605 8.51
      vertex 28.5792 24.5489 8.51
    endloop
  endfacet
  facet normal 0 0 -1
    outer loop
      vertex 28.4749 21.2294 8.51
      vertex 28.5288 24.6605 8.51
      vertex 28.5288 21.3395 8.51
    endloop
  endfacet
  facet normal 0 0 -1
    outer loop
      vertex 28.4749 21.2294 8.51
      vertex 28.4749 24.7706 8.51
      vertex 28.5288 24.6605 8.51
    endloop
  endfacet
  facet normal 0 0 -1
    outer loop
      vertex 28.4176 21.1212 8.51
      vertex 28.4749 24.7706 8.51
      vertex 28.4749 21.2294 8.51
    endloop
  endfacet
  facet normal 0 0 -1
    outer loop
      vertex 28.4176 21.1212 8.51
      vertex 28.4176 24.8788 8.51
      vertex 28.4749 24.7706 8.51
    endloop
  endfacet
  facet normal 0 0 -1
    outer loop
      vertex 28.3569 21.0147 8.51
      vertex 28.4176 24.8788 8.51
      vertex 28.4176 21.1212 8.51
    endloop
  endfacet
  facet normal 0 0 -1
    outer loop
      vertex 28.3569 21.0147 8.51
      vertex 28.3569 24.9853 8.51
      vertex 28.4176 24.8788 8.51
    endloop
  endfacet
  facet normal 0 0 -1
    outer loop
      vertex 28.2929 20.9103 8.51
      vertex 28.3569 24.9853 8.51
      vertex 28.3569 21.0147 8.51
    endloop
  endfacet
  facet normal 0 0 -1
    outer loop
      vertex 28.2929 20.9103 8.51
      vertex 28.2929 25.0897 8.51
      vertex 28.3569 24.9853 8.51
    endloop
  endfacet
  facet normal 0 0 -1
    outer loop
      vertex 28.2256 20.8079 8.51
      vertex 28.2929 25.0897 8.51
      vertex 28.2929 20.9103 8.51
    endloop
  endfacet
  facet normal 0 0 -1
    outer loop
      vertex 28.2256 20.8079 8.51
      vertex 28.2256 25.1921 8.51
      vertex 28.2929 25.0897 8.51
    endloop
  endfacet
  facet normal 0 0 -1
    outer loop
      vertex 28.1552 20.7076 8.51
      vertex 28.2256 25.1921 8.51
      vertex 28.2256 20.8079 8.51
    endloop
  endfacet
  facet normal 0 0 -1
    outer loop
      vertex 28.1552 20.7076 8.51
      vertex 28.1552 25.2924 8.51
      vertex 28.2256 25.1921 8.51
    endloop
  endfacet
  facet normal 0 0 -1
    outer loop
      vertex 28.0816 20.6097 8.51
      vertex 28.1552 25.2924 8.51
      vertex 28.1552 20.7076 8.51
    endloop
  endfacet
  facet normal 0 0 -1
    outer loop
      vertex 28.0816 20.6097 8.51
      vertex 28.0816 25.3903 8.51
      vertex 28.1552 25.2924 8.51
    endloop
  endfacet
  facet normal 0 0 -1
    outer loop
      vertex 28.005 20.514 8.51
      vertex 28.0816 25.3903 8.51
      vertex 28.0816 20.6097 8.51
    endloop
  endfacet
  facet normal 0 0 -1
    outer loop
      vertex 28.005 20.514 8.51
      vertex 28.005 25.486 8.51
      vertex 28.0816 25.3903 8.51
    endloop
  endfacet
  facet normal 0 0 -1
    outer loop
      vertex 27.9254 20.4209 8.51
      vertex 28.005 25.486 8.51
      vertex 28.005 20.514 8.51
    endloop
  endfacet
  facet normal 0 0 -1
    outer loop
      vertex 27.9254 20.4209 8.51
      vertex 27.9254 25.5791 8.51
      vertex 28.005 25.486 8.51
    endloop
  endfacet
  facet normal 0 0 -1
    outer loop
      vertex 27.843 20.3303 8.51
      vertex 27.9254 25.5791 8.51
      vertex 27.9254 20.4209 8.51
    endloop
  endfacet
  facet normal 0 0 -1
    outer loop
      vertex 27.843 20.3303 8.51
      vertex 27.843 25.6697 8.51
      vertex 27.9254 25.5791 8.51
    endloop
  endfacet
  facet normal 0 0 -1
    outer loop
      vertex 27.7577 20.2423 8.51
      vertex 27.843 25.6697 8.51
      vertex 27.843 20.3303 8.51
    endloop
  endfacet
  facet normal 0 0 -1
    outer loop
      vertex 27.7577 20.2423 8.51
      vertex 27.7577 25.7577 8.51
      vertex 27.843 25.6697 8.51
    endloop
  endfacet
  facet normal 0 0 -1
    outer loop
      vertex 27.6697 20.157 8.51
      vertex 27.7577 25.7577 8.51
      vertex 27.7577 20.2423 8.51
    endloop
  endfacet
  facet normal 0 0 -1
    outer loop
      vertex 27.6697 20.157 8.51
      vertex 27.6697 25.843 8.51
      vertex 27.7577 25.7577 8.51
    endloop
  endfacet
  facet normal 0 0 -1
    outer loop
      vertex 27.5791 20.0746 8.51
      vertex 27.6697 25.843 8.51
      vertex 27.6697 20.157 8.51
    endloop
  endfacet
  facet normal 0 0 -1
    outer loop
      vertex 27.5791 20.0746 8.51
      vertex 27.5791 25.9254 8.51
      vertex 27.6697 25.843 8.51
    endloop
  endfacet
  facet normal 0 0 -1
    outer loop
      vertex 27.486 19.995 8.51
      vertex 27.5791 25.9254 8.51
      vertex 27.5791 20.0746 8.51
    endloop
  endfacet
  facet normal 0 0 -1
    outer loop
      vertex 27.486 19.995 8.51
      vertex 27.486 26.005 8.51
      vertex 27.5791 25.9254 8.51
    endloop
  endfacet
  facet normal 0 0 -1
    outer loop
      vertex 27.3903 19.9184 8.51
      vertex 27.486 26.005 8.51
      vertex 27.486 19.995 8.51
    endloop
  endfacet
  facet normal 0 0 -1
    outer loop
      vertex 27.3903 19.9184 8.51
      vertex 27.3903 26.0816 8.51
      vertex 27.486 26.005 8.51
    endloop
  endfacet
  facet normal 0 0 -1
    outer loop
      vertex 27.2924 19.8448 8.51
      vertex 27.3903 26.0816 8.51
      vertex 27.3903 19.9184 8.51
    endloop
  endfacet
  facet normal 0 0 -1
    outer loop
      vertex 27.2924 19.8448 8.51
      vertex 27.2924 26.1552 8.51
      vertex 27.3903 26.0816 8.51
    endloop
  endfacet
  facet normal 0 0 -1
    outer loop
      vertex 27.1921 19.7744 8.51
      vertex 27.2924 26.1552 8.51
      vertex 27.2924 19.8448 8.51
    endloop
  endfacet
  facet normal 0 0 -1
    outer loop
      vertex 27.1921 19.7744 8.51
      vertex 27.1921 26.2256 8.51
      vertex 27.2924 26.1552 8.51
    endloop
  endfacet
  facet normal 0 0 -1
    outer loop
      vertex 27.0897 19.7071 8.51
      vertex 27.1921 26.2256 8.51
      vertex 27.1921 19.7744 8.51
    endloop
  endfacet
  facet normal 0 0 -1
    outer loop
      vertex 27.0897 19.7071 8.51
      vertex 27.0897 26.2929 8.51
      vertex 27.1921 26.2256 8.51
    endloop
  endfacet
  facet normal 0 0 -1
    outer loop
      vertex 26.9853 19.6431 8.51
      vertex 27.0897 26.2929 8.51
      vertex 27.0897 19.7071 8.51
    endloop
  endfacet
  facet normal 0 0 -1
    outer loop
      vertex 26.9853 19.6431 8.51
      vertex 26.9853 26.3569 8.51
      vertex 27.0897 26.2929 8.51
    endloop
  endfacet
  facet normal 0 0 -1
    outer loop
      vertex 26.8788 19.5824 8.51
      vertex 26.9853 26.3569 8.51
      vertex 26.9853 19.6431 8.51
    endloop
  endfacet
  facet normal 0 0 -1
    outer loop
      vertex 26.8788 19.5824 8.51
      vertex 26.8788 26.4176 8.51
      vertex 26.9853 26.3569 8.51
    endloop
  endfacet
  facet normal 0 0 -1
    outer loop
      vertex 26.7706 19.5251 8.51
      vertex 26.8788 26.4176 8.51
      vertex 26.8788 19.5824 8.51
    endloop
  endfacet
  facet normal 0 0 -1
    outer loop
      vertex 26.7706 19.5251 8.51
      vertex 26.7706 26.4749 8.51
      vertex 26.8788 26.4176 8.51
    endloop
  endfacet
  facet normal 0 0 -1
    outer loop
      vertex 26.6605 19.4712 8.51
      vertex 26.7706 26.4749 8.51
      vertex 26.7706 19.5251 8.51
    endloop
  endfacet
  facet normal 0 0 -1
    outer loop
      vertex 26.6605 19.4712 8.51
      vertex 26.6605 26.5288 8.51
      vertex 26.7706 26.4749 8.51
    endloop
  endfacet
  facet normal 0 0 -1
    outer loop
      vertex 26.5489 19.4208 8.51
      vertex 26.6605 26.5288 8.51
      vertex 26.6605 19.4712 8.51
    endloop
  endfacet
  facet normal 0 0 -1
    outer loop
      vertex 26.5489 19.4208 8.51
      vertex 26.5489 26.5792 8.51
      vertex 26.6605 26.5288 8.51
    endloop
  endfacet
  facet normal 0 0 -1
    outer loop
      vertex 26.4357 19.3739 8.51
      vertex 26.5489 26.5792 8.51
      vertex 26.5489 19.4208 8.51
    endloop
  endfacet
  facet normal 0 0 -1
    outer loop
      vertex 26.4357 19.3739 8.51
      vertex 26.4357 26.6261 8.51
      vertex 26.5489 26.5792 8.51
    endloop
  endfacet
  facet normal 0 0 -1
    outer loop
      vertex 26.3211 19.3306 8.51
      vertex 26.4357 26.6261 8.51
      vertex 26.4357 19.3739 8.51
    endloop
  endfacet
  facet normal 0 0 -1
    outer loop
      vertex 26.3211 19.3306 8.51
      vertex 26.3211 26.6694 8.51
      vertex 26.4357 26.6261 8.51
    endloop
  endfacet
  facet normal 0 0 -1
    outer loop
      vertex 26.2052 19.2909 8.51
      vertex 26.3211 26.6694 8.51
      vertex 26.3211 19.3306 8.51
    endloop
  endfacet
  facet normal 0 0 -1
    outer loop
      vertex 26.2052 19.2909 8.51
      vertex 26.2052 26.7091 8.51
      vertex 26.3211 26.6694 8.51
    endloop
  endfacet
  facet normal 0 0 -1
    outer loop
      vertex 26.0881 19.2549 8.51
      vertex 26.2052 26.7091 8.51
      vertex 26.2052 19.2909 8.51
    endloop
  endfacet
  facet normal 0 0 -1
    outer loop
      vertex 26.0881 19.2549 8.51
      vertex 26.0881 26.7451 8.51
      vertex 26.2052 26.7091 8.51
    endloop
  endfacet
  facet normal 0 0 -1
    outer loop
      vertex 25.9699 19.2225 8.51
      vertex 26.0881 26.7451 8.51
      vertex 26.0881 19.2549 8.51
    endloop
  endfacet
  facet normal 0 0 -1
    outer loop
      vertex 25.9699 19.2225 8.51
      vertex 25.9699 26.7775 8.51
      vertex 26.0881 26.7451 8.51
    endloop
  endfacet
  facet normal 0 0 -1
    outer loop
      vertex 25.8508 19.1939 8.51
      vertex 25.9699 26.7775 8.51
      vertex 25.9699 19.2225 8.51
    endloop
  endfacet
  facet normal 0 0 -1
    outer loop
      vertex 25.8508 19.1939 8.51
      vertex 25.8508 26.8061 8.51
      vertex 25.9699 26.7775 8.51
    endloop
  endfacet
  facet normal 0 0 -1
    outer loop
      vertex 25.7308 19.1691 8.51
      vertex 25.8508 26.8061 8.51
      vertex 25.8508 19.1939 8.51
    endloop
  endfacet
  facet normal 0 0 -1
    outer loop
      vertex 25.7308 19.1691 8.51
      vertex 25.7308 26.8309 8.51
      vertex 25.8508 26.8061 8.51
    endloop
  endfacet
  facet normal 0 0 -1
    outer loop
      vertex 25.6101 19.148 8.51
      vertex 25.7308 26.8309 8.51
      vertex 25.7308 19.1691 8.51
    endloop
  endfacet
  facet normal 0 0 -1
    outer loop
      vertex 25.6101 19.148 8.51
      vertex 25.6101 26.852 8.51
      vertex 25.7308 26.8309 8.51
    endloop
  endfacet
  facet normal 0 0 -1
    outer loop
      vertex 25.4888 19.1308 8.51
      vertex 25.6101 26.852 8.51
      vertex 25.6101 19.148 8.51
    endloop
  endfacet
  facet normal 0 0 -1
    outer loop
      vertex 25.4888 19.1308 8.51
      vertex 25.4888 26.8692 8.51
      vertex 25.6101 26.852 8.51
    endloop
  endfacet
  facet normal 0 0 -1
    outer loop
      vertex 25.367 19.1173 8.51
      vertex 25.4888 26.8692 8.51
      vertex 25.4888 19.1308 8.51
    endloop
  endfacet
  facet normal 0 0 -1
    outer loop
      vertex 25.367 19.1173 8.51
      vertex 25.367 26.8827 8.51
      vertex 25.4888 26.8692 8.51
    endloop
  endfacet
  facet normal 0 0 -1
    outer loop
      vertex 25.2449 19.1077 8.51
      vertex 25.367 26.8827 8.51
      vertex 25.367 19.1173 8.51
    endloop
  endfacet
  facet normal 0 0 -1
    outer loop
      vertex 25.2449 19.1077 8.51
      vertex 25.2449 26.8923 8.51
      vertex 25.367 26.8827 8.51
    endloop
  endfacet
  facet normal 0 0 -1
    outer loop
      vertex 25.1225 19.1019 8.51
      vertex 25.2449 26.8923 8.51
      vertex 25.2449 19.1077 8.51
    endloop
  endfacet
  facet normal 0 0 -1
    outer loop
      vertex 25.1225 19.1019 8.51
      vertex 25.1225 26.8981 8.51
      vertex 25.2449 26.8923 8.51
    endloop
  endfacet
  facet normal 0 0 -1
    outer loop
      vertex 25 19.1 8.51
      vertex 25.1225 26.8981 8.51
      vertex 25.1225 19.1019 8.51
    endloop
  endfacet
  facet normal 0 0 -1
    outer loop
      vertex 25 19.1 8.51
      vertex 25 26.9 8.51
      vertex 25.1225 26.8981 8.51
    endloop
  endfacet
  facet normal 0 0 -1
    outer loop
      vertex 24.8775 19.1019 8.51
      vertex 25 26.9 8.51
      vertex 25 19.1 8.51
    endloop
  endfacet
  facet normal 0 0 -1
    outer loop
      vertex 24.8775 19.1019 8.51
      vertex 24.8775 26.8981 8.51
      vertex 25 26.9 8.51
    endloop
  endfacet
  facet normal 0 0 -1
    outer loop
      vertex 24.7551 19.1077 8.51
      vertex 24.8775 26.8981 8.51
      vertex 24.8775 19.1019 8.51
    endloop
  endfacet
  facet normal 0 0 -1
    outer loop
      vertex 24.7551 19.1077 8.51
      vertex 24.7551 26.8923 8.51
      vertex 24.8775 26.8981 8.51
    endloop
  endfacet
  facet normal 0 0 -1
    outer loop
      vertex 24.633 19.1173 8.51
      vertex 24.7551 26.8923 8.51
      vertex 24.7551 19.1077 8.51
    endloop
  endfacet
  facet normal 0 0 -1
    outer loop
      vertex 24.633 19.1173 8.51
      vertex 24.633 26.8827 8.51
      vertex 24.7551 26.8923 8.51
    endloop
  endfacet
  facet normal 0 0 -1
    outer loop
      vertex 24.5112 19.1308 8.51
      vertex 24.633 26.8827 8.51
      vertex 24.633 19.1173 8.51
    endloop
  endfacet
  facet normal 0 0 -1
    outer loop
      vertex 24.5112 19.1308 8.51
      vertex 24.5112 26.8692 8.51
      vertex 24.633 26.8827 8.51
    endloop
  endfacet
  facet normal 0 0 -1
    outer loop
      vertex 24.3899 19.148 8.51
      vertex 24.5112 26.8692 8.51
      vertex 24.5112 19.1308 8.51
    endloop
  endfacet
  facet normal 0 0 -1
    outer loop
      vertex 24.3899 19.148 8.51
      vertex 24.3899 26.852 8.51
      vertex 24.5112 26.8692 8.51
    endloop
  endfacet
  facet normal 0 0 -1
    outer loop
      vertex 24.2692 19.1691 8.51
      vertex 24.3899 26.852 8.51
      vertex 24.3899 19.148 8.51
    endloop
  endfacet
  facet normal 0 0 -1
    outer loop
      vertex 24.2692 19.1691 8.51
      vertex 24.2692 26.8309 8.51
      vertex 24.3899 26.852 8.51
    endloop
  endfacet
  facet normal 0 0 -1
    outer loop
      vertex 24.1492 19.1939 8.51
      vertex 24.2692 26.8309 8.51
      vertex 24.2692 19.1691 8.51
    endloop
  endfacet
  facet normal 0 0 -1
    outer loop
      vertex 24.1492 19.1939 8.51
      vertex 24.1492 26.8061 8.51
      vertex 24.2692 26.8309 8.51
    endloop
  endfacet
  facet normal 0 0 -1
    outer loop
      vertex 24.0301 19.2225 8.51
      vertex 24.1492 26.8061 8.51
      vertex 24.1492 19.1939 8.51
    endloop
  endfacet
  facet normal 0 0 -1
    outer loop
      vertex 24.0301 19.2225 8.51
      vertex 24.0301 26.7775 8.51
      vertex 24.1492 26.8061 8.51
    endloop
  endfacet
  facet normal 0 0 -1
    outer loop
      vertex 23.9119 19.2549 8.51
      vertex 24.0301 26.7775 8.51
      vertex 24.0301 19.2225 8.51
    endloop
  endfacet
  facet normal 0 0 -1
    outer loop
      vertex 23.9119 19.2549 8.51
      vertex 23.9119 26.7451 8.51
      vertex 24.0301 26.7775 8.51
    endloop
  endfacet
  facet normal 0 0 -1
    outer loop
      vertex 23.7948 19.2909 8.51
      vertex 23.9119 26.7451 8.51
      vertex 23.9119 19.2549 8.51
    endloop
  endfacet
  facet normal 0 0 -1
    outer loop
      vertex 23.7948 19.2909 8.51
      vertex 23.7948 26.7091 8.51
      vertex 23.9119 26.7451 8.51
    endloop
  endfacet
  facet normal 0 0 -1
    outer loop
      vertex 23.6789 19.3306 8.51
      vertex 23.7948 26.7091 8.51
      vertex 23.7948 19.2909 8.51
    endloop
  endfacet
  facet normal 0 0 -1
    outer loop
      vertex 23.6789 19.3306 8.51
      vertex 23.6789 26.6694 8.51
      vertex 23.7948 26.7091 8.51
    endloop
  endfacet
  facet normal 0 0 -1
    outer loop
      vertex 23.5643 19.3739 8.51
      vertex 23.6789 26.6694 8.51
      vertex 23.6789 19.3306 8.51
    endloop
  endfacet
  facet normal 0 0 -1
    outer loop
      vertex 23.5643 19.3739 8.51
      vertex 23.5643 26.6261 8.51
      vertex 23.6789 26.6694 8.51
    endloop
  endfacet
  facet normal 0 0 -1
    outer loop
      vertex 23.4511 19.4208 8.51
      vertex 23.5643 26.6261 8.51
      vertex 23.5643 19.3739 8.51
    endloop
  endfacet
  facet normal 0 0 -1
    outer loop
      vertex 23.4511 19.4208 8.51
      vertex 23.4511 26.5792 8.51
      vertex 23.5643 26.6261 8.51
    endloop
  endfacet
  facet normal 0 0 -1
    outer loop
      vertex 23.3395 19.4712 8.51
      vertex 23.4511 26.5792 8.51
      vertex 23.4511 19.4208 8.51
    endloop
  endfacet
  facet normal 0 0 -1
    outer loop
      vertex 23.3395 19.4712 8.51
      vertex 23.3395 26.5288 8.51
      vertex 23.4511 26.5792 8.51
    endloop
  endfacet
  facet normal 0 0 -1
    outer loop
      vertex 23.2294 19.5251 8.51
      vertex 23.3395 26.5288 8.51
      vertex 23.3395 19.4712 8.51
    endloop
  endfacet
  facet normal 0 0 -1
    outer loop
      vertex 23.2294 19.5251 8.51
      vertex 23.2294 26.4749 8.51
      vertex 23.3395 26.5288 8.51
    endloop
  endfacet
  facet normal 0 0 -1
    outer loop
      vertex 23.1212 19.5824 8.51
      vertex 23.2294 26.4749 8.51
      vertex 23.2294 19.5251 8.51
    endloop
  endfacet
  facet normal 0 0 -1
    outer loop
      vertex 23.1212 19.5824 8.51
      vertex 23.1212 26.4176 8.51
      vertex 23.2294 26.4749 8.51
    endloop
  endfacet
  facet normal 0 0 -1
    outer loop
      vertex 23.0147 19.6431 8.51
      vertex 23.1212 26.4176 8.51
      vertex 23.1212 19.5824 8.51
    endloop
  endfacet
  facet normal 0 0 -1
    outer loop
      vertex 23.0147 19.6431 8.51
      vertex 23.0147 26.3569 8.51
      vertex 23.1212 26.4176 8.51
    endloop
  endfacet
  facet normal 0 0 -1
    outer loop
      vertex 22.9103 19.7071 8.51
      vertex 23.0147 26.3569 8.51
      vertex 23.0147 19.6431 8.51
    endloop
  endfacet
  facet normal 0 0 -1
    outer loop
      vertex 22.9103 19.7071 8.51
      vertex 22.9103 26.2929 8.51
      vertex 23.0147 26.3569 8.51
    endloop
  endfacet
  facet normal 0 0 -1
    outer loop
      vertex 22.8079 19.7744 8.51
      vertex 22.9103 26.2929 8.51
      vertex 22.9103 19.7071 8.51
    endloop
  endfacet
  facet normal 0 0 -1
    outer loop
      vertex 22.8079 19.7744 8.51
      vertex 22.8079 26.2256 8.51
      vertex 22.9103 26.2929 8.51
    endloop
  endfacet
  facet normal 0 0 -1
    outer loop
      vertex 22.7076 19.8448 8.51
      vertex 22.8079 26.2256 8.51
      vertex 22.8079 19.7744 8.51
    endloop
  endfacet
  facet normal 0 0 -1
    outer loop
      vertex 22.7076 19.8448 8.51
      vertex 22.7076 26.1552 8.51
      vertex 22.8079 26.2256 8.51
    endloop
  endfacet
  facet normal 0 0 -1
    outer loop
      vertex 22.6097 19.9184 8.51
      vertex 22.7076 26.1552 8.51
      vertex 22.7076 19.8448 8.51
    endloop
  endfacet
  facet normal 0 0 -1
    outer loop
      vertex 22.6097 19.9184 8.51
      vertex 22.6097 26.0816 8.51
      vertex 22.7076 26.1552 8.51
    endloop
  endfacet
  facet normal 0 0 -1
    outer loop
      vertex 22.514 19.995 8.51
      vertex 22.6097 26.0816 8.51
      vertex 22.6097 19.9184 8.51
    endloop
  endfacet
  facet normal 0 0 -1
    outer loop
      vertex 22.514 19.995 8.51
      vertex 22.514 26.005 8.51
      vertex 22.6097 26.0816 8.51
    endloop
  endfacet
  facet normal 0 0 -1
    outer loop
      vertex 22.4209 20.0746 8.51
      vertex 22.514 26.005 8.51
      vertex 22.514 19.995 8.51
    endloop
  endfacet
  facet normal 0 0 -1
    outer loop
      vertex 22.4209 20.0746 8.51
      vertex 22.4209 25.9254 8.51
      vertex 22.514 26.005 8.51
    endloop
  endfacet
  facet normal 0 0 -1
    outer loop
      vertex 22.3303 20.157 8.51
      vertex 22.4209 25.9254 8.51
      vertex 22.4209 20.0746 8.51
    endloop
  endfacet
  facet normal 0 0 -1
    outer loop
      vertex 22.3303 20.157 8.51
      vertex 22.3303 25.843 8.51
      vertex 22.4209 25.9254 8.51
    endloop
  endfacet
  facet normal 0 0 -1
    outer loop
      vertex 22.2423 20.2423 8.51
      vertex 22.3303 25.843 8.51
      vertex 22.3303 20.157 8.51
    endloop
  endfacet
  facet normal 0 0 -1
    outer loop
      vertex 22.2423 20.2423 8.51
      vertex 22.2423 25.7577 8.51
      vertex 22.3303 25.843 8.51
    endloop
  endfacet
  facet normal 0 0 -1
    outer loop
      vertex 22.157 20.3303 8.51
      vertex 22.2423 25.7577 8.51
      vertex 22.2423 20.2423 8.51
    endloop
  endfacet
  facet normal 0 0 -1
    outer loop
      vertex 22.157 20.3303 8.51
      vertex 22.157 25.6697 8.51
      vertex 22.2423 25.7577 8.51
    endloop
  endfacet
  facet normal 0 0 -1
    outer loop
      vertex 22.0746 20.4209 8.51
      vertex 22.157 25.6697 8.51
      vertex 22.157 20.3303 8.51
    endloop
  endfacet
  facet normal 0 0 -1
    outer loop
      vertex 22.0746 20.4209 8.51
      vertex 22.0746 25.5791 8.51
      vertex 22.157 25.6697 8.51
    endloop
  endfacet
  facet normal 0 0 -1
    outer loop
      vertex 21.995 20.514 8.51
      vertex 22.0746 25.5791 8.51
      vertex 22.0746 20.4209 8.51
    endloop
  endfacet
  facet normal 0 0 -1
    outer loop
      vertex 21.995 20.514 8.51
      vertex 21.995 25.486 8.51
      vertex 22.0746 25.5791 8.51
    endloop
  endfacet
  facet normal 0 0 -1
    outer loop
      vertex 21.9184 20.6097 8.51
      vertex 21.995 25.486 8.51
      vertex 21.995 20.514 8.51
    endloop
  endfacet
  facet normal 0 0 -1
    outer loop
      vertex 21.9184 20.6097 8.51
      vertex 21.9184 25.3903 8.51
      vertex 21.995 25.486 8.51
    endloop
  endfacet
  facet normal 0 0 -1
    outer loop
      vertex 21.8448 20.7076 8.51
      vertex 21.9184 25.3903 8.51
      vertex 21.9184 20.6097 8.51
    endloop
  endfacet
  facet normal 0 0 -1
    outer loop
      vertex 21.8448 20.7076 8.51
      vertex 21.8448 25.2924 8.51
      vertex 21.9184 25.3903 8.51
    endloop
  endfacet
  facet normal 0 0 -1
    outer loop
      vertex 21.7744 20.8079 8.51
      vertex 21.8448 25.2924 8.51
      vertex 21.8448 20.7076 8.51
    endloop
  endfacet
  facet normal 0 0 -1
    outer loop
      vertex 21.7744 20.8079 8.51
      vertex 21.7744 25.1921 8.51
      vertex 21.8448 25.2924 8.51
    endloop
  endfacet
  facet normal 0 0 -1
    outer loop
      vertex 21.7071 20.9103 8.51
      vertex 21.7744 25.1921 8.51
      vertex 21.7744 20.8079 8.51
    endloop
  endfacet
  facet normal 0 0 -1
    outer loop
      vertex 21.7071 20.9103 8.51
      vertex 21.7071 25.0897 8.51
      vertex 21.7744 25.1921 8.51
    endloop
  endfacet
  facet normal 0 0 -1
    outer loop
      vertex 21.6431 21.0147 8.51
      vertex 21.7071 25.0897 8.51
      vertex 21.7071 20.9103 8.51
    endloop
  endfacet
  facet normal 0 0 -1
    outer loop
      vertex 21.6431 21.0147 8.51
      vertex 21.6431 24.9853 8.51
      vertex 21.7071 25.0897 8.51
    endloop
  endfacet
  facet normal 0 0 -1
    outer loop
      vertex 21.5824 21.1212 8.51
      vertex 21.6431 24.9853 8.51
      vertex 21.6431 21.0147 8.51
    endloop
  endfacet
  facet normal 0 0 -1
    outer loop
      vertex 21.5824 21.1212 8.51
      vertex 21.5824 24.8788 8.51
      vertex 21.6431 24.9853 8.51
    endloop
  endfacet
  facet normal 0 0 -1
    outer loop
      vertex 21.5251 21.2294 8.51
      vertex 21.5824 24.8788 8.51
      vertex 21.5824 21.1212 8.51
    endloop
  endfacet
  facet normal 0 0 -1
    outer loop
      vertex 21.5251 21.2294 8.51
      vertex 21.5251 24.7706 8.51
      vertex 21.5824 24.8788 8.51
    endloop
  endfacet
  facet normal 0 0 -1
    outer loop
      vertex 21.4712 21.3395 8.51
      vertex 21.5251 24.7706 8.51
      vertex 21.5251 21.2294 8.51
    endloop
  endfacet
  facet normal 0 0 -1
    outer loop
      vertex 21.4712 21.3395 8.51
      vertex 21.4712 24.6605 8.51
      vertex 21.5251 24.7706 8.51
    endloop
  endfacet
  facet normal 0 0 -1
    outer loop
      vertex 21.4208 21.4511 8.51
      vertex 21.4712 24.6605 8.51
      vertex 21.4712 21.3395 8.51
    endloop
  endfacet
  facet normal 0 0 -1
    outer loop
      vertex 21.4208 21.4511 8.51
      vertex 21.4208 24.5489 8.51
      vertex 21.4712 24.6605 8.51
    endloop
  endfacet
  facet normal 0 0 -1
    outer loop
      vertex 21.3739 21.5643 8.51
      vertex 21.4208 24.5489 8.51
      vertex 21.4208 21.4511 8.51
    endloop
  endfacet
  facet normal 0 0 -1
    outer loop
      vertex 21.3739 21.5643 8.51
      vertex 21.3739 24.4357 8.51
      vertex 21.4208 24.5489 8.51
    endloop
  endfacet
  facet normal 0 0 -1
    outer loop
      vertex 21.3306 21.6789 8.51
      vertex 21.3739 24.4357 8.51
      vertex 21.3739 21.5643 8.51
    endloop
  endfacet
  facet normal 0 0 -1
    outer loop
      vertex 21.3306 21.6789 8.51
      vertex 21.3306 24.3211 8.51
      vertex 21.3739 24.4357 8.51
    endloop
  endfacet
  facet normal 0 0 -1
    outer loop
      vertex 21.2909 21.7948 8.51
      vertex 21.3306 24.3211 8.51
      vertex 21.3306 21.6789 8.51
    endloop
  endfacet
  facet normal 0 0 -1
    outer loop
      vertex 21.2909 21.7948 8.51
      vertex 21.2909 24.2052 8.51
      vertex 21.3306 24.3211 8.51
    endloop
  endfacet
  facet normal 0 0 -1
    outer loop
      vertex 21.2549 21.9119 8.51
      vertex 21.2909 24.2052 8.51
      vertex 21.2909 21.7948 8.51
    endloop
  endfacet
  facet normal 0 0 -1
    outer loop
      vertex 21.2549 21.9119 8.51
      vertex 21.2549 24.0881 8.51
      vertex 21.2909 24.2052 8.51
    endloop
  endfacet
  facet normal 0 0 -1
    outer loop
      vertex 21.2225 22.0301 8.51
      vertex 21.2549 24.0881 8.51
      vertex 21.2549 21.9119 8.51
    endloop
  endfacet
  facet normal 0 0 -1
    outer loop
      vertex 21.2225 22.0301 8.51
      vertex 21.2225 23.9699 8.51
      vertex 21.2549 24.0881 8.51
    endloop
  endfacet
  facet normal 0 0 -1
    outer loop
      vertex 21.1939 22.1492 8.51
      vertex 21.2225 23.9699 8.51
      vertex 21.2225 22.0301 8.51
    endloop
  endfacet
  facet normal 0 0 -1
    outer loop
      vertex 21.1939 22.1492 8.51
      vertex 21.1939 23.8508 8.51
      vertex 21.2225 23.9699 8.51
    endloop
  endfacet
  facet normal 0 0 -1
    outer loop
      vertex 21.1691 22.2692 8.51
      vertex 21.1939 23.8508 8.51
      vertex 21.1939 22.1492 8.51
    endloop
  endfacet
  facet normal 0 0 -1
    outer loop
      vertex 21.1691 22.2692 8.51
      vertex 21.1691 23.7308 8.51
      vertex 21.1939 23.8508 8.51
    endloop
  endfacet
  facet normal 0 0 -1
    outer loop
      vertex 21.148 22.3899 8.51
      vertex 21.1691 23.7308 8.51
      vertex 21.1691 22.2692 8.51
    endloop
  endfacet
  facet normal 0 0 -1
    outer loop
      vertex 21.148 22.3899 8.51
      vertex 21.148 23.6101 8.51
      vertex 21.1691 23.7308 8.51
    endloop
  endfacet
  facet normal 0 0 -1
    outer loop
      vertex 21.1308 22.5112 8.51
      vertex 21.148 23.6101 8.51
      vertex 21.148 22.3899 8.51
    endloop
  endfacet
  facet normal 0 0 -1
    outer loop
      vertex 21.1308 22.5112 8.51
      vertex 21.1308 23.4888 8.51
      vertex 21.148 23.6101 8.51
    endloop
  endfacet
  facet normal 0 0 -1
    outer loop
      vertex 21.1173 22.633 8.51
      vertex 21.1308 23.4888 8.51
      vertex 21.1308 22.5112 8.51
    endloop
  endfacet
  facet normal 0 0 -1
    outer loop
      vertex 21.1173 22.633 8.51
      vertex 21.1173 23.367 8.51
      vertex 21.1308 23.4888 8.51
    endloop
  endfacet
  facet normal 0 0 -1
    outer loop
      vertex 21.1077 22.7551 8.51
      vertex 21.1173 23.367 8.51
      vertex 21.1173 22.633 8.51
    endloop
  endfacet
  facet normal 0 0 -1
    outer loop
      vertex 21.1077 22.7551 8.51
      vertex 21.1077 23.2449 8.51
      vertex 21.1173 23.367 8.51
    endloop
  endfacet
  facet normal 0 0 -1
    outer loop
      vertex 21.1019 22.8775 8.51
      vertex 21.1077 23.2449 8.51
      vertex 21.1077 22.7551 8.51
    endloop
  endfacet
  facet normal 0 0 -1
    outer loop
      vertex 21.1019 22.8775 8.51
      vertex 21.1019 23.1225 8.51
      vertex 21.1077 23.2449 8.51
    endloop
  endfacet
  facet normal 0 -0 -1
    outer loop
      vertex 21.1019 23.1225 8.51
      vertex 21.1019 22.8775 8.51
      vertex 21.1 23 8.51
    endloop
  endfacet
  facet normal 0.293856 0.95585 -0
    outer loop
      vertex 23.9119 19.2549 0
      vertex 23.7948 19.2909 8.51
      vertex 23.9119 19.2549 8.51
    endloop
  endfacet
  facet normal 0.293856 0.95585 0
    outer loop
      vertex 23.7948 19.2909 8.51
      vertex 23.9119 19.2549 0
      vertex 23.7948 19.2909 0
    endloop
  endfacet
  facet normal 0.972358 0.233496 0
    outer loop
      vertex 21.2225 22.0301 8.51
      vertex 21.1939 22.1492 0
      vertex 21.1939 22.1492 8.51
    endloop
  endfacet
  facet normal 0.972358 0.233496 0
    outer loop
      vertex 21.1939 22.1492 0
      vertex 21.2225 22.0301 8.51
      vertex 21.2225 22.0301 0
    endloop
  endfacet
  facet normal 0.835673 -0.549227 0
    outer loop
      vertex 21.7071 25.0897 8.51
      vertex 21.7744 25.1921 0
      vertex 21.7744 25.1921 8.51
    endloop
  endfacet
  facet normal 0.835673 -0.549227 0
    outer loop
      vertex 21.7744 25.1921 0
      vertex 21.7071 25.0897 8.51
      vertex 21.7071 25.0897 0
    endloop
  endfacet
  facet normal 0.0783822 0.996923 -0
    outer loop
      vertex 24.7551 19.1077 0
      vertex 24.633 19.1173 8.51
      vertex 24.7551 19.1077 8.51
    endloop
  endfacet
  facet normal 0.0783822 0.996923 0
    outer loop
      vertex 24.633 19.1173 8.51
      vertex 24.7551 19.1077 0
      vertex 24.633 19.1173 0
    endloop
  endfacet
  facet normal 0.935454 0.353448 0
    outer loop
      vertex 21.3739 21.5643 8.51
      vertex 21.3306 21.6789 0
      vertex 21.3306 21.6789 8.51
    endloop
  endfacet
  facet normal 0.935454 0.353448 0
    outer loop
      vertex 21.3306 21.6789 0
      vertex 21.3739 21.5643 8.51
      vertex 21.3739 21.5643 0
    endloop
  endfacet
  facet normal 0.26436 -0.964424 0
    outer loop
      vertex 23.9119 26.7451 0
      vertex 24.0301 26.7775 8.51
      vertex 23.9119 26.7451 8.51
    endloop
  endfacet
  facet normal 0.26436 -0.964424 0
    outer loop
      vertex 24.0301 26.7775 8.51
      vertex 23.9119 26.7451 0
      vertex 24.0301 26.7775 0
    endloop
  endfacet
  facet normal -0.549227 0.835673 0
    outer loop
      vertex 27.1921 19.7744 0
      vertex 27.0897 19.7071 8.51
      vertex 27.1921 19.7744 8.51
    endloop
  endfacet
  facet normal -0.549227 0.835673 0
    outer loop
      vertex 27.0897 19.7071 8.51
      vertex 27.1921 19.7744 0
      vertex 27.0897 19.7071 0
    endloop
  endfacet
  facet normal 0.495172 -0.868795 0
    outer loop
      vertex 23.0147 26.3569 0
      vertex 23.1212 26.4176 8.51
      vertex 23.0147 26.3569 8.51
    endloop
  endfacet
  facet normal 0.495172 -0.868795 0
    outer loop
      vertex 23.1212 26.4176 8.51
      vertex 23.0147 26.3569 0
      vertex 23.1212 26.4176 0
    endloop
  endfacet
  facet normal 0.868795 -0.495172 0
    outer loop
      vertex 21.5824 24.8788 8.51
      vertex 21.6431 24.9853 0
      vertex 21.6431 24.9853 8.51
    endloop
  endfacet
  facet normal 0.868795 -0.495172 0
    outer loop
      vertex 21.6431 24.9853 0
      vertex 21.5824 24.8788 8.51
      vertex 21.5824 24.8788 0
    endloop
  endfacet
endsolid OpenSCAD_Model
